[2026-05-21 10:22:36.182] ERROR XNIO-1 task-3 com.jts.gjcxfzksh.exception.handler.GlobalExceptionHandler[63] - 请求地址'/pt/network/tile',发生系统异常. 
org.springframework.web.context.request.async.AsyncRequestNotUsableException: ServletOutputStream failed to write: Broken pipe
	at org.springframework.web.context.request.async.StandardServletAsyncWebRequest$LifecycleHttpServletResponse.handleIOException(StandardServletAsyncWebRequest.java:320) ~[spring-web-6.1.10.jar:6.1.10]
	at org.springframework.web.context.request.async.StandardServletAsyncWebRequest$LifecycleServletOutputStream.write(StandardServletAsyncWebRequest.java:378) ~[spring-web-6.1.10.jar:6.1.10]
	at org.springframework.util.StreamUtils$NonClosingOutputStream.write(StreamUtils.java:261) ~[spring-core-6.1.10.jar:6.1.10]
	at com.fasterxml.jackson.core.json.UTF8JsonGenerator._flushBuffer(UTF8JsonGenerator.java:2210) ~[jackson-core-2.17.1.jar:2.17.1]
	at com.fasterxml.jackson.core.json.UTF8JsonGenerator.writeRaw(UTF8JsonGenerator.java:764) ~[jackson-core-2.17.1.jar:2.17.1]
	at com.fasterxml.jackson.core.json.UTF8JsonGenerator.writeRaw(UTF8JsonGenerator.java:674) ~[jackson-core-2.17.1.jar:2.17.1]
	at com.fasterxml.jackson.core.json.UTF8JsonGenerator.writeNumber(UTF8JsonGenerator.java:1065) ~[jackson-core-2.17.1.jar:2.17.1]
	at com.fasterxml.jackson.databind.ser.std.NumberSerializers$FloatSerializer.serialize(NumberSerializers.java:214) ~[jackson-databind-2.17.1.jar:2.17.1]
	at com.fasterxml.jackson.databind.ser.BeanPropertyWriter.serializeAsField(BeanPropertyWriter.java:732) ~[jackson-databind-2.17.1.jar:2.17.1]
	at com.fasterxml.jackson.databind.ser.std.BeanSerializerBase.serializeFields(BeanSerializerBase.java:770) ~[jackson-databind-2.17.1.jar:2.17.1]
	at com.fasterxml.jackson.databind.ser.BeanSerializer.serialize(BeanSerializer.java:183) ~[jackson-databind-2.17.1.jar:2.17.1]
	at com.fasterxml.jackson.databind.ser.BeanPropertyWriter.serializeAsField(BeanPropertyWriter.java:732) ~[jackson-databind-2.17.1.jar:2.17.1]
	at com.fasterxml.jackson.databind.ser.std.BeanSerializerBase.serializeFields(BeanSerializerBase.java:770) ~[jackson-databind-2.17.1.jar:2.17.1]
	at com.fasterxml.jackson.databind.ser.BeanSerializer.serialize(BeanSerializer.java:183) ~[jackson-databind-2.17.1.jar:2.17.1]
	at com.fasterxml.jackson.databind.ser.impl.IndexedListSerializer.serializeContents(IndexedListSerializer.java:119) ~[jackson-databind-2.17.1.jar:2.17.1]
	at com.fasterxml.jackson.databind.ser.impl.IndexedListSerializer.serialize(IndexedListSerializer.java:79) ~[jackson-databind-2.17.1.jar:2.17.1]
	at com.fasterxml.jackson.databind.ser.impl.IndexedListSerializer.serialize(IndexedListSerializer.java:18) ~[jackson-databind-2.17.1.jar:2.17.1]
	at com.fasterxml.jackson.databind.ser.BeanPropertyWriter.serializeAsField(BeanPropertyWriter.java:732) ~[jackson-databind-2.17.1.jar:2.17.1]
	at com.fasterxml.jackson.databind.ser.std.BeanSerializerBase.serializeFields(BeanSerializerBase.java:770) ~[jackson-databind-2.17.1.jar:2.17.1]
	at com.fasterxml.jackson.databind.ser.BeanSerializer.serialize(BeanSerializer.java:183) ~[jackson-databind-2.17.1.jar:2.17.1]
	at com.fasterxml.jackson.databind.ser.DefaultSerializerProvider._serialize(DefaultSerializerProvider.java:502) ~[jackson-databind-2.17.1.jar:2.17.1]
	at com.fasterxml.jackson.databind.ser.DefaultSerializerProvider.serializeValue(DefaultSerializerProvider.java:341) ~[jackson-databind-2.17.1.jar:2.17.1]
	at com.fasterxml.jackson.databind.ObjectWriter$Prefetch.serialize(ObjectWriter.java:1574) ~[jackson-databind-2.17.1.jar:2.17.1]
	at com.fasterxml.jackson.databind.ObjectWriter.writeValue(ObjectWriter.java:1061) ~[jackson-databind-2.17.1.jar:2.17.1]
	at org.springframework.http.converter.json.AbstractJackson2HttpMessageConverter.writeInternal(AbstractJackson2HttpMessageConverter.java:483) ~[spring-web-6.1.10.jar:6.1.10]
	at org.springframework.http.converter.AbstractGenericHttpMessageConverter.write(AbstractGenericHttpMessageConverter.java:114) ~[spring-web-6.1.10.jar:6.1.10]
	at org.springframework.web.servlet.mvc.method.annotation.AbstractMessageConverterMethodProcessor.writeWithMessageConverters(AbstractMessageConverterMethodProcessor.java:297) ~[spring-webmvc-6.1.10.jar:6.1.10]
	at org.springframework.web.servlet.mvc.method.annotation.RequestResponseBodyMethodProcessor.handleReturnValue(RequestResponseBodyMethodProcessor.java:192) ~[spring-webmvc-6.1.10.jar:6.1.10]
	at org.springframework.web.method.support.HandlerMethodReturnValueHandlerComposite.handleReturnValue(HandlerMethodReturnValueHandlerComposite.java:78) ~[spring-web-6.1.10.jar:6.1.10]
	at org.springframework.web.servlet.mvc.method.annotation.ServletInvocableHandlerMethod.invokeAndHandle(ServletInvocableHandlerMethod.java:136) ~[spring-webmvc-6.1.10.jar:6.1.10]
	at org.springframework.web.servlet.mvc.method.annotation.RequestMappingHandlerAdapter.invokeHandlerMethod(RequestMappingHandlerAdapter.java:926) ~[spring-webmvc-6.1.10.jar:6.1.10]
	at org.springframework.web.servlet.mvc.method.annotation.RequestMappingHandlerAdapter.handleInternal(RequestMappingHandlerAdapter.java:831) ~[spring-webmvc-6.1.10.jar:6.1.10]
	at org.springframework.web.servlet.mvc.method.AbstractHandlerMethodAdapter.handle(AbstractHandlerMethodAdapter.java:87) ~[spring-webmvc-6.1.10.jar:6.1.10]
	at org.springframework.web.servlet.DispatcherServlet.doDispatch(DispatcherServlet.java:1089) ~[spring-webmvc-6.1.10.jar:6.1.10]
	at org.springframework.web.servlet.DispatcherServlet.doService(DispatcherServlet.java:979) ~[spring-webmvc-6.1.10.jar:6.1.10]
	at org.springframework.web.servlet.FrameworkServlet.processRequest(FrameworkServlet.java:1014) ~[spring-webmvc-6.1.10.jar:6.1.10]
	at org.springframework.web.servlet.FrameworkServlet.doPost(FrameworkServlet.java:914) ~[spring-webmvc-6.1.10.jar:6.1.10]
	at jakarta.servlet.http.HttpServlet.service(HttpServlet.java:547) ~[jakarta.servlet-api-6.0.0.jar:6.0.0]
	at org.springframework.web.servlet.FrameworkServlet.service(FrameworkServlet.java:885) ~[spring-webmvc-6.1.10.jar:6.1.10]
	at jakarta.servlet.http.HttpServlet.service(HttpServlet.java:614) ~[jakarta.servlet-api-6.0.0.jar:6.0.0]
	at io.undertow.servlet.handlers.ServletHandler.handleRequest(ServletHandler.java:74) ~[undertow-servlet-2.3.13.Final.jar:2.3.13.Final]
	at io.undertow.servlet.handlers.FilterHandler$FilterChainImpl.doFilter(FilterHandler.java:129) ~[undertow-servlet-2.3.13.Final.jar:2.3.13.Final]
	at org.springframework.web.filter.CorsFilter.doFilterInternal(CorsFilter.java:91) ~[spring-web-6.1.10.jar:6.1.10]
	at org.springframework.web.filter.OncePerRequestFilter.doFilter(OncePerRequestFilter.java:116) ~[spring-web-6.1.10.jar:6.1.10]
	at io.undertow.servlet.core.ManagedFilter.doFilter(ManagedFilter.java:67) ~[undertow-servlet-2.3.13.Final.jar:2.3.13.Final]
	at io.undertow.servlet.handlers.FilterHandler$FilterChainImpl.doFilter(FilterHandler.java:131) ~[undertow-servlet-2.3.13.Final.jar:2.3.13.Final]
	at org.springframework.web.filter.RequestContextFilter.doFilterInternal(RequestContextFilter.java:100) ~[spring-web-6.1.10.jar:6.1.10]
	at org.springframework.web.filter.OncePerRequestFilter.doFilter(OncePerRequestFilter.java:116) ~[spring-web-6.1.10.jar:6.1.10]
	at io.undertow.servlet.core.ManagedFilter.doFilter(ManagedFilter.java:67) ~[undertow-servlet-2.3.13.Final.jar:2.3.13.Final]
	at io.undertow.servlet.handlers.FilterHandler$FilterChainImpl.doFilter(FilterHandler.java:131) ~[undertow-servlet-2.3.13.Final.jar:2.3.13.Final]
	at org.springframework.web.filter.FormContentFilter.doFilterInternal(FormContentFilter.java:93) ~[spring-web-6.1.10.jar:6.1.10]
	at org.springframework.web.filter.OncePerRequestFilter.doFilter(OncePerRequestFilter.java:116) ~[spring-web-6.1.10.jar:6.1.10]
	at io.undertow.servlet.core.ManagedFilter.doFilter(ManagedFilter.java:67) ~[undertow-servlet-2.3.13.Final.jar:2.3.13.Final]
	at io.undertow.servlet.handlers.FilterHandler$FilterChainImpl.doFilter(FilterHandler.java:131) ~[undertow-servlet-2.3.13.Final.jar:2.3.13.Final]
	at org.springframework.web.filter.CharacterEncodingFilter.doFilterInternal(CharacterEncodingFilter.java:201) ~[spring-web-6.1.10.jar:6.1.10]
	at org.springframework.web.filter.OncePerRequestFilter.doFilter(OncePerRequestFilter.java:116) ~[spring-web-6.1.10.jar:6.1.10]
	at io.undertow.servlet.core.ManagedFilter.doFilter(ManagedFilter.java:67) ~[undertow-servlet-2.3.13.Final.jar:2.3.13.Final]
	at io.undertow.servlet.handlers.FilterHandler$FilterChainImpl.doFilter(FilterHandler.java:131) ~[undertow-servlet-2.3.13.Final.jar:2.3.13.Final]
	at io.undertow.servlet.handlers.FilterHandler.handleRequest(FilterHandler.java:84) ~[undertow-servlet-2.3.13.Final.jar:2.3.13.Final]
	at io.undertow.servlet.handlers.security.ServletSecurityRoleHandler.handleRequest(ServletSecurityRoleHandler.java:62) ~[undertow-servlet-2.3.13.Final.jar:2.3.13.Final]
	at io.undertow.servlet.handlers.ServletChain$1.handleRequest(ServletChain.java:68) ~[undertow-servlet-2.3.13.Final.jar:2.3.13.Final]
	at io.undertow.servlet.handlers.ServletDispatchingHandler.handleRequest(ServletDispatchingHandler.java:36) ~[undertow-servlet-2.3.13.Final.jar:2.3.13.Final]
	at io.undertow.servlet.handlers.RedirectDirHandler.handleRequest(RedirectDirHandler.java:68) ~[undertow-servlet-2.3.13.Final.jar:2.3.13.Final]
	at io.undertow.servlet.handlers.security.SSLInformationAssociationHandler.handleRequest(SSLInformationAssociationHandler.java:117) ~[undertow-servlet-2.3.13.Final.jar:2.3.13.Final]
	at io.undertow.servlet.handlers.security.ServletAuthenticationCallHandler.handleRequest(ServletAuthenticationCallHandler.java:57) ~[undertow-servlet-2.3.13.Final.jar:2.3.13.Final]
	at io.undertow.server.handlers.PredicateHandler.handleRequest(PredicateHandler.java:43) ~[undertow-core-2.3.13.Final.jar:2.3.13.Final]
	at io.undertow.security.handlers.AbstractConfidentialityHandler.handleRequest(AbstractConfidentialityHandler.java:46) ~[undertow-core-2.3.13.Final.jar:2.3.13.Final]
	at io.undertow.servlet.handlers.security.ServletConfidentialityConstraintHandler.handleRequest(ServletConfidentialityConstraintHandler.java:64) ~[undertow-servlet-2.3.13.Final.jar:2.3.13.Final]
	at io.undertow.security.handlers.AuthenticationMechanismsHandler.handleRequest(AuthenticationMechanismsHandler.java:60) ~[undertow-core-2.3.13.Final.jar:2.3.13.Final]
	at io.undertow.servlet.handlers.security.CachedAuthenticatedSessionHandler.handleRequest(CachedAuthenticatedSessionHandler.java:77) ~[undertow-servlet-2.3.13.Final.jar:2.3.13.Final]
	at io.undertow.security.handlers.AbstractSecurityContextAssociationHandler.handleRequest(AbstractSecurityContextAssociationHandler.java:43) ~[undertow-core-2.3.13.Final.jar:2.3.13.Final]
	at io.undertow.server.handlers.PredicateHandler.handleRequest(PredicateHandler.java:43) ~[undertow-core-2.3.13.Final.jar:2.3.13.Final]
	at io.undertow.servlet.handlers.SendErrorPageHandler.handleRequest(SendErrorPageHandler.java:52) ~[undertow-servlet-2.3.13.Final.jar:2.3.13.Final]
	at io.undertow.server.handlers.PredicateHandler.handleRequest(PredicateHandler.java:43) ~[undertow-core-2.3.13.Final.jar:2.3.13.Final]
	at io.undertow.servlet.handlers.ServletInitialHandler.handleFirstRequest(ServletInitialHandler.java:276) ~[undertow-servlet-2.3.13.Final.jar:2.3.13.Final]
	at io.undertow.servlet.handlers.ServletInitialHandler$2.call(ServletInitialHandler.java:135) ~[undertow-servlet-2.3.13.Final.jar:2.3.13.Final]
	at io.undertow.servlet.handlers.ServletInitialHandler$2.call(ServletInitialHandler.java:132) ~[undertow-servlet-2.3.13.Final.jar:2.3.13.Final]
	at io.undertow.servlet.core.ServletRequestContextThreadSetupAction$1.call(ServletRequestContextThreadSetupAction.java:48) ~[undertow-servlet-2.3.13.Final.jar:2.3.13.Final]
	at io.undertow.servlet.core.ContextClassLoaderSetupAction$1.call(ContextClassLoaderSetupAction.java:43) ~[undertow-servlet-2.3.13.Final.jar:2.3.13.Final]
	at io.undertow.servlet.handlers.ServletInitialHandler.dispatchRequest(ServletInitialHandler.java:256) ~[undertow-servlet-2.3.13.Final.jar:2.3.13.Final]
	at io.undertow.servlet.handlers.ServletInitialHandler$1.handleRequest(ServletInitialHandler.java:101) ~[undertow-servlet-2.3.13.Final.jar:2.3.13.Final]
	at io.undertow.server.Connectors.executeRootHandler(Connectors.java:393) ~[undertow-core-2.3.13.Final.jar:2.3.13.Final]
	at io.undertow.server.HttpServerExchange$1.run(HttpServerExchange.java:859) ~[undertow-core-2.3.13.Final.jar:2.3.13.Final]
	at org.jboss.threads.ContextHandler$1.runWith(ContextHandler.java:18) ~[jboss-threads-3.5.0.Final.jar:3.5.0.Final]
	at org.jboss.threads.EnhancedQueueExecutor$Task.run(EnhancedQueueExecutor.java:2513) ~[jboss-threads-3.5.0.Final.jar:3.5.0.Final]
	at org.jboss.threads.EnhancedQueueExecutor$ThreadBody.run(EnhancedQueueExecutor.java:1538) ~[jboss-threads-3.5.0.Final.jar:3.5.0.Final]
	at org.xnio.XnioWorker$WorkerThreadFactory$1$1.run(XnioWorker.java:1282) ~[xnio-api-3.8.8.Final.jar:3.8.8.Final]
	at java.base/java.lang.Thread.run(Thread.java:1583) [?:?]
	Suppressed: org.springframework.web.context.request.async.AsyncRequestNotUsableException: Response not usable after response errors.
		at org.springframework.web.context.request.async.StandardServletAsyncWebRequest$LifecycleHttpServletResponse.obtainLockAndCheckState(StandardServletAsyncWebRequest.java:314) ~[spring-web-6.1.10.jar:6.1.10]
		at org.springframework.web.context.request.async.StandardServletAsyncWebRequest$LifecycleServletOutputStream.write(StandardServletAsyncWebRequest.java:373) ~[spring-web-6.1.10.jar:6.1.10]
		at org.springframework.util.StreamUtils$NonClosingOutputStream.write(StreamUtils.java:261) ~[spring-core-6.1.10.jar:6.1.10]
		at com.fasterxml.jackson.core.json.UTF8JsonGenerator._flushBuffer(UTF8JsonGenerator.java:2210) ~[jackson-core-2.17.1.jar:2.17.1]
		at com.fasterxml.jackson.core.json.UTF8JsonGenerator.close(UTF8JsonGenerator.java:1234) ~[jackson-core-2.17.1.jar:2.17.1]
		at org.springframework.http.converter.json.AbstractJackson2HttpMessageConverter.writeInternal(AbstractJackson2HttpMessageConverter.java:452) ~[spring-web-6.1.10.jar:6.1.10]
		at org.springframework.http.converter.AbstractGenericHttpMessageConverter.write(AbstractGenericHttpMessageConverter.java:114) ~[spring-web-6.1.10.jar:6.1.10]
		at org.springframework.web.servlet.mvc.method.annotation.AbstractMessageConverterMethodProcessor.writeWithMessageConverters(AbstractMessageConverterMethodProcessor.java:297) ~[spring-webmvc-6.1.10.jar:6.1.10]
		at org.springframework.web.servlet.mvc.method.annotation.RequestResponseBodyMethodProcessor.handleReturnValue(RequestResponseBodyMethodProcessor.java:192) ~[spring-webmvc-6.1.10.jar:6.1.10]
		at org.springframework.web.method.support.HandlerMethodReturnValueHandlerComposite.handleReturnValue(HandlerMethodReturnValueHandlerComposite.java:78) ~[spring-web-6.1.10.jar:6.1.10]
		at org.springframework.web.servlet.mvc.method.annotation.ServletInvocableHandlerMethod.invokeAndHandle(ServletInvocableHandlerMethod.java:136) ~[spring-webmvc-6.1.10.jar:6.1.10]
		at org.springframework.web.servlet.mvc.method.annotation.RequestMappingHandlerAdapter.invokeHandlerMethod(RequestMappingHandlerAdapter.java:926) ~[spring-webmvc-6.1.10.jar:6.1.10]
		at org.springframework.web.servlet.mvc.method.annotation.RequestMappingHandlerAdapter.handleInternal(RequestMappingHandlerAdapter.java:831) ~[spring-webmvc-6.1.10.jar:6.1.10]
		at org.springframework.web.servlet.mvc.method.AbstractHandlerMethodAdapter.handle(AbstractHandlerMethodAdapter.java:87) ~[spring-webmvc-6.1.10.jar:6.1.10]
		at org.springframework.web.servlet.DispatcherServlet.doDispatch(DispatcherServlet.java:1089) ~[spring-webmvc-6.1.10.jar:6.1.10]
		at org.springframework.web.servlet.DispatcherServlet.doService(DispatcherServlet.java:979) ~[spring-webmvc-6.1.10.jar:6.1.10]
		at org.springframework.web.servlet.FrameworkServlet.processRequest(FrameworkServlet.java:1014) ~[spring-webmvc-6.1.10.jar:6.1.10]
		at org.springframework.web.servlet.FrameworkServlet.doPost(FrameworkServlet.java:914) ~[spring-webmvc-6.1.10.jar:6.1.10]
		at jakarta.servlet.http.HttpServlet.service(HttpServlet.java:547) ~[jakarta.servlet-api-6.0.0.jar:6.0.0]
		at org.springframework.web.servlet.FrameworkServlet.service(FrameworkServlet.java:885) ~[spring-webmvc-6.1.10.jar:6.1.10]
		at jakarta.servlet.http.HttpServlet.service(HttpServlet.java:614) ~[jakarta.servlet-api-6.0.0.jar:6.0.0]
		at io.undertow.servlet.handlers.ServletHandler.handleRequest(ServletHandler.java:74) ~[undertow-servlet-2.3.13.Final.jar:2.3.13.Final]
		at io.undertow.servlet.handlers.FilterHandler$FilterChainImpl.doFilter(FilterHandler.java:129) ~[undertow-servlet-2.3.13.Final.jar:2.3.13.Final]
		at org.springframework.web.filter.CorsFilter.doFilterInternal(CorsFilter.java:91) ~[spring-web-6.1.10.jar:6.1.10]
		at org.springframework.web.filter.OncePerRequestFilter.doFilter(OncePerRequestFilter.java:116) ~[spring-web-6.1.10.jar:6.1.10]
		at io.undertow.servlet.core.ManagedFilter.doFilter(ManagedFilter.java:67) ~[undertow-servlet-2.3.13.Final.jar:2.3.13.Final]
		at io.undertow.servlet.handlers.FilterHandler$FilterChainImpl.doFilter(FilterHandler.java:131) ~[undertow-servlet-2.3.13.Final.jar:2.3.13.Final]
		at org.springframework.web.filter.RequestContextFilter.doFilterInternal(RequestContextFilter.java:100) ~[spring-web-6.1.10.jar:6.1.10]
		at org.springframework.web.filter.OncePerRequestFilter.doFilter(OncePerRequestFilter.java:116) ~[spring-web-6.1.10.jar:6.1.10]
		at io.undertow.servlet.core.ManagedFilter.doFilter(ManagedFilter.java:67) ~[undertow-servlet-2.3.13.Final.jar:2.3.13.Final]
		at io.undertow.servlet.handlers.FilterHandler$FilterChainImpl.doFilter(FilterHandler.java:131) ~[undertow-servlet-2.3.13.Final.jar:2.3.13.Final]
		at org.springframework.web.filter.FormContentFilter.doFilterInternal(FormContentFilter.java:93) ~[spring-web-6.1.10.jar:6.1.10]
		at org.springframework.web.filter.OncePerRequestFilter.doFilter(OncePerRequestFilter.java:116) ~[spring-web-6.1.10.jar:6.1.10]
		at io.undertow.servlet.core.ManagedFilter.doFilter(ManagedFilter.java:67) ~[undertow-servlet-2.3.13.Final.jar:2.3.13.Final]
		at io.undertow.servlet.handlers.FilterHandler$FilterChainImpl.doFilter(FilterHandler.java:131) ~[undertow-servlet-2.3.13.Final.jar:2.3.13.Final]
		at org.springframework.web.filter.CharacterEncodingFilter.doFilterInternal(CharacterEncodingFilter.java:201) ~[spring-web-6.1.10.jar:6.1.10]
		at org.springframework.web.filter.OncePerRequestFilter.doFilter(OncePerRequestFilter.java:116) ~[spring-web-6.1.10.jar:6.1.10]
		at io.undertow.servlet.core.ManagedFilter.doFilter(ManagedFilter.java:67) ~[undertow-servlet-2.3.13.Final.jar:2.3.13.Final]
		at io.undertow.servlet.handlers.FilterHandler$FilterChainImpl.doFilter(FilterHandler.java:131) ~[undertow-servlet-2.3.13.Final.jar:2.3.13.Final]
		at io.undertow.servlet.handlers.FilterHandler.handleRequest(FilterHandler.java:84) ~[undertow-servlet-2.3.13.Final.jar:2.3.13.Final]
		at io.undertow.servlet.handlers.security.ServletSecurityRoleHandler.handleRequest(ServletSecurityRoleHandler.java:62) ~[undertow-servlet-2.3.13.Final.jar:2.3.13.Final]
		at io.undertow.servlet.handlers.ServletChain$1.handleRequest(ServletChain.java:68) ~[undertow-servlet-2.3.13.Final.jar:2.3.13.Final]
		at io.undertow.servlet.handlers.ServletDispatchingHandler.handleRequest(ServletDispatchingHandler.java:36) ~[undertow-servlet-2.3.13.Final.jar:2.3.13.Final]
		at io.undertow.servlet.handlers.RedirectDirHandler.handleRequest(RedirectDirHandler.java:68) ~[undertow-servlet-2.3.13.Final.jar:2.3.13.Final]
		at io.undertow.servlet.handlers.security.SSLInformationAssociationHandler.handleRequest(SSLInformationAssociationHandler.java:117) ~[undertow-servlet-2.3.13.Final.jar:2.3.13.Final]
		at io.undertow.servlet.handlers.security.ServletAuthenticationCallHandler.handleRequest(ServletAuthenticationCallHandler.java:57) ~[undertow-servlet-2.3.13.Final.jar:2.3.13.Final]
		at io.undertow.server.handlers.PredicateHandler.handleRequest(PredicateHandler.java:43) ~[undertow-core-2.3.13.Final.jar:2.3.13.Final]
		at io.undertow.security.handlers.AbstractConfidentialityHandler.handleRequest(AbstractConfidentialityHandler.java:46) ~[undertow-core-2.3.13.Final.jar:2.3.13.Final]
		at io.undertow.servlet.handlers.security.ServletConfidentialityConstraintHandler.handleRequest(ServletConfidentialityConstraintHandler.java:64) ~[undertow-servlet-2.3.13.Final.jar:2.3.13.Final]
		at io.undertow.security.handlers.AuthenticationMechanismsHandler.handleRequest(AuthenticationMechanismsHandler.java:60) ~[undertow-core-2.3.13.Final.jar:2.3.13.Final]
		at io.undertow.servlet.handlers.security.CachedAuthenticatedSessionHandler.handleRequest(CachedAuthenticatedSessionHandler.java:77) ~[undertow-servlet-2.3.13.Final.jar:2.3.13.Final]
		at io.undertow.security.handlers.AbstractSecurityContextAssociationHandler.handleRequest(AbstractSecurityContextAssociationHandler.java:43) ~[undertow-core-2.3.13.Final.jar:2.3.13.Final]
		at io.undertow.server.handlers.PredicateHandler.handleRequest(PredicateHandler.java:43) ~[undertow-core-2.3.13.Final.jar:2.3.13.Final]
		at io.undertow.servlet.handlers.SendErrorPageHandler.handleRequest(SendErrorPageHandler.java:52) ~[undertow-servlet-2.3.13.Final.jar:2.3.13.Final]
		at io.undertow.server.handlers.PredicateHandler.handleRequest(PredicateHandler.java:43) ~[undertow-core-2.3.13.Final.jar:2.3.13.Final]
		at io.undertow.servlet.handlers.ServletInitialHandler.handleFirstRequest(ServletInitialHandler.java:276) ~[undertow-servlet-2.3.13.Final.jar:2.3.13.Final]
		at io.undertow.servlet.handlers.ServletInitialHandler$2.call(ServletInitialHandler.java:135) ~[undertow-servlet-2.3.13.Final.jar:2.3.13.Final]
		at io.undertow.servlet.handlers.ServletInitialHandler$2.call(ServletInitialHandler.java:132) ~[undertow-servlet-2.3.13.Final.jar:2.3.13.Final]
		at io.undertow.servlet.core.ServletRequestContextThreadSetupAction$1.call(ServletRequestContextThreadSetupAction.java:48) ~[undertow-servlet-2.3.13.Final.jar:2.3.13.Final]
		at io.undertow.servlet.core.ContextClassLoaderSetupAction$1.call(ContextClassLoaderSetupAction.java:43) ~[undertow-servlet-2.3.13.Final.jar:2.3.13.Final]
		at io.undertow.servlet.handlers.ServletInitialHandler.dispatchRequest(ServletInitialHandler.java:256) ~[undertow-servlet-2.3.13.Final.jar:2.3.13.Final]
		at io.undertow.servlet.handlers.ServletInitialHandler$1.handleRequest(ServletInitialHandler.java:101) ~[undertow-servlet-2.3.13.Final.jar:2.3.13.Final]
		at io.undertow.server.Connectors.executeRootHandler(Connectors.java:393) ~[undertow-core-2.3.13.Final.jar:2.3.13.Final]
		at io.undertow.server.HttpServerExchange$1.run(HttpServerExchange.java:859) ~[undertow-core-2.3.13.Final.jar:2.3.13.Final]
		at org.jboss.threads.ContextHandler$1.runWith(ContextHandler.java:18) ~[jboss-threads-3.5.0.Final.jar:3.5.0.Final]
		at org.jboss.threads.EnhancedQueueExecutor$Task.run(EnhancedQueueExecutor.java:2513) ~[jboss-threads-3.5.0.Final.jar:3.5.0.Final]
		at org.jboss.threads.EnhancedQueueExecutor$ThreadBody.run(EnhancedQueueExecutor.java:1538) ~[jboss-threads-3.5.0.Final.jar:3.5.0.Final]
		at org.xnio.XnioWorker$WorkerThreadFactory$1$1.run(XnioWorker.java:1282) ~[xnio-api-3.8.8.Final.jar:3.8.8.Final]
		at java.base/java.lang.Thread.run(Thread.java:1583) [?:?]
Caused by: java.io.IOException: Broken pipe
	at java.base/sun.nio.ch.SocketDispatcher.write0(Native Method) ~[?:?]
	at java.base/sun.nio.ch.SocketDispatcher.write(SocketDispatcher.java:62) ~[?:?]
	at java.base/sun.nio.ch.IOUtil.writeFromNativeBuffer(IOUtil.java:137) ~[?:?]
	at java.base/sun.nio.ch.IOUtil.write(IOUtil.java:81) ~[?:?]
	at java.base/sun.nio.ch.IOUtil.write(IOUtil.java:58) ~[?:?]
	at java.base/sun.nio.ch.SocketChannelImpl.write(SocketChannelImpl.java:542) ~[?:?]
	at org.xnio.nio.NioSocketConduit.write(NioSocketConduit.java:153) ~[xnio-nio-3.8.8.Final.jar:3.8.8.Final]
	at io.undertow.server.protocol.http.HttpResponseConduit.write(HttpResponseConduit.java:629) ~[undertow-core-2.3.13.Final.jar:2.3.13.Final]
	at org.xnio.conduits.AbstractStreamSinkConduit.write(AbstractStreamSinkConduit.java:51) ~[xnio-api-3.8.8.Final.jar:3.8.8.Final]
	at io.undertow.conduits.DeflatingStreamSinkConduit.performFlushIfRequiredSingleBuffer(DeflatingStreamSinkConduit.java:445) ~[undertow-core-2.3.13.Final.jar:2.3.13.Final]
	at io.undertow.conduits.DeflatingStreamSinkConduit.performFlushIfRequired(DeflatingStreamSinkConduit.java:432) ~[undertow-core-2.3.13.Final.jar:2.3.13.Final]
	at io.undertow.conduits.DeflatingStreamSinkConduit.deflateData(DeflatingStreamSinkConduit.java:522) ~[undertow-core-2.3.13.Final.jar:2.3.13.Final]
	at io.undertow.conduits.DeflatingStreamSinkConduit.write(DeflatingStreamSinkConduit.java:130) ~[undertow-core-2.3.13.Final.jar:2.3.13.Final]
	at io.undertow.conduits.DeflatingStreamSinkConduit.write(DeflatingStreamSinkConduit.java:165) ~[undertow-core-2.3.13.Final.jar:2.3.13.Final]
	at org.xnio.conduits.ConduitStreamSinkChannel.write(ConduitStreamSinkChannel.java:158) ~[xnio-api-3.8.8.Final.jar:3.8.8.Final]
	at io.undertow.channels.DetachableStreamSinkChannel.write(DetachableStreamSinkChannel.java:179) ~[undertow-core-2.3.13.Final.jar:2.3.13.Final]
	at io.undertow.server.HttpServerExchange$WriteDispatchChannel.write(HttpServerExchange.java:2172) ~[undertow-core-2.3.13.Final.jar:2.3.13.Final]
	at org.xnio.channels.Channels.writeBlocking(Channels.java:202) ~[xnio-api-3.8.8.Final.jar:3.8.8.Final]
	at io.undertow.servlet.spec.ServletOutputStreamImpl.writeTooLargeForBuffer(ServletOutputStreamImpl.java:201) ~[undertow-servlet-2.3.13.Final.jar:2.3.13.Final]
	at io.undertow.servlet.spec.ServletOutputStreamImpl.write(ServletOutputStreamImpl.java:149) ~[undertow-servlet-2.3.13.Final.jar:2.3.13.Final]
	at org.springframework.web.context.request.async.StandardServletAsyncWebRequest$LifecycleServletOutputStream.write(StandardServletAsyncWebRequest.java:375) ~[spring-web-6.1.10.jar:6.1.10]
	... 86 more
[2026-05-21 10:35:41.067] ERROR XNIO-1 task-4 com.jts.gjcxfzksh.exception.handler.GlobalExceptionHandler[63] - 请求地址'/pt/network/tile',发生系统异常. 
org.springframework.web.context.request.async.AsyncRequestNotUsableException: ServletOutputStream failed to write: Broken pipe
	at org.springframework.web.context.request.async.StandardServletAsyncWebRequest$LifecycleHttpServletResponse.handleIOException(StandardServletAsyncWebRequest.java:320) ~[spring-web-6.1.10.jar:6.1.10]
	at org.springframework.web.context.request.async.StandardServletAsyncWebRequest$LifecycleServletOutputStream.write(StandardServletAsyncWebRequest.java:378) ~[spring-web-6.1.10.jar:6.1.10]
	at org.springframework.util.StreamUtils$NonClosingOutputStream.write(StreamUtils.java:261) ~[spring-core-6.1.10.jar:6.1.10]
	at com.fasterxml.jackson.core.json.UTF8JsonGenerator._flushBuffer(UTF8JsonGenerator.java:2210) ~[jackson-core-2.17.1.jar:2.17.1]
	at com.fasterxml.jackson.core.json.UTF8JsonGenerator.writeRaw(UTF8JsonGenerator.java:764) ~[jackson-core-2.17.1.jar:2.17.1]
	at com.fasterxml.jackson.core.json.UTF8JsonGenerator.writeRaw(UTF8JsonGenerator.java:674) ~[jackson-core-2.17.1.jar:2.17.1]
	at com.fasterxml.jackson.core.json.UTF8JsonGenerator.writeNumber(UTF8JsonGenerator.java:1065) ~[jackson-core-2.17.1.jar:2.17.1]
	at com.fasterxml.jackson.databind.ser.std.NumberSerializers$FloatSerializer.serialize(NumberSerializers.java:214) ~[jackson-databind-2.17.1.jar:2.17.1]
	at com.fasterxml.jackson.databind.ser.BeanPropertyWriter.serializeAsField(BeanPropertyWriter.java:732) ~[jackson-databind-2.17.1.jar:2.17.1]
	at com.fasterxml.jackson.databind.ser.std.BeanSerializerBase.serializeFields(BeanSerializerBase.java:770) ~[jackson-databind-2.17.1.jar:2.17.1]
	at com.fasterxml.jackson.databind.ser.BeanSerializer.serialize(BeanSerializer.java:183) ~[jackson-databind-2.17.1.jar:2.17.1]
	at com.fasterxml.jackson.databind.ser.BeanPropertyWriter.serializeAsField(BeanPropertyWriter.java:732) ~[jackson-databind-2.17.1.jar:2.17.1]
	at com.fasterxml.jackson.databind.ser.std.BeanSerializerBase.serializeFields(BeanSerializerBase.java:770) ~[jackson-databind-2.17.1.jar:2.17.1]
	at com.fasterxml.jackson.databind.ser.BeanSerializer.serialize(BeanSerializer.java:183) ~[jackson-databind-2.17.1.jar:2.17.1]
	at com.fasterxml.jackson.databind.ser.impl.IndexedListSerializer.serializeContents(IndexedListSerializer.java:119) ~[jackson-databind-2.17.1.jar:2.17.1]
	at com.fasterxml.jackson.databind.ser.impl.IndexedListSerializer.serialize(IndexedListSerializer.java:79) ~[jackson-databind-2.17.1.jar:2.17.1]
	at com.fasterxml.jackson.databind.ser.impl.IndexedListSerializer.serialize(IndexedListSerializer.java:18) ~[jackson-databind-2.17.1.jar:2.17.1]
	at com.fasterxml.jackson.databind.ser.BeanPropertyWriter.serializeAsField(BeanPropertyWriter.java:732) ~[jackson-databind-2.17.1.jar:2.17.1]
	at com.fasterxml.jackson.databind.ser.std.BeanSerializerBase.serializeFields(BeanSerializerBase.java:770) ~[jackson-databind-2.17.1.jar:2.17.1]
	at com.fasterxml.jackson.databind.ser.BeanSerializer.serialize(BeanSerializer.java:183) ~[jackson-databind-2.17.1.jar:2.17.1]
	at com.fasterxml.jackson.databind.ser.DefaultSerializerProvider._serialize(DefaultSerializerProvider.java:502) ~[jackson-databind-2.17.1.jar:2.17.1]
	at com.fasterxml.jackson.databind.ser.DefaultSerializerProvider.serializeValue(DefaultSerializerProvider.java:341) ~[jackson-databind-2.17.1.jar:2.17.1]
	at com.fasterxml.jackson.databind.ObjectWriter$Prefetch.serialize(ObjectWriter.java:1574) ~[jackson-databind-2.17.1.jar:2.17.1]
	at com.fasterxml.jackson.databind.ObjectWriter.writeValue(ObjectWriter.java:1061) ~[jackson-databind-2.17.1.jar:2.17.1]
	at org.springframework.http.converter.json.AbstractJackson2HttpMessageConverter.writeInternal(AbstractJackson2HttpMessageConverter.java:483) ~[spring-web-6.1.10.jar:6.1.10]
	at org.springframework.http.converter.AbstractGenericHttpMessageConverter.write(AbstractGenericHttpMessageConverter.java:114) ~[spring-web-6.1.10.jar:6.1.10]
	at org.springframework.web.servlet.mvc.method.annotation.AbstractMessageConverterMethodProcessor.writeWithMessageConverters(AbstractMessageConverterMethodProcessor.java:297) ~[spring-webmvc-6.1.10.jar:6.1.10]
	at org.springframework.web.servlet.mvc.method.annotation.RequestResponseBodyMethodProcessor.handleReturnValue(RequestResponseBodyMethodProcessor.java:192) ~[spring-webmvc-6.1.10.jar:6.1.10]
	at org.springframework.web.method.support.HandlerMethodReturnValueHandlerComposite.handleReturnValue(HandlerMethodReturnValueHandlerComposite.java:78) ~[spring-web-6.1.10.jar:6.1.10]
	at org.springframework.web.servlet.mvc.method.annotation.ServletInvocableHandlerMethod.invokeAndHandle(ServletInvocableHandlerMethod.java:136) ~[spring-webmvc-6.1.10.jar:6.1.10]
	at org.springframework.web.servlet.mvc.method.annotation.RequestMappingHandlerAdapter.invokeHandlerMethod(RequestMappingHandlerAdapter.java:926) ~[spring-webmvc-6.1.10.jar:6.1.10]
	at org.springframework.web.servlet.mvc.method.annotation.RequestMappingHandlerAdapter.handleInternal(RequestMappingHandlerAdapter.java:831) ~[spring-webmvc-6.1.10.jar:6.1.10]
	at org.springframework.web.servlet.mvc.method.AbstractHandlerMethodAdapter.handle(AbstractHandlerMethodAdapter.java:87) ~[spring-webmvc-6.1.10.jar:6.1.10]
	at org.springframework.web.servlet.DispatcherServlet.doDispatch(DispatcherServlet.java:1089) ~[spring-webmvc-6.1.10.jar:6.1.10]
	at org.springframework.web.servlet.DispatcherServlet.doService(DispatcherServlet.java:979) ~[spring-webmvc-6.1.10.jar:6.1.10]
	at org.springframework.web.servlet.FrameworkServlet.processRequest(FrameworkServlet.java:1014) ~[spring-webmvc-6.1.10.jar:6.1.10]
	at org.springframework.web.servlet.FrameworkServlet.doPost(FrameworkServlet.java:914) ~[spring-webmvc-6.1.10.jar:6.1.10]
	at jakarta.servlet.http.HttpServlet.service(HttpServlet.java:547) ~[jakarta.servlet-api-6.0.0.jar:6.0.0]
	at org.springframework.web.servlet.FrameworkServlet.service(FrameworkServlet.java:885) ~[spring-webmvc-6.1.10.jar:6.1.10]
	at jakarta.servlet.http.HttpServlet.service(HttpServlet.java:614) ~[jakarta.servlet-api-6.0.0.jar:6.0.0]
	at io.undertow.servlet.handlers.ServletHandler.handleRequest(ServletHandler.java:74) ~[undertow-servlet-2.3.13.Final.jar:2.3.13.Final]
	at io.undertow.servlet.handlers.FilterHandler$FilterChainImpl.doFilter(FilterHandler.java:129) ~[undertow-servlet-2.3.13.Final.jar:2.3.13.Final]
	at org.springframework.web.filter.CorsFilter.doFilterInternal(CorsFilter.java:91) ~[spring-web-6.1.10.jar:6.1.10]
	at org.springframework.web.filter.OncePerRequestFilter.doFilter(OncePerRequestFilter.java:116) ~[spring-web-6.1.10.jar:6.1.10]
	at io.undertow.servlet.core.ManagedFilter.doFilter(ManagedFilter.java:67) ~[undertow-servlet-2.3.13.Final.jar:2.3.13.Final]
	at io.undertow.servlet.handlers.FilterHandler$FilterChainImpl.doFilter(FilterHandler.java:131) ~[undertow-servlet-2.3.13.Final.jar:2.3.13.Final]
	at org.springframework.web.filter.RequestContextFilter.doFilterInternal(RequestContextFilter.java:100) ~[spring-web-6.1.10.jar:6.1.10]
	at org.springframework.web.filter.OncePerRequestFilter.doFilter(OncePerRequestFilter.java:116) ~[spring-web-6.1.10.jar:6.1.10]
	at io.undertow.servlet.core.ManagedFilter.doFilter(ManagedFilter.java:67) ~[undertow-servlet-2.3.13.Final.jar:2.3.13.Final]
	at io.undertow.servlet.handlers.FilterHandler$FilterChainImpl.doFilter(FilterHandler.java:131) ~[undertow-servlet-2.3.13.Final.jar:2.3.13.Final]
	at org.springframework.web.filter.FormContentFilter.doFilterInternal(FormContentFilter.java:93) ~[spring-web-6.1.10.jar:6.1.10]
	at org.springframework.web.filter.OncePerRequestFilter.doFilter(OncePerRequestFilter.java:116) ~[spring-web-6.1.10.jar:6.1.10]
	at io.undertow.servlet.core.ManagedFilter.doFilter(ManagedFilter.java:67) ~[undertow-servlet-2.3.13.Final.jar:2.3.13.Final]
	at io.undertow.servlet.handlers.FilterHandler$FilterChainImpl.doFilter(FilterHandler.java:131) ~[undertow-servlet-2.3.13.Final.jar:2.3.13.Final]
	at org.springframework.web.filter.CharacterEncodingFilter.doFilterInternal(CharacterEncodingFilter.java:201) ~[spring-web-6.1.10.jar:6.1.10]
	at org.springframework.web.filter.OncePerRequestFilter.doFilter(OncePerRequestFilter.java:116) ~[spring-web-6.1.10.jar:6.1.10]
	at io.undertow.servlet.core.ManagedFilter.doFilter(ManagedFilter.java:67) ~[undertow-servlet-2.3.13.Final.jar:2.3.13.Final]
	at io.undertow.servlet.handlers.FilterHandler$FilterChainImpl.doFilter(FilterHandler.java:131) ~[undertow-servlet-2.3.13.Final.jar:2.3.13.Final]
	at io.undertow.servlet.handlers.FilterHandler.handleRequest(FilterHandler.java:84) ~[undertow-servlet-2.3.13.Final.jar:2.3.13.Final]
	at io.undertow.servlet.handlers.security.ServletSecurityRoleHandler.handleRequest(ServletSecurityRoleHandler.java:62) ~[undertow-servlet-2.3.13.Final.jar:2.3.13.Final]
	at io.undertow.servlet.handlers.ServletChain$1.handleRequest(ServletChain.java:68) ~[undertow-servlet-2.3.13.Final.jar:2.3.13.Final]
	at io.undertow.servlet.handlers.ServletDispatchingHandler.handleRequest(ServletDispatchingHandler.java:36) ~[undertow-servlet-2.3.13.Final.jar:2.3.13.Final]
	at io.undertow.servlet.handlers.RedirectDirHandler.handleRequest(RedirectDirHandler.java:68) ~[undertow-servlet-2.3.13.Final.jar:2.3.13.Final]
	at io.undertow.servlet.handlers.security.SSLInformationAssociationHandler.handleRequest(SSLInformationAssociationHandler.java:117) ~[undertow-servlet-2.3.13.Final.jar:2.3.13.Final]
	at io.undertow.servlet.handlers.security.ServletAuthenticationCallHandler.handleRequest(ServletAuthenticationCallHandler.java:57) ~[undertow-servlet-2.3.13.Final.jar:2.3.13.Final]
	at io.undertow.server.handlers.PredicateHandler.handleRequest(PredicateHandler.java:43) ~[undertow-core-2.3.13.Final.jar:2.3.13.Final]
	at io.undertow.security.handlers.AbstractConfidentialityHandler.handleRequest(AbstractConfidentialityHandler.java:46) ~[undertow-core-2.3.13.Final.jar:2.3.13.Final]
	at io.undertow.servlet.handlers.security.ServletConfidentialityConstraintHandler.handleRequest(ServletConfidentialityConstraintHandler.java:64) ~[undertow-servlet-2.3.13.Final.jar:2.3.13.Final]
	at io.undertow.security.handlers.AuthenticationMechanismsHandler.handleRequest(AuthenticationMechanismsHandler.java:60) ~[undertow-core-2.3.13.Final.jar:2.3.13.Final]
	at io.undertow.servlet.handlers.security.CachedAuthenticatedSessionHandler.handleRequest(CachedAuthenticatedSessionHandler.java:77) ~[undertow-servlet-2.3.13.Final.jar:2.3.13.Final]
	at io.undertow.security.handlers.AbstractSecurityContextAssociationHandler.handleRequest(AbstractSecurityContextAssociationHandler.java:43) ~[undertow-core-2.3.13.Final.jar:2.3.13.Final]
	at io.undertow.server.handlers.PredicateHandler.handleRequest(PredicateHandler.java:43) ~[undertow-core-2.3.13.Final.jar:2.3.13.Final]
	at io.undertow.servlet.handlers.SendErrorPageHandler.handleRequest(SendErrorPageHandler.java:52) ~[undertow-servlet-2.3.13.Final.jar:2.3.13.Final]
	at io.undertow.server.handlers.PredicateHandler.handleRequest(PredicateHandler.java:43) ~[undertow-core-2.3.13.Final.jar:2.3.13.Final]
	at io.undertow.servlet.handlers.ServletInitialHandler.handleFirstRequest(ServletInitialHandler.java:276) ~[undertow-servlet-2.3.13.Final.jar:2.3.13.Final]
	at io.undertow.servlet.handlers.ServletInitialHandler$2.call(ServletInitialHandler.java:135) ~[undertow-servlet-2.3.13.Final.jar:2.3.13.Final]
	at io.undertow.servlet.handlers.ServletInitialHandler$2.call(ServletInitialHandler.java:132) ~[undertow-servlet-2.3.13.Final.jar:2.3.13.Final]
	at io.undertow.servlet.core.ServletRequestContextThreadSetupAction$1.call(ServletRequestContextThreadSetupAction.java:48) ~[undertow-servlet-2.3.13.Final.jar:2.3.13.Final]
	at io.undertow.servlet.core.ContextClassLoaderSetupAction$1.call(ContextClassLoaderSetupAction.java:43) ~[undertow-servlet-2.3.13.Final.jar:2.3.13.Final]
	at io.undertow.servlet.handlers.ServletInitialHandler.dispatchRequest(ServletInitialHandler.java:256) ~[undertow-servlet-2.3.13.Final.jar:2.3.13.Final]
	at io.undertow.servlet.handlers.ServletInitialHandler$1.handleRequest(ServletInitialHandler.java:101) ~[undertow-servlet-2.3.13.Final.jar:2.3.13.Final]
	at io.undertow.server.Connectors.executeRootHandler(Connectors.java:393) ~[undertow-core-2.3.13.Final.jar:2.3.13.Final]
	at io.undertow.server.HttpServerExchange$1.run(HttpServerExchange.java:859) ~[undertow-core-2.3.13.Final.jar:2.3.13.Final]
	at org.jboss.threads.ContextHandler$1.runWith(ContextHandler.java:18) ~[jboss-threads-3.5.0.Final.jar:3.5.0.Final]
	at org.jboss.threads.EnhancedQueueExecutor$Task.run(EnhancedQueueExecutor.java:2513) ~[jboss-threads-3.5.0.Final.jar:3.5.0.Final]
	at org.jboss.threads.EnhancedQueueExecutor$ThreadBody.run(EnhancedQueueExecutor.java:1538) ~[jboss-threads-3.5.0.Final.jar:3.5.0.Final]
	at org.xnio.XnioWorker$WorkerThreadFactory$1$1.run(XnioWorker.java:1282) ~[xnio-api-3.8.8.Final.jar:3.8.8.Final]
	at java.base/java.lang.Thread.run(Thread.java:1583) [?:?]
	Suppressed: org.springframework.web.context.request.async.AsyncRequestNotUsableException: Response not usable after response errors.
		at org.springframework.web.context.request.async.StandardServletAsyncWebRequest$LifecycleHttpServletResponse.obtainLockAndCheckState(StandardServletAsyncWebRequest.java:314) ~[spring-web-6.1.10.jar:6.1.10]
		at org.springframework.web.context.request.async.StandardServletAsyncWebRequest$LifecycleServletOutputStream.write(StandardServletAsyncWebRequest.java:373) ~[spring-web-6.1.10.jar:6.1.10]
		at org.springframework.util.StreamUtils$NonClosingOutputStream.write(StreamUtils.java:261) ~[spring-core-6.1.10.jar:6.1.10]
		at com.fasterxml.jackson.core.json.UTF8JsonGenerator._flushBuffer(UTF8JsonGenerator.java:2210) ~[jackson-core-2.17.1.jar:2.17.1]
		at com.fasterxml.jackson.core.json.UTF8JsonGenerator.close(UTF8JsonGenerator.java:1234) ~[jackson-core-2.17.1.jar:2.17.1]
		at org.springframework.http.converter.json.AbstractJackson2HttpMessageConverter.writeInternal(AbstractJackson2HttpMessageConverter.java:452) ~[spring-web-6.1.10.jar:6.1.10]
		at org.springframework.http.converter.AbstractGenericHttpMessageConverter.write(AbstractGenericHttpMessageConverter.java:114) ~[spring-web-6.1.10.jar:6.1.10]
		at org.springframework.web.servlet.mvc.method.annotation.AbstractMessageConverterMethodProcessor.writeWithMessageConverters(AbstractMessageConverterMethodProcessor.java:297) ~[spring-webmvc-6.1.10.jar:6.1.10]
		at org.springframework.web.servlet.mvc.method.annotation.RequestResponseBodyMethodProcessor.handleReturnValue(RequestResponseBodyMethodProcessor.java:192) ~[spring-webmvc-6.1.10.jar:6.1.10]
		at org.springframework.web.method.support.HandlerMethodReturnValueHandlerComposite.handleReturnValue(HandlerMethodReturnValueHandlerComposite.java:78) ~[spring-web-6.1.10.jar:6.1.10]
		at org.springframework.web.servlet.mvc.method.annotation.ServletInvocableHandlerMethod.invokeAndHandle(ServletInvocableHandlerMethod.java:136) ~[spring-webmvc-6.1.10.jar:6.1.10]
		at org.springframework.web.servlet.mvc.method.annotation.RequestMappingHandlerAdapter.invokeHandlerMethod(RequestMappingHandlerAdapter.java:926) ~[spring-webmvc-6.1.10.jar:6.1.10]
		at org.springframework.web.servlet.mvc.method.annotation.RequestMappingHandlerAdapter.handleInternal(RequestMappingHandlerAdapter.java:831) ~[spring-webmvc-6.1.10.jar:6.1.10]
		at org.springframework.web.servlet.mvc.method.AbstractHandlerMethodAdapter.handle(AbstractHandlerMethodAdapter.java:87) ~[spring-webmvc-6.1.10.jar:6.1.10]
		at org.springframework.web.servlet.DispatcherServlet.doDispatch(DispatcherServlet.java:1089) ~[spring-webmvc-6.1.10.jar:6.1.10]
		at org.springframework.web.servlet.DispatcherServlet.doService(DispatcherServlet.java:979) ~[spring-webmvc-6.1.10.jar:6.1.10]
		at org.springframework.web.servlet.FrameworkServlet.processRequest(FrameworkServlet.java:1014) ~[spring-webmvc-6.1.10.jar:6.1.10]
		at org.springframework.web.servlet.FrameworkServlet.doPost(FrameworkServlet.java:914) ~[spring-webmvc-6.1.10.jar:6.1.10]
		at jakarta.servlet.http.HttpServlet.service(HttpServlet.java:547) ~[jakarta.servlet-api-6.0.0.jar:6.0.0]
		at org.springframework.web.servlet.FrameworkServlet.service(FrameworkServlet.java:885) ~[spring-webmvc-6.1.10.jar:6.1.10]
		at jakarta.servlet.http.HttpServlet.service(HttpServlet.java:614) ~[jakarta.servlet-api-6.0.0.jar:6.0.0]
		at io.undertow.servlet.handlers.ServletHandler.handleRequest(ServletHandler.java:74) ~[undertow-servlet-2.3.13.Final.jar:2.3.13.Final]
		at io.undertow.servlet.handlers.FilterHandler$FilterChainImpl.doFilter(FilterHandler.java:129) ~[undertow-servlet-2.3.13.Final.jar:2.3.13.Final]
		at org.springframework.web.filter.CorsFilter.doFilterInternal(CorsFilter.java:91) ~[spring-web-6.1.10.jar:6.1.10]
		at org.springframework.web.filter.OncePerRequestFilter.doFilter(OncePerRequestFilter.java:116) ~[spring-web-6.1.10.jar:6.1.10]
		at io.undertow.servlet.core.ManagedFilter.doFilter(ManagedFilter.java:67) ~[undertow-servlet-2.3.13.Final.jar:2.3.13.Final]
		at io.undertow.servlet.handlers.FilterHandler$FilterChainImpl.doFilter(FilterHandler.java:131) ~[undertow-servlet-2.3.13.Final.jar:2.3.13.Final]
		at org.springframework.web.filter.RequestContextFilter.doFilterInternal(RequestContextFilter.java:100) ~[spring-web-6.1.10.jar:6.1.10]
		at org.springframework.web.filter.OncePerRequestFilter.doFilter(OncePerRequestFilter.java:116) ~[spring-web-6.1.10.jar:6.1.10]
		at io.undertow.servlet.core.ManagedFilter.doFilter(ManagedFilter.java:67) ~[undertow-servlet-2.3.13.Final.jar:2.3.13.Final]
		at io.undertow.servlet.handlers.FilterHandler$FilterChainImpl.doFilter(FilterHandler.java:131) ~[undertow-servlet-2.3.13.Final.jar:2.3.13.Final]
		at org.springframework.web.filter.FormContentFilter.doFilterInternal(FormContentFilter.java:93) ~[spring-web-6.1.10.jar:6.1.10]
		at org.springframework.web.filter.OncePerRequestFilter.doFilter(OncePerRequestFilter.java:116) ~[spring-web-6.1.10.jar:6.1.10]
		at io.undertow.servlet.core.ManagedFilter.doFilter(ManagedFilter.java:67) ~[undertow-servlet-2.3.13.Final.jar:2.3.13.Final]
		at io.undertow.servlet.handlers.FilterHandler$FilterChainImpl.doFilter(FilterHandler.java:131) ~[undertow-servlet-2.3.13.Final.jar:2.3.13.Final]
		at org.springframework.web.filter.CharacterEncodingFilter.doFilterInternal(CharacterEncodingFilter.java:201) ~[spring-web-6.1.10.jar:6.1.10]
		at org.springframework.web.filter.OncePerRequestFilter.doFilter(OncePerRequestFilter.java:116) ~[spring-web-6.1.10.jar:6.1.10]
		at io.undertow.servlet.core.ManagedFilter.doFilter(ManagedFilter.java:67) ~[undertow-servlet-2.3.13.Final.jar:2.3.13.Final]
		at io.undertow.servlet.handlers.FilterHandler$FilterChainImpl.doFilter(FilterHandler.java:131) ~[undertow-servlet-2.3.13.Final.jar:2.3.13.Final]
		at io.undertow.servlet.handlers.FilterHandler.handleRequest(FilterHandler.java:84) ~[undertow-servlet-2.3.13.Final.jar:2.3.13.Final]
		at io.undertow.servlet.handlers.security.ServletSecurityRoleHandler.handleRequest(ServletSecurityRoleHandler.java:62) ~[undertow-servlet-2.3.13.Final.jar:2.3.13.Final]
		at io.undertow.servlet.handlers.ServletChain$1.handleRequest(ServletChain.java:68) ~[undertow-servlet-2.3.13.Final.jar:2.3.13.Final]
		at io.undertow.servlet.handlers.ServletDispatchingHandler.handleRequest(ServletDispatchingHandler.java:36) ~[undertow-servlet-2.3.13.Final.jar:2.3.13.Final]
		at io.undertow.servlet.handlers.RedirectDirHandler.handleRequest(RedirectDirHandler.java:68) ~[undertow-servlet-2.3.13.Final.jar:2.3.13.Final]
		at io.undertow.servlet.handlers.security.SSLInformationAssociationHandler.handleRequest(SSLInformationAssociationHandler.java:117) ~[undertow-servlet-2.3.13.Final.jar:2.3.13.Final]
		at io.undertow.servlet.handlers.security.ServletAuthenticationCallHandler.handleRequest(ServletAuthenticationCallHandler.java:57) ~[undertow-servlet-2.3.13.Final.jar:2.3.13.Final]
		at io.undertow.server.handlers.PredicateHandler.handleRequest(PredicateHandler.java:43) ~[undertow-core-2.3.13.Final.jar:2.3.13.Final]
		at io.undertow.security.handlers.AbstractConfidentialityHandler.handleRequest(AbstractConfidentialityHandler.java:46) ~[undertow-core-2.3.13.Final.jar:2.3.13.Final]
		at io.undertow.servlet.handlers.security.ServletConfidentialityConstraintHandler.handleRequest(ServletConfidentialityConstraintHandler.java:64) ~[undertow-servlet-2.3.13.Final.jar:2.3.13.Final]
		at io.undertow.security.handlers.AuthenticationMechanismsHandler.handleRequest(AuthenticationMechanismsHandler.java:60) ~[undertow-core-2.3.13.Final.jar:2.3.13.Final]
		at io.undertow.servlet.handlers.security.CachedAuthenticatedSessionHandler.handleRequest(CachedAuthenticatedSessionHandler.java:77) ~[undertow-servlet-2.3.13.Final.jar:2.3.13.Final]
		at io.undertow.security.handlers.AbstractSecurityContextAssociationHandler.handleRequest(AbstractSecurityContextAssociationHandler.java:43) ~[undertow-core-2.3.13.Final.jar:2.3.13.Final]
		at io.undertow.server.handlers.PredicateHandler.handleRequest(PredicateHandler.java:43) ~[undertow-core-2.3.13.Final.jar:2.3.13.Final]
		at io.undertow.servlet.handlers.SendErrorPageHandler.handleRequest(SendErrorPageHandler.java:52) ~[undertow-servlet-2.3.13.Final.jar:2.3.13.Final]
		at io.undertow.server.handlers.PredicateHandler.handleRequest(PredicateHandler.java:43) ~[undertow-core-2.3.13.Final.jar:2.3.13.Final]
		at io.undertow.servlet.handlers.ServletInitialHandler.handleFirstRequest(ServletInitialHandler.java:276) ~[undertow-servlet-2.3.13.Final.jar:2.3.13.Final]
		at io.undertow.servlet.handlers.ServletInitialHandler$2.call(ServletInitialHandler.java:135) ~[undertow-servlet-2.3.13.Final.jar:2.3.13.Final]
		at io.undertow.servlet.handlers.ServletInitialHandler$2.call(ServletInitialHandler.java:132) ~[undertow-servlet-2.3.13.Final.jar:2.3.13.Final]
		at io.undertow.servlet.core.ServletRequestContextThreadSetupAction$1.call(ServletRequestContextThreadSetupAction.java:48) ~[undertow-servlet-2.3.13.Final.jar:2.3.13.Final]
		at io.undertow.servlet.core.ContextClassLoaderSetupAction$1.call(ContextClassLoaderSetupAction.java:43) ~[undertow-servlet-2.3.13.Final.jar:2.3.13.Final]
		at io.undertow.servlet.handlers.ServletInitialHandler.dispatchRequest(ServletInitialHandler.java:256) ~[undertow-servlet-2.3.13.Final.jar:2.3.13.Final]
		at io.undertow.servlet.handlers.ServletInitialHandler$1.handleRequest(ServletInitialHandler.java:101) ~[undertow-servlet-2.3.13.Final.jar:2.3.13.Final]
		at io.undertow.server.Connectors.executeRootHandler(Connectors.java:393) ~[undertow-core-2.3.13.Final.jar:2.3.13.Final]
		at io.undertow.server.HttpServerExchange$1.run(HttpServerExchange.java:859) ~[undertow-core-2.3.13.Final.jar:2.3.13.Final]
		at org.jboss.threads.ContextHandler$1.runWith(ContextHandler.java:18) ~[jboss-threads-3.5.0.Final.jar:3.5.0.Final]
		at org.jboss.threads.EnhancedQueueExecutor$Task.run(EnhancedQueueExecutor.java:2513) ~[jboss-threads-3.5.0.Final.jar:3.5.0.Final]
		at org.jboss.threads.EnhancedQueueExecutor$ThreadBody.run(EnhancedQueueExecutor.java:1538) ~[jboss-threads-3.5.0.Final.jar:3.5.0.Final]
		at org.xnio.XnioWorker$WorkerThreadFactory$1$1.run(XnioWorker.java:1282) ~[xnio-api-3.8.8.Final.jar:3.8.8.Final]
		at java.base/java.lang.Thread.run(Thread.java:1583) [?:?]
Caused by: java.io.IOException: Broken pipe
	at java.base/sun.nio.ch.SocketDispatcher.write0(Native Method) ~[?:?]
	at java.base/sun.nio.ch.SocketDispatcher.write(SocketDispatcher.java:62) ~[?:?]
	at java.base/sun.nio.ch.IOUtil.writeFromNativeBuffer(IOUtil.java:137) ~[?:?]
	at java.base/sun.nio.ch.IOUtil.write(IOUtil.java:81) ~[?:?]
	at java.base/sun.nio.ch.IOUtil.write(IOUtil.java:58) ~[?:?]
	at java.base/sun.nio.ch.SocketChannelImpl.write(SocketChannelImpl.java:542) ~[?:?]
	at org.xnio.nio.NioSocketConduit.write(NioSocketConduit.java:153) ~[xnio-nio-3.8.8.Final.jar:3.8.8.Final]
	at io.undertow.server.protocol.http.HttpResponseConduit.write(HttpResponseConduit.java:629) ~[undertow-core-2.3.13.Final.jar:2.3.13.Final]
	at org.xnio.conduits.AbstractStreamSinkConduit.write(AbstractStreamSinkConduit.java:51) ~[xnio-api-3.8.8.Final.jar:3.8.8.Final]
	at io.undertow.conduits.DeflatingStreamSinkConduit.performFlushIfRequiredSingleBuffer(DeflatingStreamSinkConduit.java:445) ~[undertow-core-2.3.13.Final.jar:2.3.13.Final]
	at io.undertow.conduits.DeflatingStreamSinkConduit.performFlushIfRequired(DeflatingStreamSinkConduit.java:432) ~[undertow-core-2.3.13.Final.jar:2.3.13.Final]
	at io.undertow.conduits.DeflatingStreamSinkConduit.deflateData(DeflatingStreamSinkConduit.java:522) ~[undertow-core-2.3.13.Final.jar:2.3.13.Final]
	at io.undertow.conduits.DeflatingStreamSinkConduit.write(DeflatingStreamSinkConduit.java:130) ~[undertow-core-2.3.13.Final.jar:2.3.13.Final]
	at io.undertow.conduits.DeflatingStreamSinkConduit.write(DeflatingStreamSinkConduit.java:165) ~[undertow-core-2.3.13.Final.jar:2.3.13.Final]
	at org.xnio.conduits.ConduitStreamSinkChannel.write(ConduitStreamSinkChannel.java:158) ~[xnio-api-3.8.8.Final.jar:3.8.8.Final]
	at io.undertow.channels.DetachableStreamSinkChannel.write(DetachableStreamSinkChannel.java:179) ~[undertow-core-2.3.13.Final.jar:2.3.13.Final]
	at io.undertow.server.HttpServerExchange$WriteDispatchChannel.write(HttpServerExchange.java:2172) ~[undertow-core-2.3.13.Final.jar:2.3.13.Final]
	at org.xnio.channels.Channels.writeBlocking(Channels.java:202) ~[xnio-api-3.8.8.Final.jar:3.8.8.Final]
	at io.undertow.servlet.spec.ServletOutputStreamImpl.writeTooLargeForBuffer(ServletOutputStreamImpl.java:201) ~[undertow-servlet-2.3.13.Final.jar:2.3.13.Final]
	at io.undertow.servlet.spec.ServletOutputStreamImpl.write(ServletOutputStreamImpl.java:149) ~[undertow-servlet-2.3.13.Final.jar:2.3.13.Final]
	at org.springframework.web.context.request.async.StandardServletAsyncWebRequest$LifecycleServletOutputStream.write(StandardServletAsyncWebRequest.java:375) ~[spring-web-6.1.10.jar:6.1.10]
	... 86 more
[2026-05-21 10:36:11.657] ERROR XNIO-1 task-4 com.jts.gjcxfzksh.exception.handler.GlobalExceptionHandler[63] - 请求地址'/pt/network/tile',发生系统异常. 
org.springframework.web.context.request.async.AsyncRequestNotUsableException: ServletOutputStream failed to write: Broken pipe
	at org.springframework.web.context.request.async.StandardServletAsyncWebRequest$LifecycleHttpServletResponse.handleIOException(StandardServletAsyncWebRequest.java:320) ~[spring-web-6.1.10.jar:6.1.10]
	at org.springframework.web.context.request.async.StandardServletAsyncWebRequest$LifecycleServletOutputStream.write(StandardServletAsyncWebRequest.java:378) ~[spring-web-6.1.10.jar:6.1.10]
	at org.springframework.util.StreamUtils$NonClosingOutputStream.write(StreamUtils.java:261) ~[spring-core-6.1.10.jar:6.1.10]
	at com.fasterxml.jackson.core.json.UTF8JsonGenerator._flushBuffer(UTF8JsonGenerator.java:2210) ~[jackson-core-2.17.1.jar:2.17.1]
	at com.fasterxml.jackson.core.json.UTF8JsonGenerator.writeStartObject(UTF8JsonGenerator.java:404) ~[jackson-core-2.17.1.jar:2.17.1]
	at com.fasterxml.jackson.databind.ser.BeanSerializer.serialize(BeanSerializer.java:179) ~[jackson-databind-2.17.1.jar:2.17.1]
	at com.fasterxml.jackson.databind.ser.BeanPropertyWriter.serializeAsField(BeanPropertyWriter.java:732) ~[jackson-databind-2.17.1.jar:2.17.1]
	at com.fasterxml.jackson.databind.ser.std.BeanSerializerBase.serializeFields(BeanSerializerBase.java:770) ~[jackson-databind-2.17.1.jar:2.17.1]
	at com.fasterxml.jackson.databind.ser.BeanSerializer.serialize(BeanSerializer.java:183) ~[jackson-databind-2.17.1.jar:2.17.1]
	at com.fasterxml.jackson.databind.ser.impl.IndexedListSerializer.serializeContents(IndexedListSerializer.java:119) ~[jackson-databind-2.17.1.jar:2.17.1]
	at com.fasterxml.jackson.databind.ser.impl.IndexedListSerializer.serialize(IndexedListSerializer.java:79) ~[jackson-databind-2.17.1.jar:2.17.1]
	at com.fasterxml.jackson.databind.ser.impl.IndexedListSerializer.serialize(IndexedListSerializer.java:18) ~[jackson-databind-2.17.1.jar:2.17.1]
	at com.fasterxml.jackson.databind.ser.BeanPropertyWriter.serializeAsField(BeanPropertyWriter.java:732) ~[jackson-databind-2.17.1.jar:2.17.1]
	at com.fasterxml.jackson.databind.ser.std.BeanSerializerBase.serializeFields(BeanSerializerBase.java:770) ~[jackson-databind-2.17.1.jar:2.17.1]
	at com.fasterxml.jackson.databind.ser.BeanSerializer.serialize(BeanSerializer.java:183) ~[jackson-databind-2.17.1.jar:2.17.1]
	at com.fasterxml.jackson.databind.ser.DefaultSerializerProvider._serialize(DefaultSerializerProvider.java:502) ~[jackson-databind-2.17.1.jar:2.17.1]
	at com.fasterxml.jackson.databind.ser.DefaultSerializerProvider.serializeValue(DefaultSerializerProvider.java:341) ~[jackson-databind-2.17.1.jar:2.17.1]
	at com.fasterxml.jackson.databind.ObjectWriter$Prefetch.serialize(ObjectWriter.java:1574) ~[jackson-databind-2.17.1.jar:2.17.1]
	at com.fasterxml.jackson.databind.ObjectWriter.writeValue(ObjectWriter.java:1061) ~[jackson-databind-2.17.1.jar:2.17.1]
	at org.springframework.http.converter.json.AbstractJackson2HttpMessageConverter.writeInternal(AbstractJackson2HttpMessageConverter.java:483) ~[spring-web-6.1.10.jar:6.1.10]
	at org.springframework.http.converter.AbstractGenericHttpMessageConverter.write(AbstractGenericHttpMessageConverter.java:114) ~[spring-web-6.1.10.jar:6.1.10]
	at org.springframework.web.servlet.mvc.method.annotation.AbstractMessageConverterMethodProcessor.writeWithMessageConverters(AbstractMessageConverterMethodProcessor.java:297) ~[spring-webmvc-6.1.10.jar:6.1.10]
	at org.springframework.web.servlet.mvc.method.annotation.RequestResponseBodyMethodProcessor.handleReturnValue(RequestResponseBodyMethodProcessor.java:192) ~[spring-webmvc-6.1.10.jar:6.1.10]
	at org.springframework.web.method.support.HandlerMethodReturnValueHandlerComposite.handleReturnValue(HandlerMethodReturnValueHandlerComposite.java:78) ~[spring-web-6.1.10.jar:6.1.10]
	at org.springframework.web.servlet.mvc.method.annotation.ServletInvocableHandlerMethod.invokeAndHandle(ServletInvocableHandlerMethod.java:136) ~[spring-webmvc-6.1.10.jar:6.1.10]
	at org.springframework.web.servlet.mvc.method.annotation.RequestMappingHandlerAdapter.invokeHandlerMethod(RequestMappingHandlerAdapter.java:926) ~[spring-webmvc-6.1.10.jar:6.1.10]
	at org.springframework.web.servlet.mvc.method.annotation.RequestMappingHandlerAdapter.handleInternal(RequestMappingHandlerAdapter.java:831) ~[spring-webmvc-6.1.10.jar:6.1.10]
	at org.springframework.web.servlet.mvc.method.AbstractHandlerMethodAdapter.handle(AbstractHandlerMethodAdapter.java:87) ~[spring-webmvc-6.1.10.jar:6.1.10]
	at org.springframework.web.servlet.DispatcherServlet.doDispatch(DispatcherServlet.java:1089) ~[spring-webmvc-6.1.10.jar:6.1.10]
	at org.springframework.web.servlet.DispatcherServlet.doService(DispatcherServlet.java:979) ~[spring-webmvc-6.1.10.jar:6.1.10]
	at org.springframework.web.servlet.FrameworkServlet.processRequest(FrameworkServlet.java:1014) ~[spring-webmvc-6.1.10.jar:6.1.10]
	at org.springframework.web.servlet.FrameworkServlet.doPost(FrameworkServlet.java:914) ~[spring-webmvc-6.1.10.jar:6.1.10]
	at jakarta.servlet.http.HttpServlet.service(HttpServlet.java:547) ~[jakarta.servlet-api-6.0.0.jar:6.0.0]
	at org.springframework.web.servlet.FrameworkServlet.service(FrameworkServlet.java:885) ~[spring-webmvc-6.1.10.jar:6.1.10]
	at jakarta.servlet.http.HttpServlet.service(HttpServlet.java:614) ~[jakarta.servlet-api-6.0.0.jar:6.0.0]
	at io.undertow.servlet.handlers.ServletHandler.handleRequest(ServletHandler.java:74) ~[undertow-servlet-2.3.13.Final.jar:2.3.13.Final]
	at io.undertow.servlet.handlers.FilterHandler$FilterChainImpl.doFilter(FilterHandler.java:129) ~[undertow-servlet-2.3.13.Final.jar:2.3.13.Final]
	at org.springframework.web.filter.CorsFilter.doFilterInternal(CorsFilter.java:91) ~[spring-web-6.1.10.jar:6.1.10]
	at org.springframework.web.filter.OncePerRequestFilter.doFilter(OncePerRequestFilter.java:116) ~[spring-web-6.1.10.jar:6.1.10]
	at io.undertow.servlet.core.ManagedFilter.doFilter(ManagedFilter.java:67) ~[undertow-servlet-2.3.13.Final.jar:2.3.13.Final]
	at io.undertow.servlet.handlers.FilterHandler$FilterChainImpl.doFilter(FilterHandler.java:131) ~[undertow-servlet-2.3.13.Final.jar:2.3.13.Final]
	at org.springframework.web.filter.RequestContextFilter.doFilterInternal(RequestContextFilter.java:100) ~[spring-web-6.1.10.jar:6.1.10]
	at org.springframework.web.filter.OncePerRequestFilter.doFilter(OncePerRequestFilter.java:116) ~[spring-web-6.1.10.jar:6.1.10]
	at io.undertow.servlet.core.ManagedFilter.doFilter(ManagedFilter.java:67) ~[undertow-servlet-2.3.13.Final.jar:2.3.13.Final]
	at io.undertow.servlet.handlers.FilterHandler$FilterChainImpl.doFilter(FilterHandler.java:131) ~[undertow-servlet-2.3.13.Final.jar:2.3.13.Final]
	at org.springframework.web.filter.FormContentFilter.doFilterInternal(FormContentFilter.java:93) ~[spring-web-6.1.10.jar:6.1.10]
	at org.springframework.web.filter.OncePerRequestFilter.doFilter(OncePerRequestFilter.java:116) ~[spring-web-6.1.10.jar:6.1.10]
	at io.undertow.servlet.core.ManagedFilter.doFilter(ManagedFilter.java:67) ~[undertow-servlet-2.3.13.Final.jar:2.3.13.Final]
	at io.undertow.servlet.handlers.FilterHandler$FilterChainImpl.doFilter(FilterHandler.java:131) ~[undertow-servlet-2.3.13.Final.jar:2.3.13.Final]
	at org.springframework.web.filter.CharacterEncodingFilter.doFilterInternal(CharacterEncodingFilter.java:201) ~[spring-web-6.1.10.jar:6.1.10]
	at org.springframework.web.filter.OncePerRequestFilter.doFilter(OncePerRequestFilter.java:116) ~[spring-web-6.1.10.jar:6.1.10]
	at io.undertow.servlet.core.ManagedFilter.doFilter(ManagedFilter.java:67) ~[undertow-servlet-2.3.13.Final.jar:2.3.13.Final]
	at io.undertow.servlet.handlers.FilterHandler$FilterChainImpl.doFilter(FilterHandler.java:131) ~[undertow-servlet-2.3.13.Final.jar:2.3.13.Final]
	at io.undertow.servlet.handlers.FilterHandler.handleRequest(FilterHandler.java:84) ~[undertow-servlet-2.3.13.Final.jar:2.3.13.Final]
	at io.undertow.servlet.handlers.security.ServletSecurityRoleHandler.handleRequest(ServletSecurityRoleHandler.java:62) ~[undertow-servlet-2.3.13.Final.jar:2.3.13.Final]
	at io.undertow.servlet.handlers.ServletChain$1.handleRequest(ServletChain.java:68) ~[undertow-servlet-2.3.13.Final.jar:2.3.13.Final]
	at io.undertow.servlet.handlers.ServletDispatchingHandler.handleRequest(ServletDispatchingHandler.java:36) ~[undertow-servlet-2.3.13.Final.jar:2.3.13.Final]
	at io.undertow.servlet.handlers.RedirectDirHandler.handleRequest(RedirectDirHandler.java:68) ~[undertow-servlet-2.3.13.Final.jar:2.3.13.Final]
	at io.undertow.servlet.handlers.security.SSLInformationAssociationHandler.handleRequest(SSLInformationAssociationHandler.java:117) ~[undertow-servlet-2.3.13.Final.jar:2.3.13.Final]
	at io.undertow.servlet.handlers.security.ServletAuthenticationCallHandler.handleRequest(ServletAuthenticationCallHandler.java:57) ~[undertow-servlet-2.3.13.Final.jar:2.3.13.Final]
	at io.undertow.server.handlers.PredicateHandler.handleRequest(PredicateHandler.java:43) ~[undertow-core-2.3.13.Final.jar:2.3.13.Final]
	at io.undertow.security.handlers.AbstractConfidentialityHandler.handleRequest(AbstractConfidentialityHandler.java:46) ~[undertow-core-2.3.13.Final.jar:2.3.13.Final]
	at io.undertow.servlet.handlers.security.ServletConfidentialityConstraintHandler.handleRequest(ServletConfidentialityConstraintHandler.java:64) ~[undertow-servlet-2.3.13.Final.jar:2.3.13.Final]
	at io.undertow.security.handlers.AuthenticationMechanismsHandler.handleRequest(AuthenticationMechanismsHandler.java:60) ~[undertow-core-2.3.13.Final.jar:2.3.13.Final]
	at io.undertow.servlet.handlers.security.CachedAuthenticatedSessionHandler.handleRequest(CachedAuthenticatedSessionHandler.java:77) ~[undertow-servlet-2.3.13.Final.jar:2.3.13.Final]
	at io.undertow.security.handlers.AbstractSecurityContextAssociationHandler.handleRequest(AbstractSecurityContextAssociationHandler.java:43) ~[undertow-core-2.3.13.Final.jar:2.3.13.Final]
	at io.undertow.server.handlers.PredicateHandler.handleRequest(PredicateHandler.java:43) ~[undertow-core-2.3.13.Final.jar:2.3.13.Final]
	at io.undertow.servlet.handlers.SendErrorPageHandler.handleRequest(SendErrorPageHandler.java:52) ~[undertow-servlet-2.3.13.Final.jar:2.3.13.Final]
	at io.undertow.server.handlers.PredicateHandler.handleRequest(PredicateHandler.java:43) ~[undertow-core-2.3.13.Final.jar:2.3.13.Final]
	at io.undertow.servlet.handlers.ServletInitialHandler.handleFirstRequest(ServletInitialHandler.java:276) ~[undertow-servlet-2.3.13.Final.jar:2.3.13.Final]
	at io.undertow.servlet.handlers.ServletInitialHandler$2.call(ServletInitialHandler.java:135) ~[undertow-servlet-2.3.13.Final.jar:2.3.13.Final]
	at io.undertow.servlet.handlers.ServletInitialHandler$2.call(ServletInitialHandler.java:132) ~[undertow-servlet-2.3.13.Final.jar:2.3.13.Final]
	at io.undertow.servlet.core.ServletRequestContextThreadSetupAction$1.call(ServletRequestContextThreadSetupAction.java:48) ~[undertow-servlet-2.3.13.Final.jar:2.3.13.Final]
	at io.undertow.servlet.core.ContextClassLoaderSetupAction$1.call(ContextClassLoaderSetupAction.java:43) ~[undertow-servlet-2.3.13.Final.jar:2.3.13.Final]
	at io.undertow.servlet.handlers.ServletInitialHandler.dispatchRequest(ServletInitialHandler.java:256) ~[undertow-servlet-2.3.13.Final.jar:2.3.13.Final]
	at io.undertow.servlet.handlers.ServletInitialHandler$1.handleRequest(ServletInitialHandler.java:101) ~[undertow-servlet-2.3.13.Final.jar:2.3.13.Final]
	at io.undertow.server.Connectors.executeRootHandler(Connectors.java:393) ~[undertow-core-2.3.13.Final.jar:2.3.13.Final]
	at io.undertow.server.HttpServerExchange$1.run(HttpServerExchange.java:859) ~[undertow-core-2.3.13.Final.jar:2.3.13.Final]
	at org.jboss.threads.ContextHandler$1.runWith(ContextHandler.java:18) ~[jboss-threads-3.5.0.Final.jar:3.5.0.Final]
	at org.jboss.threads.EnhancedQueueExecutor$Task.run(EnhancedQueueExecutor.java:2513) ~[jboss-threads-3.5.0.Final.jar:3.5.0.Final]
	at org.jboss.threads.EnhancedQueueExecutor$ThreadBody.run(EnhancedQueueExecutor.java:1538) ~[jboss-threads-3.5.0.Final.jar:3.5.0.Final]
	at org.xnio.XnioWorker$WorkerThreadFactory$1$1.run(XnioWorker.java:1282) ~[xnio-api-3.8.8.Final.jar:3.8.8.Final]
	at java.base/java.lang.Thread.run(Thread.java:1583) [?:?]
	Suppressed: org.springframework.web.context.request.async.AsyncRequestNotUsableException: Response not usable after response errors.
		at org.springframework.web.context.request.async.StandardServletAsyncWebRequest$LifecycleHttpServletResponse.obtainLockAndCheckState(StandardServletAsyncWebRequest.java:314) ~[spring-web-6.1.10.jar:6.1.10]
		at org.springframework.web.context.request.async.StandardServletAsyncWebRequest$LifecycleServletOutputStream.write(StandardServletAsyncWebRequest.java:373) ~[spring-web-6.1.10.jar:6.1.10]
		at org.springframework.util.StreamUtils$NonClosingOutputStream.write(StreamUtils.java:261) ~[spring-core-6.1.10.jar:6.1.10]
		at com.fasterxml.jackson.core.json.UTF8JsonGenerator._flushBuffer(UTF8JsonGenerator.java:2210) ~[jackson-core-2.17.1.jar:2.17.1]
		at com.fasterxml.jackson.core.json.UTF8JsonGenerator.close(UTF8JsonGenerator.java:1234) ~[jackson-core-2.17.1.jar:2.17.1]
		at org.springframework.http.converter.json.AbstractJackson2HttpMessageConverter.writeInternal(AbstractJackson2HttpMessageConverter.java:452) ~[spring-web-6.1.10.jar:6.1.10]
		at org.springframework.http.converter.AbstractGenericHttpMessageConverter.write(AbstractGenericHttpMessageConverter.java:114) ~[spring-web-6.1.10.jar:6.1.10]
		at org.springframework.web.servlet.mvc.method.annotation.AbstractMessageConverterMethodProcessor.writeWithMessageConverters(AbstractMessageConverterMethodProcessor.java:297) ~[spring-webmvc-6.1.10.jar:6.1.10]
		at org.springframework.web.servlet.mvc.method.annotation.RequestResponseBodyMethodProcessor.handleReturnValue(RequestResponseBodyMethodProcessor.java:192) ~[spring-webmvc-6.1.10.jar:6.1.10]
		at org.springframework.web.method.support.HandlerMethodReturnValueHandlerComposite.handleReturnValue(HandlerMethodReturnValueHandlerComposite.java:78) ~[spring-web-6.1.10.jar:6.1.10]
		at org.springframework.web.servlet.mvc.method.annotation.ServletInvocableHandlerMethod.invokeAndHandle(ServletInvocableHandlerMethod.java:136) ~[spring-webmvc-6.1.10.jar:6.1.10]
		at org.springframework.web.servlet.mvc.method.annotation.RequestMappingHandlerAdapter.invokeHandlerMethod(RequestMappingHandlerAdapter.java:926) ~[spring-webmvc-6.1.10.jar:6.1.10]
		at org.springframework.web.servlet.mvc.method.annotation.RequestMappingHandlerAdapter.handleInternal(RequestMappingHandlerAdapter.java:831) ~[spring-webmvc-6.1.10.jar:6.1.10]
		at org.springframework.web.servlet.mvc.method.AbstractHandlerMethodAdapter.handle(AbstractHandlerMethodAdapter.java:87) ~[spring-webmvc-6.1.10.jar:6.1.10]
		at org.springframework.web.servlet.DispatcherServlet.doDispatch(DispatcherServlet.java:1089) ~[spring-webmvc-6.1.10.jar:6.1.10]
		at org.springframework.web.servlet.DispatcherServlet.doService(DispatcherServlet.java:979) ~[spring-webmvc-6.1.10.jar:6.1.10]
		at org.springframework.web.servlet.FrameworkServlet.processRequest(FrameworkServlet.java:1014) ~[spring-webmvc-6.1.10.jar:6.1.10]
		at org.springframework.web.servlet.FrameworkServlet.doPost(FrameworkServlet.java:914) ~[spring-webmvc-6.1.10.jar:6.1.10]
		at jakarta.servlet.http.HttpServlet.service(HttpServlet.java:547) ~[jakarta.servlet-api-6.0.0.jar:6.0.0]
		at org.springframework.web.servlet.FrameworkServlet.service(FrameworkServlet.java:885) ~[spring-webmvc-6.1.10.jar:6.1.10]
		at jakarta.servlet.http.HttpServlet.service(HttpServlet.java:614) ~[jakarta.servlet-api-6.0.0.jar:6.0.0]
		at io.undertow.servlet.handlers.ServletHandler.handleRequest(ServletHandler.java:74) ~[undertow-servlet-2.3.13.Final.jar:2.3.13.Final]
		at io.undertow.servlet.handlers.FilterHandler$FilterChainImpl.doFilter(FilterHandler.java:129) ~[undertow-servlet-2.3.13.Final.jar:2.3.13.Final]
		at org.springframework.web.filter.CorsFilter.doFilterInternal(CorsFilter.java:91) ~[spring-web-6.1.10.jar:6.1.10]
		at org.springframework.web.filter.OncePerRequestFilter.doFilter(OncePerRequestFilter.java:116) ~[spring-web-6.1.10.jar:6.1.10]
		at io.undertow.servlet.core.ManagedFilter.doFilter(ManagedFilter.java:67) ~[undertow-servlet-2.3.13.Final.jar:2.3.13.Final]
		at io.undertow.servlet.handlers.FilterHandler$FilterChainImpl.doFilter(FilterHandler.java:131) ~[undertow-servlet-2.3.13.Final.jar:2.3.13.Final]
		at org.springframework.web.filter.RequestContextFilter.doFilterInternal(RequestContextFilter.java:100) ~[spring-web-6.1.10.jar:6.1.10]
		at org.springframework.web.filter.OncePerRequestFilter.doFilter(OncePerRequestFilter.java:116) ~[spring-web-6.1.10.jar:6.1.10]
		at io.undertow.servlet.core.ManagedFilter.doFilter(ManagedFilter.java:67) ~[undertow-servlet-2.3.13.Final.jar:2.3.13.Final]
		at io.undertow.servlet.handlers.FilterHandler$FilterChainImpl.doFilter(FilterHandler.java:131) ~[undertow-servlet-2.3.13.Final.jar:2.3.13.Final]
		at org.springframework.web.filter.FormContentFilter.doFilterInternal(FormContentFilter.java:93) ~[spring-web-6.1.10.jar:6.1.10]
		at org.springframework.web.filter.OncePerRequestFilter.doFilter(OncePerRequestFilter.java:116) ~[spring-web-6.1.10.jar:6.1.10]
		at io.undertow.servlet.core.ManagedFilter.doFilter(ManagedFilter.java:67) ~[undertow-servlet-2.3.13.Final.jar:2.3.13.Final]
		at io.undertow.servlet.handlers.FilterHandler$FilterChainImpl.doFilter(FilterHandler.java:131) ~[undertow-servlet-2.3.13.Final.jar:2.3.13.Final]
		at org.springframework.web.filter.CharacterEncodingFilter.doFilterInternal(CharacterEncodingFilter.java:201) ~[spring-web-6.1.10.jar:6.1.10]
		at org.springframework.web.filter.OncePerRequestFilter.doFilter(OncePerRequestFilter.java:116) ~[spring-web-6.1.10.jar:6.1.10]
		at io.undertow.servlet.core.ManagedFilter.doFilter(ManagedFilter.java:67) ~[undertow-servlet-2.3.13.Final.jar:2.3.13.Final]
		at io.undertow.servlet.handlers.FilterHandler$FilterChainImpl.doFilter(FilterHandler.java:131) ~[undertow-servlet-2.3.13.Final.jar:2.3.13.Final]
		at io.undertow.servlet.handlers.FilterHandler.handleRequest(FilterHandler.java:84) ~[undertow-servlet-2.3.13.Final.jar:2.3.13.Final]
		at io.undertow.servlet.handlers.security.ServletSecurityRoleHandler.handleRequest(ServletSecurityRoleHandler.java:62) ~[undertow-servlet-2.3.13.Final.jar:2.3.13.Final]
		at io.undertow.servlet.handlers.ServletChain$1.handleRequest(ServletChain.java:68) ~[undertow-servlet-2.3.13.Final.jar:2.3.13.Final]
		at io.undertow.servlet.handlers.ServletDispatchingHandler.handleRequest(ServletDispatchingHandler.java:36) ~[undertow-servlet-2.3.13.Final.jar:2.3.13.Final]
		at io.undertow.servlet.handlers.RedirectDirHandler.handleRequest(RedirectDirHandler.java:68) ~[undertow-servlet-2.3.13.Final.jar:2.3.13.Final]
		at io.undertow.servlet.handlers.security.SSLInformationAssociationHandler.handleRequest(SSLInformationAssociationHandler.java:117) ~[undertow-servlet-2.3.13.Final.jar:2.3.13.Final]
		at io.undertow.servlet.handlers.security.ServletAuthenticationCallHandler.handleRequest(ServletAuthenticationCallHandler.java:57) ~[undertow-servlet-2.3.13.Final.jar:2.3.13.Final]
		at io.undertow.server.handlers.PredicateHandler.handleRequest(PredicateHandler.java:43) ~[undertow-core-2.3.13.Final.jar:2.3.13.Final]
		at io.undertow.security.handlers.AbstractConfidentialityHandler.handleRequest(AbstractConfidentialityHandler.java:46) ~[undertow-core-2.3.13.Final.jar:2.3.13.Final]
		at io.undertow.servlet.handlers.security.ServletConfidentialityConstraintHandler.handleRequest(ServletConfidentialityConstraintHandler.java:64) ~[undertow-servlet-2.3.13.Final.jar:2.3.13.Final]
		at io.undertow.security.handlers.AuthenticationMechanismsHandler.handleRequest(AuthenticationMechanismsHandler.java:60) ~[undertow-core-2.3.13.Final.jar:2.3.13.Final]
		at io.undertow.servlet.handlers.security.CachedAuthenticatedSessionHandler.handleRequest(CachedAuthenticatedSessionHandler.java:77) ~[undertow-servlet-2.3.13.Final.jar:2.3.13.Final]
		at io.undertow.security.handlers.AbstractSecurityContextAssociationHandler.handleRequest(AbstractSecurityContextAssociationHandler.java:43) ~[undertow-core-2.3.13.Final.jar:2.3.13.Final]
		at io.undertow.server.handlers.PredicateHandler.handleRequest(PredicateHandler.java:43) ~[undertow-core-2.3.13.Final.jar:2.3.13.Final]
		at io.undertow.servlet.handlers.SendErrorPageHandler.handleRequest(SendErrorPageHandler.java:52) ~[undertow-servlet-2.3.13.Final.jar:2.3.13.Final]
		at io.undertow.server.handlers.PredicateHandler.handleRequest(PredicateHandler.java:43) ~[undertow-core-2.3.13.Final.jar:2.3.13.Final]
		at io.undertow.servlet.handlers.ServletInitialHandler.handleFirstRequest(ServletInitialHandler.java:276) ~[undertow-servlet-2.3.13.Final.jar:2.3.13.Final]
		at io.undertow.servlet.handlers.ServletInitialHandler$2.call(ServletInitialHandler.java:135) ~[undertow-servlet-2.3.13.Final.jar:2.3.13.Final]
		at io.undertow.servlet.handlers.ServletInitialHandler$2.call(ServletInitialHandler.java:132) ~[undertow-servlet-2.3.13.Final.jar:2.3.13.Final]
		at io.undertow.servlet.core.ServletRequestContextThreadSetupAction$1.call(ServletRequestContextThreadSetupAction.java:48) ~[undertow-servlet-2.3.13.Final.jar:2.3.13.Final]
		at io.undertow.servlet.core.ContextClassLoaderSetupAction$1.call(ContextClassLoaderSetupAction.java:43) ~[undertow-servlet-2.3.13.Final.jar:2.3.13.Final]
		at io.undertow.servlet.handlers.ServletInitialHandler.dispatchRequest(ServletInitialHandler.java:256) ~[undertow-servlet-2.3.13.Final.jar:2.3.13.Final]
		at io.undertow.servlet.handlers.ServletInitialHandler$1.handleRequest(ServletInitialHandler.java:101) ~[undertow-servlet-2.3.13.Final.jar:2.3.13.Final]
		at io.undertow.server.Connectors.executeRootHandler(Connectors.java:393) ~[undertow-core-2.3.13.Final.jar:2.3.13.Final]
		at io.undertow.server.HttpServerExchange$1.run(HttpServerExchange.java:859) ~[undertow-core-2.3.13.Final.jar:2.3.13.Final]
		at org.jboss.threads.ContextHandler$1.runWith(ContextHandler.java:18) ~[jboss-threads-3.5.0.Final.jar:3.5.0.Final]
		at org.jboss.threads.EnhancedQueueExecutor$Task.run(EnhancedQueueExecutor.java:2513) ~[jboss-threads-3.5.0.Final.jar:3.5.0.Final]
		at org.jboss.threads.EnhancedQueueExecutor$ThreadBody.run(EnhancedQueueExecutor.java:1538) ~[jboss-threads-3.5.0.Final.jar:3.5.0.Final]
		at org.xnio.XnioWorker$WorkerThreadFactory$1$1.run(XnioWorker.java:1282) ~[xnio-api-3.8.8.Final.jar:3.8.8.Final]
		at java.base/java.lang.Thread.run(Thread.java:1583) [?:?]
Caused by: java.io.IOException: Broken pipe
	at java.base/sun.nio.ch.SocketDispatcher.write0(Native Method) ~[?:?]
	at java.base/sun.nio.ch.SocketDispatcher.write(SocketDispatcher.java:62) ~[?:?]
	at java.base/sun.nio.ch.IOUtil.writeFromNativeBuffer(IOUtil.java:137) ~[?:?]
	at java.base/sun.nio.ch.IOUtil.write(IOUtil.java:81) ~[?:?]
	at java.base/sun.nio.ch.IOUtil.write(IOUtil.java:58) ~[?:?]
	at java.base/sun.nio.ch.SocketChannelImpl.write(SocketChannelImpl.java:542) ~[?:?]
	at org.xnio.nio.NioSocketConduit.write(NioSocketConduit.java:153) ~[xnio-nio-3.8.8.Final.jar:3.8.8.Final]
	at io.undertow.server.protocol.http.HttpResponseConduit.write(HttpResponseConduit.java:629) ~[undertow-core-2.3.13.Final.jar:2.3.13.Final]
	at org.xnio.conduits.AbstractStreamSinkConduit.write(AbstractStreamSinkConduit.java:51) ~[xnio-api-3.8.8.Final.jar:3.8.8.Final]
	at io.undertow.conduits.DeflatingStreamSinkConduit.performFlushIfRequiredSingleBuffer(DeflatingStreamSinkConduit.java:445) ~[undertow-core-2.3.13.Final.jar:2.3.13.Final]
	at io.undertow.conduits.DeflatingStreamSinkConduit.performFlushIfRequired(DeflatingStreamSinkConduit.java:432) ~[undertow-core-2.3.13.Final.jar:2.3.13.Final]
	at io.undertow.conduits.DeflatingStreamSinkConduit.deflateData(DeflatingStreamSinkConduit.java:522) ~[undertow-core-2.3.13.Final.jar:2.3.13.Final]
	at io.undertow.conduits.DeflatingStreamSinkConduit.write(DeflatingStreamSinkConduit.java:130) ~[undertow-core-2.3.13.Final.jar:2.3.13.Final]
	at io.undertow.conduits.DeflatingStreamSinkConduit.write(DeflatingStreamSinkConduit.java:165) ~[undertow-core-2.3.13.Final.jar:2.3.13.Final]
	at org.xnio.conduits.ConduitStreamSinkChannel.write(ConduitStreamSinkChannel.java:158) ~[xnio-api-3.8.8.Final.jar:3.8.8.Final]
	at io.undertow.channels.DetachableStreamSinkChannel.write(DetachableStreamSinkChannel.java:179) ~[undertow-core-2.3.13.Final.jar:2.3.13.Final]
	at io.undertow.server.HttpServerExchange$WriteDispatchChannel.write(HttpServerExchange.java:2172) ~[undertow-core-2.3.13.Final.jar:2.3.13.Final]
	at org.xnio.channels.Channels.writeBlocking(Channels.java:202) ~[xnio-api-3.8.8.Final.jar:3.8.8.Final]
	at io.undertow.servlet.spec.ServletOutputStreamImpl.writeTooLargeForBuffer(ServletOutputStreamImpl.java:201) ~[undertow-servlet-2.3.13.Final.jar:2.3.13.Final]
	at io.undertow.servlet.spec.ServletOutputStreamImpl.write(ServletOutputStreamImpl.java:149) ~[undertow-servlet-2.3.13.Final.jar:2.3.13.Final]
	at org.springframework.web.context.request.async.StandardServletAsyncWebRequest$LifecycleServletOutputStream.write(StandardServletAsyncWebRequest.java:375) ~[spring-web-6.1.10.jar:6.1.10]
	... 81 more
[2026-05-21 10:37:27.928] ERROR XNIO-1 task-9 com.jts.gjcxfzksh.exception.handler.GlobalExceptionHandler[63] - 请求地址'/pt/network/tile',发生系统异常. 
org.springframework.web.context.request.async.AsyncRequestNotUsableException: ServletOutputStream failed to write: Broken pipe
	at org.springframework.web.context.request.async.StandardServletAsyncWebRequest$LifecycleHttpServletResponse.handleIOException(StandardServletAsyncWebRequest.java:320) ~[spring-web-6.1.10.jar:6.1.10]
	at org.springframework.web.context.request.async.StandardServletAsyncWebRequest$LifecycleServletOutputStream.write(StandardServletAsyncWebRequest.java:378) ~[spring-web-6.1.10.jar:6.1.10]
	at org.springframework.util.StreamUtils$NonClosingOutputStream.write(StreamUtils.java:261) ~[spring-core-6.1.10.jar:6.1.10]
	at com.fasterxml.jackson.core.json.UTF8JsonGenerator._flushBuffer(UTF8JsonGenerator.java:2210) ~[jackson-core-2.17.1.jar:2.17.1]
	at com.fasterxml.jackson.core.json.UTF8JsonGenerator.writeRaw(UTF8JsonGenerator.java:764) ~[jackson-core-2.17.1.jar:2.17.1]
	at com.fasterxml.jackson.core.json.UTF8JsonGenerator.writeRaw(UTF8JsonGenerator.java:674) ~[jackson-core-2.17.1.jar:2.17.1]
	at com.fasterxml.jackson.core.json.UTF8JsonGenerator.writeNumber(UTF8JsonGenerator.java:1065) ~[jackson-core-2.17.1.jar:2.17.1]
	at com.fasterxml.jackson.databind.ser.std.NumberSerializers$FloatSerializer.serialize(NumberSerializers.java:214) ~[jackson-databind-2.17.1.jar:2.17.1]
	at com.fasterxml.jackson.databind.ser.BeanPropertyWriter.serializeAsField(BeanPropertyWriter.java:732) ~[jackson-databind-2.17.1.jar:2.17.1]
	at com.fasterxml.jackson.databind.ser.std.BeanSerializerBase.serializeFields(BeanSerializerBase.java:770) ~[jackson-databind-2.17.1.jar:2.17.1]
	at com.fasterxml.jackson.databind.ser.BeanSerializer.serialize(BeanSerializer.java:183) ~[jackson-databind-2.17.1.jar:2.17.1]
	at com.fasterxml.jackson.databind.ser.BeanPropertyWriter.serializeAsField(BeanPropertyWriter.java:732) ~[jackson-databind-2.17.1.jar:2.17.1]
	at com.fasterxml.jackson.databind.ser.std.BeanSerializerBase.serializeFields(BeanSerializerBase.java:770) ~[jackson-databind-2.17.1.jar:2.17.1]
	at com.fasterxml.jackson.databind.ser.BeanSerializer.serialize(BeanSerializer.java:183) ~[jackson-databind-2.17.1.jar:2.17.1]
	at com.fasterxml.jackson.databind.ser.impl.IndexedListSerializer.serializeContents(IndexedListSerializer.java:119) ~[jackson-databind-2.17.1.jar:2.17.1]
	at com.fasterxml.jackson.databind.ser.impl.IndexedListSerializer.serialize(IndexedListSerializer.java:79) ~[jackson-databind-2.17.1.jar:2.17.1]
	at com.fasterxml.jackson.databind.ser.impl.IndexedListSerializer.serialize(IndexedListSerializer.java:18) ~[jackson-databind-2.17.1.jar:2.17.1]
	at com.fasterxml.jackson.databind.ser.BeanPropertyWriter.serializeAsField(BeanPropertyWriter.java:732) ~[jackson-databind-2.17.1.jar:2.17.1]
	at com.fasterxml.jackson.databind.ser.std.BeanSerializerBase.serializeFields(BeanSerializerBase.java:770) ~[jackson-databind-2.17.1.jar:2.17.1]
	at com.fasterxml.jackson.databind.ser.BeanSerializer.serialize(BeanSerializer.java:183) ~[jackson-databind-2.17.1.jar:2.17.1]
	at com.fasterxml.jackson.databind.ser.DefaultSerializerProvider._serialize(DefaultSerializerProvider.java:502) ~[jackson-databind-2.17.1.jar:2.17.1]
	at com.fasterxml.jackson.databind.ser.DefaultSerializerProvider.serializeValue(DefaultSerializerProvider.java:341) ~[jackson-databind-2.17.1.jar:2.17.1]
	at com.fasterxml.jackson.databind.ObjectWriter$Prefetch.serialize(ObjectWriter.java:1574) ~[jackson-databind-2.17.1.jar:2.17.1]
	at com.fasterxml.jackson.databind.ObjectWriter.writeValue(ObjectWriter.java:1061) ~[jackson-databind-2.17.1.jar:2.17.1]
	at org.springframework.http.converter.json.AbstractJackson2HttpMessageConverter.writeInternal(AbstractJackson2HttpMessageConverter.java:483) ~[spring-web-6.1.10.jar:6.1.10]
	at org.springframework.http.converter.AbstractGenericHttpMessageConverter.write(AbstractGenericHttpMessageConverter.java:114) ~[spring-web-6.1.10.jar:6.1.10]
	at org.springframework.web.servlet.mvc.method.annotation.AbstractMessageConverterMethodProcessor.writeWithMessageConverters(AbstractMessageConverterMethodProcessor.java:297) ~[spring-webmvc-6.1.10.jar:6.1.10]
	at org.springframework.web.servlet.mvc.method.annotation.RequestResponseBodyMethodProcessor.handleReturnValue(RequestResponseBodyMethodProcessor.java:192) ~[spring-webmvc-6.1.10.jar:6.1.10]
	at org.springframework.web.method.support.HandlerMethodReturnValueHandlerComposite.handleReturnValue(HandlerMethodReturnValueHandlerComposite.java:78) ~[spring-web-6.1.10.jar:6.1.10]
	at org.springframework.web.servlet.mvc.method.annotation.ServletInvocableHandlerMethod.invokeAndHandle(ServletInvocableHandlerMethod.java:136) ~[spring-webmvc-6.1.10.jar:6.1.10]
	at org.springframework.web.servlet.mvc.method.annotation.RequestMappingHandlerAdapter.invokeHandlerMethod(RequestMappingHandlerAdapter.java:926) ~[spring-webmvc-6.1.10.jar:6.1.10]
	at org.springframework.web.servlet.mvc.method.annotation.RequestMappingHandlerAdapter.handleInternal(RequestMappingHandlerAdapter.java:831) ~[spring-webmvc-6.1.10.jar:6.1.10]
	at org.springframework.web.servlet.mvc.method.AbstractHandlerMethodAdapter.handle(AbstractHandlerMethodAdapter.java:87) ~[spring-webmvc-6.1.10.jar:6.1.10]
	at org.springframework.web.servlet.DispatcherServlet.doDispatch(DispatcherServlet.java:1089) ~[spring-webmvc-6.1.10.jar:6.1.10]
	at org.springframework.web.servlet.DispatcherServlet.doService(DispatcherServlet.java:979) ~[spring-webmvc-6.1.10.jar:6.1.10]
	at org.springframework.web.servlet.FrameworkServlet.processRequest(FrameworkServlet.java:1014) ~[spring-webmvc-6.1.10.jar:6.1.10]
	at org.springframework.web.servlet.FrameworkServlet.doPost(FrameworkServlet.java:914) ~[spring-webmvc-6.1.10.jar:6.1.10]
	at jakarta.servlet.http.HttpServlet.service(HttpServlet.java:547) ~[jakarta.servlet-api-6.0.0.jar:6.0.0]
	at org.springframework.web.servlet.FrameworkServlet.service(FrameworkServlet.java:885) ~[spring-webmvc-6.1.10.jar:6.1.10]
	at jakarta.servlet.http.HttpServlet.service(HttpServlet.java:614) ~[jakarta.servlet-api-6.0.0.jar:6.0.0]
	at io.undertow.servlet.handlers.ServletHandler.handleRequest(ServletHandler.java:74) ~[undertow-servlet-2.3.13.Final.jar:2.3.13.Final]
	at io.undertow.servlet.handlers.FilterHandler$FilterChainImpl.doFilter(FilterHandler.java:129) ~[undertow-servlet-2.3.13.Final.jar:2.3.13.Final]
	at org.springframework.web.filter.CorsFilter.doFilterInternal(CorsFilter.java:91) ~[spring-web-6.1.10.jar:6.1.10]
	at org.springframework.web.filter.OncePerRequestFilter.doFilter(OncePerRequestFilter.java:116) ~[spring-web-6.1.10.jar:6.1.10]
	at io.undertow.servlet.core.ManagedFilter.doFilter(ManagedFilter.java:67) ~[undertow-servlet-2.3.13.Final.jar:2.3.13.Final]
	at io.undertow.servlet.handlers.FilterHandler$FilterChainImpl.doFilter(FilterHandler.java:131) ~[undertow-servlet-2.3.13.Final.jar:2.3.13.Final]
	at org.springframework.web.filter.RequestContextFilter.doFilterInternal(RequestContextFilter.java:100) ~[spring-web-6.1.10.jar:6.1.10]
	at org.springframework.web.filter.OncePerRequestFilter.doFilter(OncePerRequestFilter.java:116) ~[spring-web-6.1.10.jar:6.1.10]
	at io.undertow.servlet.core.ManagedFilter.doFilter(ManagedFilter.java:67) ~[undertow-servlet-2.3.13.Final.jar:2.3.13.Final]
	at io.undertow.servlet.handlers.FilterHandler$FilterChainImpl.doFilter(FilterHandler.java:131) ~[undertow-servlet-2.3.13.Final.jar:2.3.13.Final]
	at org.springframework.web.filter.FormContentFilter.doFilterInternal(FormContentFilter.java:93) ~[spring-web-6.1.10.jar:6.1.10]
	at org.springframework.web.filter.OncePerRequestFilter.doFilter(OncePerRequestFilter.java:116) ~[spring-web-6.1.10.jar:6.1.10]
	at io.undertow.servlet.core.ManagedFilter.doFilter(ManagedFilter.java:67) ~[undertow-servlet-2.3.13.Final.jar:2.3.13.Final]
	at io.undertow.servlet.handlers.FilterHandler$FilterChainImpl.doFilter(FilterHandler.java:131) ~[undertow-servlet-2.3.13.Final.jar:2.3.13.Final]
	at org.springframework.web.filter.CharacterEncodingFilter.doFilterInternal(CharacterEncodingFilter.java:201) ~[spring-web-6.1.10.jar:6.1.10]
	at org.springframework.web.filter.OncePerRequestFilter.doFilter(OncePerRequestFilter.java:116) ~[spring-web-6.1.10.jar:6.1.10]
	at io.undertow.servlet.core.ManagedFilter.doFilter(ManagedFilter.java:67) ~[undertow-servlet-2.3.13.Final.jar:2.3.13.Final]
	at io.undertow.servlet.handlers.FilterHandler$FilterChainImpl.doFilter(FilterHandler.java:131) ~[undertow-servlet-2.3.13.Final.jar:2.3.13.Final]
	at io.undertow.servlet.handlers.FilterHandler.handleRequest(FilterHandler.java:84) ~[undertow-servlet-2.3.13.Final.jar:2.3.13.Final]
	at io.undertow.servlet.handlers.security.ServletSecurityRoleHandler.handleRequest(ServletSecurityRoleHandler.java:62) ~[undertow-servlet-2.3.13.Final.jar:2.3.13.Final]
	at io.undertow.servlet.handlers.ServletChain$1.handleRequest(ServletChain.java:68) ~[undertow-servlet-2.3.13.Final.jar:2.3.13.Final]
	at io.undertow.servlet.handlers.ServletDispatchingHandler.handleRequest(ServletDispatchingHandler.java:36) ~[undertow-servlet-2.3.13.Final.jar:2.3.13.Final]
	at io.undertow.servlet.handlers.RedirectDirHandler.handleRequest(RedirectDirHandler.java:68) ~[undertow-servlet-2.3.13.Final.jar:2.3.13.Final]
	at io.undertow.servlet.handlers.security.SSLInformationAssociationHandler.handleRequest(SSLInformationAssociationHandler.java:117) ~[undertow-servlet-2.3.13.Final.jar:2.3.13.Final]
	at io.undertow.servlet.handlers.security.ServletAuthenticationCallHandler.handleRequest(ServletAuthenticationCallHandler.java:57) ~[undertow-servlet-2.3.13.Final.jar:2.3.13.Final]
	at io.undertow.server.handlers.PredicateHandler.handleRequest(PredicateHandler.java:43) ~[undertow-core-2.3.13.Final.jar:2.3.13.Final]
	at io.undertow.security.handlers.AbstractConfidentialityHandler.handleRequest(AbstractConfidentialityHandler.java:46) ~[undertow-core-2.3.13.Final.jar:2.3.13.Final]
	at io.undertow.servlet.handlers.security.ServletConfidentialityConstraintHandler.handleRequest(ServletConfidentialityConstraintHandler.java:64) ~[undertow-servlet-2.3.13.Final.jar:2.3.13.Final]
	at io.undertow.security.handlers.AuthenticationMechanismsHandler.handleRequest(AuthenticationMechanismsHandler.java:60) ~[undertow-core-2.3.13.Final.jar:2.3.13.Final]
	at io.undertow.servlet.handlers.security.CachedAuthenticatedSessionHandler.handleRequest(CachedAuthenticatedSessionHandler.java:77) ~[undertow-servlet-2.3.13.Final.jar:2.3.13.Final]
	at io.undertow.security.handlers.AbstractSecurityContextAssociationHandler.handleRequest(AbstractSecurityContextAssociationHandler.java:43) ~[undertow-core-2.3.13.Final.jar:2.3.13.Final]
	at io.undertow.server.handlers.PredicateHandler.handleRequest(PredicateHandler.java:43) ~[undertow-core-2.3.13.Final.jar:2.3.13.Final]
	at io.undertow.servlet.handlers.SendErrorPageHandler.handleRequest(SendErrorPageHandler.java:52) ~[undertow-servlet-2.3.13.Final.jar:2.3.13.Final]
	at io.undertow.server.handlers.PredicateHandler.handleRequest(PredicateHandler.java:43) ~[undertow-core-2.3.13.Final.jar:2.3.13.Final]
	at io.undertow.servlet.handlers.ServletInitialHandler.handleFirstRequest(ServletInitialHandler.java:276) ~[undertow-servlet-2.3.13.Final.jar:2.3.13.Final]
	at io.undertow.servlet.handlers.ServletInitialHandler$2.call(ServletInitialHandler.java:135) ~[undertow-servlet-2.3.13.Final.jar:2.3.13.Final]
	at io.undertow.servlet.handlers.ServletInitialHandler$2.call(ServletInitialHandler.java:132) ~[undertow-servlet-2.3.13.Final.jar:2.3.13.Final]
	at io.undertow.servlet.core.ServletRequestContextThreadSetupAction$1.call(ServletRequestContextThreadSetupAction.java:48) ~[undertow-servlet-2.3.13.Final.jar:2.3.13.Final]
	at io.undertow.servlet.core.ContextClassLoaderSetupAction$1.call(ContextClassLoaderSetupAction.java:43) ~[undertow-servlet-2.3.13.Final.jar:2.3.13.Final]
	at io.undertow.servlet.handlers.ServletInitialHandler.dispatchRequest(ServletInitialHandler.java:256) ~[undertow-servlet-2.3.13.Final.jar:2.3.13.Final]
	at io.undertow.servlet.handlers.ServletInitialHandler$1.handleRequest(ServletInitialHandler.java:101) ~[undertow-servlet-2.3.13.Final.jar:2.3.13.Final]
	at io.undertow.server.Connectors.executeRootHandler(Connectors.java:393) ~[undertow-core-2.3.13.Final.jar:2.3.13.Final]
	at io.undertow.server.HttpServerExchange$1.run(HttpServerExchange.java:859) ~[undertow-core-2.3.13.Final.jar:2.3.13.Final]
	at org.jboss.threads.ContextHandler$1.runWith(ContextHandler.java:18) ~[jboss-threads-3.5.0.Final.jar:3.5.0.Final]
	at org.jboss.threads.EnhancedQueueExecutor$Task.run(EnhancedQueueExecutor.java:2513) ~[jboss-threads-3.5.0.Final.jar:3.5.0.Final]
	at org.jboss.threads.EnhancedQueueExecutor$ThreadBody.run(EnhancedQueueExecutor.java:1538) ~[jboss-threads-3.5.0.Final.jar:3.5.0.Final]
	at org.xnio.XnioWorker$WorkerThreadFactory$1$1.run(XnioWorker.java:1282) ~[xnio-api-3.8.8.Final.jar:3.8.8.Final]
	at java.base/java.lang.Thread.run(Thread.java:1583) [?:?]
	Suppressed: org.springframework.web.context.request.async.AsyncRequestNotUsableException: Response not usable after response errors.
		at org.springframework.web.context.request.async.StandardServletAsyncWebRequest$LifecycleHttpServletResponse.obtainLockAndCheckState(StandardServletAsyncWebRequest.java:314) ~[spring-web-6.1.10.jar:6.1.10]
		at org.springframework.web.context.request.async.StandardServletAsyncWebRequest$LifecycleServletOutputStream.write(StandardServletAsyncWebRequest.java:373) ~[spring-web-6.1.10.jar:6.1.10]
		at org.springframework.util.StreamUtils$NonClosingOutputStream.write(StreamUtils.java:261) ~[spring-core-6.1.10.jar:6.1.10]
		at com.fasterxml.jackson.core.json.UTF8JsonGenerator._flushBuffer(UTF8JsonGenerator.java:2210) ~[jackson-core-2.17.1.jar:2.17.1]
		at com.fasterxml.jackson.core.json.UTF8JsonGenerator.close(UTF8JsonGenerator.java:1234) ~[jackson-core-2.17.1.jar:2.17.1]
		at org.springframework.http.converter.json.AbstractJackson2HttpMessageConverter.writeInternal(AbstractJackson2HttpMessageConverter.java:452) ~[spring-web-6.1.10.jar:6.1.10]
		at org.springframework.http.converter.AbstractGenericHttpMessageConverter.write(AbstractGenericHttpMessageConverter.java:114) ~[spring-web-6.1.10.jar:6.1.10]
		at org.springframework.web.servlet.mvc.method.annotation.AbstractMessageConverterMethodProcessor.writeWithMessageConverters(AbstractMessageConverterMethodProcessor.java:297) ~[spring-webmvc-6.1.10.jar:6.1.10]
		at org.springframework.web.servlet.mvc.method.annotation.RequestResponseBodyMethodProcessor.handleReturnValue(RequestResponseBodyMethodProcessor.java:192) ~[spring-webmvc-6.1.10.jar:6.1.10]
		at org.springframework.web.method.support.HandlerMethodReturnValueHandlerComposite.handleReturnValue(HandlerMethodReturnValueHandlerComposite.java:78) ~[spring-web-6.1.10.jar:6.1.10]
		at org.springframework.web.servlet.mvc.method.annotation.ServletInvocableHandlerMethod.invokeAndHandle(ServletInvocableHandlerMethod.java:136) ~[spring-webmvc-6.1.10.jar:6.1.10]
		at org.springframework.web.servlet.mvc.method.annotation.RequestMappingHandlerAdapter.invokeHandlerMethod(RequestMappingHandlerAdapter.java:926) ~[spring-webmvc-6.1.10.jar:6.1.10]
		at org.springframework.web.servlet.mvc.method.annotation.RequestMappingHandlerAdapter.handleInternal(RequestMappingHandlerAdapter.java:831) ~[spring-webmvc-6.1.10.jar:6.1.10]
		at org.springframework.web.servlet.mvc.method.AbstractHandlerMethodAdapter.handle(AbstractHandlerMethodAdapter.java:87) ~[spring-webmvc-6.1.10.jar:6.1.10]
		at org.springframework.web.servlet.DispatcherServlet.doDispatch(DispatcherServlet.java:1089) ~[spring-webmvc-6.1.10.jar:6.1.10]
		at org.springframework.web.servlet.DispatcherServlet.doService(DispatcherServlet.java:979) ~[spring-webmvc-6.1.10.jar:6.1.10]
		at org.springframework.web.servlet.FrameworkServlet.processRequest(FrameworkServlet.java:1014) ~[spring-webmvc-6.1.10.jar:6.1.10]
		at org.springframework.web.servlet.FrameworkServlet.doPost(FrameworkServlet.java:914) ~[spring-webmvc-6.1.10.jar:6.1.10]
		at jakarta.servlet.http.HttpServlet.service(HttpServlet.java:547) ~[jakarta.servlet-api-6.0.0.jar:6.0.0]
		at org.springframework.web.servlet.FrameworkServlet.service(FrameworkServlet.java:885) ~[spring-webmvc-6.1.10.jar:6.1.10]
		at jakarta.servlet.http.HttpServlet.service(HttpServlet.java:614) ~[jakarta.servlet-api-6.0.0.jar:6.0.0]
		at io.undertow.servlet.handlers.ServletHandler.handleRequest(ServletHandler.java:74) ~[undertow-servlet-2.3.13.Final.jar:2.3.13.Final]
		at io.undertow.servlet.handlers.FilterHandler$FilterChainImpl.doFilter(FilterHandler.java:129) ~[undertow-servlet-2.3.13.Final.jar:2.3.13.Final]
		at org.springframework.web.filter.CorsFilter.doFilterInternal(CorsFilter.java:91) ~[spring-web-6.1.10.jar:6.1.10]
		at org.springframework.web.filter.OncePerRequestFilter.doFilter(OncePerRequestFilter.java:116) ~[spring-web-6.1.10.jar:6.1.10]
		at io.undertow.servlet.core.ManagedFilter.doFilter(ManagedFilter.java:67) ~[undertow-servlet-2.3.13.Final.jar:2.3.13.Final]
		at io.undertow.servlet.handlers.FilterHandler$FilterChainImpl.doFilter(FilterHandler.java:131) ~[undertow-servlet-2.3.13.Final.jar:2.3.13.Final]
		at org.springframework.web.filter.RequestContextFilter.doFilterInternal(RequestContextFilter.java:100) ~[spring-web-6.1.10.jar:6.1.10]
		at org.springframework.web.filter.OncePerRequestFilter.doFilter(OncePerRequestFilter.java:116) ~[spring-web-6.1.10.jar:6.1.10]
		at io.undertow.servlet.core.ManagedFilter.doFilter(ManagedFilter.java:67) ~[undertow-servlet-2.3.13.Final.jar:2.3.13.Final]
		at io.undertow.servlet.handlers.FilterHandler$FilterChainImpl.doFilter(FilterHandler.java:131) ~[undertow-servlet-2.3.13.Final.jar:2.3.13.Final]
		at org.springframework.web.filter.FormContentFilter.doFilterInternal(FormContentFilter.java:93) ~[spring-web-6.1.10.jar:6.1.10]
		at org.springframework.web.filter.OncePerRequestFilter.doFilter(OncePerRequestFilter.java:116) ~[spring-web-6.1.10.jar:6.1.10]
		at io.undertow.servlet.core.ManagedFilter.doFilter(ManagedFilter.java:67) ~[undertow-servlet-2.3.13.Final.jar:2.3.13.Final]
		at io.undertow.servlet.handlers.FilterHandler$FilterChainImpl.doFilter(FilterHandler.java:131) ~[undertow-servlet-2.3.13.Final.jar:2.3.13.Final]
		at org.springframework.web.filter.CharacterEncodingFilter.doFilterInternal(CharacterEncodingFilter.java:201) ~[spring-web-6.1.10.jar:6.1.10]
		at org.springframework.web.filter.OncePerRequestFilter.doFilter(OncePerRequestFilter.java:116) ~[spring-web-6.1.10.jar:6.1.10]
		at io.undertow.servlet.core.ManagedFilter.doFilter(ManagedFilter.java:67) ~[undertow-servlet-2.3.13.Final.jar:2.3.13.Final]
		at io.undertow.servlet.handlers.FilterHandler$FilterChainImpl.doFilter(FilterHandler.java:131) ~[undertow-servlet-2.3.13.Final.jar:2.3.13.Final]
		at io.undertow.servlet.handlers.FilterHandler.handleRequest(FilterHandler.java:84) ~[undertow-servlet-2.3.13.Final.jar:2.3.13.Final]
		at io.undertow.servlet.handlers.security.ServletSecurityRoleHandler.handleRequest(ServletSecurityRoleHandler.java:62) ~[undertow-servlet-2.3.13.Final.jar:2.3.13.Final]
		at io.undertow.servlet.handlers.ServletChain$1.handleRequest(ServletChain.java:68) ~[undertow-servlet-2.3.13.Final.jar:2.3.13.Final]
		at io.undertow.servlet.handlers.ServletDispatchingHandler.handleRequest(ServletDispatchingHandler.java:36) ~[undertow-servlet-2.3.13.Final.jar:2.3.13.Final]
		at io.undertow.servlet.handlers.RedirectDirHandler.handleRequest(RedirectDirHandler.java:68) ~[undertow-servlet-2.3.13.Final.jar:2.3.13.Final]
		at io.undertow.servlet.handlers.security.SSLInformationAssociationHandler.handleRequest(SSLInformationAssociationHandler.java:117) ~[undertow-servlet-2.3.13.Final.jar:2.3.13.Final]
		at io.undertow.servlet.handlers.security.ServletAuthenticationCallHandler.handleRequest(ServletAuthenticationCallHandler.java:57) ~[undertow-servlet-2.3.13.Final.jar:2.3.13.Final]
		at io.undertow.server.handlers.PredicateHandler.handleRequest(PredicateHandler.java:43) ~[undertow-core-2.3.13.Final.jar:2.3.13.Final]
		at io.undertow.security.handlers.AbstractConfidentialityHandler.handleRequest(AbstractConfidentialityHandler.java:46) ~[undertow-core-2.3.13.Final.jar:2.3.13.Final]
		at io.undertow.servlet.handlers.security.ServletConfidentialityConstraintHandler.handleRequest(ServletConfidentialityConstraintHandler.java:64) ~[undertow-servlet-2.3.13.Final.jar:2.3.13.Final]
		at io.undertow.security.handlers.AuthenticationMechanismsHandler.handleRequest(AuthenticationMechanismsHandler.java:60) ~[undertow-core-2.3.13.Final.jar:2.3.13.Final]
		at io.undertow.servlet.handlers.security.CachedAuthenticatedSessionHandler.handleRequest(CachedAuthenticatedSessionHandler.java:77) ~[undertow-servlet-2.3.13.Final.jar:2.3.13.Final]
		at io.undertow.security.handlers.AbstractSecurityContextAssociationHandler.handleRequest(AbstractSecurityContextAssociationHandler.java:43) ~[undertow-core-2.3.13.Final.jar:2.3.13.Final]
		at io.undertow.server.handlers.PredicateHandler.handleRequest(PredicateHandler.java:43) ~[undertow-core-2.3.13.Final.jar:2.3.13.Final]
		at io.undertow.servlet.handlers.SendErrorPageHandler.handleRequest(SendErrorPageHandler.java:52) ~[undertow-servlet-2.3.13.Final.jar:2.3.13.Final]
		at io.undertow.server.handlers.PredicateHandler.handleRequest(PredicateHandler.java:43) ~[undertow-core-2.3.13.Final.jar:2.3.13.Final]
		at io.undertow.servlet.handlers.ServletInitialHandler.handleFirstRequest(ServletInitialHandler.java:276) ~[undertow-servlet-2.3.13.Final.jar:2.3.13.Final]
		at io.undertow.servlet.handlers.ServletInitialHandler$2.call(ServletInitialHandler.java:135) ~[undertow-servlet-2.3.13.Final.jar:2.3.13.Final]
		at io.undertow.servlet.handlers.ServletInitialHandler$2.call(ServletInitialHandler.java:132) ~[undertow-servlet-2.3.13.Final.jar:2.3.13.Final]
		at io.undertow.servlet.core.ServletRequestContextThreadSetupAction$1.call(ServletRequestContextThreadSetupAction.java:48) ~[undertow-servlet-2.3.13.Final.jar:2.3.13.Final]
		at io.undertow.servlet.core.ContextClassLoaderSetupAction$1.call(ContextClassLoaderSetupAction.java:43) ~[undertow-servlet-2.3.13.Final.jar:2.3.13.Final]
		at io.undertow.servlet.handlers.ServletInitialHandler.dispatchRequest(ServletInitialHandler.java:256) ~[undertow-servlet-2.3.13.Final.jar:2.3.13.Final]
		at io.undertow.servlet.handlers.ServletInitialHandler$1.handleRequest(ServletInitialHandler.java:101) ~[undertow-servlet-2.3.13.Final.jar:2.3.13.Final]
		at io.undertow.server.Connectors.executeRootHandler(Connectors.java:393) ~[undertow-core-2.3.13.Final.jar:2.3.13.Final]
		at io.undertow.server.HttpServerExchange$1.run(HttpServerExchange.java:859) ~[undertow-core-2.3.13.Final.jar:2.3.13.Final]
		at org.jboss.threads.ContextHandler$1.runWith(ContextHandler.java:18) ~[jboss-threads-3.5.0.Final.jar:3.5.0.Final]
		at org.jboss.threads.EnhancedQueueExecutor$Task.run(EnhancedQueueExecutor.java:2513) ~[jboss-threads-3.5.0.Final.jar:3.5.0.Final]
		at org.jboss.threads.EnhancedQueueExecutor$ThreadBody.run(EnhancedQueueExecutor.java:1538) ~[jboss-threads-3.5.0.Final.jar:3.5.0.Final]
		at org.xnio.XnioWorker$WorkerThreadFactory$1$1.run(XnioWorker.java:1282) ~[xnio-api-3.8.8.Final.jar:3.8.8.Final]
		at java.base/java.lang.Thread.run(Thread.java:1583) [?:?]
Caused by: java.io.IOException: Broken pipe
	at java.base/sun.nio.ch.SocketDispatcher.write0(Native Method) ~[?:?]
	at java.base/sun.nio.ch.SocketDispatcher.write(SocketDispatcher.java:62) ~[?:?]
	at java.base/sun.nio.ch.IOUtil.writeFromNativeBuffer(IOUtil.java:137) ~[?:?]
	at java.base/sun.nio.ch.IOUtil.write(IOUtil.java:81) ~[?:?]
	at java.base/sun.nio.ch.IOUtil.write(IOUtil.java:58) ~[?:?]
	at java.base/sun.nio.ch.SocketChannelImpl.write(SocketChannelImpl.java:542) ~[?:?]
	at org.xnio.nio.NioSocketConduit.write(NioSocketConduit.java:153) ~[xnio-nio-3.8.8.Final.jar:3.8.8.Final]
	at io.undertow.server.protocol.http.HttpResponseConduit.write(HttpResponseConduit.java:629) ~[undertow-core-2.3.13.Final.jar:2.3.13.Final]
	at org.xnio.conduits.AbstractStreamSinkConduit.write(AbstractStreamSinkConduit.java:51) ~[xnio-api-3.8.8.Final.jar:3.8.8.Final]
	at io.undertow.conduits.DeflatingStreamSinkConduit.performFlushIfRequiredSingleBuffer(DeflatingStreamSinkConduit.java:445) ~[undertow-core-2.3.13.Final.jar:2.3.13.Final]
	at io.undertow.conduits.DeflatingStreamSinkConduit.performFlushIfRequired(DeflatingStreamSinkConduit.java:432) ~[undertow-core-2.3.13.Final.jar:2.3.13.Final]
	at io.undertow.conduits.DeflatingStreamSinkConduit.deflateData(DeflatingStreamSinkConduit.java:522) ~[undertow-core-2.3.13.Final.jar:2.3.13.Final]
	at io.undertow.conduits.DeflatingStreamSinkConduit.write(DeflatingStreamSinkConduit.java:130) ~[undertow-core-2.3.13.Final.jar:2.3.13.Final]
	at io.undertow.conduits.DeflatingStreamSinkConduit.write(DeflatingStreamSinkConduit.java:165) ~[undertow-core-2.3.13.Final.jar:2.3.13.Final]
	at org.xnio.conduits.ConduitStreamSinkChannel.write(ConduitStreamSinkChannel.java:158) ~[xnio-api-3.8.8.Final.jar:3.8.8.Final]
	at io.undertow.channels.DetachableStreamSinkChannel.write(DetachableStreamSinkChannel.java:179) ~[undertow-core-2.3.13.Final.jar:2.3.13.Final]
	at io.undertow.server.HttpServerExchange$WriteDispatchChannel.write(HttpServerExchange.java:2172) ~[undertow-core-2.3.13.Final.jar:2.3.13.Final]
	at org.xnio.channels.Channels.writeBlocking(Channels.java:202) ~[xnio-api-3.8.8.Final.jar:3.8.8.Final]
	at io.undertow.servlet.spec.ServletOutputStreamImpl.writeTooLargeForBuffer(ServletOutputStreamImpl.java:201) ~[undertow-servlet-2.3.13.Final.jar:2.3.13.Final]
	at io.undertow.servlet.spec.ServletOutputStreamImpl.write(ServletOutputStreamImpl.java:149) ~[undertow-servlet-2.3.13.Final.jar:2.3.13.Final]
	at org.springframework.web.context.request.async.StandardServletAsyncWebRequest$LifecycleServletOutputStream.write(StandardServletAsyncWebRequest.java:375) ~[spring-web-6.1.10.jar:6.1.10]
	... 86 more
[2026-05-21 10:49:16.357] ERROR XNIO-1 task-3 com.jts.gjcxfzksh.exception.handler.GlobalExceptionHandler[63] - 请求地址'/pt/network/tile',发生系统异常. 
org.springframework.web.context.request.async.AsyncRequestNotUsableException: ServletOutputStream failed to write: Broken pipe
	at org.springframework.web.context.request.async.StandardServletAsyncWebRequest$LifecycleHttpServletResponse.handleIOException(StandardServletAsyncWebRequest.java:320) ~[spring-web-6.1.10.jar:6.1.10]
	at org.springframework.web.context.request.async.StandardServletAsyncWebRequest$LifecycleServletOutputStream.write(StandardServletAsyncWebRequest.java:378) ~[spring-web-6.1.10.jar:6.1.10]
	at org.springframework.util.StreamUtils$NonClosingOutputStream.write(StreamUtils.java:261) ~[spring-core-6.1.10.jar:6.1.10]
	at com.fasterxml.jackson.core.json.UTF8JsonGenerator._flushBuffer(UTF8JsonGenerator.java:2210) ~[jackson-core-2.17.1.jar:2.17.1]
	at com.fasterxml.jackson.core.json.UTF8JsonGenerator.writeRaw(UTF8JsonGenerator.java:764) ~[jackson-core-2.17.1.jar:2.17.1]
	at com.fasterxml.jackson.core.json.UTF8JsonGenerator.writeRaw(UTF8JsonGenerator.java:674) ~[jackson-core-2.17.1.jar:2.17.1]
	at com.fasterxml.jackson.core.json.UTF8JsonGenerator.writeNumber(UTF8JsonGenerator.java:1065) ~[jackson-core-2.17.1.jar:2.17.1]
	at com.fasterxml.jackson.databind.ser.std.NumberSerializers$FloatSerializer.serialize(NumberSerializers.java:214) ~[jackson-databind-2.17.1.jar:2.17.1]
	at com.fasterxml.jackson.databind.ser.BeanPropertyWriter.serializeAsField(BeanPropertyWriter.java:732) ~[jackson-databind-2.17.1.jar:2.17.1]
	at com.fasterxml.jackson.databind.ser.std.BeanSerializerBase.serializeFields(BeanSerializerBase.java:770) ~[jackson-databind-2.17.1.jar:2.17.1]
	at com.fasterxml.jackson.databind.ser.BeanSerializer.serialize(BeanSerializer.java:183) ~[jackson-databind-2.17.1.jar:2.17.1]
	at com.fasterxml.jackson.databind.ser.BeanPropertyWriter.serializeAsField(BeanPropertyWriter.java:732) ~[jackson-databind-2.17.1.jar:2.17.1]
	at com.fasterxml.jackson.databind.ser.std.BeanSerializerBase.serializeFields(BeanSerializerBase.java:770) ~[jackson-databind-2.17.1.jar:2.17.1]
	at com.fasterxml.jackson.databind.ser.BeanSerializer.serialize(BeanSerializer.java:183) ~[jackson-databind-2.17.1.jar:2.17.1]
	at com.fasterxml.jackson.databind.ser.impl.IndexedListSerializer.serializeContents(IndexedListSerializer.java:119) ~[jackson-databind-2.17.1.jar:2.17.1]
	at com.fasterxml.jackson.databind.ser.impl.IndexedListSerializer.serialize(IndexedListSerializer.java:79) ~[jackson-databind-2.17.1.jar:2.17.1]
	at com.fasterxml.jackson.databind.ser.impl.IndexedListSerializer.serialize(IndexedListSerializer.java:18) ~[jackson-databind-2.17.1.jar:2.17.1]
	at com.fasterxml.jackson.databind.ser.BeanPropertyWriter.serializeAsField(BeanPropertyWriter.java:732) ~[jackson-databind-2.17.1.jar:2.17.1]
	at com.fasterxml.jackson.databind.ser.std.BeanSerializerBase.serializeFields(BeanSerializerBase.java:770) ~[jackson-databind-2.17.1.jar:2.17.1]
	at com.fasterxml.jackson.databind.ser.BeanSerializer.serialize(BeanSerializer.java:183) ~[jackson-databind-2.17.1.jar:2.17.1]
	at com.fasterxml.jackson.databind.ser.DefaultSerializerProvider._serialize(DefaultSerializerProvider.java:502) ~[jackson-databind-2.17.1.jar:2.17.1]
	at com.fasterxml.jackson.databind.ser.DefaultSerializerProvider.serializeValue(DefaultSerializerProvider.java:341) ~[jackson-databind-2.17.1.jar:2.17.1]
	at com.fasterxml.jackson.databind.ObjectWriter$Prefetch.serialize(ObjectWriter.java:1574) ~[jackson-databind-2.17.1.jar:2.17.1]
	at com.fasterxml.jackson.databind.ObjectWriter.writeValue(ObjectWriter.java:1061) ~[jackson-databind-2.17.1.jar:2.17.1]
	at org.springframework.http.converter.json.AbstractJackson2HttpMessageConverter.writeInternal(AbstractJackson2HttpMessageConverter.java:483) ~[spring-web-6.1.10.jar:6.1.10]
	at org.springframework.http.converter.AbstractGenericHttpMessageConverter.write(AbstractGenericHttpMessageConverter.java:114) ~[spring-web-6.1.10.jar:6.1.10]
	at org.springframework.web.servlet.mvc.method.annotation.AbstractMessageConverterMethodProcessor.writeWithMessageConverters(AbstractMessageConverterMethodProcessor.java:297) ~[spring-webmvc-6.1.10.jar:6.1.10]
	at org.springframework.web.servlet.mvc.method.annotation.RequestResponseBodyMethodProcessor.handleReturnValue(RequestResponseBodyMethodProcessor.java:192) ~[spring-webmvc-6.1.10.jar:6.1.10]
	at org.springframework.web.method.support.HandlerMethodReturnValueHandlerComposite.handleReturnValue(HandlerMethodReturnValueHandlerComposite.java:78) ~[spring-web-6.1.10.jar:6.1.10]
	at org.springframework.web.servlet.mvc.method.annotation.ServletInvocableHandlerMethod.invokeAndHandle(ServletInvocableHandlerMethod.java:136) ~[spring-webmvc-6.1.10.jar:6.1.10]
	at org.springframework.web.servlet.mvc.method.annotation.RequestMappingHandlerAdapter.invokeHandlerMethod(RequestMappingHandlerAdapter.java:926) ~[spring-webmvc-6.1.10.jar:6.1.10]
	at org.springframework.web.servlet.mvc.method.annotation.RequestMappingHandlerAdapter.handleInternal(RequestMappingHandlerAdapter.java:831) ~[spring-webmvc-6.1.10.jar:6.1.10]
	at org.springframework.web.servlet.mvc.method.AbstractHandlerMethodAdapter.handle(AbstractHandlerMethodAdapter.java:87) ~[spring-webmvc-6.1.10.jar:6.1.10]
	at org.springframework.web.servlet.DispatcherServlet.doDispatch(DispatcherServlet.java:1089) ~[spring-webmvc-6.1.10.jar:6.1.10]
	at org.springframework.web.servlet.DispatcherServlet.doService(DispatcherServlet.java:979) ~[spring-webmvc-6.1.10.jar:6.1.10]
	at org.springframework.web.servlet.FrameworkServlet.processRequest(FrameworkServlet.java:1014) ~[spring-webmvc-6.1.10.jar:6.1.10]
	at org.springframework.web.servlet.FrameworkServlet.doPost(FrameworkServlet.java:914) ~[spring-webmvc-6.1.10.jar:6.1.10]
	at jakarta.servlet.http.HttpServlet.service(HttpServlet.java:547) ~[jakarta.servlet-api-6.0.0.jar:6.0.0]
	at org.springframework.web.servlet.FrameworkServlet.service(FrameworkServlet.java:885) ~[spring-webmvc-6.1.10.jar:6.1.10]
	at jakarta.servlet.http.HttpServlet.service(HttpServlet.java:614) ~[jakarta.servlet-api-6.0.0.jar:6.0.0]
	at io.undertow.servlet.handlers.ServletHandler.handleRequest(ServletHandler.java:74) ~[undertow-servlet-2.3.13.Final.jar:2.3.13.Final]
	at io.undertow.servlet.handlers.FilterHandler$FilterChainImpl.doFilter(FilterHandler.java:129) ~[undertow-servlet-2.3.13.Final.jar:2.3.13.Final]
	at org.springframework.web.filter.CorsFilter.doFilterInternal(CorsFilter.java:91) ~[spring-web-6.1.10.jar:6.1.10]
	at org.springframework.web.filter.OncePerRequestFilter.doFilter(OncePerRequestFilter.java:116) ~[spring-web-6.1.10.jar:6.1.10]
	at io.undertow.servlet.core.ManagedFilter.doFilter(ManagedFilter.java:67) ~[undertow-servlet-2.3.13.Final.jar:2.3.13.Final]
	at io.undertow.servlet.handlers.FilterHandler$FilterChainImpl.doFilter(FilterHandler.java:131) ~[undertow-servlet-2.3.13.Final.jar:2.3.13.Final]
	at org.springframework.web.filter.RequestContextFilter.doFilterInternal(RequestContextFilter.java:100) ~[spring-web-6.1.10.jar:6.1.10]
	at org.springframework.web.filter.OncePerRequestFilter.doFilter(OncePerRequestFilter.java:116) ~[spring-web-6.1.10.jar:6.1.10]
	at io.undertow.servlet.core.ManagedFilter.doFilter(ManagedFilter.java:67) ~[undertow-servlet-2.3.13.Final.jar:2.3.13.Final]
	at io.undertow.servlet.handlers.FilterHandler$FilterChainImpl.doFilter(FilterHandler.java:131) ~[undertow-servlet-2.3.13.Final.jar:2.3.13.Final]
	at org.springframework.web.filter.FormContentFilter.doFilterInternal(FormContentFilter.java:93) ~[spring-web-6.1.10.jar:6.1.10]
	at org.springframework.web.filter.OncePerRequestFilter.doFilter(OncePerRequestFilter.java:116) ~[spring-web-6.1.10.jar:6.1.10]
	at io.undertow.servlet.core.ManagedFilter.doFilter(ManagedFilter.java:67) ~[undertow-servlet-2.3.13.Final.jar:2.3.13.Final]
	at io.undertow.servlet.handlers.FilterHandler$FilterChainImpl.doFilter(FilterHandler.java:131) ~[undertow-servlet-2.3.13.Final.jar:2.3.13.Final]
	at org.springframework.web.filter.CharacterEncodingFilter.doFilterInternal(CharacterEncodingFilter.java:201) ~[spring-web-6.1.10.jar:6.1.10]
	at org.springframework.web.filter.OncePerRequestFilter.doFilter(OncePerRequestFilter.java:116) ~[spring-web-6.1.10.jar:6.1.10]
	at io.undertow.servlet.core.ManagedFilter.doFilter(ManagedFilter.java:67) ~[undertow-servlet-2.3.13.Final.jar:2.3.13.Final]
	at io.undertow.servlet.handlers.FilterHandler$FilterChainImpl.doFilter(FilterHandler.java:131) ~[undertow-servlet-2.3.13.Final.jar:2.3.13.Final]
	at io.undertow.servlet.handlers.FilterHandler.handleRequest(FilterHandler.java:84) ~[undertow-servlet-2.3.13.Final.jar:2.3.13.Final]
	at io.undertow.servlet.handlers.security.ServletSecurityRoleHandler.handleRequest(ServletSecurityRoleHandler.java:62) ~[undertow-servlet-2.3.13.Final.jar:2.3.13.Final]
	at io.undertow.servlet.handlers.ServletChain$1.handleRequest(ServletChain.java:68) ~[undertow-servlet-2.3.13.Final.jar:2.3.13.Final]
	at io.undertow.servlet.handlers.ServletDispatchingHandler.handleRequest(ServletDispatchingHandler.java:36) ~[undertow-servlet-2.3.13.Final.jar:2.3.13.Final]
	at io.undertow.servlet.handlers.RedirectDirHandler.handleRequest(RedirectDirHandler.java:68) ~[undertow-servlet-2.3.13.Final.jar:2.3.13.Final]
	at io.undertow.servlet.handlers.security.SSLInformationAssociationHandler.handleRequest(SSLInformationAssociationHandler.java:117) ~[undertow-servlet-2.3.13.Final.jar:2.3.13.Final]
	at io.undertow.servlet.handlers.security.ServletAuthenticationCallHandler.handleRequest(ServletAuthenticationCallHandler.java:57) ~[undertow-servlet-2.3.13.Final.jar:2.3.13.Final]
	at io.undertow.server.handlers.PredicateHandler.handleRequest(PredicateHandler.java:43) ~[undertow-core-2.3.13.Final.jar:2.3.13.Final]
	at io.undertow.security.handlers.AbstractConfidentialityHandler.handleRequest(AbstractConfidentialityHandler.java:46) ~[undertow-core-2.3.13.Final.jar:2.3.13.Final]
	at io.undertow.servlet.handlers.security.ServletConfidentialityConstraintHandler.handleRequest(ServletConfidentialityConstraintHandler.java:64) ~[undertow-servlet-2.3.13.Final.jar:2.3.13.Final]
	at io.undertow.security.handlers.AuthenticationMechanismsHandler.handleRequest(AuthenticationMechanismsHandler.java:60) ~[undertow-core-2.3.13.Final.jar:2.3.13.Final]
	at io.undertow.servlet.handlers.security.CachedAuthenticatedSessionHandler.handleRequest(CachedAuthenticatedSessionHandler.java:77) ~[undertow-servlet-2.3.13.Final.jar:2.3.13.Final]
	at io.undertow.security.handlers.AbstractSecurityContextAssociationHandler.handleRequest(AbstractSecurityContextAssociationHandler.java:43) ~[undertow-core-2.3.13.Final.jar:2.3.13.Final]
	at io.undertow.server.handlers.PredicateHandler.handleRequest(PredicateHandler.java:43) ~[undertow-core-2.3.13.Final.jar:2.3.13.Final]
	at io.undertow.servlet.handlers.SendErrorPageHandler.handleRequest(SendErrorPageHandler.java:52) ~[undertow-servlet-2.3.13.Final.jar:2.3.13.Final]
	at io.undertow.server.handlers.PredicateHandler.handleRequest(PredicateHandler.java:43) ~[undertow-core-2.3.13.Final.jar:2.3.13.Final]
	at io.undertow.servlet.handlers.ServletInitialHandler.handleFirstRequest(ServletInitialHandler.java:276) ~[undertow-servlet-2.3.13.Final.jar:2.3.13.Final]
	at io.undertow.servlet.handlers.ServletInitialHandler$2.call(ServletInitialHandler.java:135) ~[undertow-servlet-2.3.13.Final.jar:2.3.13.Final]
	at io.undertow.servlet.handlers.ServletInitialHandler$2.call(ServletInitialHandler.java:132) ~[undertow-servlet-2.3.13.Final.jar:2.3.13.Final]
	at io.undertow.servlet.core.ServletRequestContextThreadSetupAction$1.call(ServletRequestContextThreadSetupAction.java:48) ~[undertow-servlet-2.3.13.Final.jar:2.3.13.Final]
	at io.undertow.servlet.core.ContextClassLoaderSetupAction$1.call(ContextClassLoaderSetupAction.java:43) ~[undertow-servlet-2.3.13.Final.jar:2.3.13.Final]
	at io.undertow.servlet.handlers.ServletInitialHandler.dispatchRequest(ServletInitialHandler.java:256) ~[undertow-servlet-2.3.13.Final.jar:2.3.13.Final]
	at io.undertow.servlet.handlers.ServletInitialHandler$1.handleRequest(ServletInitialHandler.java:101) ~[undertow-servlet-2.3.13.Final.jar:2.3.13.Final]
	at io.undertow.server.Connectors.executeRootHandler(Connectors.java:393) ~[undertow-core-2.3.13.Final.jar:2.3.13.Final]
	at io.undertow.server.HttpServerExchange$1.run(HttpServerExchange.java:859) ~[undertow-core-2.3.13.Final.jar:2.3.13.Final]
	at org.jboss.threads.ContextHandler$1.runWith(ContextHandler.java:18) ~[jboss-threads-3.5.0.Final.jar:3.5.0.Final]
	at org.jboss.threads.EnhancedQueueExecutor$Task.run(EnhancedQueueExecutor.java:2513) ~[jboss-threads-3.5.0.Final.jar:3.5.0.Final]
	at org.jboss.threads.EnhancedQueueExecutor$ThreadBody.run(EnhancedQueueExecutor.java:1538) ~[jboss-threads-3.5.0.Final.jar:3.5.0.Final]
	at org.xnio.XnioWorker$WorkerThreadFactory$1$1.run(XnioWorker.java:1282) ~[xnio-api-3.8.8.Final.jar:3.8.8.Final]
	at java.base/java.lang.Thread.run(Thread.java:1583) [?:?]
	Suppressed: org.springframework.web.context.request.async.AsyncRequestNotUsableException: Response not usable after response errors.
		at org.springframework.web.context.request.async.StandardServletAsyncWebRequest$LifecycleHttpServletResponse.obtainLockAndCheckState(StandardServletAsyncWebRequest.java:314) ~[spring-web-6.1.10.jar:6.1.10]
		at org.springframework.web.context.request.async.StandardServletAsyncWebRequest$LifecycleServletOutputStream.write(StandardServletAsyncWebRequest.java:373) ~[spring-web-6.1.10.jar:6.1.10]
		at org.springframework.util.StreamUtils$NonClosingOutputStream.write(StreamUtils.java:261) ~[spring-core-6.1.10.jar:6.1.10]
		at com.fasterxml.jackson.core.json.UTF8JsonGenerator._flushBuffer(UTF8JsonGenerator.java:2210) ~[jackson-core-2.17.1.jar:2.17.1]
		at com.fasterxml.jackson.core.json.UTF8JsonGenerator.close(UTF8JsonGenerator.java:1234) ~[jackson-core-2.17.1.jar:2.17.1]
		at org.springframework.http.converter.json.AbstractJackson2HttpMessageConverter.writeInternal(AbstractJackson2HttpMessageConverter.java:452) ~[spring-web-6.1.10.jar:6.1.10]
		at org.springframework.http.converter.AbstractGenericHttpMessageConverter.write(AbstractGenericHttpMessageConverter.java:114) ~[spring-web-6.1.10.jar:6.1.10]
		at org.springframework.web.servlet.mvc.method.annotation.AbstractMessageConverterMethodProcessor.writeWithMessageConverters(AbstractMessageConverterMethodProcessor.java:297) ~[spring-webmvc-6.1.10.jar:6.1.10]
		at org.springframework.web.servlet.mvc.method.annotation.RequestResponseBodyMethodProcessor.handleReturnValue(RequestResponseBodyMethodProcessor.java:192) ~[spring-webmvc-6.1.10.jar:6.1.10]
		at org.springframework.web.method.support.HandlerMethodReturnValueHandlerComposite.handleReturnValue(HandlerMethodReturnValueHandlerComposite.java:78) ~[spring-web-6.1.10.jar:6.1.10]
		at org.springframework.web.servlet.mvc.method.annotation.ServletInvocableHandlerMethod.invokeAndHandle(ServletInvocableHandlerMethod.java:136) ~[spring-webmvc-6.1.10.jar:6.1.10]
		at org.springframework.web.servlet.mvc.method.annotation.RequestMappingHandlerAdapter.invokeHandlerMethod(RequestMappingHandlerAdapter.java:926) ~[spring-webmvc-6.1.10.jar:6.1.10]
		at org.springframework.web.servlet.mvc.method.annotation.RequestMappingHandlerAdapter.handleInternal(RequestMappingHandlerAdapter.java:831) ~[spring-webmvc-6.1.10.jar:6.1.10]
		at org.springframework.web.servlet.mvc.method.AbstractHandlerMethodAdapter.handle(AbstractHandlerMethodAdapter.java:87) ~[spring-webmvc-6.1.10.jar:6.1.10]
		at org.springframework.web.servlet.DispatcherServlet.doDispatch(DispatcherServlet.java:1089) ~[spring-webmvc-6.1.10.jar:6.1.10]
		at org.springframework.web.servlet.DispatcherServlet.doService(DispatcherServlet.java:979) ~[spring-webmvc-6.1.10.jar:6.1.10]
		at org.springframework.web.servlet.FrameworkServlet.processRequest(FrameworkServlet.java:1014) ~[spring-webmvc-6.1.10.jar:6.1.10]
		at org.springframework.web.servlet.FrameworkServlet.doPost(FrameworkServlet.java:914) ~[spring-webmvc-6.1.10.jar:6.1.10]
		at jakarta.servlet.http.HttpServlet.service(HttpServlet.java:547) ~[jakarta.servlet-api-6.0.0.jar:6.0.0]
		at org.springframework.web.servlet.FrameworkServlet.service(FrameworkServlet.java:885) ~[spring-webmvc-6.1.10.jar:6.1.10]
		at jakarta.servlet.http.HttpServlet.service(HttpServlet.java:614) ~[jakarta.servlet-api-6.0.0.jar:6.0.0]
		at io.undertow.servlet.handlers.ServletHandler.handleRequest(ServletHandler.java:74) ~[undertow-servlet-2.3.13.Final.jar:2.3.13.Final]
		at io.undertow.servlet.handlers.FilterHandler$FilterChainImpl.doFilter(FilterHandler.java:129) ~[undertow-servlet-2.3.13.Final.jar:2.3.13.Final]
		at org.springframework.web.filter.CorsFilter.doFilterInternal(CorsFilter.java:91) ~[spring-web-6.1.10.jar:6.1.10]
		at org.springframework.web.filter.OncePerRequestFilter.doFilter(OncePerRequestFilter.java:116) ~[spring-web-6.1.10.jar:6.1.10]
		at io.undertow.servlet.core.ManagedFilter.doFilter(ManagedFilter.java:67) ~[undertow-servlet-2.3.13.Final.jar:2.3.13.Final]
		at io.undertow.servlet.handlers.FilterHandler$FilterChainImpl.doFilter(FilterHandler.java:131) ~[undertow-servlet-2.3.13.Final.jar:2.3.13.Final]
		at org.springframework.web.filter.RequestContextFilter.doFilterInternal(RequestContextFilter.java:100) ~[spring-web-6.1.10.jar:6.1.10]
		at org.springframework.web.filter.OncePerRequestFilter.doFilter(OncePerRequestFilter.java:116) ~[spring-web-6.1.10.jar:6.1.10]
		at io.undertow.servlet.core.ManagedFilter.doFilter(ManagedFilter.java:67) ~[undertow-servlet-2.3.13.Final.jar:2.3.13.Final]
		at io.undertow.servlet.handlers.FilterHandler$FilterChainImpl.doFilter(FilterHandler.java:131) ~[undertow-servlet-2.3.13.Final.jar:2.3.13.Final]
		at org.springframework.web.filter.FormContentFilter.doFilterInternal(FormContentFilter.java:93) ~[spring-web-6.1.10.jar:6.1.10]
		at org.springframework.web.filter.OncePerRequestFilter.doFilter(OncePerRequestFilter.java:116) ~[spring-web-6.1.10.jar:6.1.10]
		at io.undertow.servlet.core.ManagedFilter.doFilter(ManagedFilter.java:67) ~[undertow-servlet-2.3.13.Final.jar:2.3.13.Final]
		at io.undertow.servlet.handlers.FilterHandler$FilterChainImpl.doFilter(FilterHandler.java:131) ~[undertow-servlet-2.3.13.Final.jar:2.3.13.Final]
		at org.springframework.web.filter.CharacterEncodingFilter.doFilterInternal(CharacterEncodingFilter.java:201) ~[spring-web-6.1.10.jar:6.1.10]
		at org.springframework.web.filter.OncePerRequestFilter.doFilter(OncePerRequestFilter.java:116) ~[spring-web-6.1.10.jar:6.1.10]
		at io.undertow.servlet.core.ManagedFilter.doFilter(ManagedFilter.java:67) ~[undertow-servlet-2.3.13.Final.jar:2.3.13.Final]
		at io.undertow.servlet.handlers.FilterHandler$FilterChainImpl.doFilter(FilterHandler.java:131) ~[undertow-servlet-2.3.13.Final.jar:2.3.13.Final]
		at io.undertow.servlet.handlers.FilterHandler.handleRequest(FilterHandler.java:84) ~[undertow-servlet-2.3.13.Final.jar:2.3.13.Final]
		at io.undertow.servlet.handlers.security.ServletSecurityRoleHandler.handleRequest(ServletSecurityRoleHandler.java:62) ~[undertow-servlet-2.3.13.Final.jar:2.3.13.Final]
		at io.undertow.servlet.handlers.ServletChain$1.handleRequest(ServletChain.java:68) ~[undertow-servlet-2.3.13.Final.jar:2.3.13.Final]
		at io.undertow.servlet.handlers.ServletDispatchingHandler.handleRequest(ServletDispatchingHandler.java:36) ~[undertow-servlet-2.3.13.Final.jar:2.3.13.Final]
		at io.undertow.servlet.handlers.RedirectDirHandler.handleRequest(RedirectDirHandler.java:68) ~[undertow-servlet-2.3.13.Final.jar:2.3.13.Final]
		at io.undertow.servlet.handlers.security.SSLInformationAssociationHandler.handleRequest(SSLInformationAssociationHandler.java:117) ~[undertow-servlet-2.3.13.Final.jar:2.3.13.Final]
		at io.undertow.servlet.handlers.security.ServletAuthenticationCallHandler.handleRequest(ServletAuthenticationCallHandler.java:57) ~[undertow-servlet-2.3.13.Final.jar:2.3.13.Final]
		at io.undertow.server.handlers.PredicateHandler.handleRequest(PredicateHandler.java:43) ~[undertow-core-2.3.13.Final.jar:2.3.13.Final]
		at io.undertow.security.handlers.AbstractConfidentialityHandler.handleRequest(AbstractConfidentialityHandler.java:46) ~[undertow-core-2.3.13.Final.jar:2.3.13.Final]
		at io.undertow.servlet.handlers.security.ServletConfidentialityConstraintHandler.handleRequest(ServletConfidentialityConstraintHandler.java:64) ~[undertow-servlet-2.3.13.Final.jar:2.3.13.Final]
		at io.undertow.security.handlers.AuthenticationMechanismsHandler.handleRequest(AuthenticationMechanismsHandler.java:60) ~[undertow-core-2.3.13.Final.jar:2.3.13.Final]
		at io.undertow.servlet.handlers.security.CachedAuthenticatedSessionHandler.handleRequest(CachedAuthenticatedSessionHandler.java:77) ~[undertow-servlet-2.3.13.Final.jar:2.3.13.Final]
		at io.undertow.security.handlers.AbstractSecurityContextAssociationHandler.handleRequest(AbstractSecurityContextAssociationHandler.java:43) ~[undertow-core-2.3.13.Final.jar:2.3.13.Final]
		at io.undertow.server.handlers.PredicateHandler.handleRequest(PredicateHandler.java:43) ~[undertow-core-2.3.13.Final.jar:2.3.13.Final]
		at io.undertow.servlet.handlers.SendErrorPageHandler.handleRequest(SendErrorPageHandler.java:52) ~[undertow-servlet-2.3.13.Final.jar:2.3.13.Final]
		at io.undertow.server.handlers.PredicateHandler.handleRequest(PredicateHandler.java:43) ~[undertow-core-2.3.13.Final.jar:2.3.13.Final]
		at io.undertow.servlet.handlers.ServletInitialHandler.handleFirstRequest(ServletInitialHandler.java:276) ~[undertow-servlet-2.3.13.Final.jar:2.3.13.Final]
		at io.undertow.servlet.handlers.ServletInitialHandler$2.call(ServletInitialHandler.java:135) ~[undertow-servlet-2.3.13.Final.jar:2.3.13.Final]
		at io.undertow.servlet.handlers.ServletInitialHandler$2.call(ServletInitialHandler.java:132) ~[undertow-servlet-2.3.13.Final.jar:2.3.13.Final]
		at io.undertow.servlet.core.ServletRequestContextThreadSetupAction$1.call(ServletRequestContextThreadSetupAction.java:48) ~[undertow-servlet-2.3.13.Final.jar:2.3.13.Final]
		at io.undertow.servlet.core.ContextClassLoaderSetupAction$1.call(ContextClassLoaderSetupAction.java:43) ~[undertow-servlet-2.3.13.Final.jar:2.3.13.Final]
		at io.undertow.servlet.handlers.ServletInitialHandler.dispatchRequest(ServletInitialHandler.java:256) ~[undertow-servlet-2.3.13.Final.jar:2.3.13.Final]
		at io.undertow.servlet.handlers.ServletInitialHandler$1.handleRequest(ServletInitialHandler.java:101) ~[undertow-servlet-2.3.13.Final.jar:2.3.13.Final]
		at io.undertow.server.Connectors.executeRootHandler(Connectors.java:393) ~[undertow-core-2.3.13.Final.jar:2.3.13.Final]
		at io.undertow.server.HttpServerExchange$1.run(HttpServerExchange.java:859) ~[undertow-core-2.3.13.Final.jar:2.3.13.Final]
		at org.jboss.threads.ContextHandler$1.runWith(ContextHandler.java:18) ~[jboss-threads-3.5.0.Final.jar:3.5.0.Final]
		at org.jboss.threads.EnhancedQueueExecutor$Task.run(EnhancedQueueExecutor.java:2513) ~[jboss-threads-3.5.0.Final.jar:3.5.0.Final]
		at org.jboss.threads.EnhancedQueueExecutor$ThreadBody.run(EnhancedQueueExecutor.java:1538) ~[jboss-threads-3.5.0.Final.jar:3.5.0.Final]
		at org.xnio.XnioWorker$WorkerThreadFactory$1$1.run(XnioWorker.java:1282) ~[xnio-api-3.8.8.Final.jar:3.8.8.Final]
		at java.base/java.lang.Thread.run(Thread.java:1583) [?:?]
Caused by: java.io.IOException: Broken pipe
	at java.base/sun.nio.ch.SocketDispatcher.write0(Native Method) ~[?:?]
	at java.base/sun.nio.ch.SocketDispatcher.write(SocketDispatcher.java:62) ~[?:?]
	at java.base/sun.nio.ch.IOUtil.writeFromNativeBuffer(IOUtil.java:137) ~[?:?]
	at java.base/sun.nio.ch.IOUtil.write(IOUtil.java:81) ~[?:?]
	at java.base/sun.nio.ch.IOUtil.write(IOUtil.java:58) ~[?:?]
	at java.base/sun.nio.ch.SocketChannelImpl.write(SocketChannelImpl.java:542) ~[?:?]
	at org.xnio.nio.NioSocketConduit.write(NioSocketConduit.java:153) ~[xnio-nio-3.8.8.Final.jar:3.8.8.Final]
	at io.undertow.server.protocol.http.HttpResponseConduit.write(HttpResponseConduit.java:629) ~[undertow-core-2.3.13.Final.jar:2.3.13.Final]
	at org.xnio.conduits.AbstractStreamSinkConduit.write(AbstractStreamSinkConduit.java:51) ~[xnio-api-3.8.8.Final.jar:3.8.8.Final]
	at io.undertow.conduits.DeflatingStreamSinkConduit.performFlushIfRequiredSingleBuffer(DeflatingStreamSinkConduit.java:445) ~[undertow-core-2.3.13.Final.jar:2.3.13.Final]
	at io.undertow.conduits.DeflatingStreamSinkConduit.performFlushIfRequired(DeflatingStreamSinkConduit.java:432) ~[undertow-core-2.3.13.Final.jar:2.3.13.Final]
	at io.undertow.conduits.DeflatingStreamSinkConduit.deflateData(DeflatingStreamSinkConduit.java:522) ~[undertow-core-2.3.13.Final.jar:2.3.13.Final]
	at io.undertow.conduits.DeflatingStreamSinkConduit.write(DeflatingStreamSinkConduit.java:130) ~[undertow-core-2.3.13.Final.jar:2.3.13.Final]
	at io.undertow.conduits.DeflatingStreamSinkConduit.write(DeflatingStreamSinkConduit.java:165) ~[undertow-core-2.3.13.Final.jar:2.3.13.Final]
	at org.xnio.conduits.ConduitStreamSinkChannel.write(ConduitStreamSinkChannel.java:158) ~[xnio-api-3.8.8.Final.jar:3.8.8.Final]
	at io.undertow.channels.DetachableStreamSinkChannel.write(DetachableStreamSinkChannel.java:179) ~[undertow-core-2.3.13.Final.jar:2.3.13.Final]
	at io.undertow.server.HttpServerExchange$WriteDispatchChannel.write(HttpServerExchange.java:2172) ~[undertow-core-2.3.13.Final.jar:2.3.13.Final]
	at org.xnio.channels.Channels.writeBlocking(Channels.java:202) ~[xnio-api-3.8.8.Final.jar:3.8.8.Final]
	at io.undertow.servlet.spec.ServletOutputStreamImpl.writeTooLargeForBuffer(ServletOutputStreamImpl.java:201) ~[undertow-servlet-2.3.13.Final.jar:2.3.13.Final]
	at io.undertow.servlet.spec.ServletOutputStreamImpl.write(ServletOutputStreamImpl.java:149) ~[undertow-servlet-2.3.13.Final.jar:2.3.13.Final]
	at org.springframework.web.context.request.async.StandardServletAsyncWebRequest$LifecycleServletOutputStream.write(StandardServletAsyncWebRequest.java:375) ~[spring-web-6.1.10.jar:6.1.10]
	... 86 more
[2026-05-21 11:00:00.706] ERROR XNIO-1 task-10 com.jts.gjcxfzksh.exception.handler.GlobalExceptionHandler[63] - 请求地址'/pt/network/tile',发生系统异常. 
org.springframework.web.context.request.async.AsyncRequestNotUsableException: ServletOutputStream failed to write: Broken pipe
	at org.springframework.web.context.request.async.StandardServletAsyncWebRequest$LifecycleHttpServletResponse.handleIOException(StandardServletAsyncWebRequest.java:320) ~[spring-web-6.1.10.jar:6.1.10]
	at org.springframework.web.context.request.async.StandardServletAsyncWebRequest$LifecycleServletOutputStream.write(StandardServletAsyncWebRequest.java:378) ~[spring-web-6.1.10.jar:6.1.10]
	at org.springframework.util.StreamUtils$NonClosingOutputStream.write(StreamUtils.java:261) ~[spring-core-6.1.10.jar:6.1.10]
	at com.fasterxml.jackson.core.json.UTF8JsonGenerator._flushBuffer(UTF8JsonGenerator.java:2210) ~[jackson-core-2.17.1.jar:2.17.1]
	at com.fasterxml.jackson.core.json.UTF8JsonGenerator.writeString(UTF8JsonGenerator.java:528) ~[jackson-core-2.17.1.jar:2.17.1]
	at com.fasterxml.jackson.databind.ser.std.StringSerializer.serialize(StringSerializer.java:41) ~[jackson-databind-2.17.1.jar:2.17.1]
	at com.fasterxml.jackson.databind.ser.BeanPropertyWriter.serializeAsField(BeanPropertyWriter.java:732) ~[jackson-databind-2.17.1.jar:2.17.1]
	at com.fasterxml.jackson.databind.ser.std.BeanSerializerBase.serializeFields(BeanSerializerBase.java:770) ~[jackson-databind-2.17.1.jar:2.17.1]
	at com.fasterxml.jackson.databind.ser.BeanSerializer.serialize(BeanSerializer.java:183) ~[jackson-databind-2.17.1.jar:2.17.1]
	at com.fasterxml.jackson.databind.ser.impl.IndexedListSerializer.serializeContents(IndexedListSerializer.java:119) ~[jackson-databind-2.17.1.jar:2.17.1]
	at com.fasterxml.jackson.databind.ser.impl.IndexedListSerializer.serialize(IndexedListSerializer.java:79) ~[jackson-databind-2.17.1.jar:2.17.1]
	at com.fasterxml.jackson.databind.ser.impl.IndexedListSerializer.serialize(IndexedListSerializer.java:18) ~[jackson-databind-2.17.1.jar:2.17.1]
	at com.fasterxml.jackson.databind.ser.BeanPropertyWriter.serializeAsField(BeanPropertyWriter.java:732) ~[jackson-databind-2.17.1.jar:2.17.1]
	at com.fasterxml.jackson.databind.ser.std.BeanSerializerBase.serializeFields(BeanSerializerBase.java:770) ~[jackson-databind-2.17.1.jar:2.17.1]
	at com.fasterxml.jackson.databind.ser.BeanSerializer.serialize(BeanSerializer.java:183) ~[jackson-databind-2.17.1.jar:2.17.1]
	at com.fasterxml.jackson.databind.ser.DefaultSerializerProvider._serialize(DefaultSerializerProvider.java:502) ~[jackson-databind-2.17.1.jar:2.17.1]
	at com.fasterxml.jackson.databind.ser.DefaultSerializerProvider.serializeValue(DefaultSerializerProvider.java:341) ~[jackson-databind-2.17.1.jar:2.17.1]
	at com.fasterxml.jackson.databind.ObjectWriter$Prefetch.serialize(ObjectWriter.java:1574) ~[jackson-databind-2.17.1.jar:2.17.1]
	at com.fasterxml.jackson.databind.ObjectWriter.writeValue(ObjectWriter.java:1061) ~[jackson-databind-2.17.1.jar:2.17.1]
	at org.springframework.http.converter.json.AbstractJackson2HttpMessageConverter.writeInternal(AbstractJackson2HttpMessageConverter.java:483) ~[spring-web-6.1.10.jar:6.1.10]
	at org.springframework.http.converter.AbstractGenericHttpMessageConverter.write(AbstractGenericHttpMessageConverter.java:114) ~[spring-web-6.1.10.jar:6.1.10]
	at org.springframework.web.servlet.mvc.method.annotation.AbstractMessageConverterMethodProcessor.writeWithMessageConverters(AbstractMessageConverterMethodProcessor.java:297) ~[spring-webmvc-6.1.10.jar:6.1.10]
	at org.springframework.web.servlet.mvc.method.annotation.RequestResponseBodyMethodProcessor.handleReturnValue(RequestResponseBodyMethodProcessor.java:192) ~[spring-webmvc-6.1.10.jar:6.1.10]
	at org.springframework.web.method.support.HandlerMethodReturnValueHandlerComposite.handleReturnValue(HandlerMethodReturnValueHandlerComposite.java:78) ~[spring-web-6.1.10.jar:6.1.10]
	at org.springframework.web.servlet.mvc.method.annotation.ServletInvocableHandlerMethod.invokeAndHandle(ServletInvocableHandlerMethod.java:136) ~[spring-webmvc-6.1.10.jar:6.1.10]
	at org.springframework.web.servlet.mvc.method.annotation.RequestMappingHandlerAdapter.invokeHandlerMethod(RequestMappingHandlerAdapter.java:926) ~[spring-webmvc-6.1.10.jar:6.1.10]
	at org.springframework.web.servlet.mvc.method.annotation.RequestMappingHandlerAdapter.handleInternal(RequestMappingHandlerAdapter.java:831) ~[spring-webmvc-6.1.10.jar:6.1.10]
	at org.springframework.web.servlet.mvc.method.AbstractHandlerMethodAdapter.handle(AbstractHandlerMethodAdapter.java:87) ~[spring-webmvc-6.1.10.jar:6.1.10]
	at org.springframework.web.servlet.DispatcherServlet.doDispatch(DispatcherServlet.java:1089) ~[spring-webmvc-6.1.10.jar:6.1.10]
	at org.springframework.web.servlet.DispatcherServlet.doService(DispatcherServlet.java:979) ~[spring-webmvc-6.1.10.jar:6.1.10]
	at org.springframework.web.servlet.FrameworkServlet.processRequest(FrameworkServlet.java:1014) ~[spring-webmvc-6.1.10.jar:6.1.10]
	at org.springframework.web.servlet.FrameworkServlet.doPost(FrameworkServlet.java:914) ~[spring-webmvc-6.1.10.jar:6.1.10]
	at jakarta.servlet.http.HttpServlet.service(HttpServlet.java:547) ~[jakarta.servlet-api-6.0.0.jar:6.0.0]
	at org.springframework.web.servlet.FrameworkServlet.service(FrameworkServlet.java:885) ~[spring-webmvc-6.1.10.jar:6.1.10]
	at jakarta.servlet.http.HttpServlet.service(HttpServlet.java:614) ~[jakarta.servlet-api-6.0.0.jar:6.0.0]
	at io.undertow.servlet.handlers.ServletHandler.handleRequest(ServletHandler.java:74) ~[undertow-servlet-2.3.13.Final.jar:2.3.13.Final]
	at io.undertow.servlet.handlers.FilterHandler$FilterChainImpl.doFilter(FilterHandler.java:129) ~[undertow-servlet-2.3.13.Final.jar:2.3.13.Final]
	at org.springframework.web.filter.CorsFilter.doFilterInternal(CorsFilter.java:91) ~[spring-web-6.1.10.jar:6.1.10]
	at org.springframework.web.filter.OncePerRequestFilter.doFilter(OncePerRequestFilter.java:116) ~[spring-web-6.1.10.jar:6.1.10]
	at io.undertow.servlet.core.ManagedFilter.doFilter(ManagedFilter.java:67) ~[undertow-servlet-2.3.13.Final.jar:2.3.13.Final]
	at io.undertow.servlet.handlers.FilterHandler$FilterChainImpl.doFilter(FilterHandler.java:131) ~[undertow-servlet-2.3.13.Final.jar:2.3.13.Final]
	at org.springframework.web.filter.RequestContextFilter.doFilterInternal(RequestContextFilter.java:100) ~[spring-web-6.1.10.jar:6.1.10]
	at org.springframework.web.filter.OncePerRequestFilter.doFilter(OncePerRequestFilter.java:116) ~[spring-web-6.1.10.jar:6.1.10]
	at io.undertow.servlet.core.ManagedFilter.doFilter(ManagedFilter.java:67) ~[undertow-servlet-2.3.13.Final.jar:2.3.13.Final]
	at io.undertow.servlet.handlers.FilterHandler$FilterChainImpl.doFilter(FilterHandler.java:131) ~[undertow-servlet-2.3.13.Final.jar:2.3.13.Final]
	at org.springframework.web.filter.FormContentFilter.doFilterInternal(FormContentFilter.java:93) ~[spring-web-6.1.10.jar:6.1.10]
	at org.springframework.web.filter.OncePerRequestFilter.doFilter(OncePerRequestFilter.java:116) ~[spring-web-6.1.10.jar:6.1.10]
	at io.undertow.servlet.core.ManagedFilter.doFilter(ManagedFilter.java:67) ~[undertow-servlet-2.3.13.Final.jar:2.3.13.Final]
	at io.undertow.servlet.handlers.FilterHandler$FilterChainImpl.doFilter(FilterHandler.java:131) ~[undertow-servlet-2.3.13.Final.jar:2.3.13.Final]
	at org.springframework.web.filter.CharacterEncodingFilter.doFilterInternal(CharacterEncodingFilter.java:201) ~[spring-web-6.1.10.jar:6.1.10]
	at org.springframework.web.filter.OncePerRequestFilter.doFilter(OncePerRequestFilter.java:116) ~[spring-web-6.1.10.jar:6.1.10]
	at io.undertow.servlet.core.ManagedFilter.doFilter(ManagedFilter.java:67) ~[undertow-servlet-2.3.13.Final.jar:2.3.13.Final]
	at io.undertow.servlet.handlers.FilterHandler$FilterChainImpl.doFilter(FilterHandler.java:131) ~[undertow-servlet-2.3.13.Final.jar:2.3.13.Final]
	at io.undertow.servlet.handlers.FilterHandler.handleRequest(FilterHandler.java:84) ~[undertow-servlet-2.3.13.Final.jar:2.3.13.Final]
	at io.undertow.servlet.handlers.security.ServletSecurityRoleHandler.handleRequest(ServletSecurityRoleHandler.java:62) ~[undertow-servlet-2.3.13.Final.jar:2.3.13.Final]
	at io.undertow.servlet.handlers.ServletChain$1.handleRequest(ServletChain.java:68) ~[undertow-servlet-2.3.13.Final.jar:2.3.13.Final]
	at io.undertow.servlet.handlers.ServletDispatchingHandler.handleRequest(ServletDispatchingHandler.java:36) ~[undertow-servlet-2.3.13.Final.jar:2.3.13.Final]
	at io.undertow.servlet.handlers.RedirectDirHandler.handleRequest(RedirectDirHandler.java:68) ~[undertow-servlet-2.3.13.Final.jar:2.3.13.Final]
	at io.undertow.servlet.handlers.security.SSLInformationAssociationHandler.handleRequest(SSLInformationAssociationHandler.java:117) ~[undertow-servlet-2.3.13.Final.jar:2.3.13.Final]
	at io.undertow.servlet.handlers.security.ServletAuthenticationCallHandler.handleRequest(ServletAuthenticationCallHandler.java:57) ~[undertow-servlet-2.3.13.Final.jar:2.3.13.Final]
	at io.undertow.server.handlers.PredicateHandler.handleRequest(PredicateHandler.java:43) ~[undertow-core-2.3.13.Final.jar:2.3.13.Final]
	at io.undertow.security.handlers.AbstractConfidentialityHandler.handleRequest(AbstractConfidentialityHandler.java:46) ~[undertow-core-2.3.13.Final.jar:2.3.13.Final]
	at io.undertow.servlet.handlers.security.ServletConfidentialityConstraintHandler.handleRequest(ServletConfidentialityConstraintHandler.java:64) ~[undertow-servlet-2.3.13.Final.jar:2.3.13.Final]
	at io.undertow.security.handlers.AuthenticationMechanismsHandler.handleRequest(AuthenticationMechanismsHandler.java:60) ~[undertow-core-2.3.13.Final.jar:2.3.13.Final]
	at io.undertow.servlet.handlers.security.CachedAuthenticatedSessionHandler.handleRequest(CachedAuthenticatedSessionHandler.java:77) ~[undertow-servlet-2.3.13.Final.jar:2.3.13.Final]
	at io.undertow.security.handlers.AbstractSecurityContextAssociationHandler.handleRequest(AbstractSecurityContextAssociationHandler.java:43) ~[undertow-core-2.3.13.Final.jar:2.3.13.Final]
	at io.undertow.server.handlers.PredicateHandler.handleRequest(PredicateHandler.java:43) ~[undertow-core-2.3.13.Final.jar:2.3.13.Final]
	at io.undertow.servlet.handlers.SendErrorPageHandler.handleRequest(SendErrorPageHandler.java:52) ~[undertow-servlet-2.3.13.Final.jar:2.3.13.Final]
	at io.undertow.server.handlers.PredicateHandler.handleRequest(PredicateHandler.java:43) ~[undertow-core-2.3.13.Final.jar:2.3.13.Final]
	at io.undertow.servlet.handlers.ServletInitialHandler.handleFirstRequest(ServletInitialHandler.java:276) ~[undertow-servlet-2.3.13.Final.jar:2.3.13.Final]
	at io.undertow.servlet.handlers.ServletInitialHandler$2.call(ServletInitialHandler.java:135) ~[undertow-servlet-2.3.13.Final.jar:2.3.13.Final]
	at io.undertow.servlet.handlers.ServletInitialHandler$2.call(ServletInitialHandler.java:132) ~[undertow-servlet-2.3.13.Final.jar:2.3.13.Final]
	at io.undertow.servlet.core.ServletRequestContextThreadSetupAction$1.call(ServletRequestContextThreadSetupAction.java:48) ~[undertow-servlet-2.3.13.Final.jar:2.3.13.Final]
	at io.undertow.servlet.core.ContextClassLoaderSetupAction$1.call(ContextClassLoaderSetupAction.java:43) ~[undertow-servlet-2.3.13.Final.jar:2.3.13.Final]
	at io.undertow.servlet.handlers.ServletInitialHandler.dispatchRequest(ServletInitialHandler.java:256) ~[undertow-servlet-2.3.13.Final.jar:2.3.13.Final]
	at io.undertow.servlet.handlers.ServletInitialHandler$1.handleRequest(ServletInitialHandler.java:101) ~[undertow-servlet-2.3.13.Final.jar:2.3.13.Final]
	at io.undertow.server.Connectors.executeRootHandler(Connectors.java:393) ~[undertow-core-2.3.13.Final.jar:2.3.13.Final]
	at io.undertow.server.HttpServerExchange$1.run(HttpServerExchange.java:859) ~[undertow-core-2.3.13.Final.jar:2.3.13.Final]
	at org.jboss.threads.ContextHandler$1.runWith(ContextHandler.java:18) ~[jboss-threads-3.5.0.Final.jar:3.5.0.Final]
	at org.jboss.threads.EnhancedQueueExecutor$Task.run(EnhancedQueueExecutor.java:2513) ~[jboss-threads-3.5.0.Final.jar:3.5.0.Final]
	at org.jboss.threads.EnhancedQueueExecutor$ThreadBody.run(EnhancedQueueExecutor.java:1538) ~[jboss-threads-3.5.0.Final.jar:3.5.0.Final]
	at org.xnio.XnioWorker$WorkerThreadFactory$1$1.run(XnioWorker.java:1282) ~[xnio-api-3.8.8.Final.jar:3.8.8.Final]
	at java.base/java.lang.Thread.run(Thread.java:1583) [?:?]
	Suppressed: org.springframework.web.context.request.async.AsyncRequestNotUsableException: Response not usable after response errors.
		at org.springframework.web.context.request.async.StandardServletAsyncWebRequest$LifecycleHttpServletResponse.obtainLockAndCheckState(StandardServletAsyncWebRequest.java:314) ~[spring-web-6.1.10.jar:6.1.10]
		at org.springframework.web.context.request.async.StandardServletAsyncWebRequest$LifecycleServletOutputStream.write(StandardServletAsyncWebRequest.java:373) ~[spring-web-6.1.10.jar:6.1.10]
		at org.springframework.util.StreamUtils$NonClosingOutputStream.write(StreamUtils.java:261) ~[spring-core-6.1.10.jar:6.1.10]
		at com.fasterxml.jackson.core.json.UTF8JsonGenerator._flushBuffer(UTF8JsonGenerator.java:2210) ~[jackson-core-2.17.1.jar:2.17.1]
		at com.fasterxml.jackson.core.json.UTF8JsonGenerator.close(UTF8JsonGenerator.java:1234) ~[jackson-core-2.17.1.jar:2.17.1]
		at org.springframework.http.converter.json.AbstractJackson2HttpMessageConverter.writeInternal(AbstractJackson2HttpMessageConverter.java:452) ~[spring-web-6.1.10.jar:6.1.10]
		at org.springframework.http.converter.AbstractGenericHttpMessageConverter.write(AbstractGenericHttpMessageConverter.java:114) ~[spring-web-6.1.10.jar:6.1.10]
		at org.springframework.web.servlet.mvc.method.annotation.AbstractMessageConverterMethodProcessor.writeWithMessageConverters(AbstractMessageConverterMethodProcessor.java:297) ~[spring-webmvc-6.1.10.jar:6.1.10]
		at org.springframework.web.servlet.mvc.method.annotation.RequestResponseBodyMethodProcessor.handleReturnValue(RequestResponseBodyMethodProcessor.java:192) ~[spring-webmvc-6.1.10.jar:6.1.10]
		at org.springframework.web.method.support.HandlerMethodReturnValueHandlerComposite.handleReturnValue(HandlerMethodReturnValueHandlerComposite.java:78) ~[spring-web-6.1.10.jar:6.1.10]
		at org.springframework.web.servlet.mvc.method.annotation.ServletInvocableHandlerMethod.invokeAndHandle(ServletInvocableHandlerMethod.java:136) ~[spring-webmvc-6.1.10.jar:6.1.10]
		at org.springframework.web.servlet.mvc.method.annotation.RequestMappingHandlerAdapter.invokeHandlerMethod(RequestMappingHandlerAdapter.java:926) ~[spring-webmvc-6.1.10.jar:6.1.10]
		at org.springframework.web.servlet.mvc.method.annotation.RequestMappingHandlerAdapter.handleInternal(RequestMappingHandlerAdapter.java:831) ~[spring-webmvc-6.1.10.jar:6.1.10]
		at org.springframework.web.servlet.mvc.method.AbstractHandlerMethodAdapter.handle(AbstractHandlerMethodAdapter.java:87) ~[spring-webmvc-6.1.10.jar:6.1.10]
		at org.springframework.web.servlet.DispatcherServlet.doDispatch(DispatcherServlet.java:1089) ~[spring-webmvc-6.1.10.jar:6.1.10]
		at org.springframework.web.servlet.DispatcherServlet.doService(DispatcherServlet.java:979) ~[spring-webmvc-6.1.10.jar:6.1.10]
		at org.springframework.web.servlet.FrameworkServlet.processRequest(FrameworkServlet.java:1014) ~[spring-webmvc-6.1.10.jar:6.1.10]
		at org.springframework.web.servlet.FrameworkServlet.doPost(FrameworkServlet.java:914) ~[spring-webmvc-6.1.10.jar:6.1.10]
		at jakarta.servlet.http.HttpServlet.service(HttpServlet.java:547) ~[jakarta.servlet-api-6.0.0.jar:6.0.0]
		at org.springframework.web.servlet.FrameworkServlet.service(FrameworkServlet.java:885) ~[spring-webmvc-6.1.10.jar:6.1.10]
		at jakarta.servlet.http.HttpServlet.service(HttpServlet.java:614) ~[jakarta.servlet-api-6.0.0.jar:6.0.0]
		at io.undertow.servlet.handlers.ServletHandler.handleRequest(ServletHandler.java:74) ~[undertow-servlet-2.3.13.Final.jar:2.3.13.Final]
		at io.undertow.servlet.handlers.FilterHandler$FilterChainImpl.doFilter(FilterHandler.java:129) ~[undertow-servlet-2.3.13.Final.jar:2.3.13.Final]
		at org.springframework.web.filter.CorsFilter.doFilterInternal(CorsFilter.java:91) ~[spring-web-6.1.10.jar:6.1.10]
		at org.springframework.web.filter.OncePerRequestFilter.doFilter(OncePerRequestFilter.java:116) ~[spring-web-6.1.10.jar:6.1.10]
		at io.undertow.servlet.core.ManagedFilter.doFilter(ManagedFilter.java:67) ~[undertow-servlet-2.3.13.Final.jar:2.3.13.Final]
		at io.undertow.servlet.handlers.FilterHandler$FilterChainImpl.doFilter(FilterHandler.java:131) ~[undertow-servlet-2.3.13.Final.jar:2.3.13.Final]
		at org.springframework.web.filter.RequestContextFilter.doFilterInternal(RequestContextFilter.java:100) ~[spring-web-6.1.10.jar:6.1.10]
		at org.springframework.web.filter.OncePerRequestFilter.doFilter(OncePerRequestFilter.java:116) ~[spring-web-6.1.10.jar:6.1.10]
		at io.undertow.servlet.core.ManagedFilter.doFilter(ManagedFilter.java:67) ~[undertow-servlet-2.3.13.Final.jar:2.3.13.Final]
		at io.undertow.servlet.handlers.FilterHandler$FilterChainImpl.doFilter(FilterHandler.java:131) ~[undertow-servlet-2.3.13.Final.jar:2.3.13.Final]
		at org.springframework.web.filter.FormContentFilter.doFilterInternal(FormContentFilter.java:93) ~[spring-web-6.1.10.jar:6.1.10]
		at org.springframework.web.filter.OncePerRequestFilter.doFilter(OncePerRequestFilter.java:116) ~[spring-web-6.1.10.jar:6.1.10]
		at io.undertow.servlet.core.ManagedFilter.doFilter(ManagedFilter.java:67) ~[undertow-servlet-2.3.13.Final.jar:2.3.13.Final]
		at io.undertow.servlet.handlers.FilterHandler$FilterChainImpl.doFilter(FilterHandler.java:131) ~[undertow-servlet-2.3.13.Final.jar:2.3.13.Final]
		at org.springframework.web.filter.CharacterEncodingFilter.doFilterInternal(CharacterEncodingFilter.java:201) ~[spring-web-6.1.10.jar:6.1.10]
		at org.springframework.web.filter.OncePerRequestFilter.doFilter(OncePerRequestFilter.java:116) ~[spring-web-6.1.10.jar:6.1.10]
		at io.undertow.servlet.core.ManagedFilter.doFilter(ManagedFilter.java:67) ~[undertow-servlet-2.3.13.Final.jar:2.3.13.Final]
		at io.undertow.servlet.handlers.FilterHandler$FilterChainImpl.doFilter(FilterHandler.java:131) ~[undertow-servlet-2.3.13.Final.jar:2.3.13.Final]
		at io.undertow.servlet.handlers.FilterHandler.handleRequest(FilterHandler.java:84) ~[undertow-servlet-2.3.13.Final.jar:2.3.13.Final]
		at io.undertow.servlet.handlers.security.ServletSecurityRoleHandler.handleRequest(ServletSecurityRoleHandler.java:62) ~[undertow-servlet-2.3.13.Final.jar:2.3.13.Final]
		at io.undertow.servlet.handlers.ServletChain$1.handleRequest(ServletChain.java:68) ~[undertow-servlet-2.3.13.Final.jar:2.3.13.Final]
		at io.undertow.servlet.handlers.ServletDispatchingHandler.handleRequest(ServletDispatchingHandler.java:36) ~[undertow-servlet-2.3.13.Final.jar:2.3.13.Final]
		at io.undertow.servlet.handlers.RedirectDirHandler.handleRequest(RedirectDirHandler.java:68) ~[undertow-servlet-2.3.13.Final.jar:2.3.13.Final]
		at io.undertow.servlet.handlers.security.SSLInformationAssociationHandler.handleRequest(SSLInformationAssociationHandler.java:117) ~[undertow-servlet-2.3.13.Final.jar:2.3.13.Final]
		at io.undertow.servlet.handlers.security.ServletAuthenticationCallHandler.handleRequest(ServletAuthenticationCallHandler.java:57) ~[undertow-servlet-2.3.13.Final.jar:2.3.13.Final]
		at io.undertow.server.handlers.PredicateHandler.handleRequest(PredicateHandler.java:43) ~[undertow-core-2.3.13.Final.jar:2.3.13.Final]
		at io.undertow.security.handlers.AbstractConfidentialityHandler.handleRequest(AbstractConfidentialityHandler.java:46) ~[undertow-core-2.3.13.Final.jar:2.3.13.Final]
		at io.undertow.servlet.handlers.security.ServletConfidentialityConstraintHandler.handleRequest(ServletConfidentialityConstraintHandler.java:64) ~[undertow-servlet-2.3.13.Final.jar:2.3.13.Final]
		at io.undertow.security.handlers.AuthenticationMechanismsHandler.handleRequest(AuthenticationMechanismsHandler.java:60) ~[undertow-core-2.3.13.Final.jar:2.3.13.Final]
		at io.undertow.servlet.handlers.security.CachedAuthenticatedSessionHandler.handleRequest(CachedAuthenticatedSessionHandler.java:77) ~[undertow-servlet-2.3.13.Final.jar:2.3.13.Final]
		at io.undertow.security.handlers.AbstractSecurityContextAssociationHandler.handleRequest(AbstractSecurityContextAssociationHandler.java:43) ~[undertow-core-2.3.13.Final.jar:2.3.13.Final]
		at io.undertow.server.handlers.PredicateHandler.handleRequest(PredicateHandler.java:43) ~[undertow-core-2.3.13.Final.jar:2.3.13.Final]
		at io.undertow.servlet.handlers.SendErrorPageHandler.handleRequest(SendErrorPageHandler.java:52) ~[undertow-servlet-2.3.13.Final.jar:2.3.13.Final]
		at io.undertow.server.handlers.PredicateHandler.handleRequest(PredicateHandler.java:43) ~[undertow-core-2.3.13.Final.jar:2.3.13.Final]
		at io.undertow.servlet.handlers.ServletInitialHandler.handleFirstRequest(ServletInitialHandler.java:276) ~[undertow-servlet-2.3.13.Final.jar:2.3.13.Final]
		at io.undertow.servlet.handlers.ServletInitialHandler$2.call(ServletInitialHandler.java:135) ~[undertow-servlet-2.3.13.Final.jar:2.3.13.Final]
		at io.undertow.servlet.handlers.ServletInitialHandler$2.call(ServletInitialHandler.java:132) ~[undertow-servlet-2.3.13.Final.jar:2.3.13.Final]
		at io.undertow.servlet.core.ServletRequestContextThreadSetupAction$1.call(ServletRequestContextThreadSetupAction.java:48) ~[undertow-servlet-2.3.13.Final.jar:2.3.13.Final]
		at io.undertow.servlet.core.ContextClassLoaderSetupAction$1.call(ContextClassLoaderSetupAction.java:43) ~[undertow-servlet-2.3.13.Final.jar:2.3.13.Final]
		at io.undertow.servlet.handlers.ServletInitialHandler.dispatchRequest(ServletInitialHandler.java:256) ~[undertow-servlet-2.3.13.Final.jar:2.3.13.Final]
		at io.undertow.servlet.handlers.ServletInitialHandler$1.handleRequest(ServletInitialHandler.java:101) ~[undertow-servlet-2.3.13.Final.jar:2.3.13.Final]
		at io.undertow.server.Connectors.executeRootHandler(Connectors.java:393) ~[undertow-core-2.3.13.Final.jar:2.3.13.Final]
		at io.undertow.server.HttpServerExchange$1.run(HttpServerExchange.java:859) ~[undertow-core-2.3.13.Final.jar:2.3.13.Final]
		at org.jboss.threads.ContextHandler$1.runWith(ContextHandler.java:18) ~[jboss-threads-3.5.0.Final.jar:3.5.0.Final]
		at org.jboss.threads.EnhancedQueueExecutor$Task.run(EnhancedQueueExecutor.java:2513) ~[jboss-threads-3.5.0.Final.jar:3.5.0.Final]
		at org.jboss.threads.EnhancedQueueExecutor$ThreadBody.run(EnhancedQueueExecutor.java:1538) ~[jboss-threads-3.5.0.Final.jar:3.5.0.Final]
		at org.xnio.XnioWorker$WorkerThreadFactory$1$1.run(XnioWorker.java:1282) ~[xnio-api-3.8.8.Final.jar:3.8.8.Final]
		at java.base/java.lang.Thread.run(Thread.java:1583) [?:?]
Caused by: java.io.IOException: Broken pipe
	at java.base/sun.nio.ch.SocketDispatcher.write0(Native Method) ~[?:?]
	at java.base/sun.nio.ch.SocketDispatcher.write(SocketDispatcher.java:62) ~[?:?]
	at java.base/sun.nio.ch.IOUtil.writeFromNativeBuffer(IOUtil.java:137) ~[?:?]
	at java.base/sun.nio.ch.IOUtil.write(IOUtil.java:81) ~[?:?]
	at java.base/sun.nio.ch.IOUtil.write(IOUtil.java:58) ~[?:?]
	at java.base/sun.nio.ch.SocketChannelImpl.write(SocketChannelImpl.java:542) ~[?:?]
	at org.xnio.nio.NioSocketConduit.write(NioSocketConduit.java:153) ~[xnio-nio-3.8.8.Final.jar:3.8.8.Final]
	at io.undertow.server.protocol.http.HttpResponseConduit.write(HttpResponseConduit.java:629) ~[undertow-core-2.3.13.Final.jar:2.3.13.Final]
	at org.xnio.conduits.AbstractStreamSinkConduit.write(AbstractStreamSinkConduit.java:51) ~[xnio-api-3.8.8.Final.jar:3.8.8.Final]
	at io.undertow.conduits.DeflatingStreamSinkConduit.performFlushIfRequiredSingleBuffer(DeflatingStreamSinkConduit.java:445) ~[undertow-core-2.3.13.Final.jar:2.3.13.Final]
	at io.undertow.conduits.DeflatingStreamSinkConduit.performFlushIfRequired(DeflatingStreamSinkConduit.java:432) ~[undertow-core-2.3.13.Final.jar:2.3.13.Final]
	at io.undertow.conduits.DeflatingStreamSinkConduit.deflateData(DeflatingStreamSinkConduit.java:522) ~[undertow-core-2.3.13.Final.jar:2.3.13.Final]
	at io.undertow.conduits.DeflatingStreamSinkConduit.write(DeflatingStreamSinkConduit.java:130) ~[undertow-core-2.3.13.Final.jar:2.3.13.Final]
	at io.undertow.conduits.DeflatingStreamSinkConduit.write(DeflatingStreamSinkConduit.java:165) ~[undertow-core-2.3.13.Final.jar:2.3.13.Final]
	at org.xnio.conduits.ConduitStreamSinkChannel.write(ConduitStreamSinkChannel.java:158) ~[xnio-api-3.8.8.Final.jar:3.8.8.Final]
	at io.undertow.channels.DetachableStreamSinkChannel.write(DetachableStreamSinkChannel.java:179) ~[undertow-core-2.3.13.Final.jar:2.3.13.Final]
	at io.undertow.server.HttpServerExchange$WriteDispatchChannel.write(HttpServerExchange.java:2172) ~[undertow-core-2.3.13.Final.jar:2.3.13.Final]
	at org.xnio.channels.Channels.writeBlocking(Channels.java:202) ~[xnio-api-3.8.8.Final.jar:3.8.8.Final]
	at io.undertow.servlet.spec.ServletOutputStreamImpl.writeTooLargeForBuffer(ServletOutputStreamImpl.java:201) ~[undertow-servlet-2.3.13.Final.jar:2.3.13.Final]
	at io.undertow.servlet.spec.ServletOutputStreamImpl.write(ServletOutputStreamImpl.java:149) ~[undertow-servlet-2.3.13.Final.jar:2.3.13.Final]
	at org.springframework.web.context.request.async.StandardServletAsyncWebRequest$LifecycleServletOutputStream.write(StandardServletAsyncWebRequest.java:375) ~[spring-web-6.1.10.jar:6.1.10]
	... 81 more
[2026-05-21 11:00:01.815] ERROR XNIO-1 task-9 com.jts.gjcxfzksh.exception.handler.GlobalExceptionHandler[63] - 请求地址'/pt/network/tile',发生系统异常. 
org.springframework.web.context.request.async.AsyncRequestNotUsableException: ServletOutputStream failed to write: Broken pipe
	at org.springframework.web.context.request.async.StandardServletAsyncWebRequest$LifecycleHttpServletResponse.handleIOException(StandardServletAsyncWebRequest.java:320) ~[spring-web-6.1.10.jar:6.1.10]
	at org.springframework.web.context.request.async.StandardServletAsyncWebRequest$LifecycleServletOutputStream.write(StandardServletAsyncWebRequest.java:378) ~[spring-web-6.1.10.jar:6.1.10]
	at org.springframework.util.StreamUtils$NonClosingOutputStream.write(StreamUtils.java:261) ~[spring-core-6.1.10.jar:6.1.10]
	at com.fasterxml.jackson.core.json.UTF8JsonGenerator._flushBuffer(UTF8JsonGenerator.java:2210) ~[jackson-core-2.17.1.jar:2.17.1]
	at com.fasterxml.jackson.core.json.UTF8JsonGenerator.writeRaw(UTF8JsonGenerator.java:764) ~[jackson-core-2.17.1.jar:2.17.1]
	at com.fasterxml.jackson.core.json.UTF8JsonGenerator.writeRaw(UTF8JsonGenerator.java:674) ~[jackson-core-2.17.1.jar:2.17.1]
	at com.fasterxml.jackson.core.json.UTF8JsonGenerator.writeNumber(UTF8JsonGenerator.java:1065) ~[jackson-core-2.17.1.jar:2.17.1]
	at com.fasterxml.jackson.databind.ser.std.NumberSerializers$FloatSerializer.serialize(NumberSerializers.java:214) ~[jackson-databind-2.17.1.jar:2.17.1]
	at com.fasterxml.jackson.databind.ser.BeanPropertyWriter.serializeAsField(BeanPropertyWriter.java:732) ~[jackson-databind-2.17.1.jar:2.17.1]
	at com.fasterxml.jackson.databind.ser.std.BeanSerializerBase.serializeFields(BeanSerializerBase.java:770) ~[jackson-databind-2.17.1.jar:2.17.1]
	at com.fasterxml.jackson.databind.ser.BeanSerializer.serialize(BeanSerializer.java:183) ~[jackson-databind-2.17.1.jar:2.17.1]
	at com.fasterxml.jackson.databind.ser.BeanPropertyWriter.serializeAsField(BeanPropertyWriter.java:732) ~[jackson-databind-2.17.1.jar:2.17.1]
	at com.fasterxml.jackson.databind.ser.std.BeanSerializerBase.serializeFields(BeanSerializerBase.java:770) ~[jackson-databind-2.17.1.jar:2.17.1]
	at com.fasterxml.jackson.databind.ser.BeanSerializer.serialize(BeanSerializer.java:183) ~[jackson-databind-2.17.1.jar:2.17.1]
	at com.fasterxml.jackson.databind.ser.impl.IndexedListSerializer.serializeContents(IndexedListSerializer.java:119) ~[jackson-databind-2.17.1.jar:2.17.1]
	at com.fasterxml.jackson.databind.ser.impl.IndexedListSerializer.serialize(IndexedListSerializer.java:79) ~[jackson-databind-2.17.1.jar:2.17.1]
	at com.fasterxml.jackson.databind.ser.impl.IndexedListSerializer.serialize(IndexedListSerializer.java:18) ~[jackson-databind-2.17.1.jar:2.17.1]
	at com.fasterxml.jackson.databind.ser.BeanPropertyWriter.serializeAsField(BeanPropertyWriter.java:732) ~[jackson-databind-2.17.1.jar:2.17.1]
	at com.fasterxml.jackson.databind.ser.std.BeanSerializerBase.serializeFields(BeanSerializerBase.java:770) ~[jackson-databind-2.17.1.jar:2.17.1]
	at com.fasterxml.jackson.databind.ser.BeanSerializer.serialize(BeanSerializer.java:183) ~[jackson-databind-2.17.1.jar:2.17.1]
	at com.fasterxml.jackson.databind.ser.DefaultSerializerProvider._serialize(DefaultSerializerProvider.java:502) ~[jackson-databind-2.17.1.jar:2.17.1]
	at com.fasterxml.jackson.databind.ser.DefaultSerializerProvider.serializeValue(DefaultSerializerProvider.java:341) ~[jackson-databind-2.17.1.jar:2.17.1]
	at com.fasterxml.jackson.databind.ObjectWriter$Prefetch.serialize(ObjectWriter.java:1574) ~[jackson-databind-2.17.1.jar:2.17.1]
	at com.fasterxml.jackson.databind.ObjectWriter.writeValue(ObjectWriter.java:1061) ~[jackson-databind-2.17.1.jar:2.17.1]
	at org.springframework.http.converter.json.AbstractJackson2HttpMessageConverter.writeInternal(AbstractJackson2HttpMessageConverter.java:483) ~[spring-web-6.1.10.jar:6.1.10]
	at org.springframework.http.converter.AbstractGenericHttpMessageConverter.write(AbstractGenericHttpMessageConverter.java:114) ~[spring-web-6.1.10.jar:6.1.10]
	at org.springframework.web.servlet.mvc.method.annotation.AbstractMessageConverterMethodProcessor.writeWithMessageConverters(AbstractMessageConverterMethodProcessor.java:297) ~[spring-webmvc-6.1.10.jar:6.1.10]
	at org.springframework.web.servlet.mvc.method.annotation.RequestResponseBodyMethodProcessor.handleReturnValue(RequestResponseBodyMethodProcessor.java:192) ~[spring-webmvc-6.1.10.jar:6.1.10]
	at org.springframework.web.method.support.HandlerMethodReturnValueHandlerComposite.handleReturnValue(HandlerMethodReturnValueHandlerComposite.java:78) ~[spring-web-6.1.10.jar:6.1.10]
	at org.springframework.web.servlet.mvc.method.annotation.ServletInvocableHandlerMethod.invokeAndHandle(ServletInvocableHandlerMethod.java:136) ~[spring-webmvc-6.1.10.jar:6.1.10]
	at org.springframework.web.servlet.mvc.method.annotation.RequestMappingHandlerAdapter.invokeHandlerMethod(RequestMappingHandlerAdapter.java:926) ~[spring-webmvc-6.1.10.jar:6.1.10]
	at org.springframework.web.servlet.mvc.method.annotation.RequestMappingHandlerAdapter.handleInternal(RequestMappingHandlerAdapter.java:831) ~[spring-webmvc-6.1.10.jar:6.1.10]
	at org.springframework.web.servlet.mvc.method.AbstractHandlerMethodAdapter.handle(AbstractHandlerMethodAdapter.java:87) ~[spring-webmvc-6.1.10.jar:6.1.10]
	at org.springframework.web.servlet.DispatcherServlet.doDispatch(DispatcherServlet.java:1089) ~[spring-webmvc-6.1.10.jar:6.1.10]
	at org.springframework.web.servlet.DispatcherServlet.doService(DispatcherServlet.java:979) ~[spring-webmvc-6.1.10.jar:6.1.10]
	at org.springframework.web.servlet.FrameworkServlet.processRequest(FrameworkServlet.java:1014) ~[spring-webmvc-6.1.10.jar:6.1.10]
	at org.springframework.web.servlet.FrameworkServlet.doPost(FrameworkServlet.java:914) ~[spring-webmvc-6.1.10.jar:6.1.10]
	at jakarta.servlet.http.HttpServlet.service(HttpServlet.java:547) ~[jakarta.servlet-api-6.0.0.jar:6.0.0]
	at org.springframework.web.servlet.FrameworkServlet.service(FrameworkServlet.java:885) ~[spring-webmvc-6.1.10.jar:6.1.10]
	at jakarta.servlet.http.HttpServlet.service(HttpServlet.java:614) ~[jakarta.servlet-api-6.0.0.jar:6.0.0]
	at io.undertow.servlet.handlers.ServletHandler.handleRequest(ServletHandler.java:74) ~[undertow-servlet-2.3.13.Final.jar:2.3.13.Final]
	at io.undertow.servlet.handlers.FilterHandler$FilterChainImpl.doFilter(FilterHandler.java:129) ~[undertow-servlet-2.3.13.Final.jar:2.3.13.Final]
	at org.springframework.web.filter.CorsFilter.doFilterInternal(CorsFilter.java:91) ~[spring-web-6.1.10.jar:6.1.10]
	at org.springframework.web.filter.OncePerRequestFilter.doFilter(OncePerRequestFilter.java:116) ~[spring-web-6.1.10.jar:6.1.10]
	at io.undertow.servlet.core.ManagedFilter.doFilter(ManagedFilter.java:67) ~[undertow-servlet-2.3.13.Final.jar:2.3.13.Final]
	at io.undertow.servlet.handlers.FilterHandler$FilterChainImpl.doFilter(FilterHandler.java:131) ~[undertow-servlet-2.3.13.Final.jar:2.3.13.Final]
	at org.springframework.web.filter.RequestContextFilter.doFilterInternal(RequestContextFilter.java:100) ~[spring-web-6.1.10.jar:6.1.10]
	at org.springframework.web.filter.OncePerRequestFilter.doFilter(OncePerRequestFilter.java:116) ~[spring-web-6.1.10.jar:6.1.10]
	at io.undertow.servlet.core.ManagedFilter.doFilter(ManagedFilter.java:67) ~[undertow-servlet-2.3.13.Final.jar:2.3.13.Final]
	at io.undertow.servlet.handlers.FilterHandler$FilterChainImpl.doFilter(FilterHandler.java:131) ~[undertow-servlet-2.3.13.Final.jar:2.3.13.Final]
	at org.springframework.web.filter.FormContentFilter.doFilterInternal(FormContentFilter.java:93) ~[spring-web-6.1.10.jar:6.1.10]
	at org.springframework.web.filter.OncePerRequestFilter.doFilter(OncePerRequestFilter.java:116) ~[spring-web-6.1.10.jar:6.1.10]
	at io.undertow.servlet.core.ManagedFilter.doFilter(ManagedFilter.java:67) ~[undertow-servlet-2.3.13.Final.jar:2.3.13.Final]
	at io.undertow.servlet.handlers.FilterHandler$FilterChainImpl.doFilter(FilterHandler.java:131) ~[undertow-servlet-2.3.13.Final.jar:2.3.13.Final]
	at org.springframework.web.filter.CharacterEncodingFilter.doFilterInternal(CharacterEncodingFilter.java:201) ~[spring-web-6.1.10.jar:6.1.10]
	at org.springframework.web.filter.OncePerRequestFilter.doFilter(OncePerRequestFilter.java:116) ~[spring-web-6.1.10.jar:6.1.10]
	at io.undertow.servlet.core.ManagedFilter.doFilter(ManagedFilter.java:67) ~[undertow-servlet-2.3.13.Final.jar:2.3.13.Final]
	at io.undertow.servlet.handlers.FilterHandler$FilterChainImpl.doFilter(FilterHandler.java:131) ~[undertow-servlet-2.3.13.Final.jar:2.3.13.Final]
	at io.undertow.servlet.handlers.FilterHandler.handleRequest(FilterHandler.java:84) ~[undertow-servlet-2.3.13.Final.jar:2.3.13.Final]
	at io.undertow.servlet.handlers.security.ServletSecurityRoleHandler.handleRequest(ServletSecurityRoleHandler.java:62) ~[undertow-servlet-2.3.13.Final.jar:2.3.13.Final]
	at io.undertow.servlet.handlers.ServletChain$1.handleRequest(ServletChain.java:68) ~[undertow-servlet-2.3.13.Final.jar:2.3.13.Final]
	at io.undertow.servlet.handlers.ServletDispatchingHandler.handleRequest(ServletDispatchingHandler.java:36) ~[undertow-servlet-2.3.13.Final.jar:2.3.13.Final]
	at io.undertow.servlet.handlers.RedirectDirHandler.handleRequest(RedirectDirHandler.java:68) ~[undertow-servlet-2.3.13.Final.jar:2.3.13.Final]
	at io.undertow.servlet.handlers.security.SSLInformationAssociationHandler.handleRequest(SSLInformationAssociationHandler.java:117) ~[undertow-servlet-2.3.13.Final.jar:2.3.13.Final]
	at io.undertow.servlet.handlers.security.ServletAuthenticationCallHandler.handleRequest(ServletAuthenticationCallHandler.java:57) ~[undertow-servlet-2.3.13.Final.jar:2.3.13.Final]
	at io.undertow.server.handlers.PredicateHandler.handleRequest(PredicateHandler.java:43) ~[undertow-core-2.3.13.Final.jar:2.3.13.Final]
	at io.undertow.security.handlers.AbstractConfidentialityHandler.handleRequest(AbstractConfidentialityHandler.java:46) ~[undertow-core-2.3.13.Final.jar:2.3.13.Final]
	at io.undertow.servlet.handlers.security.ServletConfidentialityConstraintHandler.handleRequest(ServletConfidentialityConstraintHandler.java:64) ~[undertow-servlet-2.3.13.Final.jar:2.3.13.Final]
	at io.undertow.security.handlers.AuthenticationMechanismsHandler.handleRequest(AuthenticationMechanismsHandler.java:60) ~[undertow-core-2.3.13.Final.jar:2.3.13.Final]
	at io.undertow.servlet.handlers.security.CachedAuthenticatedSessionHandler.handleRequest(CachedAuthenticatedSessionHandler.java:77) ~[undertow-servlet-2.3.13.Final.jar:2.3.13.Final]
	at io.undertow.security.handlers.AbstractSecurityContextAssociationHandler.handleRequest(AbstractSecurityContextAssociationHandler.java:43) ~[undertow-core-2.3.13.Final.jar:2.3.13.Final]
	at io.undertow.server.handlers.PredicateHandler.handleRequest(PredicateHandler.java:43) ~[undertow-core-2.3.13.Final.jar:2.3.13.Final]
	at io.undertow.servlet.handlers.SendErrorPageHandler.handleRequest(SendErrorPageHandler.java:52) ~[undertow-servlet-2.3.13.Final.jar:2.3.13.Final]
	at io.undertow.server.handlers.PredicateHandler.handleRequest(PredicateHandler.java:43) ~[undertow-core-2.3.13.Final.jar:2.3.13.Final]
	at io.undertow.servlet.handlers.ServletInitialHandler.handleFirstRequest(ServletInitialHandler.java:276) ~[undertow-servlet-2.3.13.Final.jar:2.3.13.Final]
	at io.undertow.servlet.handlers.ServletInitialHandler$2.call(ServletInitialHandler.java:135) ~[undertow-servlet-2.3.13.Final.jar:2.3.13.Final]
	at io.undertow.servlet.handlers.ServletInitialHandler$2.call(ServletInitialHandler.java:132) ~[undertow-servlet-2.3.13.Final.jar:2.3.13.Final]
	at io.undertow.servlet.core.ServletRequestContextThreadSetupAction$1.call(ServletRequestContextThreadSetupAction.java:48) ~[undertow-servlet-2.3.13.Final.jar:2.3.13.Final]
	at io.undertow.servlet.core.ContextClassLoaderSetupAction$1.call(ContextClassLoaderSetupAction.java:43) ~[undertow-servlet-2.3.13.Final.jar:2.3.13.Final]
	at io.undertow.servlet.handlers.ServletInitialHandler.dispatchRequest(ServletInitialHandler.java:256) ~[undertow-servlet-2.3.13.Final.jar:2.3.13.Final]
	at io.undertow.servlet.handlers.ServletInitialHandler$1.handleRequest(ServletInitialHandler.java:101) ~[undertow-servlet-2.3.13.Final.jar:2.3.13.Final]
	at io.undertow.server.Connectors.executeRootHandler(Connectors.java:393) ~[undertow-core-2.3.13.Final.jar:2.3.13.Final]
	at io.undertow.server.HttpServerExchange$1.run(HttpServerExchange.java:859) ~[undertow-core-2.3.13.Final.jar:2.3.13.Final]
	at org.jboss.threads.ContextHandler$1.runWith(ContextHandler.java:18) ~[jboss-threads-3.5.0.Final.jar:3.5.0.Final]
	at org.jboss.threads.EnhancedQueueExecutor$Task.run(EnhancedQueueExecutor.java:2513) ~[jboss-threads-3.5.0.Final.jar:3.5.0.Final]
	at org.jboss.threads.EnhancedQueueExecutor$ThreadBody.run(EnhancedQueueExecutor.java:1538) ~[jboss-threads-3.5.0.Final.jar:3.5.0.Final]
	at org.xnio.XnioWorker$WorkerThreadFactory$1$1.run(XnioWorker.java:1282) ~[xnio-api-3.8.8.Final.jar:3.8.8.Final]
	at java.base/java.lang.Thread.run(Thread.java:1583) [?:?]
	Suppressed: org.springframework.web.context.request.async.AsyncRequestNotUsableException: Response not usable after response errors.
		at org.springframework.web.context.request.async.StandardServletAsyncWebRequest$LifecycleHttpServletResponse.obtainLockAndCheckState(StandardServletAsyncWebRequest.java:314) ~[spring-web-6.1.10.jar:6.1.10]
		at org.springframework.web.context.request.async.StandardServletAsyncWebRequest$LifecycleServletOutputStream.write(StandardServletAsyncWebRequest.java:373) ~[spring-web-6.1.10.jar:6.1.10]
		at org.springframework.util.StreamUtils$NonClosingOutputStream.write(StreamUtils.java:261) ~[spring-core-6.1.10.jar:6.1.10]
		at com.fasterxml.jackson.core.json.UTF8JsonGenerator._flushBuffer(UTF8JsonGenerator.java:2210) ~[jackson-core-2.17.1.jar:2.17.1]
		at com.fasterxml.jackson.core.json.UTF8JsonGenerator.close(UTF8JsonGenerator.java:1234) ~[jackson-core-2.17.1.jar:2.17.1]
		at org.springframework.http.converter.json.AbstractJackson2HttpMessageConverter.writeInternal(AbstractJackson2HttpMessageConverter.java:452) ~[spring-web-6.1.10.jar:6.1.10]
		at org.springframework.http.converter.AbstractGenericHttpMessageConverter.write(AbstractGenericHttpMessageConverter.java:114) ~[spring-web-6.1.10.jar:6.1.10]
		at org.springframework.web.servlet.mvc.method.annotation.AbstractMessageConverterMethodProcessor.writeWithMessageConverters(AbstractMessageConverterMethodProcessor.java:297) ~[spring-webmvc-6.1.10.jar:6.1.10]
		at org.springframework.web.servlet.mvc.method.annotation.RequestResponseBodyMethodProcessor.handleReturnValue(RequestResponseBodyMethodProcessor.java:192) ~[spring-webmvc-6.1.10.jar:6.1.10]
		at org.springframework.web.method.support.HandlerMethodReturnValueHandlerComposite.handleReturnValue(HandlerMethodReturnValueHandlerComposite.java:78) ~[spring-web-6.1.10.jar:6.1.10]
		at org.springframework.web.servlet.mvc.method.annotation.ServletInvocableHandlerMethod.invokeAndHandle(ServletInvocableHandlerMethod.java:136) ~[spring-webmvc-6.1.10.jar:6.1.10]
		at org.springframework.web.servlet.mvc.method.annotation.RequestMappingHandlerAdapter.invokeHandlerMethod(RequestMappingHandlerAdapter.java:926) ~[spring-webmvc-6.1.10.jar:6.1.10]
		at org.springframework.web.servlet.mvc.method.annotation.RequestMappingHandlerAdapter.handleInternal(RequestMappingHandlerAdapter.java:831) ~[spring-webmvc-6.1.10.jar:6.1.10]
		at org.springframework.web.servlet.mvc.method.AbstractHandlerMethodAdapter.handle(AbstractHandlerMethodAdapter.java:87) ~[spring-webmvc-6.1.10.jar:6.1.10]
		at org.springframework.web.servlet.DispatcherServlet.doDispatch(DispatcherServlet.java:1089) ~[spring-webmvc-6.1.10.jar:6.1.10]
		at org.springframework.web.servlet.DispatcherServlet.doService(DispatcherServlet.java:979) ~[spring-webmvc-6.1.10.jar:6.1.10]
		at org.springframework.web.servlet.FrameworkServlet.processRequest(FrameworkServlet.java:1014) ~[spring-webmvc-6.1.10.jar:6.1.10]
		at org.springframework.web.servlet.FrameworkServlet.doPost(FrameworkServlet.java:914) ~[spring-webmvc-6.1.10.jar:6.1.10]
		at jakarta.servlet.http.HttpServlet.service(HttpServlet.java:547) ~[jakarta.servlet-api-6.0.0.jar:6.0.0]
		at org.springframework.web.servlet.FrameworkServlet.service(FrameworkServlet.java:885) ~[spring-webmvc-6.1.10.jar:6.1.10]
		at jakarta.servlet.http.HttpServlet.service(HttpServlet.java:614) ~[jakarta.servlet-api-6.0.0.jar:6.0.0]
		at io.undertow.servlet.handlers.ServletHandler.handleRequest(ServletHandler.java:74) ~[undertow-servlet-2.3.13.Final.jar:2.3.13.Final]
		at io.undertow.servlet.handlers.FilterHandler$FilterChainImpl.doFilter(FilterHandler.java:129) ~[undertow-servlet-2.3.13.Final.jar:2.3.13.Final]
		at org.springframework.web.filter.CorsFilter.doFilterInternal(CorsFilter.java:91) ~[spring-web-6.1.10.jar:6.1.10]
		at org.springframework.web.filter.OncePerRequestFilter.doFilter(OncePerRequestFilter.java:116) ~[spring-web-6.1.10.jar:6.1.10]
		at io.undertow.servlet.core.ManagedFilter.doFilter(ManagedFilter.java:67) ~[undertow-servlet-2.3.13.Final.jar:2.3.13.Final]
		at io.undertow.servlet.handlers.FilterHandler$FilterChainImpl.doFilter(FilterHandler.java:131) ~[undertow-servlet-2.3.13.Final.jar:2.3.13.Final]
		at org.springframework.web.filter.RequestContextFilter.doFilterInternal(RequestContextFilter.java:100) ~[spring-web-6.1.10.jar:6.1.10]
		at org.springframework.web.filter.OncePerRequestFilter.doFilter(OncePerRequestFilter.java:116) ~[spring-web-6.1.10.jar:6.1.10]
		at io.undertow.servlet.core.ManagedFilter.doFilter(ManagedFilter.java:67) ~[undertow-servlet-2.3.13.Final.jar:2.3.13.Final]
		at io.undertow.servlet.handlers.FilterHandler$FilterChainImpl.doFilter(FilterHandler.java:131) ~[undertow-servlet-2.3.13.Final.jar:2.3.13.Final]
		at org.springframework.web.filter.FormContentFilter.doFilterInternal(FormContentFilter.java:93) ~[spring-web-6.1.10.jar:6.1.10]
		at org.springframework.web.filter.OncePerRequestFilter.doFilter(OncePerRequestFilter.java:116) ~[spring-web-6.1.10.jar:6.1.10]
		at io.undertow.servlet.core.ManagedFilter.doFilter(ManagedFilter.java:67) ~[undertow-servlet-2.3.13.Final.jar:2.3.13.Final]
		at io.undertow.servlet.handlers.FilterHandler$FilterChainImpl.doFilter(FilterHandler.java:131) ~[undertow-servlet-2.3.13.Final.jar:2.3.13.Final]
		at org.springframework.web.filter.CharacterEncodingFilter.doFilterInternal(CharacterEncodingFilter.java:201) ~[spring-web-6.1.10.jar:6.1.10]
		at org.springframework.web.filter.OncePerRequestFilter.doFilter(OncePerRequestFilter.java:116) ~[spring-web-6.1.10.jar:6.1.10]
		at io.undertow.servlet.core.ManagedFilter.doFilter(ManagedFilter.java:67) ~[undertow-servlet-2.3.13.Final.jar:2.3.13.Final]
		at io.undertow.servlet.handlers.FilterHandler$FilterChainImpl.doFilter(FilterHandler.java:131) ~[undertow-servlet-2.3.13.Final.jar:2.3.13.Final]
		at io.undertow.servlet.handlers.FilterHandler.handleRequest(FilterHandler.java:84) ~[undertow-servlet-2.3.13.Final.jar:2.3.13.Final]
		at io.undertow.servlet.handlers.security.ServletSecurityRoleHandler.handleRequest(ServletSecurityRoleHandler.java:62) ~[undertow-servlet-2.3.13.Final.jar:2.3.13.Final]
		at io.undertow.servlet.handlers.ServletChain$1.handleRequest(ServletChain.java:68) ~[undertow-servlet-2.3.13.Final.jar:2.3.13.Final]
		at io.undertow.servlet.handlers.ServletDispatchingHandler.handleRequest(ServletDispatchingHandler.java:36) ~[undertow-servlet-2.3.13.Final.jar:2.3.13.Final]
		at io.undertow.servlet.handlers.RedirectDirHandler.handleRequest(RedirectDirHandler.java:68) ~[undertow-servlet-2.3.13.Final.jar:2.3.13.Final]
		at io.undertow.servlet.handlers.security.SSLInformationAssociationHandler.handleRequest(SSLInformationAssociationHandler.java:117) ~[undertow-servlet-2.3.13.Final.jar:2.3.13.Final]
		at io.undertow.servlet.handlers.security.ServletAuthenticationCallHandler.handleRequest(ServletAuthenticationCallHandler.java:57) ~[undertow-servlet-2.3.13.Final.jar:2.3.13.Final]
		at io.undertow.server.handlers.PredicateHandler.handleRequest(PredicateHandler.java:43) ~[undertow-core-2.3.13.Final.jar:2.3.13.Final]
		at io.undertow.security.handlers.AbstractConfidentialityHandler.handleRequest(AbstractConfidentialityHandler.java:46) ~[undertow-core-2.3.13.Final.jar:2.3.13.Final]
		at io.undertow.servlet.handlers.security.ServletConfidentialityConstraintHandler.handleRequest(ServletConfidentialityConstraintHandler.java:64) ~[undertow-servlet-2.3.13.Final.jar:2.3.13.Final]
		at io.undertow.security.handlers.AuthenticationMechanismsHandler.handleRequest(AuthenticationMechanismsHandler.java:60) ~[undertow-core-2.3.13.Final.jar:2.3.13.Final]
		at io.undertow.servlet.handlers.security.CachedAuthenticatedSessionHandler.handleRequest(CachedAuthenticatedSessionHandler.java:77) ~[undertow-servlet-2.3.13.Final.jar:2.3.13.Final]
		at io.undertow.security.handlers.AbstractSecurityContextAssociationHandler.handleRequest(AbstractSecurityContextAssociationHandler.java:43) ~[undertow-core-2.3.13.Final.jar:2.3.13.Final]
		at io.undertow.server.handlers.PredicateHandler.handleRequest(PredicateHandler.java:43) ~[undertow-core-2.3.13.Final.jar:2.3.13.Final]
		at io.undertow.servlet.handlers.SendErrorPageHandler.handleRequest(SendErrorPageHandler.java:52) ~[undertow-servlet-2.3.13.Final.jar:2.3.13.Final]
		at io.undertow.server.handlers.PredicateHandler.handleRequest(PredicateHandler.java:43) ~[undertow-core-2.3.13.Final.jar:2.3.13.Final]
		at io.undertow.servlet.handlers.ServletInitialHandler.handleFirstRequest(ServletInitialHandler.java:276) ~[undertow-servlet-2.3.13.Final.jar:2.3.13.Final]
		at io.undertow.servlet.handlers.ServletInitialHandler$2.call(ServletInitialHandler.java:135) ~[undertow-servlet-2.3.13.Final.jar:2.3.13.Final]
		at io.undertow.servlet.handlers.ServletInitialHandler$2.call(ServletInitialHandler.java:132) ~[undertow-servlet-2.3.13.Final.jar:2.3.13.Final]
		at io.undertow.servlet.core.ServletRequestContextThreadSetupAction$1.call(ServletRequestContextThreadSetupAction.java:48) ~[undertow-servlet-2.3.13.Final.jar:2.3.13.Final]
		at io.undertow.servlet.core.ContextClassLoaderSetupAction$1.call(ContextClassLoaderSetupAction.java:43) ~[undertow-servlet-2.3.13.Final.jar:2.3.13.Final]
		at io.undertow.servlet.handlers.ServletInitialHandler.dispatchRequest(ServletInitialHandler.java:256) ~[undertow-servlet-2.3.13.Final.jar:2.3.13.Final]
		at io.undertow.servlet.handlers.ServletInitialHandler$1.handleRequest(ServletInitialHandler.java:101) ~[undertow-servlet-2.3.13.Final.jar:2.3.13.Final]
		at io.undertow.server.Connectors.executeRootHandler(Connectors.java:393) ~[undertow-core-2.3.13.Final.jar:2.3.13.Final]
		at io.undertow.server.HttpServerExchange$1.run(HttpServerExchange.java:859) ~[undertow-core-2.3.13.Final.jar:2.3.13.Final]
		at org.jboss.threads.ContextHandler$1.runWith(ContextHandler.java:18) ~[jboss-threads-3.5.0.Final.jar:3.5.0.Final]
		at org.jboss.threads.EnhancedQueueExecutor$Task.run(EnhancedQueueExecutor.java:2513) ~[jboss-threads-3.5.0.Final.jar:3.5.0.Final]
		at org.jboss.threads.EnhancedQueueExecutor$ThreadBody.run(EnhancedQueueExecutor.java:1538) ~[jboss-threads-3.5.0.Final.jar:3.5.0.Final]
		at org.xnio.XnioWorker$WorkerThreadFactory$1$1.run(XnioWorker.java:1282) ~[xnio-api-3.8.8.Final.jar:3.8.8.Final]
		at java.base/java.lang.Thread.run(Thread.java:1583) [?:?]
Caused by: java.io.IOException: Broken pipe
	at java.base/sun.nio.ch.SocketDispatcher.write0(Native Method) ~[?:?]
	at java.base/sun.nio.ch.SocketDispatcher.write(SocketDispatcher.java:62) ~[?:?]
	at java.base/sun.nio.ch.IOUtil.writeFromNativeBuffer(IOUtil.java:137) ~[?:?]
	at java.base/sun.nio.ch.IOUtil.write(IOUtil.java:81) ~[?:?]
	at java.base/sun.nio.ch.IOUtil.write(IOUtil.java:58) ~[?:?]
	at java.base/sun.nio.ch.SocketChannelImpl.write(SocketChannelImpl.java:542) ~[?:?]
	at org.xnio.nio.NioSocketConduit.write(NioSocketConduit.java:153) ~[xnio-nio-3.8.8.Final.jar:3.8.8.Final]
	at io.undertow.server.protocol.http.HttpResponseConduit.write(HttpResponseConduit.java:629) ~[undertow-core-2.3.13.Final.jar:2.3.13.Final]
	at org.xnio.conduits.AbstractStreamSinkConduit.write(AbstractStreamSinkConduit.java:51) ~[xnio-api-3.8.8.Final.jar:3.8.8.Final]
	at io.undertow.conduits.DeflatingStreamSinkConduit.performFlushIfRequiredSingleBuffer(DeflatingStreamSinkConduit.java:445) ~[undertow-core-2.3.13.Final.jar:2.3.13.Final]
	at io.undertow.conduits.DeflatingStreamSinkConduit.performFlushIfRequired(DeflatingStreamSinkConduit.java:432) ~[undertow-core-2.3.13.Final.jar:2.3.13.Final]
	at io.undertow.conduits.DeflatingStreamSinkConduit.deflateData(DeflatingStreamSinkConduit.java:522) ~[undertow-core-2.3.13.Final.jar:2.3.13.Final]
	at io.undertow.conduits.DeflatingStreamSinkConduit.write(DeflatingStreamSinkConduit.java:130) ~[undertow-core-2.3.13.Final.jar:2.3.13.Final]
	at io.undertow.conduits.DeflatingStreamSinkConduit.write(DeflatingStreamSinkConduit.java:165) ~[undertow-core-2.3.13.Final.jar:2.3.13.Final]
	at org.xnio.conduits.ConduitStreamSinkChannel.write(ConduitStreamSinkChannel.java:158) ~[xnio-api-3.8.8.Final.jar:3.8.8.Final]
	at io.undertow.channels.DetachableStreamSinkChannel.write(DetachableStreamSinkChannel.java:179) ~[undertow-core-2.3.13.Final.jar:2.3.13.Final]
	at io.undertow.server.HttpServerExchange$WriteDispatchChannel.write(HttpServerExchange.java:2172) ~[undertow-core-2.3.13.Final.jar:2.3.13.Final]
	at org.xnio.channels.Channels.writeBlocking(Channels.java:202) ~[xnio-api-3.8.8.Final.jar:3.8.8.Final]
	at io.undertow.servlet.spec.ServletOutputStreamImpl.writeTooLargeForBuffer(ServletOutputStreamImpl.java:201) ~[undertow-servlet-2.3.13.Final.jar:2.3.13.Final]
	at io.undertow.servlet.spec.ServletOutputStreamImpl.write(ServletOutputStreamImpl.java:149) ~[undertow-servlet-2.3.13.Final.jar:2.3.13.Final]
	at org.springframework.web.context.request.async.StandardServletAsyncWebRequest$LifecycleServletOutputStream.write(StandardServletAsyncWebRequest.java:375) ~[spring-web-6.1.10.jar:6.1.10]
	... 86 more
[2026-05-21 11:00:22.404] ERROR XNIO-1 task-3 com.jts.gjcxfzksh.exception.handler.GlobalExceptionHandler[63] - 请求地址'/pt/network/tile',发生系统异常. 
org.springframework.web.context.request.async.AsyncRequestNotUsableException: ServletOutputStream failed to write: Broken pipe
	at org.springframework.web.context.request.async.StandardServletAsyncWebRequest$LifecycleHttpServletResponse.handleIOException(StandardServletAsyncWebRequest.java:320) ~[spring-web-6.1.10.jar:6.1.10]
	at org.springframework.web.context.request.async.StandardServletAsyncWebRequest$LifecycleServletOutputStream.write(StandardServletAsyncWebRequest.java:378) ~[spring-web-6.1.10.jar:6.1.10]
	at org.springframework.util.StreamUtils$NonClosingOutputStream.write(StreamUtils.java:261) ~[spring-core-6.1.10.jar:6.1.10]
	at com.fasterxml.jackson.core.json.UTF8JsonGenerator._flushBuffer(UTF8JsonGenerator.java:2210) ~[jackson-core-2.17.1.jar:2.17.1]
	at com.fasterxml.jackson.core.json.UTF8JsonGenerator.writeRaw(UTF8JsonGenerator.java:764) ~[jackson-core-2.17.1.jar:2.17.1]
	at com.fasterxml.jackson.core.json.UTF8JsonGenerator.writeRaw(UTF8JsonGenerator.java:674) ~[jackson-core-2.17.1.jar:2.17.1]
	at com.fasterxml.jackson.core.json.UTF8JsonGenerator.writeNumber(UTF8JsonGenerator.java:1065) ~[jackson-core-2.17.1.jar:2.17.1]
	at com.fasterxml.jackson.databind.ser.std.NumberSerializers$FloatSerializer.serialize(NumberSerializers.java:214) ~[jackson-databind-2.17.1.jar:2.17.1]
	at com.fasterxml.jackson.databind.ser.BeanPropertyWriter.serializeAsField(BeanPropertyWriter.java:732) ~[jackson-databind-2.17.1.jar:2.17.1]
	at com.fasterxml.jackson.databind.ser.std.BeanSerializerBase.serializeFields(BeanSerializerBase.java:770) ~[jackson-databind-2.17.1.jar:2.17.1]
	at com.fasterxml.jackson.databind.ser.BeanSerializer.serialize(BeanSerializer.java:183) ~[jackson-databind-2.17.1.jar:2.17.1]
	at com.fasterxml.jackson.databind.ser.BeanPropertyWriter.serializeAsField(BeanPropertyWriter.java:732) ~[jackson-databind-2.17.1.jar:2.17.1]
	at com.fasterxml.jackson.databind.ser.std.BeanSerializerBase.serializeFields(BeanSerializerBase.java:770) ~[jackson-databind-2.17.1.jar:2.17.1]
	at com.fasterxml.jackson.databind.ser.BeanSerializer.serialize(BeanSerializer.java:183) ~[jackson-databind-2.17.1.jar:2.17.1]
	at com.fasterxml.jackson.databind.ser.impl.IndexedListSerializer.serializeContents(IndexedListSerializer.java:119) ~[jackson-databind-2.17.1.jar:2.17.1]
	at com.fasterxml.jackson.databind.ser.impl.IndexedListSerializer.serialize(IndexedListSerializer.java:79) ~[jackson-databind-2.17.1.jar:2.17.1]
	at com.fasterxml.jackson.databind.ser.impl.IndexedListSerializer.serialize(IndexedListSerializer.java:18) ~[jackson-databind-2.17.1.jar:2.17.1]
	at com.fasterxml.jackson.databind.ser.BeanPropertyWriter.serializeAsField(BeanPropertyWriter.java:732) ~[jackson-databind-2.17.1.jar:2.17.1]
	at com.fasterxml.jackson.databind.ser.std.BeanSerializerBase.serializeFields(BeanSerializerBase.java:770) ~[jackson-databind-2.17.1.jar:2.17.1]
	at com.fasterxml.jackson.databind.ser.BeanSerializer.serialize(BeanSerializer.java:183) ~[jackson-databind-2.17.1.jar:2.17.1]
	at com.fasterxml.jackson.databind.ser.DefaultSerializerProvider._serialize(DefaultSerializerProvider.java:502) ~[jackson-databind-2.17.1.jar:2.17.1]
	at com.fasterxml.jackson.databind.ser.DefaultSerializerProvider.serializeValue(DefaultSerializerProvider.java:341) ~[jackson-databind-2.17.1.jar:2.17.1]
	at com.fasterxml.jackson.databind.ObjectWriter$Prefetch.serialize(ObjectWriter.java:1574) ~[jackson-databind-2.17.1.jar:2.17.1]
	at com.fasterxml.jackson.databind.ObjectWriter.writeValue(ObjectWriter.java:1061) ~[jackson-databind-2.17.1.jar:2.17.1]
	at org.springframework.http.converter.json.AbstractJackson2HttpMessageConverter.writeInternal(AbstractJackson2HttpMessageConverter.java:483) ~[spring-web-6.1.10.jar:6.1.10]
	at org.springframework.http.converter.AbstractGenericHttpMessageConverter.write(AbstractGenericHttpMessageConverter.java:114) ~[spring-web-6.1.10.jar:6.1.10]
	at org.springframework.web.servlet.mvc.method.annotation.AbstractMessageConverterMethodProcessor.writeWithMessageConverters(AbstractMessageConverterMethodProcessor.java:297) ~[spring-webmvc-6.1.10.jar:6.1.10]
	at org.springframework.web.servlet.mvc.method.annotation.RequestResponseBodyMethodProcessor.handleReturnValue(RequestResponseBodyMethodProcessor.java:192) ~[spring-webmvc-6.1.10.jar:6.1.10]
	at org.springframework.web.method.support.HandlerMethodReturnValueHandlerComposite.handleReturnValue(HandlerMethodReturnValueHandlerComposite.java:78) ~[spring-web-6.1.10.jar:6.1.10]
	at org.springframework.web.servlet.mvc.method.annotation.ServletInvocableHandlerMethod.invokeAndHandle(ServletInvocableHandlerMethod.java:136) ~[spring-webmvc-6.1.10.jar:6.1.10]
	at org.springframework.web.servlet.mvc.method.annotation.RequestMappingHandlerAdapter.invokeHandlerMethod(RequestMappingHandlerAdapter.java:926) ~[spring-webmvc-6.1.10.jar:6.1.10]
	at org.springframework.web.servlet.mvc.method.annotation.RequestMappingHandlerAdapter.handleInternal(RequestMappingHandlerAdapter.java:831) ~[spring-webmvc-6.1.10.jar:6.1.10]
	at org.springframework.web.servlet.mvc.method.AbstractHandlerMethodAdapter.handle(AbstractHandlerMethodAdapter.java:87) ~[spring-webmvc-6.1.10.jar:6.1.10]
	at org.springframework.web.servlet.DispatcherServlet.doDispatch(DispatcherServlet.java:1089) ~[spring-webmvc-6.1.10.jar:6.1.10]
	at org.springframework.web.servlet.DispatcherServlet.doService(DispatcherServlet.java:979) ~[spring-webmvc-6.1.10.jar:6.1.10]
	at org.springframework.web.servlet.FrameworkServlet.processRequest(FrameworkServlet.java:1014) ~[spring-webmvc-6.1.10.jar:6.1.10]
	at org.springframework.web.servlet.FrameworkServlet.doPost(FrameworkServlet.java:914) ~[spring-webmvc-6.1.10.jar:6.1.10]
	at jakarta.servlet.http.HttpServlet.service(HttpServlet.java:547) ~[jakarta.servlet-api-6.0.0.jar:6.0.0]
	at org.springframework.web.servlet.FrameworkServlet.service(FrameworkServlet.java:885) ~[spring-webmvc-6.1.10.jar:6.1.10]
	at jakarta.servlet.http.HttpServlet.service(HttpServlet.java:614) ~[jakarta.servlet-api-6.0.0.jar:6.0.0]
	at io.undertow.servlet.handlers.ServletHandler.handleRequest(ServletHandler.java:74) ~[undertow-servlet-2.3.13.Final.jar:2.3.13.Final]
	at io.undertow.servlet.handlers.FilterHandler$FilterChainImpl.doFilter(FilterHandler.java:129) ~[undertow-servlet-2.3.13.Final.jar:2.3.13.Final]
	at org.springframework.web.filter.CorsFilter.doFilterInternal(CorsFilter.java:91) ~[spring-web-6.1.10.jar:6.1.10]
	at org.springframework.web.filter.OncePerRequestFilter.doFilter(OncePerRequestFilter.java:116) ~[spring-web-6.1.10.jar:6.1.10]
	at io.undertow.servlet.core.ManagedFilter.doFilter(ManagedFilter.java:67) ~[undertow-servlet-2.3.13.Final.jar:2.3.13.Final]
	at io.undertow.servlet.handlers.FilterHandler$FilterChainImpl.doFilter(FilterHandler.java:131) ~[undertow-servlet-2.3.13.Final.jar:2.3.13.Final]
	at org.springframework.web.filter.RequestContextFilter.doFilterInternal(RequestContextFilter.java:100) ~[spring-web-6.1.10.jar:6.1.10]
	at org.springframework.web.filter.OncePerRequestFilter.doFilter(OncePerRequestFilter.java:116) ~[spring-web-6.1.10.jar:6.1.10]
	at io.undertow.servlet.core.ManagedFilter.doFilter(ManagedFilter.java:67) ~[undertow-servlet-2.3.13.Final.jar:2.3.13.Final]
	at io.undertow.servlet.handlers.FilterHandler$FilterChainImpl.doFilter(FilterHandler.java:131) ~[undertow-servlet-2.3.13.Final.jar:2.3.13.Final]
	at org.springframework.web.filter.FormContentFilter.doFilterInternal(FormContentFilter.java:93) ~[spring-web-6.1.10.jar:6.1.10]
	at org.springframework.web.filter.OncePerRequestFilter.doFilter(OncePerRequestFilter.java:116) ~[spring-web-6.1.10.jar:6.1.10]
	at io.undertow.servlet.core.ManagedFilter.doFilter(ManagedFilter.java:67) ~[undertow-servlet-2.3.13.Final.jar:2.3.13.Final]
	at io.undertow.servlet.handlers.FilterHandler$FilterChainImpl.doFilter(FilterHandler.java:131) ~[undertow-servlet-2.3.13.Final.jar:2.3.13.Final]
	at org.springframework.web.filter.CharacterEncodingFilter.doFilterInternal(CharacterEncodingFilter.java:201) ~[spring-web-6.1.10.jar:6.1.10]
	at org.springframework.web.filter.OncePerRequestFilter.doFilter(OncePerRequestFilter.java:116) ~[spring-web-6.1.10.jar:6.1.10]
	at io.undertow.servlet.core.ManagedFilter.doFilter(ManagedFilter.java:67) ~[undertow-servlet-2.3.13.Final.jar:2.3.13.Final]
	at io.undertow.servlet.handlers.FilterHandler$FilterChainImpl.doFilter(FilterHandler.java:131) ~[undertow-servlet-2.3.13.Final.jar:2.3.13.Final]
	at io.undertow.servlet.handlers.FilterHandler.handleRequest(FilterHandler.java:84) ~[undertow-servlet-2.3.13.Final.jar:2.3.13.Final]
	at io.undertow.servlet.handlers.security.ServletSecurityRoleHandler.handleRequest(ServletSecurityRoleHandler.java:62) ~[undertow-servlet-2.3.13.Final.jar:2.3.13.Final]
	at io.undertow.servlet.handlers.ServletChain$1.handleRequest(ServletChain.java:68) ~[undertow-servlet-2.3.13.Final.jar:2.3.13.Final]
	at io.undertow.servlet.handlers.ServletDispatchingHandler.handleRequest(ServletDispatchingHandler.java:36) ~[undertow-servlet-2.3.13.Final.jar:2.3.13.Final]
	at io.undertow.servlet.handlers.RedirectDirHandler.handleRequest(RedirectDirHandler.java:68) ~[undertow-servlet-2.3.13.Final.jar:2.3.13.Final]
	at io.undertow.servlet.handlers.security.SSLInformationAssociationHandler.handleRequest(SSLInformationAssociationHandler.java:117) ~[undertow-servlet-2.3.13.Final.jar:2.3.13.Final]
	at io.undertow.servlet.handlers.security.ServletAuthenticationCallHandler.handleRequest(ServletAuthenticationCallHandler.java:57) ~[undertow-servlet-2.3.13.Final.jar:2.3.13.Final]
	at io.undertow.server.handlers.PredicateHandler.handleRequest(PredicateHandler.java:43) ~[undertow-core-2.3.13.Final.jar:2.3.13.Final]
	at io.undertow.security.handlers.AbstractConfidentialityHandler.handleRequest(AbstractConfidentialityHandler.java:46) ~[undertow-core-2.3.13.Final.jar:2.3.13.Final]
	at io.undertow.servlet.handlers.security.ServletConfidentialityConstraintHandler.handleRequest(ServletConfidentialityConstraintHandler.java:64) ~[undertow-servlet-2.3.13.Final.jar:2.3.13.Final]
	at io.undertow.security.handlers.AuthenticationMechanismsHandler.handleRequest(AuthenticationMechanismsHandler.java:60) ~[undertow-core-2.3.13.Final.jar:2.3.13.Final]
	at io.undertow.servlet.handlers.security.CachedAuthenticatedSessionHandler.handleRequest(CachedAuthenticatedSessionHandler.java:77) ~[undertow-servlet-2.3.13.Final.jar:2.3.13.Final]
	at io.undertow.security.handlers.AbstractSecurityContextAssociationHandler.handleRequest(AbstractSecurityContextAssociationHandler.java:43) ~[undertow-core-2.3.13.Final.jar:2.3.13.Final]
	at io.undertow.server.handlers.PredicateHandler.handleRequest(PredicateHandler.java:43) ~[undertow-core-2.3.13.Final.jar:2.3.13.Final]
	at io.undertow.servlet.handlers.SendErrorPageHandler.handleRequest(SendErrorPageHandler.java:52) ~[undertow-servlet-2.3.13.Final.jar:2.3.13.Final]
	at io.undertow.server.handlers.PredicateHandler.handleRequest(PredicateHandler.java:43) ~[undertow-core-2.3.13.Final.jar:2.3.13.Final]
	at io.undertow.servlet.handlers.ServletInitialHandler.handleFirstRequest(ServletInitialHandler.java:276) ~[undertow-servlet-2.3.13.Final.jar:2.3.13.Final]
	at io.undertow.servlet.handlers.ServletInitialHandler$2.call(ServletInitialHandler.java:135) ~[undertow-servlet-2.3.13.Final.jar:2.3.13.Final]
	at io.undertow.servlet.handlers.ServletInitialHandler$2.call(ServletInitialHandler.java:132) ~[undertow-servlet-2.3.13.Final.jar:2.3.13.Final]
	at io.undertow.servlet.core.ServletRequestContextThreadSetupAction$1.call(ServletRequestContextThreadSetupAction.java:48) ~[undertow-servlet-2.3.13.Final.jar:2.3.13.Final]
	at io.undertow.servlet.core.ContextClassLoaderSetupAction$1.call(ContextClassLoaderSetupAction.java:43) ~[undertow-servlet-2.3.13.Final.jar:2.3.13.Final]
	at io.undertow.servlet.handlers.ServletInitialHandler.dispatchRequest(ServletInitialHandler.java:256) ~[undertow-servlet-2.3.13.Final.jar:2.3.13.Final]
	at io.undertow.servlet.handlers.ServletInitialHandler$1.handleRequest(ServletInitialHandler.java:101) ~[undertow-servlet-2.3.13.Final.jar:2.3.13.Final]
	at io.undertow.server.Connectors.executeRootHandler(Connectors.java:393) ~[undertow-core-2.3.13.Final.jar:2.3.13.Final]
	at io.undertow.server.HttpServerExchange$1.run(HttpServerExchange.java:859) ~[undertow-core-2.3.13.Final.jar:2.3.13.Final]
	at org.jboss.threads.ContextHandler$1.runWith(ContextHandler.java:18) ~[jboss-threads-3.5.0.Final.jar:3.5.0.Final]
	at org.jboss.threads.EnhancedQueueExecutor$Task.run(EnhancedQueueExecutor.java:2513) ~[jboss-threads-3.5.0.Final.jar:3.5.0.Final]
	at org.jboss.threads.EnhancedQueueExecutor$ThreadBody.run(EnhancedQueueExecutor.java:1538) ~[jboss-threads-3.5.0.Final.jar:3.5.0.Final]
	at org.xnio.XnioWorker$WorkerThreadFactory$1$1.run(XnioWorker.java:1282) ~[xnio-api-3.8.8.Final.jar:3.8.8.Final]
	at java.base/java.lang.Thread.run(Thread.java:1583) [?:?]
	Suppressed: org.springframework.web.context.request.async.AsyncRequestNotUsableException: Response not usable after response errors.
		at org.springframework.web.context.request.async.StandardServletAsyncWebRequest$LifecycleHttpServletResponse.obtainLockAndCheckState(StandardServletAsyncWebRequest.java:314) ~[spring-web-6.1.10.jar:6.1.10]
		at org.springframework.web.context.request.async.StandardServletAsyncWebRequest$LifecycleServletOutputStream.write(StandardServletAsyncWebRequest.java:373) ~[spring-web-6.1.10.jar:6.1.10]
		at org.springframework.util.StreamUtils$NonClosingOutputStream.write(StreamUtils.java:261) ~[spring-core-6.1.10.jar:6.1.10]
		at com.fasterxml.jackson.core.json.UTF8JsonGenerator._flushBuffer(UTF8JsonGenerator.java:2210) ~[jackson-core-2.17.1.jar:2.17.1]
		at com.fasterxml.jackson.core.json.UTF8JsonGenerator.close(UTF8JsonGenerator.java:1234) ~[jackson-core-2.17.1.jar:2.17.1]
		at org.springframework.http.converter.json.AbstractJackson2HttpMessageConverter.writeInternal(AbstractJackson2HttpMessageConverter.java:452) ~[spring-web-6.1.10.jar:6.1.10]
		at org.springframework.http.converter.AbstractGenericHttpMessageConverter.write(AbstractGenericHttpMessageConverter.java:114) ~[spring-web-6.1.10.jar:6.1.10]
		at org.springframework.web.servlet.mvc.method.annotation.AbstractMessageConverterMethodProcessor.writeWithMessageConverters(AbstractMessageConverterMethodProcessor.java:297) ~[spring-webmvc-6.1.10.jar:6.1.10]
		at org.springframework.web.servlet.mvc.method.annotation.RequestResponseBodyMethodProcessor.handleReturnValue(RequestResponseBodyMethodProcessor.java:192) ~[spring-webmvc-6.1.10.jar:6.1.10]
		at org.springframework.web.method.support.HandlerMethodReturnValueHandlerComposite.handleReturnValue(HandlerMethodReturnValueHandlerComposite.java:78) ~[spring-web-6.1.10.jar:6.1.10]
		at org.springframework.web.servlet.mvc.method.annotation.ServletInvocableHandlerMethod.invokeAndHandle(ServletInvocableHandlerMethod.java:136) ~[spring-webmvc-6.1.10.jar:6.1.10]
		at org.springframework.web.servlet.mvc.method.annotation.RequestMappingHandlerAdapter.invokeHandlerMethod(RequestMappingHandlerAdapter.java:926) ~[spring-webmvc-6.1.10.jar:6.1.10]
		at org.springframework.web.servlet.mvc.method.annotation.RequestMappingHandlerAdapter.handleInternal(RequestMappingHandlerAdapter.java:831) ~[spring-webmvc-6.1.10.jar:6.1.10]
		at org.springframework.web.servlet.mvc.method.AbstractHandlerMethodAdapter.handle(AbstractHandlerMethodAdapter.java:87) ~[spring-webmvc-6.1.10.jar:6.1.10]
		at org.springframework.web.servlet.DispatcherServlet.doDispatch(DispatcherServlet.java:1089) ~[spring-webmvc-6.1.10.jar:6.1.10]
		at org.springframework.web.servlet.DispatcherServlet.doService(DispatcherServlet.java:979) ~[spring-webmvc-6.1.10.jar:6.1.10]
		at org.springframework.web.servlet.FrameworkServlet.processRequest(FrameworkServlet.java:1014) ~[spring-webmvc-6.1.10.jar:6.1.10]
		at org.springframework.web.servlet.FrameworkServlet.doPost(FrameworkServlet.java:914) ~[spring-webmvc-6.1.10.jar:6.1.10]
		at jakarta.servlet.http.HttpServlet.service(HttpServlet.java:547) ~[jakarta.servlet-api-6.0.0.jar:6.0.0]
		at org.springframework.web.servlet.FrameworkServlet.service(FrameworkServlet.java:885) ~[spring-webmvc-6.1.10.jar:6.1.10]
		at jakarta.servlet.http.HttpServlet.service(HttpServlet.java:614) ~[jakarta.servlet-api-6.0.0.jar:6.0.0]
		at io.undertow.servlet.handlers.ServletHandler.handleRequest(ServletHandler.java:74) ~[undertow-servlet-2.3.13.Final.jar:2.3.13.Final]
		at io.undertow.servlet.handlers.FilterHandler$FilterChainImpl.doFilter(FilterHandler.java:129) ~[undertow-servlet-2.3.13.Final.jar:2.3.13.Final]
		at org.springframework.web.filter.CorsFilter.doFilterInternal(CorsFilter.java:91) ~[spring-web-6.1.10.jar:6.1.10]
		at org.springframework.web.filter.OncePerRequestFilter.doFilter(OncePerRequestFilter.java:116) ~[spring-web-6.1.10.jar:6.1.10]
		at io.undertow.servlet.core.ManagedFilter.doFilter(ManagedFilter.java:67) ~[undertow-servlet-2.3.13.Final.jar:2.3.13.Final]
		at io.undertow.servlet.handlers.FilterHandler$FilterChainImpl.doFilter(FilterHandler.java:131) ~[undertow-servlet-2.3.13.Final.jar:2.3.13.Final]
		at org.springframework.web.filter.RequestContextFilter.doFilterInternal(RequestContextFilter.java:100) ~[spring-web-6.1.10.jar:6.1.10]
		at org.springframework.web.filter.OncePerRequestFilter.doFilter(OncePerRequestFilter.java:116) ~[spring-web-6.1.10.jar:6.1.10]
		at io.undertow.servlet.core.ManagedFilter.doFilter(ManagedFilter.java:67) ~[undertow-servlet-2.3.13.Final.jar:2.3.13.Final]
		at io.undertow.servlet.handlers.FilterHandler$FilterChainImpl.doFilter(FilterHandler.java:131) ~[undertow-servlet-2.3.13.Final.jar:2.3.13.Final]
		at org.springframework.web.filter.FormContentFilter.doFilterInternal(FormContentFilter.java:93) ~[spring-web-6.1.10.jar:6.1.10]
		at org.springframework.web.filter.OncePerRequestFilter.doFilter(OncePerRequestFilter.java:116) ~[spring-web-6.1.10.jar:6.1.10]
		at io.undertow.servlet.core.ManagedFilter.doFilter(ManagedFilter.java:67) ~[undertow-servlet-2.3.13.Final.jar:2.3.13.Final]
		at io.undertow.servlet.handlers.FilterHandler$FilterChainImpl.doFilter(FilterHandler.java:131) ~[undertow-servlet-2.3.13.Final.jar:2.3.13.Final]
		at org.springframework.web.filter.CharacterEncodingFilter.doFilterInternal(CharacterEncodingFilter.java:201) ~[spring-web-6.1.10.jar:6.1.10]
		at org.springframework.web.filter.OncePerRequestFilter.doFilter(OncePerRequestFilter.java:116) ~[spring-web-6.1.10.jar:6.1.10]
		at io.undertow.servlet.core.ManagedFilter.doFilter(ManagedFilter.java:67) ~[undertow-servlet-2.3.13.Final.jar:2.3.13.Final]
		at io.undertow.servlet.handlers.FilterHandler$FilterChainImpl.doFilter(FilterHandler.java:131) ~[undertow-servlet-2.3.13.Final.jar:2.3.13.Final]
		at io.undertow.servlet.handlers.FilterHandler.handleRequest(FilterHandler.java:84) ~[undertow-servlet-2.3.13.Final.jar:2.3.13.Final]
		at io.undertow.servlet.handlers.security.ServletSecurityRoleHandler.handleRequest(ServletSecurityRoleHandler.java:62) ~[undertow-servlet-2.3.13.Final.jar:2.3.13.Final]
		at io.undertow.servlet.handlers.ServletChain$1.handleRequest(ServletChain.java:68) ~[undertow-servlet-2.3.13.Final.jar:2.3.13.Final]
		at io.undertow.servlet.handlers.ServletDispatchingHandler.handleRequest(ServletDispatchingHandler.java:36) ~[undertow-servlet-2.3.13.Final.jar:2.3.13.Final]
		at io.undertow.servlet.handlers.RedirectDirHandler.handleRequest(RedirectDirHandler.java:68) ~[undertow-servlet-2.3.13.Final.jar:2.3.13.Final]
		at io.undertow.servlet.handlers.security.SSLInformationAssociationHandler.handleRequest(SSLInformationAssociationHandler.java:117) ~[undertow-servlet-2.3.13.Final.jar:2.3.13.Final]
		at io.undertow.servlet.handlers.security.ServletAuthenticationCallHandler.handleRequest(ServletAuthenticationCallHandler.java:57) ~[undertow-servlet-2.3.13.Final.jar:2.3.13.Final]
		at io.undertow.server.handlers.PredicateHandler.handleRequest(PredicateHandler.java:43) ~[undertow-core-2.3.13.Final.jar:2.3.13.Final]
		at io.undertow.security.handlers.AbstractConfidentialityHandler.handleRequest(AbstractConfidentialityHandler.java:46) ~[undertow-core-2.3.13.Final.jar:2.3.13.Final]
		at io.undertow.servlet.handlers.security.ServletConfidentialityConstraintHandler.handleRequest(ServletConfidentialityConstraintHandler.java:64) ~[undertow-servlet-2.3.13.Final.jar:2.3.13.Final]
		at io.undertow.security.handlers.AuthenticationMechanismsHandler.handleRequest(AuthenticationMechanismsHandler.java:60) ~[undertow-core-2.3.13.Final.jar:2.3.13.Final]
		at io.undertow.servlet.handlers.security.CachedAuthenticatedSessionHandler.handleRequest(CachedAuthenticatedSessionHandler.java:77) ~[undertow-servlet-2.3.13.Final.jar:2.3.13.Final]
		at io.undertow.security.handlers.AbstractSecurityContextAssociationHandler.handleRequest(AbstractSecurityContextAssociationHandler.java:43) ~[undertow-core-2.3.13.Final.jar:2.3.13.Final]
		at io.undertow.server.handlers.PredicateHandler.handleRequest(PredicateHandler.java:43) ~[undertow-core-2.3.13.Final.jar:2.3.13.Final]
		at io.undertow.servlet.handlers.SendErrorPageHandler.handleRequest(SendErrorPageHandler.java:52) ~[undertow-servlet-2.3.13.Final.jar:2.3.13.Final]
		at io.undertow.server.handlers.PredicateHandler.handleRequest(PredicateHandler.java:43) ~[undertow-core-2.3.13.Final.jar:2.3.13.Final]
		at io.undertow.servlet.handlers.ServletInitialHandler.handleFirstRequest(ServletInitialHandler.java:276) ~[undertow-servlet-2.3.13.Final.jar:2.3.13.Final]
		at io.undertow.servlet.handlers.ServletInitialHandler$2.call(ServletInitialHandler.java:135) ~[undertow-servlet-2.3.13.Final.jar:2.3.13.Final]
		at io.undertow.servlet.handlers.ServletInitialHandler$2.call(ServletInitialHandler.java:132) ~[undertow-servlet-2.3.13.Final.jar:2.3.13.Final]
		at io.undertow.servlet.core.ServletRequestContextThreadSetupAction$1.call(ServletRequestContextThreadSetupAction.java:48) ~[undertow-servlet-2.3.13.Final.jar:2.3.13.Final]
		at io.undertow.servlet.core.ContextClassLoaderSetupAction$1.call(ContextClassLoaderSetupAction.java:43) ~[undertow-servlet-2.3.13.Final.jar:2.3.13.Final]
		at io.undertow.servlet.handlers.ServletInitialHandler.dispatchRequest(ServletInitialHandler.java:256) ~[undertow-servlet-2.3.13.Final.jar:2.3.13.Final]
		at io.undertow.servlet.handlers.ServletInitialHandler$1.handleRequest(ServletInitialHandler.java:101) ~[undertow-servlet-2.3.13.Final.jar:2.3.13.Final]
		at io.undertow.server.Connectors.executeRootHandler(Connectors.java:393) ~[undertow-core-2.3.13.Final.jar:2.3.13.Final]
		at io.undertow.server.HttpServerExchange$1.run(HttpServerExchange.java:859) ~[undertow-core-2.3.13.Final.jar:2.3.13.Final]
		at org.jboss.threads.ContextHandler$1.runWith(ContextHandler.java:18) ~[jboss-threads-3.5.0.Final.jar:3.5.0.Final]
		at org.jboss.threads.EnhancedQueueExecutor$Task.run(EnhancedQueueExecutor.java:2513) ~[jboss-threads-3.5.0.Final.jar:3.5.0.Final]
		at org.jboss.threads.EnhancedQueueExecutor$ThreadBody.run(EnhancedQueueExecutor.java:1538) ~[jboss-threads-3.5.0.Final.jar:3.5.0.Final]
		at org.xnio.XnioWorker$WorkerThreadFactory$1$1.run(XnioWorker.java:1282) ~[xnio-api-3.8.8.Final.jar:3.8.8.Final]
		at java.base/java.lang.Thread.run(Thread.java:1583) [?:?]
Caused by: java.io.IOException: Broken pipe
	at java.base/sun.nio.ch.SocketDispatcher.write0(Native Method) ~[?:?]
	at java.base/sun.nio.ch.SocketDispatcher.write(SocketDispatcher.java:62) ~[?:?]
	at java.base/sun.nio.ch.IOUtil.writeFromNativeBuffer(IOUtil.java:137) ~[?:?]
	at java.base/sun.nio.ch.IOUtil.write(IOUtil.java:81) ~[?:?]
	at java.base/sun.nio.ch.IOUtil.write(IOUtil.java:58) ~[?:?]
	at java.base/sun.nio.ch.SocketChannelImpl.write(SocketChannelImpl.java:542) ~[?:?]
	at org.xnio.nio.NioSocketConduit.write(NioSocketConduit.java:153) ~[xnio-nio-3.8.8.Final.jar:3.8.8.Final]
	at io.undertow.server.protocol.http.HttpResponseConduit.write(HttpResponseConduit.java:629) ~[undertow-core-2.3.13.Final.jar:2.3.13.Final]
	at org.xnio.conduits.AbstractStreamSinkConduit.write(AbstractStreamSinkConduit.java:51) ~[xnio-api-3.8.8.Final.jar:3.8.8.Final]
	at io.undertow.conduits.DeflatingStreamSinkConduit.performFlushIfRequiredSingleBuffer(DeflatingStreamSinkConduit.java:445) ~[undertow-core-2.3.13.Final.jar:2.3.13.Final]
	at io.undertow.conduits.DeflatingStreamSinkConduit.performFlushIfRequired(DeflatingStreamSinkConduit.java:432) ~[undertow-core-2.3.13.Final.jar:2.3.13.Final]
	at io.undertow.conduits.DeflatingStreamSinkConduit.deflateData(DeflatingStreamSinkConduit.java:522) ~[undertow-core-2.3.13.Final.jar:2.3.13.Final]
	at io.undertow.conduits.DeflatingStreamSinkConduit.write(DeflatingStreamSinkConduit.java:130) ~[undertow-core-2.3.13.Final.jar:2.3.13.Final]
	at io.undertow.conduits.DeflatingStreamSinkConduit.write(DeflatingStreamSinkConduit.java:165) ~[undertow-core-2.3.13.Final.jar:2.3.13.Final]
	at org.xnio.conduits.ConduitStreamSinkChannel.write(ConduitStreamSinkChannel.java:158) ~[xnio-api-3.8.8.Final.jar:3.8.8.Final]
	at io.undertow.channels.DetachableStreamSinkChannel.write(DetachableStreamSinkChannel.java:179) ~[undertow-core-2.3.13.Final.jar:2.3.13.Final]
	at io.undertow.server.HttpServerExchange$WriteDispatchChannel.write(HttpServerExchange.java:2172) ~[undertow-core-2.3.13.Final.jar:2.3.13.Final]
	at org.xnio.channels.Channels.writeBlocking(Channels.java:202) ~[xnio-api-3.8.8.Final.jar:3.8.8.Final]
	at io.undertow.servlet.spec.ServletOutputStreamImpl.writeTooLargeForBuffer(ServletOutputStreamImpl.java:201) ~[undertow-servlet-2.3.13.Final.jar:2.3.13.Final]
	at io.undertow.servlet.spec.ServletOutputStreamImpl.write(ServletOutputStreamImpl.java:149) ~[undertow-servlet-2.3.13.Final.jar:2.3.13.Final]
	at org.springframework.web.context.request.async.StandardServletAsyncWebRequest$LifecycleServletOutputStream.write(StandardServletAsyncWebRequest.java:375) ~[spring-web-6.1.10.jar:6.1.10]
	... 86 more
[2026-05-21 11:00:22.461] ERROR XNIO-1 task-9 com.jts.gjcxfzksh.exception.handler.GlobalExceptionHandler[63] - 请求地址'/pt/network/tile',发生系统异常. 
org.springframework.web.context.request.async.AsyncRequestNotUsableException: ServletOutputStream failed to write: Broken pipe
	at org.springframework.web.context.request.async.StandardServletAsyncWebRequest$LifecycleHttpServletResponse.handleIOException(StandardServletAsyncWebRequest.java:320) ~[spring-web-6.1.10.jar:6.1.10]
	at org.springframework.web.context.request.async.StandardServletAsyncWebRequest$LifecycleServletOutputStream.write(StandardServletAsyncWebRequest.java:378) ~[spring-web-6.1.10.jar:6.1.10]
	at org.springframework.util.StreamUtils$NonClosingOutputStream.write(StreamUtils.java:261) ~[spring-core-6.1.10.jar:6.1.10]
	at com.fasterxml.jackson.core.json.UTF8JsonGenerator._flushBuffer(UTF8JsonGenerator.java:2210) ~[jackson-core-2.17.1.jar:2.17.1]
	at com.fasterxml.jackson.core.json.UTF8JsonGenerator.writeRaw(UTF8JsonGenerator.java:764) ~[jackson-core-2.17.1.jar:2.17.1]
	at com.fasterxml.jackson.core.json.UTF8JsonGenerator.writeRaw(UTF8JsonGenerator.java:674) ~[jackson-core-2.17.1.jar:2.17.1]
	at com.fasterxml.jackson.core.json.UTF8JsonGenerator.writeNumber(UTF8JsonGenerator.java:1065) ~[jackson-core-2.17.1.jar:2.17.1]
	at com.fasterxml.jackson.databind.ser.std.NumberSerializers$FloatSerializer.serialize(NumberSerializers.java:214) ~[jackson-databind-2.17.1.jar:2.17.1]
	at com.fasterxml.jackson.databind.ser.BeanPropertyWriter.serializeAsField(BeanPropertyWriter.java:732) ~[jackson-databind-2.17.1.jar:2.17.1]
	at com.fasterxml.jackson.databind.ser.std.BeanSerializerBase.serializeFields(BeanSerializerBase.java:770) ~[jackson-databind-2.17.1.jar:2.17.1]
	at com.fasterxml.jackson.databind.ser.BeanSerializer.serialize(BeanSerializer.java:183) ~[jackson-databind-2.17.1.jar:2.17.1]
	at com.fasterxml.jackson.databind.ser.BeanPropertyWriter.serializeAsField(BeanPropertyWriter.java:732) ~[jackson-databind-2.17.1.jar:2.17.1]
	at com.fasterxml.jackson.databind.ser.std.BeanSerializerBase.serializeFields(BeanSerializerBase.java:770) ~[jackson-databind-2.17.1.jar:2.17.1]
	at com.fasterxml.jackson.databind.ser.BeanSerializer.serialize(BeanSerializer.java:183) ~[jackson-databind-2.17.1.jar:2.17.1]
	at com.fasterxml.jackson.databind.ser.impl.IndexedListSerializer.serializeContents(IndexedListSerializer.java:119) ~[jackson-databind-2.17.1.jar:2.17.1]
	at com.fasterxml.jackson.databind.ser.impl.IndexedListSerializer.serialize(IndexedListSerializer.java:79) ~[jackson-databind-2.17.1.jar:2.17.1]
	at com.fasterxml.jackson.databind.ser.impl.IndexedListSerializer.serialize(IndexedListSerializer.java:18) ~[jackson-databind-2.17.1.jar:2.17.1]
	at com.fasterxml.jackson.databind.ser.BeanPropertyWriter.serializeAsField(BeanPropertyWriter.java:732) ~[jackson-databind-2.17.1.jar:2.17.1]
	at com.fasterxml.jackson.databind.ser.std.BeanSerializerBase.serializeFields(BeanSerializerBase.java:770) ~[jackson-databind-2.17.1.jar:2.17.1]
	at com.fasterxml.jackson.databind.ser.BeanSerializer.serialize(BeanSerializer.java:183) ~[jackson-databind-2.17.1.jar:2.17.1]
	at com.fasterxml.jackson.databind.ser.DefaultSerializerProvider._serialize(DefaultSerializerProvider.java:502) ~[jackson-databind-2.17.1.jar:2.17.1]
	at com.fasterxml.jackson.databind.ser.DefaultSerializerProvider.serializeValue(DefaultSerializerProvider.java:341) ~[jackson-databind-2.17.1.jar:2.17.1]
	at com.fasterxml.jackson.databind.ObjectWriter$Prefetch.serialize(ObjectWriter.java:1574) ~[jackson-databind-2.17.1.jar:2.17.1]
	at com.fasterxml.jackson.databind.ObjectWriter.writeValue(ObjectWriter.java:1061) ~[jackson-databind-2.17.1.jar:2.17.1]
	at org.springframework.http.converter.json.AbstractJackson2HttpMessageConverter.writeInternal(AbstractJackson2HttpMessageConverter.java:483) ~[spring-web-6.1.10.jar:6.1.10]
	at org.springframework.http.converter.AbstractGenericHttpMessageConverter.write(AbstractGenericHttpMessageConverter.java:114) ~[spring-web-6.1.10.jar:6.1.10]
	at org.springframework.web.servlet.mvc.method.annotation.AbstractMessageConverterMethodProcessor.writeWithMessageConverters(AbstractMessageConverterMethodProcessor.java:297) ~[spring-webmvc-6.1.10.jar:6.1.10]
	at org.springframework.web.servlet.mvc.method.annotation.RequestResponseBodyMethodProcessor.handleReturnValue(RequestResponseBodyMethodProcessor.java:192) ~[spring-webmvc-6.1.10.jar:6.1.10]
	at org.springframework.web.method.support.HandlerMethodReturnValueHandlerComposite.handleReturnValue(HandlerMethodReturnValueHandlerComposite.java:78) ~[spring-web-6.1.10.jar:6.1.10]
	at org.springframework.web.servlet.mvc.method.annotation.ServletInvocableHandlerMethod.invokeAndHandle(ServletInvocableHandlerMethod.java:136) ~[spring-webmvc-6.1.10.jar:6.1.10]
	at org.springframework.web.servlet.mvc.method.annotation.RequestMappingHandlerAdapter.invokeHandlerMethod(RequestMappingHandlerAdapter.java:926) ~[spring-webmvc-6.1.10.jar:6.1.10]
	at org.springframework.web.servlet.mvc.method.annotation.RequestMappingHandlerAdapter.handleInternal(RequestMappingHandlerAdapter.java:831) ~[spring-webmvc-6.1.10.jar:6.1.10]
	at org.springframework.web.servlet.mvc.method.AbstractHandlerMethodAdapter.handle(AbstractHandlerMethodAdapter.java:87) ~[spring-webmvc-6.1.10.jar:6.1.10]
	at org.springframework.web.servlet.DispatcherServlet.doDispatch(DispatcherServlet.java:1089) ~[spring-webmvc-6.1.10.jar:6.1.10]
	at org.springframework.web.servlet.DispatcherServlet.doService(DispatcherServlet.java:979) ~[spring-webmvc-6.1.10.jar:6.1.10]
	at org.springframework.web.servlet.FrameworkServlet.processRequest(FrameworkServlet.java:1014) ~[spring-webmvc-6.1.10.jar:6.1.10]
	at org.springframework.web.servlet.FrameworkServlet.doPost(FrameworkServlet.java:914) ~[spring-webmvc-6.1.10.jar:6.1.10]
	at jakarta.servlet.http.HttpServlet.service(HttpServlet.java:547) ~[jakarta.servlet-api-6.0.0.jar:6.0.0]
	at org.springframework.web.servlet.FrameworkServlet.service(FrameworkServlet.java:885) ~[spring-webmvc-6.1.10.jar:6.1.10]
	at jakarta.servlet.http.HttpServlet.service(HttpServlet.java:614) ~[jakarta.servlet-api-6.0.0.jar:6.0.0]
	at io.undertow.servlet.handlers.ServletHandler.handleRequest(ServletHandler.java:74) ~[undertow-servlet-2.3.13.Final.jar:2.3.13.Final]
	at io.undertow.servlet.handlers.FilterHandler$FilterChainImpl.doFilter(FilterHandler.java:129) ~[undertow-servlet-2.3.13.Final.jar:2.3.13.Final]
	at org.springframework.web.filter.CorsFilter.doFilterInternal(CorsFilter.java:91) ~[spring-web-6.1.10.jar:6.1.10]
	at org.springframework.web.filter.OncePerRequestFilter.doFilter(OncePerRequestFilter.java:116) ~[spring-web-6.1.10.jar:6.1.10]
	at io.undertow.servlet.core.ManagedFilter.doFilter(ManagedFilter.java:67) ~[undertow-servlet-2.3.13.Final.jar:2.3.13.Final]
	at io.undertow.servlet.handlers.FilterHandler$FilterChainImpl.doFilter(FilterHandler.java:131) ~[undertow-servlet-2.3.13.Final.jar:2.3.13.Final]
	at org.springframework.web.filter.RequestContextFilter.doFilterInternal(RequestContextFilter.java:100) ~[spring-web-6.1.10.jar:6.1.10]
	at org.springframework.web.filter.OncePerRequestFilter.doFilter(OncePerRequestFilter.java:116) ~[spring-web-6.1.10.jar:6.1.10]
	at io.undertow.servlet.core.ManagedFilter.doFilter(ManagedFilter.java:67) ~[undertow-servlet-2.3.13.Final.jar:2.3.13.Final]
	at io.undertow.servlet.handlers.FilterHandler$FilterChainImpl.doFilter(FilterHandler.java:131) ~[undertow-servlet-2.3.13.Final.jar:2.3.13.Final]
	at org.springframework.web.filter.FormContentFilter.doFilterInternal(FormContentFilter.java:93) ~[spring-web-6.1.10.jar:6.1.10]
	at org.springframework.web.filter.OncePerRequestFilter.doFilter(OncePerRequestFilter.java:116) ~[spring-web-6.1.10.jar:6.1.10]
	at io.undertow.servlet.core.ManagedFilter.doFilter(ManagedFilter.java:67) ~[undertow-servlet-2.3.13.Final.jar:2.3.13.Final]
	at io.undertow.servlet.handlers.FilterHandler$FilterChainImpl.doFilter(FilterHandler.java:131) ~[undertow-servlet-2.3.13.Final.jar:2.3.13.Final]
	at org.springframework.web.filter.CharacterEncodingFilter.doFilterInternal(CharacterEncodingFilter.java:201) ~[spring-web-6.1.10.jar:6.1.10]
	at org.springframework.web.filter.OncePerRequestFilter.doFilter(OncePerRequestFilter.java:116) ~[spring-web-6.1.10.jar:6.1.10]
	at io.undertow.servlet.core.ManagedFilter.doFilter(ManagedFilter.java:67) ~[undertow-servlet-2.3.13.Final.jar:2.3.13.Final]
	at io.undertow.servlet.handlers.FilterHandler$FilterChainImpl.doFilter(FilterHandler.java:131) ~[undertow-servlet-2.3.13.Final.jar:2.3.13.Final]
	at io.undertow.servlet.handlers.FilterHandler.handleRequest(FilterHandler.java:84) ~[undertow-servlet-2.3.13.Final.jar:2.3.13.Final]
	at io.undertow.servlet.handlers.security.ServletSecurityRoleHandler.handleRequest(ServletSecurityRoleHandler.java:62) ~[undertow-servlet-2.3.13.Final.jar:2.3.13.Final]
	at io.undertow.servlet.handlers.ServletChain$1.handleRequest(ServletChain.java:68) ~[undertow-servlet-2.3.13.Final.jar:2.3.13.Final]
	at io.undertow.servlet.handlers.ServletDispatchingHandler.handleRequest(ServletDispatchingHandler.java:36) ~[undertow-servlet-2.3.13.Final.jar:2.3.13.Final]
	at io.undertow.servlet.handlers.RedirectDirHandler.handleRequest(RedirectDirHandler.java:68) ~[undertow-servlet-2.3.13.Final.jar:2.3.13.Final]
	at io.undertow.servlet.handlers.security.SSLInformationAssociationHandler.handleRequest(SSLInformationAssociationHandler.java:117) ~[undertow-servlet-2.3.13.Final.jar:2.3.13.Final]
	at io.undertow.servlet.handlers.security.ServletAuthenticationCallHandler.handleRequest(ServletAuthenticationCallHandler.java:57) ~[undertow-servlet-2.3.13.Final.jar:2.3.13.Final]
	at io.undertow.server.handlers.PredicateHandler.handleRequest(PredicateHandler.java:43) ~[undertow-core-2.3.13.Final.jar:2.3.13.Final]
	at io.undertow.security.handlers.AbstractConfidentialityHandler.handleRequest(AbstractConfidentialityHandler.java:46) ~[undertow-core-2.3.13.Final.jar:2.3.13.Final]
	at io.undertow.servlet.handlers.security.ServletConfidentialityConstraintHandler.handleRequest(ServletConfidentialityConstraintHandler.java:64) ~[undertow-servlet-2.3.13.Final.jar:2.3.13.Final]
	at io.undertow.security.handlers.AuthenticationMechanismsHandler.handleRequest(AuthenticationMechanismsHandler.java:60) ~[undertow-core-2.3.13.Final.jar:2.3.13.Final]
	at io.undertow.servlet.handlers.security.CachedAuthenticatedSessionHandler.handleRequest(CachedAuthenticatedSessionHandler.java:77) ~[undertow-servlet-2.3.13.Final.jar:2.3.13.Final]
	at io.undertow.security.handlers.AbstractSecurityContextAssociationHandler.handleRequest(AbstractSecurityContextAssociationHandler.java:43) ~[undertow-core-2.3.13.Final.jar:2.3.13.Final]
	at io.undertow.server.handlers.PredicateHandler.handleRequest(PredicateHandler.java:43) ~[undertow-core-2.3.13.Final.jar:2.3.13.Final]
	at io.undertow.servlet.handlers.SendErrorPageHandler.handleRequest(SendErrorPageHandler.java:52) ~[undertow-servlet-2.3.13.Final.jar:2.3.13.Final]
	at io.undertow.server.handlers.PredicateHandler.handleRequest(PredicateHandler.java:43) ~[undertow-core-2.3.13.Final.jar:2.3.13.Final]
	at io.undertow.servlet.handlers.ServletInitialHandler.handleFirstRequest(ServletInitialHandler.java:276) ~[undertow-servlet-2.3.13.Final.jar:2.3.13.Final]
	at io.undertow.servlet.handlers.ServletInitialHandler$2.call(ServletInitialHandler.java:135) ~[undertow-servlet-2.3.13.Final.jar:2.3.13.Final]
	at io.undertow.servlet.handlers.ServletInitialHandler$2.call(ServletInitialHandler.java:132) ~[undertow-servlet-2.3.13.Final.jar:2.3.13.Final]
	at io.undertow.servlet.core.ServletRequestContextThreadSetupAction$1.call(ServletRequestContextThreadSetupAction.java:48) ~[undertow-servlet-2.3.13.Final.jar:2.3.13.Final]
	at io.undertow.servlet.core.ContextClassLoaderSetupAction$1.call(ContextClassLoaderSetupAction.java:43) ~[undertow-servlet-2.3.13.Final.jar:2.3.13.Final]
	at io.undertow.servlet.handlers.ServletInitialHandler.dispatchRequest(ServletInitialHandler.java:256) ~[undertow-servlet-2.3.13.Final.jar:2.3.13.Final]
	at io.undertow.servlet.handlers.ServletInitialHandler$1.handleRequest(ServletInitialHandler.java:101) ~[undertow-servlet-2.3.13.Final.jar:2.3.13.Final]
	at io.undertow.server.Connectors.executeRootHandler(Connectors.java:393) ~[undertow-core-2.3.13.Final.jar:2.3.13.Final]
	at io.undertow.server.HttpServerExchange$1.run(HttpServerExchange.java:859) ~[undertow-core-2.3.13.Final.jar:2.3.13.Final]
	at org.jboss.threads.ContextHandler$1.runWith(ContextHandler.java:18) ~[jboss-threads-3.5.0.Final.jar:3.5.0.Final]
	at org.jboss.threads.EnhancedQueueExecutor$Task.run(EnhancedQueueExecutor.java:2513) ~[jboss-threads-3.5.0.Final.jar:3.5.0.Final]
	at org.jboss.threads.EnhancedQueueExecutor$ThreadBody.run(EnhancedQueueExecutor.java:1538) ~[jboss-threads-3.5.0.Final.jar:3.5.0.Final]
	at org.xnio.XnioWorker$WorkerThreadFactory$1$1.run(XnioWorker.java:1282) ~[xnio-api-3.8.8.Final.jar:3.8.8.Final]
	at java.base/java.lang.Thread.run(Thread.java:1583) [?:?]
	Suppressed: org.springframework.web.context.request.async.AsyncRequestNotUsableException: Response not usable after response errors.
		at org.springframework.web.context.request.async.StandardServletAsyncWebRequest$LifecycleHttpServletResponse.obtainLockAndCheckState(StandardServletAsyncWebRequest.java:314) ~[spring-web-6.1.10.jar:6.1.10]
		at org.springframework.web.context.request.async.StandardServletAsyncWebRequest$LifecycleServletOutputStream.write(StandardServletAsyncWebRequest.java:373) ~[spring-web-6.1.10.jar:6.1.10]
		at org.springframework.util.StreamUtils$NonClosingOutputStream.write(StreamUtils.java:261) ~[spring-core-6.1.10.jar:6.1.10]
		at com.fasterxml.jackson.core.json.UTF8JsonGenerator._flushBuffer(UTF8JsonGenerator.java:2210) ~[jackson-core-2.17.1.jar:2.17.1]
		at com.fasterxml.jackson.core.json.UTF8JsonGenerator.close(UTF8JsonGenerator.java:1234) ~[jackson-core-2.17.1.jar:2.17.1]
		at org.springframework.http.converter.json.AbstractJackson2HttpMessageConverter.writeInternal(AbstractJackson2HttpMessageConverter.java:452) ~[spring-web-6.1.10.jar:6.1.10]
		at org.springframework.http.converter.AbstractGenericHttpMessageConverter.write(AbstractGenericHttpMessageConverter.java:114) ~[spring-web-6.1.10.jar:6.1.10]
		at org.springframework.web.servlet.mvc.method.annotation.AbstractMessageConverterMethodProcessor.writeWithMessageConverters(AbstractMessageConverterMethodProcessor.java:297) ~[spring-webmvc-6.1.10.jar:6.1.10]
		at org.springframework.web.servlet.mvc.method.annotation.RequestResponseBodyMethodProcessor.handleReturnValue(RequestResponseBodyMethodProcessor.java:192) ~[spring-webmvc-6.1.10.jar:6.1.10]
		at org.springframework.web.method.support.HandlerMethodReturnValueHandlerComposite.handleReturnValue(HandlerMethodReturnValueHandlerComposite.java:78) ~[spring-web-6.1.10.jar:6.1.10]
		at org.springframework.web.servlet.mvc.method.annotation.ServletInvocableHandlerMethod.invokeAndHandle(ServletInvocableHandlerMethod.java:136) ~[spring-webmvc-6.1.10.jar:6.1.10]
		at org.springframework.web.servlet.mvc.method.annotation.RequestMappingHandlerAdapter.invokeHandlerMethod(RequestMappingHandlerAdapter.java:926) ~[spring-webmvc-6.1.10.jar:6.1.10]
		at org.springframework.web.servlet.mvc.method.annotation.RequestMappingHandlerAdapter.handleInternal(RequestMappingHandlerAdapter.java:831) ~[spring-webmvc-6.1.10.jar:6.1.10]
		at org.springframework.web.servlet.mvc.method.AbstractHandlerMethodAdapter.handle(AbstractHandlerMethodAdapter.java:87) ~[spring-webmvc-6.1.10.jar:6.1.10]
		at org.springframework.web.servlet.DispatcherServlet.doDispatch(DispatcherServlet.java:1089) ~[spring-webmvc-6.1.10.jar:6.1.10]
		at org.springframework.web.servlet.DispatcherServlet.doService(DispatcherServlet.java:979) ~[spring-webmvc-6.1.10.jar:6.1.10]
		at org.springframework.web.servlet.FrameworkServlet.processRequest(FrameworkServlet.java:1014) ~[spring-webmvc-6.1.10.jar:6.1.10]
		at org.springframework.web.servlet.FrameworkServlet.doPost(FrameworkServlet.java:914) ~[spring-webmvc-6.1.10.jar:6.1.10]
		at jakarta.servlet.http.HttpServlet.service(HttpServlet.java:547) ~[jakarta.servlet-api-6.0.0.jar:6.0.0]
		at org.springframework.web.servlet.FrameworkServlet.service(FrameworkServlet.java:885) ~[spring-webmvc-6.1.10.jar:6.1.10]
		at jakarta.servlet.http.HttpServlet.service(HttpServlet.java:614) ~[jakarta.servlet-api-6.0.0.jar:6.0.0]
		at io.undertow.servlet.handlers.ServletHandler.handleRequest(ServletHandler.java:74) ~[undertow-servlet-2.3.13.Final.jar:2.3.13.Final]
		at io.undertow.servlet.handlers.FilterHandler$FilterChainImpl.doFilter(FilterHandler.java:129) ~[undertow-servlet-2.3.13.Final.jar:2.3.13.Final]
		at org.springframework.web.filter.CorsFilter.doFilterInternal(CorsFilter.java:91) ~[spring-web-6.1.10.jar:6.1.10]
		at org.springframework.web.filter.OncePerRequestFilter.doFilter(OncePerRequestFilter.java:116) ~[spring-web-6.1.10.jar:6.1.10]
		at io.undertow.servlet.core.ManagedFilter.doFilter(ManagedFilter.java:67) ~[undertow-servlet-2.3.13.Final.jar:2.3.13.Final]
		at io.undertow.servlet.handlers.FilterHandler$FilterChainImpl.doFilter(FilterHandler.java:131) ~[undertow-servlet-2.3.13.Final.jar:2.3.13.Final]
		at org.springframework.web.filter.RequestContextFilter.doFilterInternal(RequestContextFilter.java:100) ~[spring-web-6.1.10.jar:6.1.10]
		at org.springframework.web.filter.OncePerRequestFilter.doFilter(OncePerRequestFilter.java:116) ~[spring-web-6.1.10.jar:6.1.10]
		at io.undertow.servlet.core.ManagedFilter.doFilter(ManagedFilter.java:67) ~[undertow-servlet-2.3.13.Final.jar:2.3.13.Final]
		at io.undertow.servlet.handlers.FilterHandler$FilterChainImpl.doFilter(FilterHandler.java:131) ~[undertow-servlet-2.3.13.Final.jar:2.3.13.Final]
		at org.springframework.web.filter.FormContentFilter.doFilterInternal(FormContentFilter.java:93) ~[spring-web-6.1.10.jar:6.1.10]
		at org.springframework.web.filter.OncePerRequestFilter.doFilter(OncePerRequestFilter.java:116) ~[spring-web-6.1.10.jar:6.1.10]
		at io.undertow.servlet.core.ManagedFilter.doFilter(ManagedFilter.java:67) ~[undertow-servlet-2.3.13.Final.jar:2.3.13.Final]
		at io.undertow.servlet.handlers.FilterHandler$FilterChainImpl.doFilter(FilterHandler.java:131) ~[undertow-servlet-2.3.13.Final.jar:2.3.13.Final]
		at org.springframework.web.filter.CharacterEncodingFilter.doFilterInternal(CharacterEncodingFilter.java:201) ~[spring-web-6.1.10.jar:6.1.10]
		at org.springframework.web.filter.OncePerRequestFilter.doFilter(OncePerRequestFilter.java:116) ~[spring-web-6.1.10.jar:6.1.10]
		at io.undertow.servlet.core.ManagedFilter.doFilter(ManagedFilter.java:67) ~[undertow-servlet-2.3.13.Final.jar:2.3.13.Final]
		at io.undertow.servlet.handlers.FilterHandler$FilterChainImpl.doFilter(FilterHandler.java:131) ~[undertow-servlet-2.3.13.Final.jar:2.3.13.Final]
		at io.undertow.servlet.handlers.FilterHandler.handleRequest(FilterHandler.java:84) ~[undertow-servlet-2.3.13.Final.jar:2.3.13.Final]
		at io.undertow.servlet.handlers.security.ServletSecurityRoleHandler.handleRequest(ServletSecurityRoleHandler.java:62) ~[undertow-servlet-2.3.13.Final.jar:2.3.13.Final]
		at io.undertow.servlet.handlers.ServletChain$1.handleRequest(ServletChain.java:68) ~[undertow-servlet-2.3.13.Final.jar:2.3.13.Final]
		at io.undertow.servlet.handlers.ServletDispatchingHandler.handleRequest(ServletDispatchingHandler.java:36) ~[undertow-servlet-2.3.13.Final.jar:2.3.13.Final]
		at io.undertow.servlet.handlers.RedirectDirHandler.handleRequest(RedirectDirHandler.java:68) ~[undertow-servlet-2.3.13.Final.jar:2.3.13.Final]
		at io.undertow.servlet.handlers.security.SSLInformationAssociationHandler.handleRequest(SSLInformationAssociationHandler.java:117) ~[undertow-servlet-2.3.13.Final.jar:2.3.13.Final]
		at io.undertow.servlet.handlers.security.ServletAuthenticationCallHandler.handleRequest(ServletAuthenticationCallHandler.java:57) ~[undertow-servlet-2.3.13.Final.jar:2.3.13.Final]
		at io.undertow.server.handlers.PredicateHandler.handleRequest(PredicateHandler.java:43) ~[undertow-core-2.3.13.Final.jar:2.3.13.Final]
		at io.undertow.security.handlers.AbstractConfidentialityHandler.handleRequest(AbstractConfidentialityHandler.java:46) ~[undertow-core-2.3.13.Final.jar:2.3.13.Final]
		at io.undertow.servlet.handlers.security.ServletConfidentialityConstraintHandler.handleRequest(ServletConfidentialityConstraintHandler.java:64) ~[undertow-servlet-2.3.13.Final.jar:2.3.13.Final]
		at io.undertow.security.handlers.AuthenticationMechanismsHandler.handleRequest(AuthenticationMechanismsHandler.java:60) ~[undertow-core-2.3.13.Final.jar:2.3.13.Final]
		at io.undertow.servlet.handlers.security.CachedAuthenticatedSessionHandler.handleRequest(CachedAuthenticatedSessionHandler.java:77) ~[undertow-servlet-2.3.13.Final.jar:2.3.13.Final]
		at io.undertow.security.handlers.AbstractSecurityContextAssociationHandler.handleRequest(AbstractSecurityContextAssociationHandler.java:43) ~[undertow-core-2.3.13.Final.jar:2.3.13.Final]
		at io.undertow.server.handlers.PredicateHandler.handleRequest(PredicateHandler.java:43) ~[undertow-core-2.3.13.Final.jar:2.3.13.Final]
		at io.undertow.servlet.handlers.SendErrorPageHandler.handleRequest(SendErrorPageHandler.java:52) ~[undertow-servlet-2.3.13.Final.jar:2.3.13.Final]
		at io.undertow.server.handlers.PredicateHandler.handleRequest(PredicateHandler.java:43) ~[undertow-core-2.3.13.Final.jar:2.3.13.Final]
		at io.undertow.servlet.handlers.ServletInitialHandler.handleFirstRequest(ServletInitialHandler.java:276) ~[undertow-servlet-2.3.13.Final.jar:2.3.13.Final]
		at io.undertow.servlet.handlers.ServletInitialHandler$2.call(ServletInitialHandler.java:135) ~[undertow-servlet-2.3.13.Final.jar:2.3.13.Final]
		at io.undertow.servlet.handlers.ServletInitialHandler$2.call(ServletInitialHandler.java:132) ~[undertow-servlet-2.3.13.Final.jar:2.3.13.Final]
		at io.undertow.servlet.core.ServletRequestContextThreadSetupAction$1.call(ServletRequestContextThreadSetupAction.java:48) ~[undertow-servlet-2.3.13.Final.jar:2.3.13.Final]
		at io.undertow.servlet.core.ContextClassLoaderSetupAction$1.call(ContextClassLoaderSetupAction.java:43) ~[undertow-servlet-2.3.13.Final.jar:2.3.13.Final]
		at io.undertow.servlet.handlers.ServletInitialHandler.dispatchRequest(ServletInitialHandler.java:256) ~[undertow-servlet-2.3.13.Final.jar:2.3.13.Final]
		at io.undertow.servlet.handlers.ServletInitialHandler$1.handleRequest(ServletInitialHandler.java:101) ~[undertow-servlet-2.3.13.Final.jar:2.3.13.Final]
		at io.undertow.server.Connectors.executeRootHandler(Connectors.java:393) ~[undertow-core-2.3.13.Final.jar:2.3.13.Final]
		at io.undertow.server.HttpServerExchange$1.run(HttpServerExchange.java:859) ~[undertow-core-2.3.13.Final.jar:2.3.13.Final]
		at org.jboss.threads.ContextHandler$1.runWith(ContextHandler.java:18) ~[jboss-threads-3.5.0.Final.jar:3.5.0.Final]
		at org.jboss.threads.EnhancedQueueExecutor$Task.run(EnhancedQueueExecutor.java:2513) ~[jboss-threads-3.5.0.Final.jar:3.5.0.Final]
		at org.jboss.threads.EnhancedQueueExecutor$ThreadBody.run(EnhancedQueueExecutor.java:1538) ~[jboss-threads-3.5.0.Final.jar:3.5.0.Final]
		at org.xnio.XnioWorker$WorkerThreadFactory$1$1.run(XnioWorker.java:1282) ~[xnio-api-3.8.8.Final.jar:3.8.8.Final]
		at java.base/java.lang.Thread.run(Thread.java:1583) [?:?]
Caused by: java.io.IOException: Broken pipe
	at java.base/sun.nio.ch.SocketDispatcher.write0(Native Method) ~[?:?]
	at java.base/sun.nio.ch.SocketDispatcher.write(SocketDispatcher.java:62) ~[?:?]
	at java.base/sun.nio.ch.IOUtil.writeFromNativeBuffer(IOUtil.java:137) ~[?:?]
	at java.base/sun.nio.ch.IOUtil.write(IOUtil.java:81) ~[?:?]
	at java.base/sun.nio.ch.IOUtil.write(IOUtil.java:58) ~[?:?]
	at java.base/sun.nio.ch.SocketChannelImpl.write(SocketChannelImpl.java:542) ~[?:?]
	at org.xnio.nio.NioSocketConduit.write(NioSocketConduit.java:153) ~[xnio-nio-3.8.8.Final.jar:3.8.8.Final]
	at io.undertow.server.protocol.http.HttpResponseConduit.write(HttpResponseConduit.java:629) ~[undertow-core-2.3.13.Final.jar:2.3.13.Final]
	at org.xnio.conduits.AbstractStreamSinkConduit.write(AbstractStreamSinkConduit.java:51) ~[xnio-api-3.8.8.Final.jar:3.8.8.Final]
	at io.undertow.conduits.DeflatingStreamSinkConduit.performFlushIfRequiredSingleBuffer(DeflatingStreamSinkConduit.java:445) ~[undertow-core-2.3.13.Final.jar:2.3.13.Final]
	at io.undertow.conduits.DeflatingStreamSinkConduit.performFlushIfRequired(DeflatingStreamSinkConduit.java:432) ~[undertow-core-2.3.13.Final.jar:2.3.13.Final]
	at io.undertow.conduits.DeflatingStreamSinkConduit.deflateData(DeflatingStreamSinkConduit.java:522) ~[undertow-core-2.3.13.Final.jar:2.3.13.Final]
	at io.undertow.conduits.DeflatingStreamSinkConduit.write(DeflatingStreamSinkConduit.java:130) ~[undertow-core-2.3.13.Final.jar:2.3.13.Final]
	at io.undertow.conduits.DeflatingStreamSinkConduit.write(DeflatingStreamSinkConduit.java:165) ~[undertow-core-2.3.13.Final.jar:2.3.13.Final]
	at org.xnio.conduits.ConduitStreamSinkChannel.write(ConduitStreamSinkChannel.java:158) ~[xnio-api-3.8.8.Final.jar:3.8.8.Final]
	at io.undertow.channels.DetachableStreamSinkChannel.write(DetachableStreamSinkChannel.java:179) ~[undertow-core-2.3.13.Final.jar:2.3.13.Final]
	at io.undertow.server.HttpServerExchange$WriteDispatchChannel.write(HttpServerExchange.java:2172) ~[undertow-core-2.3.13.Final.jar:2.3.13.Final]
	at org.xnio.channels.Channels.writeBlocking(Channels.java:202) ~[xnio-api-3.8.8.Final.jar:3.8.8.Final]
	at io.undertow.servlet.spec.ServletOutputStreamImpl.writeTooLargeForBuffer(ServletOutputStreamImpl.java:201) ~[undertow-servlet-2.3.13.Final.jar:2.3.13.Final]
	at io.undertow.servlet.spec.ServletOutputStreamImpl.write(ServletOutputStreamImpl.java:149) ~[undertow-servlet-2.3.13.Final.jar:2.3.13.Final]
	at org.springframework.web.context.request.async.StandardServletAsyncWebRequest$LifecycleServletOutputStream.write(StandardServletAsyncWebRequest.java:375) ~[spring-web-6.1.10.jar:6.1.10]
	... 86 more
[2026-05-21 11:02:57.378] ERROR XNIO-1 task-6 com.jts.gjcxfzksh.exception.handler.GlobalExceptionHandler[63] - 请求地址'/pt/network/tile',发生系统异常. 
org.springframework.web.context.request.async.AsyncRequestNotUsableException: ServletOutputStream failed to write: Broken pipe
	at org.springframework.web.context.request.async.StandardServletAsyncWebRequest$LifecycleHttpServletResponse.handleIOException(StandardServletAsyncWebRequest.java:320) ~[spring-web-6.1.10.jar:6.1.10]
	at org.springframework.web.context.request.async.StandardServletAsyncWebRequest$LifecycleServletOutputStream.write(StandardServletAsyncWebRequest.java:378) ~[spring-web-6.1.10.jar:6.1.10]
	at org.springframework.util.StreamUtils$NonClosingOutputStream.write(StreamUtils.java:261) ~[spring-core-6.1.10.jar:6.1.10]
	at com.fasterxml.jackson.core.json.UTF8JsonGenerator._flushBuffer(UTF8JsonGenerator.java:2210) ~[jackson-core-2.17.1.jar:2.17.1]
	at com.fasterxml.jackson.core.json.UTF8JsonGenerator.writeRaw(UTF8JsonGenerator.java:764) ~[jackson-core-2.17.1.jar:2.17.1]
	at com.fasterxml.jackson.core.json.UTF8JsonGenerator.writeRaw(UTF8JsonGenerator.java:674) ~[jackson-core-2.17.1.jar:2.17.1]
	at com.fasterxml.jackson.core.json.UTF8JsonGenerator.writeNumber(UTF8JsonGenerator.java:1065) ~[jackson-core-2.17.1.jar:2.17.1]
	at com.fasterxml.jackson.databind.ser.std.NumberSerializers$FloatSerializer.serialize(NumberSerializers.java:214) ~[jackson-databind-2.17.1.jar:2.17.1]
	at com.fasterxml.jackson.databind.ser.BeanPropertyWriter.serializeAsField(BeanPropertyWriter.java:732) ~[jackson-databind-2.17.1.jar:2.17.1]
	at com.fasterxml.jackson.databind.ser.std.BeanSerializerBase.serializeFields(BeanSerializerBase.java:770) ~[jackson-databind-2.17.1.jar:2.17.1]
	at com.fasterxml.jackson.databind.ser.BeanSerializer.serialize(BeanSerializer.java:183) ~[jackson-databind-2.17.1.jar:2.17.1]
	at com.fasterxml.jackson.databind.ser.BeanPropertyWriter.serializeAsField(BeanPropertyWriter.java:732) ~[jackson-databind-2.17.1.jar:2.17.1]
	at com.fasterxml.jackson.databind.ser.std.BeanSerializerBase.serializeFields(BeanSerializerBase.java:770) ~[jackson-databind-2.17.1.jar:2.17.1]
	at com.fasterxml.jackson.databind.ser.BeanSerializer.serialize(BeanSerializer.java:183) ~[jackson-databind-2.17.1.jar:2.17.1]
	at com.fasterxml.jackson.databind.ser.impl.IndexedListSerializer.serializeContents(IndexedListSerializer.java:119) ~[jackson-databind-2.17.1.jar:2.17.1]
	at com.fasterxml.jackson.databind.ser.impl.IndexedListSerializer.serialize(IndexedListSerializer.java:79) ~[jackson-databind-2.17.1.jar:2.17.1]
	at com.fasterxml.jackson.databind.ser.impl.IndexedListSerializer.serialize(IndexedListSerializer.java:18) ~[jackson-databind-2.17.1.jar:2.17.1]
	at com.fasterxml.jackson.databind.ser.BeanPropertyWriter.serializeAsField(BeanPropertyWriter.java:732) ~[jackson-databind-2.17.1.jar:2.17.1]
	at com.fasterxml.jackson.databind.ser.std.BeanSerializerBase.serializeFields(BeanSerializerBase.java:770) ~[jackson-databind-2.17.1.jar:2.17.1]
	at com.fasterxml.jackson.databind.ser.BeanSerializer.serialize(BeanSerializer.java:183) ~[jackson-databind-2.17.1.jar:2.17.1]
	at com.fasterxml.jackson.databind.ser.DefaultSerializerProvider._serialize(DefaultSerializerProvider.java:502) ~[jackson-databind-2.17.1.jar:2.17.1]
	at com.fasterxml.jackson.databind.ser.DefaultSerializerProvider.serializeValue(DefaultSerializerProvider.java:341) ~[jackson-databind-2.17.1.jar:2.17.1]
	at com.fasterxml.jackson.databind.ObjectWriter$Prefetch.serialize(ObjectWriter.java:1574) ~[jackson-databind-2.17.1.jar:2.17.1]
	at com.fasterxml.jackson.databind.ObjectWriter.writeValue(ObjectWriter.java:1061) ~[jackson-databind-2.17.1.jar:2.17.1]
	at org.springframework.http.converter.json.AbstractJackson2HttpMessageConverter.writeInternal(AbstractJackson2HttpMessageConverter.java:483) ~[spring-web-6.1.10.jar:6.1.10]
	at org.springframework.http.converter.AbstractGenericHttpMessageConverter.write(AbstractGenericHttpMessageConverter.java:114) ~[spring-web-6.1.10.jar:6.1.10]
	at org.springframework.web.servlet.mvc.method.annotation.AbstractMessageConverterMethodProcessor.writeWithMessageConverters(AbstractMessageConverterMethodProcessor.java:297) ~[spring-webmvc-6.1.10.jar:6.1.10]
	at org.springframework.web.servlet.mvc.method.annotation.RequestResponseBodyMethodProcessor.handleReturnValue(RequestResponseBodyMethodProcessor.java:192) ~[spring-webmvc-6.1.10.jar:6.1.10]
	at org.springframework.web.method.support.HandlerMethodReturnValueHandlerComposite.handleReturnValue(HandlerMethodReturnValueHandlerComposite.java:78) ~[spring-web-6.1.10.jar:6.1.10]
	at org.springframework.web.servlet.mvc.method.annotation.ServletInvocableHandlerMethod.invokeAndHandle(ServletInvocableHandlerMethod.java:136) ~[spring-webmvc-6.1.10.jar:6.1.10]
	at org.springframework.web.servlet.mvc.method.annotation.RequestMappingHandlerAdapter.invokeHandlerMethod(RequestMappingHandlerAdapter.java:926) ~[spring-webmvc-6.1.10.jar:6.1.10]
	at org.springframework.web.servlet.mvc.method.annotation.RequestMappingHandlerAdapter.handleInternal(RequestMappingHandlerAdapter.java:831) ~[spring-webmvc-6.1.10.jar:6.1.10]
	at org.springframework.web.servlet.mvc.method.AbstractHandlerMethodAdapter.handle(AbstractHandlerMethodAdapter.java:87) ~[spring-webmvc-6.1.10.jar:6.1.10]
	at org.springframework.web.servlet.DispatcherServlet.doDispatch(DispatcherServlet.java:1089) ~[spring-webmvc-6.1.10.jar:6.1.10]
	at org.springframework.web.servlet.DispatcherServlet.doService(DispatcherServlet.java:979) ~[spring-webmvc-6.1.10.jar:6.1.10]
	at org.springframework.web.servlet.FrameworkServlet.processRequest(FrameworkServlet.java:1014) ~[spring-webmvc-6.1.10.jar:6.1.10]
	at org.springframework.web.servlet.FrameworkServlet.doPost(FrameworkServlet.java:914) ~[spring-webmvc-6.1.10.jar:6.1.10]
	at jakarta.servlet.http.HttpServlet.service(HttpServlet.java:547) ~[jakarta.servlet-api-6.0.0.jar:6.0.0]
	at org.springframework.web.servlet.FrameworkServlet.service(FrameworkServlet.java:885) ~[spring-webmvc-6.1.10.jar:6.1.10]
	at jakarta.servlet.http.HttpServlet.service(HttpServlet.java:614) ~[jakarta.servlet-api-6.0.0.jar:6.0.0]
	at io.undertow.servlet.handlers.ServletHandler.handleRequest(ServletHandler.java:74) ~[undertow-servlet-2.3.13.Final.jar:2.3.13.Final]
	at io.undertow.servlet.handlers.FilterHandler$FilterChainImpl.doFilter(FilterHandler.java:129) ~[undertow-servlet-2.3.13.Final.jar:2.3.13.Final]
	at org.springframework.web.filter.CorsFilter.doFilterInternal(CorsFilter.java:91) ~[spring-web-6.1.10.jar:6.1.10]
	at org.springframework.web.filter.OncePerRequestFilter.doFilter(OncePerRequestFilter.java:116) ~[spring-web-6.1.10.jar:6.1.10]
	at io.undertow.servlet.core.ManagedFilter.doFilter(ManagedFilter.java:67) ~[undertow-servlet-2.3.13.Final.jar:2.3.13.Final]
	at io.undertow.servlet.handlers.FilterHandler$FilterChainImpl.doFilter(FilterHandler.java:131) ~[undertow-servlet-2.3.13.Final.jar:2.3.13.Final]
	at org.springframework.web.filter.RequestContextFilter.doFilterInternal(RequestContextFilter.java:100) ~[spring-web-6.1.10.jar:6.1.10]
	at org.springframework.web.filter.OncePerRequestFilter.doFilter(OncePerRequestFilter.java:116) ~[spring-web-6.1.10.jar:6.1.10]
	at io.undertow.servlet.core.ManagedFilter.doFilter(ManagedFilter.java:67) ~[undertow-servlet-2.3.13.Final.jar:2.3.13.Final]
	at io.undertow.servlet.handlers.FilterHandler$FilterChainImpl.doFilter(FilterHandler.java:131) ~[undertow-servlet-2.3.13.Final.jar:2.3.13.Final]
	at org.springframework.web.filter.FormContentFilter.doFilterInternal(FormContentFilter.java:93) ~[spring-web-6.1.10.jar:6.1.10]
	at org.springframework.web.filter.OncePerRequestFilter.doFilter(OncePerRequestFilter.java:116) ~[spring-web-6.1.10.jar:6.1.10]
	at io.undertow.servlet.core.ManagedFilter.doFilter(ManagedFilter.java:67) ~[undertow-servlet-2.3.13.Final.jar:2.3.13.Final]
	at io.undertow.servlet.handlers.FilterHandler$FilterChainImpl.doFilter(FilterHandler.java:131) ~[undertow-servlet-2.3.13.Final.jar:2.3.13.Final]
	at org.springframework.web.filter.CharacterEncodingFilter.doFilterInternal(CharacterEncodingFilter.java:201) ~[spring-web-6.1.10.jar:6.1.10]
	at org.springframework.web.filter.OncePerRequestFilter.doFilter(OncePerRequestFilter.java:116) ~[spring-web-6.1.10.jar:6.1.10]
	at io.undertow.servlet.core.ManagedFilter.doFilter(ManagedFilter.java:67) ~[undertow-servlet-2.3.13.Final.jar:2.3.13.Final]
	at io.undertow.servlet.handlers.FilterHandler$FilterChainImpl.doFilter(FilterHandler.java:131) ~[undertow-servlet-2.3.13.Final.jar:2.3.13.Final]
	at io.undertow.servlet.handlers.FilterHandler.handleRequest(FilterHandler.java:84) ~[undertow-servlet-2.3.13.Final.jar:2.3.13.Final]
	at io.undertow.servlet.handlers.security.ServletSecurityRoleHandler.handleRequest(ServletSecurityRoleHandler.java:62) ~[undertow-servlet-2.3.13.Final.jar:2.3.13.Final]
	at io.undertow.servlet.handlers.ServletChain$1.handleRequest(ServletChain.java:68) ~[undertow-servlet-2.3.13.Final.jar:2.3.13.Final]
	at io.undertow.servlet.handlers.ServletDispatchingHandler.handleRequest(ServletDispatchingHandler.java:36) ~[undertow-servlet-2.3.13.Final.jar:2.3.13.Final]
	at io.undertow.servlet.handlers.RedirectDirHandler.handleRequest(RedirectDirHandler.java:68) ~[undertow-servlet-2.3.13.Final.jar:2.3.13.Final]
	at io.undertow.servlet.handlers.security.SSLInformationAssociationHandler.handleRequest(SSLInformationAssociationHandler.java:117) ~[undertow-servlet-2.3.13.Final.jar:2.3.13.Final]
	at io.undertow.servlet.handlers.security.ServletAuthenticationCallHandler.handleRequest(ServletAuthenticationCallHandler.java:57) ~[undertow-servlet-2.3.13.Final.jar:2.3.13.Final]
	at io.undertow.server.handlers.PredicateHandler.handleRequest(PredicateHandler.java:43) ~[undertow-core-2.3.13.Final.jar:2.3.13.Final]
	at io.undertow.security.handlers.AbstractConfidentialityHandler.handleRequest(AbstractConfidentialityHandler.java:46) ~[undertow-core-2.3.13.Final.jar:2.3.13.Final]
	at io.undertow.servlet.handlers.security.ServletConfidentialityConstraintHandler.handleRequest(ServletConfidentialityConstraintHandler.java:64) ~[undertow-servlet-2.3.13.Final.jar:2.3.13.Final]
	at io.undertow.security.handlers.AuthenticationMechanismsHandler.handleRequest(AuthenticationMechanismsHandler.java:60) ~[undertow-core-2.3.13.Final.jar:2.3.13.Final]
	at io.undertow.servlet.handlers.security.CachedAuthenticatedSessionHandler.handleRequest(CachedAuthenticatedSessionHandler.java:77) ~[undertow-servlet-2.3.13.Final.jar:2.3.13.Final]
	at io.undertow.security.handlers.AbstractSecurityContextAssociationHandler.handleRequest(AbstractSecurityContextAssociationHandler.java:43) ~[undertow-core-2.3.13.Final.jar:2.3.13.Final]
	at io.undertow.server.handlers.PredicateHandler.handleRequest(PredicateHandler.java:43) ~[undertow-core-2.3.13.Final.jar:2.3.13.Final]
	at io.undertow.servlet.handlers.SendErrorPageHandler.handleRequest(SendErrorPageHandler.java:52) ~[undertow-servlet-2.3.13.Final.jar:2.3.13.Final]
	at io.undertow.server.handlers.PredicateHandler.handleRequest(PredicateHandler.java:43) ~[undertow-core-2.3.13.Final.jar:2.3.13.Final]
	at io.undertow.servlet.handlers.ServletInitialHandler.handleFirstRequest(ServletInitialHandler.java:276) ~[undertow-servlet-2.3.13.Final.jar:2.3.13.Final]
	at io.undertow.servlet.handlers.ServletInitialHandler$2.call(ServletInitialHandler.java:135) ~[undertow-servlet-2.3.13.Final.jar:2.3.13.Final]
	at io.undertow.servlet.handlers.ServletInitialHandler$2.call(ServletInitialHandler.java:132) ~[undertow-servlet-2.3.13.Final.jar:2.3.13.Final]
	at io.undertow.servlet.core.ServletRequestContextThreadSetupAction$1.call(ServletRequestContextThreadSetupAction.java:48) ~[undertow-servlet-2.3.13.Final.jar:2.3.13.Final]
	at io.undertow.servlet.core.ContextClassLoaderSetupAction$1.call(ContextClassLoaderSetupAction.java:43) ~[undertow-servlet-2.3.13.Final.jar:2.3.13.Final]
	at io.undertow.servlet.handlers.ServletInitialHandler.dispatchRequest(ServletInitialHandler.java:256) ~[undertow-servlet-2.3.13.Final.jar:2.3.13.Final]
	at io.undertow.servlet.handlers.ServletInitialHandler$1.handleRequest(ServletInitialHandler.java:101) ~[undertow-servlet-2.3.13.Final.jar:2.3.13.Final]
	at io.undertow.server.Connectors.executeRootHandler(Connectors.java:393) ~[undertow-core-2.3.13.Final.jar:2.3.13.Final]
	at io.undertow.server.HttpServerExchange$1.run(HttpServerExchange.java:859) ~[undertow-core-2.3.13.Final.jar:2.3.13.Final]
	at org.jboss.threads.ContextHandler$1.runWith(ContextHandler.java:18) ~[jboss-threads-3.5.0.Final.jar:3.5.0.Final]
	at org.jboss.threads.EnhancedQueueExecutor$Task.run(EnhancedQueueExecutor.java:2513) ~[jboss-threads-3.5.0.Final.jar:3.5.0.Final]
	at org.jboss.threads.EnhancedQueueExecutor$ThreadBody.run(EnhancedQueueExecutor.java:1538) ~[jboss-threads-3.5.0.Final.jar:3.5.0.Final]
	at org.xnio.XnioWorker$WorkerThreadFactory$1$1.run(XnioWorker.java:1282) ~[xnio-api-3.8.8.Final.jar:3.8.8.Final]
	at java.base/java.lang.Thread.run(Thread.java:1583) [?:?]
	Suppressed: org.springframework.web.context.request.async.AsyncRequestNotUsableException: Response not usable after response errors.
		at org.springframework.web.context.request.async.StandardServletAsyncWebRequest$LifecycleHttpServletResponse.obtainLockAndCheckState(StandardServletAsyncWebRequest.java:314) ~[spring-web-6.1.10.jar:6.1.10]
		at org.springframework.web.context.request.async.StandardServletAsyncWebRequest$LifecycleServletOutputStream.write(StandardServletAsyncWebRequest.java:373) ~[spring-web-6.1.10.jar:6.1.10]
		at org.springframework.util.StreamUtils$NonClosingOutputStream.write(StreamUtils.java:261) ~[spring-core-6.1.10.jar:6.1.10]
		at com.fasterxml.jackson.core.json.UTF8JsonGenerator._flushBuffer(UTF8JsonGenerator.java:2210) ~[jackson-core-2.17.1.jar:2.17.1]
		at com.fasterxml.jackson.core.json.UTF8JsonGenerator.close(UTF8JsonGenerator.java:1234) ~[jackson-core-2.17.1.jar:2.17.1]
		at org.springframework.http.converter.json.AbstractJackson2HttpMessageConverter.writeInternal(AbstractJackson2HttpMessageConverter.java:452) ~[spring-web-6.1.10.jar:6.1.10]
		at org.springframework.http.converter.AbstractGenericHttpMessageConverter.write(AbstractGenericHttpMessageConverter.java:114) ~[spring-web-6.1.10.jar:6.1.10]
		at org.springframework.web.servlet.mvc.method.annotation.AbstractMessageConverterMethodProcessor.writeWithMessageConverters(AbstractMessageConverterMethodProcessor.java:297) ~[spring-webmvc-6.1.10.jar:6.1.10]
		at org.springframework.web.servlet.mvc.method.annotation.RequestResponseBodyMethodProcessor.handleReturnValue(RequestResponseBodyMethodProcessor.java:192) ~[spring-webmvc-6.1.10.jar:6.1.10]
		at org.springframework.web.method.support.HandlerMethodReturnValueHandlerComposite.handleReturnValue(HandlerMethodReturnValueHandlerComposite.java:78) ~[spring-web-6.1.10.jar:6.1.10]
		at org.springframework.web.servlet.mvc.method.annotation.ServletInvocableHandlerMethod.invokeAndHandle(ServletInvocableHandlerMethod.java:136) ~[spring-webmvc-6.1.10.jar:6.1.10]
		at org.springframework.web.servlet.mvc.method.annotation.RequestMappingHandlerAdapter.invokeHandlerMethod(RequestMappingHandlerAdapter.java:926) ~[spring-webmvc-6.1.10.jar:6.1.10]
		at org.springframework.web.servlet.mvc.method.annotation.RequestMappingHandlerAdapter.handleInternal(RequestMappingHandlerAdapter.java:831) ~[spring-webmvc-6.1.10.jar:6.1.10]
		at org.springframework.web.servlet.mvc.method.AbstractHandlerMethodAdapter.handle(AbstractHandlerMethodAdapter.java:87) ~[spring-webmvc-6.1.10.jar:6.1.10]
		at org.springframework.web.servlet.DispatcherServlet.doDispatch(DispatcherServlet.java:1089) ~[spring-webmvc-6.1.10.jar:6.1.10]
		at org.springframework.web.servlet.DispatcherServlet.doService(DispatcherServlet.java:979) ~[spring-webmvc-6.1.10.jar:6.1.10]
		at org.springframework.web.servlet.FrameworkServlet.processRequest(FrameworkServlet.java:1014) ~[spring-webmvc-6.1.10.jar:6.1.10]
		at org.springframework.web.servlet.FrameworkServlet.doPost(FrameworkServlet.java:914) ~[spring-webmvc-6.1.10.jar:6.1.10]
		at jakarta.servlet.http.HttpServlet.service(HttpServlet.java:547) ~[jakarta.servlet-api-6.0.0.jar:6.0.0]
		at org.springframework.web.servlet.FrameworkServlet.service(FrameworkServlet.java:885) ~[spring-webmvc-6.1.10.jar:6.1.10]
		at jakarta.servlet.http.HttpServlet.service(HttpServlet.java:614) ~[jakarta.servlet-api-6.0.0.jar:6.0.0]
		at io.undertow.servlet.handlers.ServletHandler.handleRequest(ServletHandler.java:74) ~[undertow-servlet-2.3.13.Final.jar:2.3.13.Final]
		at io.undertow.servlet.handlers.FilterHandler$FilterChainImpl.doFilter(FilterHandler.java:129) ~[undertow-servlet-2.3.13.Final.jar:2.3.13.Final]
		at org.springframework.web.filter.CorsFilter.doFilterInternal(CorsFilter.java:91) ~[spring-web-6.1.10.jar:6.1.10]
		at org.springframework.web.filter.OncePerRequestFilter.doFilter(OncePerRequestFilter.java:116) ~[spring-web-6.1.10.jar:6.1.10]
		at io.undertow.servlet.core.ManagedFilter.doFilter(ManagedFilter.java:67) ~[undertow-servlet-2.3.13.Final.jar:2.3.13.Final]
		at io.undertow.servlet.handlers.FilterHandler$FilterChainImpl.doFilter(FilterHandler.java:131) ~[undertow-servlet-2.3.13.Final.jar:2.3.13.Final]
		at org.springframework.web.filter.RequestContextFilter.doFilterInternal(RequestContextFilter.java:100) ~[spring-web-6.1.10.jar:6.1.10]
		at org.springframework.web.filter.OncePerRequestFilter.doFilter(OncePerRequestFilter.java:116) ~[spring-web-6.1.10.jar:6.1.10]
		at io.undertow.servlet.core.ManagedFilter.doFilter(ManagedFilter.java:67) ~[undertow-servlet-2.3.13.Final.jar:2.3.13.Final]
		at io.undertow.servlet.handlers.FilterHandler$FilterChainImpl.doFilter(FilterHandler.java:131) ~[undertow-servlet-2.3.13.Final.jar:2.3.13.Final]
		at org.springframework.web.filter.FormContentFilter.doFilterInternal(FormContentFilter.java:93) ~[spring-web-6.1.10.jar:6.1.10]
		at org.springframework.web.filter.OncePerRequestFilter.doFilter(OncePerRequestFilter.java:116) ~[spring-web-6.1.10.jar:6.1.10]
		at io.undertow.servlet.core.ManagedFilter.doFilter(ManagedFilter.java:67) ~[undertow-servlet-2.3.13.Final.jar:2.3.13.Final]
		at io.undertow.servlet.handlers.FilterHandler$FilterChainImpl.doFilter(FilterHandler.java:131) ~[undertow-servlet-2.3.13.Final.jar:2.3.13.Final]
		at org.springframework.web.filter.CharacterEncodingFilter.doFilterInternal(CharacterEncodingFilter.java:201) ~[spring-web-6.1.10.jar:6.1.10]
		at org.springframework.web.filter.OncePerRequestFilter.doFilter(OncePerRequestFilter.java:116) ~[spring-web-6.1.10.jar:6.1.10]
		at io.undertow.servlet.core.ManagedFilter.doFilter(ManagedFilter.java:67) ~[undertow-servlet-2.3.13.Final.jar:2.3.13.Final]
		at io.undertow.servlet.handlers.FilterHandler$FilterChainImpl.doFilter(FilterHandler.java:131) ~[undertow-servlet-2.3.13.Final.jar:2.3.13.Final]
		at io.undertow.servlet.handlers.FilterHandler.handleRequest(FilterHandler.java:84) ~[undertow-servlet-2.3.13.Final.jar:2.3.13.Final]
		at io.undertow.servlet.handlers.security.ServletSecurityRoleHandler.handleRequest(ServletSecurityRoleHandler.java:62) ~[undertow-servlet-2.3.13.Final.jar:2.3.13.Final]
		at io.undertow.servlet.handlers.ServletChain$1.handleRequest(ServletChain.java:68) ~[undertow-servlet-2.3.13.Final.jar:2.3.13.Final]
		at io.undertow.servlet.handlers.ServletDispatchingHandler.handleRequest(ServletDispatchingHandler.java:36) ~[undertow-servlet-2.3.13.Final.jar:2.3.13.Final]
		at io.undertow.servlet.handlers.RedirectDirHandler.handleRequest(RedirectDirHandler.java:68) ~[undertow-servlet-2.3.13.Final.jar:2.3.13.Final]
		at io.undertow.servlet.handlers.security.SSLInformationAssociationHandler.handleRequest(SSLInformationAssociationHandler.java:117) ~[undertow-servlet-2.3.13.Final.jar:2.3.13.Final]
		at io.undertow.servlet.handlers.security.ServletAuthenticationCallHandler.handleRequest(ServletAuthenticationCallHandler.java:57) ~[undertow-servlet-2.3.13.Final.jar:2.3.13.Final]
		at io.undertow.server.handlers.PredicateHandler.handleRequest(PredicateHandler.java:43) ~[undertow-core-2.3.13.Final.jar:2.3.13.Final]
		at io.undertow.security.handlers.AbstractConfidentialityHandler.handleRequest(AbstractConfidentialityHandler.java:46) ~[undertow-core-2.3.13.Final.jar:2.3.13.Final]
		at io.undertow.servlet.handlers.security.ServletConfidentialityConstraintHandler.handleRequest(ServletConfidentialityConstraintHandler.java:64) ~[undertow-servlet-2.3.13.Final.jar:2.3.13.Final]
		at io.undertow.security.handlers.AuthenticationMechanismsHandler.handleRequest(AuthenticationMechanismsHandler.java:60) ~[undertow-core-2.3.13.Final.jar:2.3.13.Final]
		at io.undertow.servlet.handlers.security.CachedAuthenticatedSessionHandler.handleRequest(CachedAuthenticatedSessionHandler.java:77) ~[undertow-servlet-2.3.13.Final.jar:2.3.13.Final]
		at io.undertow.security.handlers.AbstractSecurityContextAssociationHandler.handleRequest(AbstractSecurityContextAssociationHandler.java:43) ~[undertow-core-2.3.13.Final.jar:2.3.13.Final]
		at io.undertow.server.handlers.PredicateHandler.handleRequest(PredicateHandler.java:43) ~[undertow-core-2.3.13.Final.jar:2.3.13.Final]
		at io.undertow.servlet.handlers.SendErrorPageHandler.handleRequest(SendErrorPageHandler.java:52) ~[undertow-servlet-2.3.13.Final.jar:2.3.13.Final]
		at io.undertow.server.handlers.PredicateHandler.handleRequest(PredicateHandler.java:43) ~[undertow-core-2.3.13.Final.jar:2.3.13.Final]
		at io.undertow.servlet.handlers.ServletInitialHandler.handleFirstRequest(ServletInitialHandler.java:276) ~[undertow-servlet-2.3.13.Final.jar:2.3.13.Final]
		at io.undertow.servlet.handlers.ServletInitialHandler$2.call(ServletInitialHandler.java:135) ~[undertow-servlet-2.3.13.Final.jar:2.3.13.Final]
		at io.undertow.servlet.handlers.ServletInitialHandler$2.call(ServletInitialHandler.java:132) ~[undertow-servlet-2.3.13.Final.jar:2.3.13.Final]
		at io.undertow.servlet.core.ServletRequestContextThreadSetupAction$1.call(ServletRequestContextThreadSetupAction.java:48) ~[undertow-servlet-2.3.13.Final.jar:2.3.13.Final]
		at io.undertow.servlet.core.ContextClassLoaderSetupAction$1.call(ContextClassLoaderSetupAction.java:43) ~[undertow-servlet-2.3.13.Final.jar:2.3.13.Final]
		at io.undertow.servlet.handlers.ServletInitialHandler.dispatchRequest(ServletInitialHandler.java:256) ~[undertow-servlet-2.3.13.Final.jar:2.3.13.Final]
		at io.undertow.servlet.handlers.ServletInitialHandler$1.handleRequest(ServletInitialHandler.java:101) ~[undertow-servlet-2.3.13.Final.jar:2.3.13.Final]
		at io.undertow.server.Connectors.executeRootHandler(Connectors.java:393) ~[undertow-core-2.3.13.Final.jar:2.3.13.Final]
		at io.undertow.server.HttpServerExchange$1.run(HttpServerExchange.java:859) ~[undertow-core-2.3.13.Final.jar:2.3.13.Final]
		at org.jboss.threads.ContextHandler$1.runWith(ContextHandler.java:18) ~[jboss-threads-3.5.0.Final.jar:3.5.0.Final]
		at org.jboss.threads.EnhancedQueueExecutor$Task.run(EnhancedQueueExecutor.java:2513) ~[jboss-threads-3.5.0.Final.jar:3.5.0.Final]
		at org.jboss.threads.EnhancedQueueExecutor$ThreadBody.run(EnhancedQueueExecutor.java:1538) ~[jboss-threads-3.5.0.Final.jar:3.5.0.Final]
		at org.xnio.XnioWorker$WorkerThreadFactory$1$1.run(XnioWorker.java:1282) ~[xnio-api-3.8.8.Final.jar:3.8.8.Final]
		at java.base/java.lang.Thread.run(Thread.java:1583) [?:?]
Caused by: java.io.IOException: Broken pipe
	at java.base/sun.nio.ch.SocketDispatcher.write0(Native Method) ~[?:?]
	at java.base/sun.nio.ch.SocketDispatcher.write(SocketDispatcher.java:62) ~[?:?]
	at java.base/sun.nio.ch.IOUtil.writeFromNativeBuffer(IOUtil.java:137) ~[?:?]
	at java.base/sun.nio.ch.IOUtil.write(IOUtil.java:81) ~[?:?]
	at java.base/sun.nio.ch.IOUtil.write(IOUtil.java:58) ~[?:?]
	at java.base/sun.nio.ch.SocketChannelImpl.write(SocketChannelImpl.java:542) ~[?:?]
	at org.xnio.nio.NioSocketConduit.write(NioSocketConduit.java:153) ~[xnio-nio-3.8.8.Final.jar:3.8.8.Final]
	at io.undertow.server.protocol.http.HttpResponseConduit.write(HttpResponseConduit.java:629) ~[undertow-core-2.3.13.Final.jar:2.3.13.Final]
	at org.xnio.conduits.AbstractStreamSinkConduit.write(AbstractStreamSinkConduit.java:51) ~[xnio-api-3.8.8.Final.jar:3.8.8.Final]
	at io.undertow.conduits.DeflatingStreamSinkConduit.performFlushIfRequiredSingleBuffer(DeflatingStreamSinkConduit.java:445) ~[undertow-core-2.3.13.Final.jar:2.3.13.Final]
	at io.undertow.conduits.DeflatingStreamSinkConduit.performFlushIfRequired(DeflatingStreamSinkConduit.java:432) ~[undertow-core-2.3.13.Final.jar:2.3.13.Final]
	at io.undertow.conduits.DeflatingStreamSinkConduit.deflateData(DeflatingStreamSinkConduit.java:522) ~[undertow-core-2.3.13.Final.jar:2.3.13.Final]
	at io.undertow.conduits.DeflatingStreamSinkConduit.write(DeflatingStreamSinkConduit.java:130) ~[undertow-core-2.3.13.Final.jar:2.3.13.Final]
	at io.undertow.conduits.DeflatingStreamSinkConduit.write(DeflatingStreamSinkConduit.java:165) ~[undertow-core-2.3.13.Final.jar:2.3.13.Final]
	at org.xnio.conduits.ConduitStreamSinkChannel.write(ConduitStreamSinkChannel.java:158) ~[xnio-api-3.8.8.Final.jar:3.8.8.Final]
	at io.undertow.channels.DetachableStreamSinkChannel.write(DetachableStreamSinkChannel.java:179) ~[undertow-core-2.3.13.Final.jar:2.3.13.Final]
	at io.undertow.server.HttpServerExchange$WriteDispatchChannel.write(HttpServerExchange.java:2172) ~[undertow-core-2.3.13.Final.jar:2.3.13.Final]
	at org.xnio.channels.Channels.writeBlocking(Channels.java:202) ~[xnio-api-3.8.8.Final.jar:3.8.8.Final]
	at io.undertow.servlet.spec.ServletOutputStreamImpl.writeTooLargeForBuffer(ServletOutputStreamImpl.java:201) ~[undertow-servlet-2.3.13.Final.jar:2.3.13.Final]
	at io.undertow.servlet.spec.ServletOutputStreamImpl.write(ServletOutputStreamImpl.java:149) ~[undertow-servlet-2.3.13.Final.jar:2.3.13.Final]
	at org.springframework.web.context.request.async.StandardServletAsyncWebRequest$LifecycleServletOutputStream.write(StandardServletAsyncWebRequest.java:375) ~[spring-web-6.1.10.jar:6.1.10]
	... 86 more
[2026-05-21 11:06:32.815] ERROR XNIO-1 task-7 com.jts.gjcxfzksh.exception.handler.GlobalExceptionHandler[63] - 请求地址'/pt/network/tile',发生系统异常. 
org.springframework.web.context.request.async.AsyncRequestNotUsableException: ServletOutputStream failed to write: Broken pipe
	at org.springframework.web.context.request.async.StandardServletAsyncWebRequest$LifecycleHttpServletResponse.handleIOException(StandardServletAsyncWebRequest.java:320) ~[spring-web-6.1.10.jar:6.1.10]
	at org.springframework.web.context.request.async.StandardServletAsyncWebRequest$LifecycleServletOutputStream.write(StandardServletAsyncWebRequest.java:378) ~[spring-web-6.1.10.jar:6.1.10]
	at org.springframework.util.StreamUtils$NonClosingOutputStream.write(StreamUtils.java:261) ~[spring-core-6.1.10.jar:6.1.10]
	at com.fasterxml.jackson.core.json.UTF8JsonGenerator._flushBuffer(UTF8JsonGenerator.java:2210) ~[jackson-core-2.17.1.jar:2.17.1]
	at com.fasterxml.jackson.core.json.UTF8JsonGenerator.writeString(UTF8JsonGenerator.java:528) ~[jackson-core-2.17.1.jar:2.17.1]
	at com.fasterxml.jackson.databind.ser.std.StringSerializer.serialize(StringSerializer.java:41) ~[jackson-databind-2.17.1.jar:2.17.1]
	at com.fasterxml.jackson.databind.ser.BeanPropertyWriter.serializeAsField(BeanPropertyWriter.java:732) ~[jackson-databind-2.17.1.jar:2.17.1]
	at com.fasterxml.jackson.databind.ser.std.BeanSerializerBase.serializeFields(BeanSerializerBase.java:770) ~[jackson-databind-2.17.1.jar:2.17.1]
	at com.fasterxml.jackson.databind.ser.BeanSerializer.serialize(BeanSerializer.java:183) ~[jackson-databind-2.17.1.jar:2.17.1]
	at com.fasterxml.jackson.databind.ser.impl.IndexedListSerializer.serializeContents(IndexedListSerializer.java:119) ~[jackson-databind-2.17.1.jar:2.17.1]
	at com.fasterxml.jackson.databind.ser.impl.IndexedListSerializer.serialize(IndexedListSerializer.java:79) ~[jackson-databind-2.17.1.jar:2.17.1]
	at com.fasterxml.jackson.databind.ser.impl.IndexedListSerializer.serialize(IndexedListSerializer.java:18) ~[jackson-databind-2.17.1.jar:2.17.1]
	at com.fasterxml.jackson.databind.ser.BeanPropertyWriter.serializeAsField(BeanPropertyWriter.java:732) ~[jackson-databind-2.17.1.jar:2.17.1]
	at com.fasterxml.jackson.databind.ser.std.BeanSerializerBase.serializeFields(BeanSerializerBase.java:770) ~[jackson-databind-2.17.1.jar:2.17.1]
	at com.fasterxml.jackson.databind.ser.BeanSerializer.serialize(BeanSerializer.java:183) ~[jackson-databind-2.17.1.jar:2.17.1]
	at com.fasterxml.jackson.databind.ser.DefaultSerializerProvider._serialize(DefaultSerializerProvider.java:502) ~[jackson-databind-2.17.1.jar:2.17.1]
	at com.fasterxml.jackson.databind.ser.DefaultSerializerProvider.serializeValue(DefaultSerializerProvider.java:341) ~[jackson-databind-2.17.1.jar:2.17.1]
	at com.fasterxml.jackson.databind.ObjectWriter$Prefetch.serialize(ObjectWriter.java:1574) ~[jackson-databind-2.17.1.jar:2.17.1]
	at com.fasterxml.jackson.databind.ObjectWriter.writeValue(ObjectWriter.java:1061) ~[jackson-databind-2.17.1.jar:2.17.1]
	at org.springframework.http.converter.json.AbstractJackson2HttpMessageConverter.writeInternal(AbstractJackson2HttpMessageConverter.java:483) ~[spring-web-6.1.10.jar:6.1.10]
	at org.springframework.http.converter.AbstractGenericHttpMessageConverter.write(AbstractGenericHttpMessageConverter.java:114) ~[spring-web-6.1.10.jar:6.1.10]
	at org.springframework.web.servlet.mvc.method.annotation.AbstractMessageConverterMethodProcessor.writeWithMessageConverters(AbstractMessageConverterMethodProcessor.java:297) ~[spring-webmvc-6.1.10.jar:6.1.10]
	at org.springframework.web.servlet.mvc.method.annotation.RequestResponseBodyMethodProcessor.handleReturnValue(RequestResponseBodyMethodProcessor.java:192) ~[spring-webmvc-6.1.10.jar:6.1.10]
	at org.springframework.web.method.support.HandlerMethodReturnValueHandlerComposite.handleReturnValue(HandlerMethodReturnValueHandlerComposite.java:78) ~[spring-web-6.1.10.jar:6.1.10]
	at org.springframework.web.servlet.mvc.method.annotation.ServletInvocableHandlerMethod.invokeAndHandle(ServletInvocableHandlerMethod.java:136) ~[spring-webmvc-6.1.10.jar:6.1.10]
	at org.springframework.web.servlet.mvc.method.annotation.RequestMappingHandlerAdapter.invokeHandlerMethod(RequestMappingHandlerAdapter.java:926) ~[spring-webmvc-6.1.10.jar:6.1.10]
	at org.springframework.web.servlet.mvc.method.annotation.RequestMappingHandlerAdapter.handleInternal(RequestMappingHandlerAdapter.java:831) ~[spring-webmvc-6.1.10.jar:6.1.10]
	at org.springframework.web.servlet.mvc.method.AbstractHandlerMethodAdapter.handle(AbstractHandlerMethodAdapter.java:87) ~[spring-webmvc-6.1.10.jar:6.1.10]
	at org.springframework.web.servlet.DispatcherServlet.doDispatch(DispatcherServlet.java:1089) ~[spring-webmvc-6.1.10.jar:6.1.10]
	at org.springframework.web.servlet.DispatcherServlet.doService(DispatcherServlet.java:979) ~[spring-webmvc-6.1.10.jar:6.1.10]
	at org.springframework.web.servlet.FrameworkServlet.processRequest(FrameworkServlet.java:1014) ~[spring-webmvc-6.1.10.jar:6.1.10]
	at org.springframework.web.servlet.FrameworkServlet.doPost(FrameworkServlet.java:914) ~[spring-webmvc-6.1.10.jar:6.1.10]
	at jakarta.servlet.http.HttpServlet.service(HttpServlet.java:547) ~[jakarta.servlet-api-6.0.0.jar:6.0.0]
	at org.springframework.web.servlet.FrameworkServlet.service(FrameworkServlet.java:885) ~[spring-webmvc-6.1.10.jar:6.1.10]
	at jakarta.servlet.http.HttpServlet.service(HttpServlet.java:614) ~[jakarta.servlet-api-6.0.0.jar:6.0.0]
	at io.undertow.servlet.handlers.ServletHandler.handleRequest(ServletHandler.java:74) ~[undertow-servlet-2.3.13.Final.jar:2.3.13.Final]
	at io.undertow.servlet.handlers.FilterHandler$FilterChainImpl.doFilter(FilterHandler.java:129) ~[undertow-servlet-2.3.13.Final.jar:2.3.13.Final]
	at org.springframework.web.filter.CorsFilter.doFilterInternal(CorsFilter.java:91) ~[spring-web-6.1.10.jar:6.1.10]
	at org.springframework.web.filter.OncePerRequestFilter.doFilter(OncePerRequestFilter.java:116) ~[spring-web-6.1.10.jar:6.1.10]
	at io.undertow.servlet.core.ManagedFilter.doFilter(ManagedFilter.java:67) ~[undertow-servlet-2.3.13.Final.jar:2.3.13.Final]
	at io.undertow.servlet.handlers.FilterHandler$FilterChainImpl.doFilter(FilterHandler.java:131) ~[undertow-servlet-2.3.13.Final.jar:2.3.13.Final]
	at org.springframework.web.filter.RequestContextFilter.doFilterInternal(RequestContextFilter.java:100) ~[spring-web-6.1.10.jar:6.1.10]
	at org.springframework.web.filter.OncePerRequestFilter.doFilter(OncePerRequestFilter.java:116) ~[spring-web-6.1.10.jar:6.1.10]
	at io.undertow.servlet.core.ManagedFilter.doFilter(ManagedFilter.java:67) ~[undertow-servlet-2.3.13.Final.jar:2.3.13.Final]
	at io.undertow.servlet.handlers.FilterHandler$FilterChainImpl.doFilter(FilterHandler.java:131) ~[undertow-servlet-2.3.13.Final.jar:2.3.13.Final]
	at org.springframework.web.filter.FormContentFilter.doFilterInternal(FormContentFilter.java:93) ~[spring-web-6.1.10.jar:6.1.10]
	at org.springframework.web.filter.OncePerRequestFilter.doFilter(OncePerRequestFilter.java:116) ~[spring-web-6.1.10.jar:6.1.10]
	at io.undertow.servlet.core.ManagedFilter.doFilter(ManagedFilter.java:67) ~[undertow-servlet-2.3.13.Final.jar:2.3.13.Final]
	at io.undertow.servlet.handlers.FilterHandler$FilterChainImpl.doFilter(FilterHandler.java:131) ~[undertow-servlet-2.3.13.Final.jar:2.3.13.Final]
	at org.springframework.web.filter.CharacterEncodingFilter.doFilterInternal(CharacterEncodingFilter.java:201) ~[spring-web-6.1.10.jar:6.1.10]
	at org.springframework.web.filter.OncePerRequestFilter.doFilter(OncePerRequestFilter.java:116) ~[spring-web-6.1.10.jar:6.1.10]
	at io.undertow.servlet.core.ManagedFilter.doFilter(ManagedFilter.java:67) ~[undertow-servlet-2.3.13.Final.jar:2.3.13.Final]
	at io.undertow.servlet.handlers.FilterHandler$FilterChainImpl.doFilter(FilterHandler.java:131) ~[undertow-servlet-2.3.13.Final.jar:2.3.13.Final]
	at io.undertow.servlet.handlers.FilterHandler.handleRequest(FilterHandler.java:84) ~[undertow-servlet-2.3.13.Final.jar:2.3.13.Final]
	at io.undertow.servlet.handlers.security.ServletSecurityRoleHandler.handleRequest(ServletSecurityRoleHandler.java:62) ~[undertow-servlet-2.3.13.Final.jar:2.3.13.Final]
	at io.undertow.servlet.handlers.ServletChain$1.handleRequest(ServletChain.java:68) ~[undertow-servlet-2.3.13.Final.jar:2.3.13.Final]
	at io.undertow.servlet.handlers.ServletDispatchingHandler.handleRequest(ServletDispatchingHandler.java:36) ~[undertow-servlet-2.3.13.Final.jar:2.3.13.Final]
	at io.undertow.servlet.handlers.RedirectDirHandler.handleRequest(RedirectDirHandler.java:68) ~[undertow-servlet-2.3.13.Final.jar:2.3.13.Final]
	at io.undertow.servlet.handlers.security.SSLInformationAssociationHandler.handleRequest(SSLInformationAssociationHandler.java:117) ~[undertow-servlet-2.3.13.Final.jar:2.3.13.Final]
	at io.undertow.servlet.handlers.security.ServletAuthenticationCallHandler.handleRequest(ServletAuthenticationCallHandler.java:57) ~[undertow-servlet-2.3.13.Final.jar:2.3.13.Final]
	at io.undertow.server.handlers.PredicateHandler.handleRequest(PredicateHandler.java:43) ~[undertow-core-2.3.13.Final.jar:2.3.13.Final]
	at io.undertow.security.handlers.AbstractConfidentialityHandler.handleRequest(AbstractConfidentialityHandler.java:46) ~[undertow-core-2.3.13.Final.jar:2.3.13.Final]
	at io.undertow.servlet.handlers.security.ServletConfidentialityConstraintHandler.handleRequest(ServletConfidentialityConstraintHandler.java:64) ~[undertow-servlet-2.3.13.Final.jar:2.3.13.Final]
	at io.undertow.security.handlers.AuthenticationMechanismsHandler.handleRequest(AuthenticationMechanismsHandler.java:60) ~[undertow-core-2.3.13.Final.jar:2.3.13.Final]
	at io.undertow.servlet.handlers.security.CachedAuthenticatedSessionHandler.handleRequest(CachedAuthenticatedSessionHandler.java:77) ~[undertow-servlet-2.3.13.Final.jar:2.3.13.Final]
	at io.undertow.security.handlers.AbstractSecurityContextAssociationHandler.handleRequest(AbstractSecurityContextAssociationHandler.java:43) ~[undertow-core-2.3.13.Final.jar:2.3.13.Final]
	at io.undertow.server.handlers.PredicateHandler.handleRequest(PredicateHandler.java:43) ~[undertow-core-2.3.13.Final.jar:2.3.13.Final]
	at io.undertow.servlet.handlers.SendErrorPageHandler.handleRequest(SendErrorPageHandler.java:52) ~[undertow-servlet-2.3.13.Final.jar:2.3.13.Final]
	at io.undertow.server.handlers.PredicateHandler.handleRequest(PredicateHandler.java:43) ~[undertow-core-2.3.13.Final.jar:2.3.13.Final]
	at io.undertow.servlet.handlers.ServletInitialHandler.handleFirstRequest(ServletInitialHandler.java:276) ~[undertow-servlet-2.3.13.Final.jar:2.3.13.Final]
	at io.undertow.servlet.handlers.ServletInitialHandler$2.call(ServletInitialHandler.java:135) ~[undertow-servlet-2.3.13.Final.jar:2.3.13.Final]
	at io.undertow.servlet.handlers.ServletInitialHandler$2.call(ServletInitialHandler.java:132) ~[undertow-servlet-2.3.13.Final.jar:2.3.13.Final]
	at io.undertow.servlet.core.ServletRequestContextThreadSetupAction$1.call(ServletRequestContextThreadSetupAction.java:48) ~[undertow-servlet-2.3.13.Final.jar:2.3.13.Final]
	at io.undertow.servlet.core.ContextClassLoaderSetupAction$1.call(ContextClassLoaderSetupAction.java:43) ~[undertow-servlet-2.3.13.Final.jar:2.3.13.Final]
	at io.undertow.servlet.handlers.ServletInitialHandler.dispatchRequest(ServletInitialHandler.java:256) ~[undertow-servlet-2.3.13.Final.jar:2.3.13.Final]
	at io.undertow.servlet.handlers.ServletInitialHandler$1.handleRequest(ServletInitialHandler.java:101) ~[undertow-servlet-2.3.13.Final.jar:2.3.13.Final]
	at io.undertow.server.Connectors.executeRootHandler(Connectors.java:393) ~[undertow-core-2.3.13.Final.jar:2.3.13.Final]
	at io.undertow.server.HttpServerExchange$1.run(HttpServerExchange.java:859) ~[undertow-core-2.3.13.Final.jar:2.3.13.Final]
	at org.jboss.threads.ContextHandler$1.runWith(ContextHandler.java:18) ~[jboss-threads-3.5.0.Final.jar:3.5.0.Final]
	at org.jboss.threads.EnhancedQueueExecutor$Task.run(EnhancedQueueExecutor.java:2513) ~[jboss-threads-3.5.0.Final.jar:3.5.0.Final]
	at org.jboss.threads.EnhancedQueueExecutor$ThreadBody.run(EnhancedQueueExecutor.java:1538) ~[jboss-threads-3.5.0.Final.jar:3.5.0.Final]
	at org.xnio.XnioWorker$WorkerThreadFactory$1$1.run(XnioWorker.java:1282) ~[xnio-api-3.8.8.Final.jar:3.8.8.Final]
	at java.base/java.lang.Thread.run(Thread.java:1583) [?:?]
	Suppressed: org.springframework.web.context.request.async.AsyncRequestNotUsableException: Response not usable after response errors.
		at org.springframework.web.context.request.async.StandardServletAsyncWebRequest$LifecycleHttpServletResponse.obtainLockAndCheckState(StandardServletAsyncWebRequest.java:314) ~[spring-web-6.1.10.jar:6.1.10]
		at org.springframework.web.context.request.async.StandardServletAsyncWebRequest$LifecycleServletOutputStream.write(StandardServletAsyncWebRequest.java:373) ~[spring-web-6.1.10.jar:6.1.10]
		at org.springframework.util.StreamUtils$NonClosingOutputStream.write(StreamUtils.java:261) ~[spring-core-6.1.10.jar:6.1.10]
		at com.fasterxml.jackson.core.json.UTF8JsonGenerator._flushBuffer(UTF8JsonGenerator.java:2210) ~[jackson-core-2.17.1.jar:2.17.1]
		at com.fasterxml.jackson.core.json.UTF8JsonGenerator.close(UTF8JsonGenerator.java:1234) ~[jackson-core-2.17.1.jar:2.17.1]
		at org.springframework.http.converter.json.AbstractJackson2HttpMessageConverter.writeInternal(AbstractJackson2HttpMessageConverter.java:452) ~[spring-web-6.1.10.jar:6.1.10]
		at org.springframework.http.converter.AbstractGenericHttpMessageConverter.write(AbstractGenericHttpMessageConverter.java:114) ~[spring-web-6.1.10.jar:6.1.10]
		at org.springframework.web.servlet.mvc.method.annotation.AbstractMessageConverterMethodProcessor.writeWithMessageConverters(AbstractMessageConverterMethodProcessor.java:297) ~[spring-webmvc-6.1.10.jar:6.1.10]
		at org.springframework.web.servlet.mvc.method.annotation.RequestResponseBodyMethodProcessor.handleReturnValue(RequestResponseBodyMethodProcessor.java:192) ~[spring-webmvc-6.1.10.jar:6.1.10]
		at org.springframework.web.method.support.HandlerMethodReturnValueHandlerComposite.handleReturnValue(HandlerMethodReturnValueHandlerComposite.java:78) ~[spring-web-6.1.10.jar:6.1.10]
		at org.springframework.web.servlet.mvc.method.annotation.ServletInvocableHandlerMethod.invokeAndHandle(ServletInvocableHandlerMethod.java:136) ~[spring-webmvc-6.1.10.jar:6.1.10]
		at org.springframework.web.servlet.mvc.method.annotation.RequestMappingHandlerAdapter.invokeHandlerMethod(RequestMappingHandlerAdapter.java:926) ~[spring-webmvc-6.1.10.jar:6.1.10]
		at org.springframework.web.servlet.mvc.method.annotation.RequestMappingHandlerAdapter.handleInternal(RequestMappingHandlerAdapter.java:831) ~[spring-webmvc-6.1.10.jar:6.1.10]
		at org.springframework.web.servlet.mvc.method.AbstractHandlerMethodAdapter.handle(AbstractHandlerMethodAdapter.java:87) ~[spring-webmvc-6.1.10.jar:6.1.10]
		at org.springframework.web.servlet.DispatcherServlet.doDispatch(DispatcherServlet.java:1089) ~[spring-webmvc-6.1.10.jar:6.1.10]
		at org.springframework.web.servlet.DispatcherServlet.doService(DispatcherServlet.java:979) ~[spring-webmvc-6.1.10.jar:6.1.10]
		at org.springframework.web.servlet.FrameworkServlet.processRequest(FrameworkServlet.java:1014) ~[spring-webmvc-6.1.10.jar:6.1.10]
		at org.springframework.web.servlet.FrameworkServlet.doPost(FrameworkServlet.java:914) ~[spring-webmvc-6.1.10.jar:6.1.10]
		at jakarta.servlet.http.HttpServlet.service(HttpServlet.java:547) ~[jakarta.servlet-api-6.0.0.jar:6.0.0]
		at org.springframework.web.servlet.FrameworkServlet.service(FrameworkServlet.java:885) ~[spring-webmvc-6.1.10.jar:6.1.10]
		at jakarta.servlet.http.HttpServlet.service(HttpServlet.java:614) ~[jakarta.servlet-api-6.0.0.jar:6.0.0]
		at io.undertow.servlet.handlers.ServletHandler.handleRequest(ServletHandler.java:74) ~[undertow-servlet-2.3.13.Final.jar:2.3.13.Final]
		at io.undertow.servlet.handlers.FilterHandler$FilterChainImpl.doFilter(FilterHandler.java:129) ~[undertow-servlet-2.3.13.Final.jar:2.3.13.Final]
		at org.springframework.web.filter.CorsFilter.doFilterInternal(CorsFilter.java:91) ~[spring-web-6.1.10.jar:6.1.10]
		at org.springframework.web.filter.OncePerRequestFilter.doFilter(OncePerRequestFilter.java:116) ~[spring-web-6.1.10.jar:6.1.10]
		at io.undertow.servlet.core.ManagedFilter.doFilter(ManagedFilter.java:67) ~[undertow-servlet-2.3.13.Final.jar:2.3.13.Final]
		at io.undertow.servlet.handlers.FilterHandler$FilterChainImpl.doFilter(FilterHandler.java:131) ~[undertow-servlet-2.3.13.Final.jar:2.3.13.Final]
		at org.springframework.web.filter.RequestContextFilter.doFilterInternal(RequestContextFilter.java:100) ~[spring-web-6.1.10.jar:6.1.10]
		at org.springframework.web.filter.OncePerRequestFilter.doFilter(OncePerRequestFilter.java:116) ~[spring-web-6.1.10.jar:6.1.10]
		at io.undertow.servlet.core.ManagedFilter.doFilter(ManagedFilter.java:67) ~[undertow-servlet-2.3.13.Final.jar:2.3.13.Final]
		at io.undertow.servlet.handlers.FilterHandler$FilterChainImpl.doFilter(FilterHandler.java:131) ~[undertow-servlet-2.3.13.Final.jar:2.3.13.Final]
		at org.springframework.web.filter.FormContentFilter.doFilterInternal(FormContentFilter.java:93) ~[spring-web-6.1.10.jar:6.1.10]
		at org.springframework.web.filter.OncePerRequestFilter.doFilter(OncePerRequestFilter.java:116) ~[spring-web-6.1.10.jar:6.1.10]
		at io.undertow.servlet.core.ManagedFilter.doFilter(ManagedFilter.java:67) ~[undertow-servlet-2.3.13.Final.jar:2.3.13.Final]
		at io.undertow.servlet.handlers.FilterHandler$FilterChainImpl.doFilter(FilterHandler.java:131) ~[undertow-servlet-2.3.13.Final.jar:2.3.13.Final]
		at org.springframework.web.filter.CharacterEncodingFilter.doFilterInternal(CharacterEncodingFilter.java:201) ~[spring-web-6.1.10.jar:6.1.10]
		at org.springframework.web.filter.OncePerRequestFilter.doFilter(OncePerRequestFilter.java:116) ~[spring-web-6.1.10.jar:6.1.10]
		at io.undertow.servlet.core.ManagedFilter.doFilter(ManagedFilter.java:67) ~[undertow-servlet-2.3.13.Final.jar:2.3.13.Final]
		at io.undertow.servlet.handlers.FilterHandler$FilterChainImpl.doFilter(FilterHandler.java:131) ~[undertow-servlet-2.3.13.Final.jar:2.3.13.Final]
		at io.undertow.servlet.handlers.FilterHandler.handleRequest(FilterHandler.java:84) ~[undertow-servlet-2.3.13.Final.jar:2.3.13.Final]
		at io.undertow.servlet.handlers.security.ServletSecurityRoleHandler.handleRequest(ServletSecurityRoleHandler.java:62) ~[undertow-servlet-2.3.13.Final.jar:2.3.13.Final]
		at io.undertow.servlet.handlers.ServletChain$1.handleRequest(ServletChain.java:68) ~[undertow-servlet-2.3.13.Final.jar:2.3.13.Final]
		at io.undertow.servlet.handlers.ServletDispatchingHandler.handleRequest(ServletDispatchingHandler.java:36) ~[undertow-servlet-2.3.13.Final.jar:2.3.13.Final]
		at io.undertow.servlet.handlers.RedirectDirHandler.handleRequest(RedirectDirHandler.java:68) ~[undertow-servlet-2.3.13.Final.jar:2.3.13.Final]
		at io.undertow.servlet.handlers.security.SSLInformationAssociationHandler.handleRequest(SSLInformationAssociationHandler.java:117) ~[undertow-servlet-2.3.13.Final.jar:2.3.13.Final]
		at io.undertow.servlet.handlers.security.ServletAuthenticationCallHandler.handleRequest(ServletAuthenticationCallHandler.java:57) ~[undertow-servlet-2.3.13.Final.jar:2.3.13.Final]
		at io.undertow.server.handlers.PredicateHandler.handleRequest(PredicateHandler.java:43) ~[undertow-core-2.3.13.Final.jar:2.3.13.Final]
		at io.undertow.security.handlers.AbstractConfidentialityHandler.handleRequest(AbstractConfidentialityHandler.java:46) ~[undertow-core-2.3.13.Final.jar:2.3.13.Final]
		at io.undertow.servlet.handlers.security.ServletConfidentialityConstraintHandler.handleRequest(ServletConfidentialityConstraintHandler.java:64) ~[undertow-servlet-2.3.13.Final.jar:2.3.13.Final]
		at io.undertow.security.handlers.AuthenticationMechanismsHandler.handleRequest(AuthenticationMechanismsHandler.java:60) ~[undertow-core-2.3.13.Final.jar:2.3.13.Final]
		at io.undertow.servlet.handlers.security.CachedAuthenticatedSessionHandler.handleRequest(CachedAuthenticatedSessionHandler.java:77) ~[undertow-servlet-2.3.13.Final.jar:2.3.13.Final]
		at io.undertow.security.handlers.AbstractSecurityContextAssociationHandler.handleRequest(AbstractSecurityContextAssociationHandler.java:43) ~[undertow-core-2.3.13.Final.jar:2.3.13.Final]
		at io.undertow.server.handlers.PredicateHandler.handleRequest(PredicateHandler.java:43) ~[undertow-core-2.3.13.Final.jar:2.3.13.Final]
		at io.undertow.servlet.handlers.SendErrorPageHandler.handleRequest(SendErrorPageHandler.java:52) ~[undertow-servlet-2.3.13.Final.jar:2.3.13.Final]
		at io.undertow.server.handlers.PredicateHandler.handleRequest(PredicateHandler.java:43) ~[undertow-core-2.3.13.Final.jar:2.3.13.Final]
		at io.undertow.servlet.handlers.ServletInitialHandler.handleFirstRequest(ServletInitialHandler.java:276) ~[undertow-servlet-2.3.13.Final.jar:2.3.13.Final]
		at io.undertow.servlet.handlers.ServletInitialHandler$2.call(ServletInitialHandler.java:135) ~[undertow-servlet-2.3.13.Final.jar:2.3.13.Final]
		at io.undertow.servlet.handlers.ServletInitialHandler$2.call(ServletInitialHandler.java:132) ~[undertow-servlet-2.3.13.Final.jar:2.3.13.Final]
		at io.undertow.servlet.core.ServletRequestContextThreadSetupAction$1.call(ServletRequestContextThreadSetupAction.java:48) ~[undertow-servlet-2.3.13.Final.jar:2.3.13.Final]
		at io.undertow.servlet.core.ContextClassLoaderSetupAction$1.call(ContextClassLoaderSetupAction.java:43) ~[undertow-servlet-2.3.13.Final.jar:2.3.13.Final]
		at io.undertow.servlet.handlers.ServletInitialHandler.dispatchRequest(ServletInitialHandler.java:256) ~[undertow-servlet-2.3.13.Final.jar:2.3.13.Final]
		at io.undertow.servlet.handlers.ServletInitialHandler$1.handleRequest(ServletInitialHandler.java:101) ~[undertow-servlet-2.3.13.Final.jar:2.3.13.Final]
		at io.undertow.server.Connectors.executeRootHandler(Connectors.java:393) ~[undertow-core-2.3.13.Final.jar:2.3.13.Final]
		at io.undertow.server.HttpServerExchange$1.run(HttpServerExchange.java:859) ~[undertow-core-2.3.13.Final.jar:2.3.13.Final]
		at org.jboss.threads.ContextHandler$1.runWith(ContextHandler.java:18) ~[jboss-threads-3.5.0.Final.jar:3.5.0.Final]
		at org.jboss.threads.EnhancedQueueExecutor$Task.run(EnhancedQueueExecutor.java:2513) ~[jboss-threads-3.5.0.Final.jar:3.5.0.Final]
		at org.jboss.threads.EnhancedQueueExecutor$ThreadBody.run(EnhancedQueueExecutor.java:1538) ~[jboss-threads-3.5.0.Final.jar:3.5.0.Final]
		at org.xnio.XnioWorker$WorkerThreadFactory$1$1.run(XnioWorker.java:1282) ~[xnio-api-3.8.8.Final.jar:3.8.8.Final]
		at java.base/java.lang.Thread.run(Thread.java:1583) [?:?]
Caused by: java.io.IOException: Broken pipe
	at java.base/sun.nio.ch.SocketDispatcher.write0(Native Method) ~[?:?]
	at java.base/sun.nio.ch.SocketDispatcher.write(SocketDispatcher.java:62) ~[?:?]
	at java.base/sun.nio.ch.IOUtil.writeFromNativeBuffer(IOUtil.java:137) ~[?:?]
	at java.base/sun.nio.ch.IOUtil.write(IOUtil.java:81) ~[?:?]
	at java.base/sun.nio.ch.IOUtil.write(IOUtil.java:58) ~[?:?]
	at java.base/sun.nio.ch.SocketChannelImpl.write(SocketChannelImpl.java:542) ~[?:?]
	at org.xnio.nio.NioSocketConduit.write(NioSocketConduit.java:153) ~[xnio-nio-3.8.8.Final.jar:3.8.8.Final]
	at io.undertow.server.protocol.http.HttpResponseConduit.write(HttpResponseConduit.java:629) ~[undertow-core-2.3.13.Final.jar:2.3.13.Final]
	at org.xnio.conduits.AbstractStreamSinkConduit.write(AbstractStreamSinkConduit.java:51) ~[xnio-api-3.8.8.Final.jar:3.8.8.Final]
	at io.undertow.conduits.DeflatingStreamSinkConduit.performFlushIfRequiredSingleBuffer(DeflatingStreamSinkConduit.java:445) ~[undertow-core-2.3.13.Final.jar:2.3.13.Final]
	at io.undertow.conduits.DeflatingStreamSinkConduit.performFlushIfRequired(DeflatingStreamSinkConduit.java:432) ~[undertow-core-2.3.13.Final.jar:2.3.13.Final]
	at io.undertow.conduits.DeflatingStreamSinkConduit.deflateData(DeflatingStreamSinkConduit.java:522) ~[undertow-core-2.3.13.Final.jar:2.3.13.Final]
	at io.undertow.conduits.DeflatingStreamSinkConduit.write(DeflatingStreamSinkConduit.java:130) ~[undertow-core-2.3.13.Final.jar:2.3.13.Final]
	at io.undertow.conduits.DeflatingStreamSinkConduit.write(DeflatingStreamSinkConduit.java:165) ~[undertow-core-2.3.13.Final.jar:2.3.13.Final]
	at org.xnio.conduits.ConduitStreamSinkChannel.write(ConduitStreamSinkChannel.java:158) ~[xnio-api-3.8.8.Final.jar:3.8.8.Final]
	at io.undertow.channels.DetachableStreamSinkChannel.write(DetachableStreamSinkChannel.java:179) ~[undertow-core-2.3.13.Final.jar:2.3.13.Final]
	at io.undertow.server.HttpServerExchange$WriteDispatchChannel.write(HttpServerExchange.java:2172) ~[undertow-core-2.3.13.Final.jar:2.3.13.Final]
	at org.xnio.channels.Channels.writeBlocking(Channels.java:202) ~[xnio-api-3.8.8.Final.jar:3.8.8.Final]
	at io.undertow.servlet.spec.ServletOutputStreamImpl.writeTooLargeForBuffer(ServletOutputStreamImpl.java:201) ~[undertow-servlet-2.3.13.Final.jar:2.3.13.Final]
	at io.undertow.servlet.spec.ServletOutputStreamImpl.write(ServletOutputStreamImpl.java:149) ~[undertow-servlet-2.3.13.Final.jar:2.3.13.Final]
	at org.springframework.web.context.request.async.StandardServletAsyncWebRequest$LifecycleServletOutputStream.write(StandardServletAsyncWebRequest.java:375) ~[spring-web-6.1.10.jar:6.1.10]
	... 81 more
[2026-05-21 11:32:14.896] ERROR XNIO-1 task-4 com.jts.gjcxfzksh.exception.handler.GlobalExceptionHandler[63] - 请求地址'/pt/network/tile',发生系统异常. 
org.springframework.web.context.request.async.AsyncRequestNotUsableException: ServletOutputStream failed to write: Broken pipe
	at org.springframework.web.context.request.async.StandardServletAsyncWebRequest$LifecycleHttpServletResponse.handleIOException(StandardServletAsyncWebRequest.java:320) ~[spring-web-6.1.10.jar:6.1.10]
	at org.springframework.web.context.request.async.StandardServletAsyncWebRequest$LifecycleServletOutputStream.write(StandardServletAsyncWebRequest.java:378) ~[spring-web-6.1.10.jar:6.1.10]
	at org.springframework.util.StreamUtils$NonClosingOutputStream.write(StreamUtils.java:261) ~[spring-core-6.1.10.jar:6.1.10]
	at com.fasterxml.jackson.core.json.UTF8JsonGenerator._flushBuffer(UTF8JsonGenerator.java:2210) ~[jackson-core-2.17.1.jar:2.17.1]
	at com.fasterxml.jackson.core.json.UTF8JsonGenerator.writeRaw(UTF8JsonGenerator.java:764) ~[jackson-core-2.17.1.jar:2.17.1]
	at com.fasterxml.jackson.core.json.UTF8JsonGenerator.writeRaw(UTF8JsonGenerator.java:674) ~[jackson-core-2.17.1.jar:2.17.1]
	at com.fasterxml.jackson.core.json.UTF8JsonGenerator.writeNumber(UTF8JsonGenerator.java:1065) ~[jackson-core-2.17.1.jar:2.17.1]
	at com.fasterxml.jackson.databind.ser.std.NumberSerializers$FloatSerializer.serialize(NumberSerializers.java:214) ~[jackson-databind-2.17.1.jar:2.17.1]
	at com.fasterxml.jackson.databind.ser.BeanPropertyWriter.serializeAsField(BeanPropertyWriter.java:732) ~[jackson-databind-2.17.1.jar:2.17.1]
	at com.fasterxml.jackson.databind.ser.std.BeanSerializerBase.serializeFields(BeanSerializerBase.java:770) ~[jackson-databind-2.17.1.jar:2.17.1]
	at com.fasterxml.jackson.databind.ser.BeanSerializer.serialize(BeanSerializer.java:183) ~[jackson-databind-2.17.1.jar:2.17.1]
	at com.fasterxml.jackson.databind.ser.BeanPropertyWriter.serializeAsField(BeanPropertyWriter.java:732) ~[jackson-databind-2.17.1.jar:2.17.1]
	at com.fasterxml.jackson.databind.ser.std.BeanSerializerBase.serializeFields(BeanSerializerBase.java:770) ~[jackson-databind-2.17.1.jar:2.17.1]
	at com.fasterxml.jackson.databind.ser.BeanSerializer.serialize(BeanSerializer.java:183) ~[jackson-databind-2.17.1.jar:2.17.1]
	at com.fasterxml.jackson.databind.ser.impl.IndexedListSerializer.serializeContents(IndexedListSerializer.java:119) ~[jackson-databind-2.17.1.jar:2.17.1]
	at com.fasterxml.jackson.databind.ser.impl.IndexedListSerializer.serialize(IndexedListSerializer.java:79) ~[jackson-databind-2.17.1.jar:2.17.1]
	at com.fasterxml.jackson.databind.ser.impl.IndexedListSerializer.serialize(IndexedListSerializer.java:18) ~[jackson-databind-2.17.1.jar:2.17.1]
	at com.fasterxml.jackson.databind.ser.BeanPropertyWriter.serializeAsField(BeanPropertyWriter.java:732) ~[jackson-databind-2.17.1.jar:2.17.1]
	at com.fasterxml.jackson.databind.ser.std.BeanSerializerBase.serializeFields(BeanSerializerBase.java:770) ~[jackson-databind-2.17.1.jar:2.17.1]
	at com.fasterxml.jackson.databind.ser.BeanSerializer.serialize(BeanSerializer.java:183) ~[jackson-databind-2.17.1.jar:2.17.1]
	at com.fasterxml.jackson.databind.ser.DefaultSerializerProvider._serialize(DefaultSerializerProvider.java:502) ~[jackson-databind-2.17.1.jar:2.17.1]
	at com.fasterxml.jackson.databind.ser.DefaultSerializerProvider.serializeValue(DefaultSerializerProvider.java:341) ~[jackson-databind-2.17.1.jar:2.17.1]
	at com.fasterxml.jackson.databind.ObjectWriter$Prefetch.serialize(ObjectWriter.java:1574) ~[jackson-databind-2.17.1.jar:2.17.1]
	at com.fasterxml.jackson.databind.ObjectWriter.writeValue(ObjectWriter.java:1061) ~[jackson-databind-2.17.1.jar:2.17.1]
	at org.springframework.http.converter.json.AbstractJackson2HttpMessageConverter.writeInternal(AbstractJackson2HttpMessageConverter.java:483) ~[spring-web-6.1.10.jar:6.1.10]
	at org.springframework.http.converter.AbstractGenericHttpMessageConverter.write(AbstractGenericHttpMessageConverter.java:114) ~[spring-web-6.1.10.jar:6.1.10]
	at org.springframework.web.servlet.mvc.method.annotation.AbstractMessageConverterMethodProcessor.writeWithMessageConverters(AbstractMessageConverterMethodProcessor.java:297) ~[spring-webmvc-6.1.10.jar:6.1.10]
	at org.springframework.web.servlet.mvc.method.annotation.RequestResponseBodyMethodProcessor.handleReturnValue(RequestResponseBodyMethodProcessor.java:192) ~[spring-webmvc-6.1.10.jar:6.1.10]
	at org.springframework.web.method.support.HandlerMethodReturnValueHandlerComposite.handleReturnValue(HandlerMethodReturnValueHandlerComposite.java:78) ~[spring-web-6.1.10.jar:6.1.10]
	at org.springframework.web.servlet.mvc.method.annotation.ServletInvocableHandlerMethod.invokeAndHandle(ServletInvocableHandlerMethod.java:136) ~[spring-webmvc-6.1.10.jar:6.1.10]
	at org.springframework.web.servlet.mvc.method.annotation.RequestMappingHandlerAdapter.invokeHandlerMethod(RequestMappingHandlerAdapter.java:926) ~[spring-webmvc-6.1.10.jar:6.1.10]
	at org.springframework.web.servlet.mvc.method.annotation.RequestMappingHandlerAdapter.handleInternal(RequestMappingHandlerAdapter.java:831) ~[spring-webmvc-6.1.10.jar:6.1.10]
	at org.springframework.web.servlet.mvc.method.AbstractHandlerMethodAdapter.handle(AbstractHandlerMethodAdapter.java:87) ~[spring-webmvc-6.1.10.jar:6.1.10]
	at org.springframework.web.servlet.DispatcherServlet.doDispatch(DispatcherServlet.java:1089) ~[spring-webmvc-6.1.10.jar:6.1.10]
	at org.springframework.web.servlet.DispatcherServlet.doService(DispatcherServlet.java:979) ~[spring-webmvc-6.1.10.jar:6.1.10]
	at org.springframework.web.servlet.FrameworkServlet.processRequest(FrameworkServlet.java:1014) ~[spring-webmvc-6.1.10.jar:6.1.10]
	at org.springframework.web.servlet.FrameworkServlet.doPost(FrameworkServlet.java:914) ~[spring-webmvc-6.1.10.jar:6.1.10]
	at jakarta.servlet.http.HttpServlet.service(HttpServlet.java:547) ~[jakarta.servlet-api-6.0.0.jar:6.0.0]
	at org.springframework.web.servlet.FrameworkServlet.service(FrameworkServlet.java:885) ~[spring-webmvc-6.1.10.jar:6.1.10]
	at jakarta.servlet.http.HttpServlet.service(HttpServlet.java:614) ~[jakarta.servlet-api-6.0.0.jar:6.0.0]
	at io.undertow.servlet.handlers.ServletHandler.handleRequest(ServletHandler.java:74) ~[undertow-servlet-2.3.13.Final.jar:2.3.13.Final]
	at io.undertow.servlet.handlers.FilterHandler$FilterChainImpl.doFilter(FilterHandler.java:129) ~[undertow-servlet-2.3.13.Final.jar:2.3.13.Final]
	at org.springframework.web.filter.CorsFilter.doFilterInternal(CorsFilter.java:91) ~[spring-web-6.1.10.jar:6.1.10]
	at org.springframework.web.filter.OncePerRequestFilter.doFilter(OncePerRequestFilter.java:116) ~[spring-web-6.1.10.jar:6.1.10]
	at io.undertow.servlet.core.ManagedFilter.doFilter(ManagedFilter.java:67) ~[undertow-servlet-2.3.13.Final.jar:2.3.13.Final]
	at io.undertow.servlet.handlers.FilterHandler$FilterChainImpl.doFilter(FilterHandler.java:131) ~[undertow-servlet-2.3.13.Final.jar:2.3.13.Final]
	at org.springframework.web.filter.RequestContextFilter.doFilterInternal(RequestContextFilter.java:100) ~[spring-web-6.1.10.jar:6.1.10]
	at org.springframework.web.filter.OncePerRequestFilter.doFilter(OncePerRequestFilter.java:116) ~[spring-web-6.1.10.jar:6.1.10]
	at io.undertow.servlet.core.ManagedFilter.doFilter(ManagedFilter.java:67) ~[undertow-servlet-2.3.13.Final.jar:2.3.13.Final]
	at io.undertow.servlet.handlers.FilterHandler$FilterChainImpl.doFilter(FilterHandler.java:131) ~[undertow-servlet-2.3.13.Final.jar:2.3.13.Final]
	at org.springframework.web.filter.FormContentFilter.doFilterInternal(FormContentFilter.java:93) ~[spring-web-6.1.10.jar:6.1.10]
	at org.springframework.web.filter.OncePerRequestFilter.doFilter(OncePerRequestFilter.java:116) ~[spring-web-6.1.10.jar:6.1.10]
	at io.undertow.servlet.core.ManagedFilter.doFilter(ManagedFilter.java:67) ~[undertow-servlet-2.3.13.Final.jar:2.3.13.Final]
	at io.undertow.servlet.handlers.FilterHandler$FilterChainImpl.doFilter(FilterHandler.java:131) ~[undertow-servlet-2.3.13.Final.jar:2.3.13.Final]
	at org.springframework.web.filter.CharacterEncodingFilter.doFilterInternal(CharacterEncodingFilter.java:201) ~[spring-web-6.1.10.jar:6.1.10]
	at org.springframework.web.filter.OncePerRequestFilter.doFilter(OncePerRequestFilter.java:116) ~[spring-web-6.1.10.jar:6.1.10]
	at io.undertow.servlet.core.ManagedFilter.doFilter(ManagedFilter.java:67) ~[undertow-servlet-2.3.13.Final.jar:2.3.13.Final]
	at io.undertow.servlet.handlers.FilterHandler$FilterChainImpl.doFilter(FilterHandler.java:131) ~[undertow-servlet-2.3.13.Final.jar:2.3.13.Final]
	at io.undertow.servlet.handlers.FilterHandler.handleRequest(FilterHandler.java:84) ~[undertow-servlet-2.3.13.Final.jar:2.3.13.Final]
	at io.undertow.servlet.handlers.security.ServletSecurityRoleHandler.handleRequest(ServletSecurityRoleHandler.java:62) ~[undertow-servlet-2.3.13.Final.jar:2.3.13.Final]
	at io.undertow.servlet.handlers.ServletChain$1.handleRequest(ServletChain.java:68) ~[undertow-servlet-2.3.13.Final.jar:2.3.13.Final]
	at io.undertow.servlet.handlers.ServletDispatchingHandler.handleRequest(ServletDispatchingHandler.java:36) ~[undertow-servlet-2.3.13.Final.jar:2.3.13.Final]
	at io.undertow.servlet.handlers.RedirectDirHandler.handleRequest(RedirectDirHandler.java:68) ~[undertow-servlet-2.3.13.Final.jar:2.3.13.Final]
	at io.undertow.servlet.handlers.security.SSLInformationAssociationHandler.handleRequest(SSLInformationAssociationHandler.java:117) ~[undertow-servlet-2.3.13.Final.jar:2.3.13.Final]
	at io.undertow.servlet.handlers.security.ServletAuthenticationCallHandler.handleRequest(ServletAuthenticationCallHandler.java:57) ~[undertow-servlet-2.3.13.Final.jar:2.3.13.Final]
	at io.undertow.server.handlers.PredicateHandler.handleRequest(PredicateHandler.java:43) ~[undertow-core-2.3.13.Final.jar:2.3.13.Final]
	at io.undertow.security.handlers.AbstractConfidentialityHandler.handleRequest(AbstractConfidentialityHandler.java:46) ~[undertow-core-2.3.13.Final.jar:2.3.13.Final]
	at io.undertow.servlet.handlers.security.ServletConfidentialityConstraintHandler.handleRequest(ServletConfidentialityConstraintHandler.java:64) ~[undertow-servlet-2.3.13.Final.jar:2.3.13.Final]
	at io.undertow.security.handlers.AuthenticationMechanismsHandler.handleRequest(AuthenticationMechanismsHandler.java:60) ~[undertow-core-2.3.13.Final.jar:2.3.13.Final]
	at io.undertow.servlet.handlers.security.CachedAuthenticatedSessionHandler.handleRequest(CachedAuthenticatedSessionHandler.java:77) ~[undertow-servlet-2.3.13.Final.jar:2.3.13.Final]
	at io.undertow.security.handlers.AbstractSecurityContextAssociationHandler.handleRequest(AbstractSecurityContextAssociationHandler.java:43) ~[undertow-core-2.3.13.Final.jar:2.3.13.Final]
	at io.undertow.server.handlers.PredicateHandler.handleRequest(PredicateHandler.java:43) ~[undertow-core-2.3.13.Final.jar:2.3.13.Final]
	at io.undertow.servlet.handlers.SendErrorPageHandler.handleRequest(SendErrorPageHandler.java:52) ~[undertow-servlet-2.3.13.Final.jar:2.3.13.Final]
	at io.undertow.server.handlers.PredicateHandler.handleRequest(PredicateHandler.java:43) ~[undertow-core-2.3.13.Final.jar:2.3.13.Final]
	at io.undertow.servlet.handlers.ServletInitialHandler.handleFirstRequest(ServletInitialHandler.java:276) ~[undertow-servlet-2.3.13.Final.jar:2.3.13.Final]
	at io.undertow.servlet.handlers.ServletInitialHandler$2.call(ServletInitialHandler.java:135) ~[undertow-servlet-2.3.13.Final.jar:2.3.13.Final]
	at io.undertow.servlet.handlers.ServletInitialHandler$2.call(ServletInitialHandler.java:132) ~[undertow-servlet-2.3.13.Final.jar:2.3.13.Final]
	at io.undertow.servlet.core.ServletRequestContextThreadSetupAction$1.call(ServletRequestContextThreadSetupAction.java:48) ~[undertow-servlet-2.3.13.Final.jar:2.3.13.Final]
	at io.undertow.servlet.core.ContextClassLoaderSetupAction$1.call(ContextClassLoaderSetupAction.java:43) ~[undertow-servlet-2.3.13.Final.jar:2.3.13.Final]
	at io.undertow.servlet.handlers.ServletInitialHandler.dispatchRequest(ServletInitialHandler.java:256) ~[undertow-servlet-2.3.13.Final.jar:2.3.13.Final]
	at io.undertow.servlet.handlers.ServletInitialHandler$1.handleRequest(ServletInitialHandler.java:101) ~[undertow-servlet-2.3.13.Final.jar:2.3.13.Final]
	at io.undertow.server.Connectors.executeRootHandler(Connectors.java:393) ~[undertow-core-2.3.13.Final.jar:2.3.13.Final]
	at io.undertow.server.HttpServerExchange$1.run(HttpServerExchange.java:859) ~[undertow-core-2.3.13.Final.jar:2.3.13.Final]
	at org.jboss.threads.ContextHandler$1.runWith(ContextHandler.java:18) ~[jboss-threads-3.5.0.Final.jar:3.5.0.Final]
	at org.jboss.threads.EnhancedQueueExecutor$Task.run(EnhancedQueueExecutor.java:2513) ~[jboss-threads-3.5.0.Final.jar:3.5.0.Final]
	at org.jboss.threads.EnhancedQueueExecutor$ThreadBody.run(EnhancedQueueExecutor.java:1538) ~[jboss-threads-3.5.0.Final.jar:3.5.0.Final]
	at org.xnio.XnioWorker$WorkerThreadFactory$1$1.run(XnioWorker.java:1282) ~[xnio-api-3.8.8.Final.jar:3.8.8.Final]
	at java.base/java.lang.Thread.run(Thread.java:1583) [?:?]
	Suppressed: org.springframework.web.context.request.async.AsyncRequestNotUsableException: Response not usable after response errors.
		at org.springframework.web.context.request.async.StandardServletAsyncWebRequest$LifecycleHttpServletResponse.obtainLockAndCheckState(StandardServletAsyncWebRequest.java:314) ~[spring-web-6.1.10.jar:6.1.10]
		at org.springframework.web.context.request.async.StandardServletAsyncWebRequest$LifecycleServletOutputStream.write(StandardServletAsyncWebRequest.java:373) ~[spring-web-6.1.10.jar:6.1.10]
		at org.springframework.util.StreamUtils$NonClosingOutputStream.write(StreamUtils.java:261) ~[spring-core-6.1.10.jar:6.1.10]
		at com.fasterxml.jackson.core.json.UTF8JsonGenerator._flushBuffer(UTF8JsonGenerator.java:2210) ~[jackson-core-2.17.1.jar:2.17.1]
		at com.fasterxml.jackson.core.json.UTF8JsonGenerator.close(UTF8JsonGenerator.java:1234) ~[jackson-core-2.17.1.jar:2.17.1]
		at org.springframework.http.converter.json.AbstractJackson2HttpMessageConverter.writeInternal(AbstractJackson2HttpMessageConverter.java:452) ~[spring-web-6.1.10.jar:6.1.10]
		at org.springframework.http.converter.AbstractGenericHttpMessageConverter.write(AbstractGenericHttpMessageConverter.java:114) ~[spring-web-6.1.10.jar:6.1.10]
		at org.springframework.web.servlet.mvc.method.annotation.AbstractMessageConverterMethodProcessor.writeWithMessageConverters(AbstractMessageConverterMethodProcessor.java:297) ~[spring-webmvc-6.1.10.jar:6.1.10]
		at org.springframework.web.servlet.mvc.method.annotation.RequestResponseBodyMethodProcessor.handleReturnValue(RequestResponseBodyMethodProcessor.java:192) ~[spring-webmvc-6.1.10.jar:6.1.10]
		at org.springframework.web.method.support.HandlerMethodReturnValueHandlerComposite.handleReturnValue(HandlerMethodReturnValueHandlerComposite.java:78) ~[spring-web-6.1.10.jar:6.1.10]
		at org.springframework.web.servlet.mvc.method.annotation.ServletInvocableHandlerMethod.invokeAndHandle(ServletInvocableHandlerMethod.java:136) ~[spring-webmvc-6.1.10.jar:6.1.10]
		at org.springframework.web.servlet.mvc.method.annotation.RequestMappingHandlerAdapter.invokeHandlerMethod(RequestMappingHandlerAdapter.java:926) ~[spring-webmvc-6.1.10.jar:6.1.10]
		at org.springframework.web.servlet.mvc.method.annotation.RequestMappingHandlerAdapter.handleInternal(RequestMappingHandlerAdapter.java:831) ~[spring-webmvc-6.1.10.jar:6.1.10]
		at org.springframework.web.servlet.mvc.method.AbstractHandlerMethodAdapter.handle(AbstractHandlerMethodAdapter.java:87) ~[spring-webmvc-6.1.10.jar:6.1.10]
		at org.springframework.web.servlet.DispatcherServlet.doDispatch(DispatcherServlet.java:1089) ~[spring-webmvc-6.1.10.jar:6.1.10]
		at org.springframework.web.servlet.DispatcherServlet.doService(DispatcherServlet.java:979) ~[spring-webmvc-6.1.10.jar:6.1.10]
		at org.springframework.web.servlet.FrameworkServlet.processRequest(FrameworkServlet.java:1014) ~[spring-webmvc-6.1.10.jar:6.1.10]
		at org.springframework.web.servlet.FrameworkServlet.doPost(FrameworkServlet.java:914) ~[spring-webmvc-6.1.10.jar:6.1.10]
		at jakarta.servlet.http.HttpServlet.service(HttpServlet.java:547) ~[jakarta.servlet-api-6.0.0.jar:6.0.0]
		at org.springframework.web.servlet.FrameworkServlet.service(FrameworkServlet.java:885) ~[spring-webmvc-6.1.10.jar:6.1.10]
		at jakarta.servlet.http.HttpServlet.service(HttpServlet.java:614) ~[jakarta.servlet-api-6.0.0.jar:6.0.0]
		at io.undertow.servlet.handlers.ServletHandler.handleRequest(ServletHandler.java:74) ~[undertow-servlet-2.3.13.Final.jar:2.3.13.Final]
		at io.undertow.servlet.handlers.FilterHandler$FilterChainImpl.doFilter(FilterHandler.java:129) ~[undertow-servlet-2.3.13.Final.jar:2.3.13.Final]
		at org.springframework.web.filter.CorsFilter.doFilterInternal(CorsFilter.java:91) ~[spring-web-6.1.10.jar:6.1.10]
		at org.springframework.web.filter.OncePerRequestFilter.doFilter(OncePerRequestFilter.java:116) ~[spring-web-6.1.10.jar:6.1.10]
		at io.undertow.servlet.core.ManagedFilter.doFilter(ManagedFilter.java:67) ~[undertow-servlet-2.3.13.Final.jar:2.3.13.Final]
		at io.undertow.servlet.handlers.FilterHandler$FilterChainImpl.doFilter(FilterHandler.java:131) ~[undertow-servlet-2.3.13.Final.jar:2.3.13.Final]
		at org.springframework.web.filter.RequestContextFilter.doFilterInternal(RequestContextFilter.java:100) ~[spring-web-6.1.10.jar:6.1.10]
		at org.springframework.web.filter.OncePerRequestFilter.doFilter(OncePerRequestFilter.java:116) ~[spring-web-6.1.10.jar:6.1.10]
		at io.undertow.servlet.core.ManagedFilter.doFilter(ManagedFilter.java:67) ~[undertow-servlet-2.3.13.Final.jar:2.3.13.Final]
		at io.undertow.servlet.handlers.FilterHandler$FilterChainImpl.doFilter(FilterHandler.java:131) ~[undertow-servlet-2.3.13.Final.jar:2.3.13.Final]
		at org.springframework.web.filter.FormContentFilter.doFilterInternal(FormContentFilter.java:93) ~[spring-web-6.1.10.jar:6.1.10]
		at org.springframework.web.filter.OncePerRequestFilter.doFilter(OncePerRequestFilter.java:116) ~[spring-web-6.1.10.jar:6.1.10]
		at io.undertow.servlet.core.ManagedFilter.doFilter(ManagedFilter.java:67) ~[undertow-servlet-2.3.13.Final.jar:2.3.13.Final]
		at io.undertow.servlet.handlers.FilterHandler$FilterChainImpl.doFilter(FilterHandler.java:131) ~[undertow-servlet-2.3.13.Final.jar:2.3.13.Final]
		at org.springframework.web.filter.CharacterEncodingFilter.doFilterInternal(CharacterEncodingFilter.java:201) ~[spring-web-6.1.10.jar:6.1.10]
		at org.springframework.web.filter.OncePerRequestFilter.doFilter(OncePerRequestFilter.java:116) ~[spring-web-6.1.10.jar:6.1.10]
		at io.undertow.servlet.core.ManagedFilter.doFilter(ManagedFilter.java:67) ~[undertow-servlet-2.3.13.Final.jar:2.3.13.Final]
		at io.undertow.servlet.handlers.FilterHandler$FilterChainImpl.doFilter(FilterHandler.java:131) ~[undertow-servlet-2.3.13.Final.jar:2.3.13.Final]
		at io.undertow.servlet.handlers.FilterHandler.handleRequest(FilterHandler.java:84) ~[undertow-servlet-2.3.13.Final.jar:2.3.13.Final]
		at io.undertow.servlet.handlers.security.ServletSecurityRoleHandler.handleRequest(ServletSecurityRoleHandler.java:62) ~[undertow-servlet-2.3.13.Final.jar:2.3.13.Final]
		at io.undertow.servlet.handlers.ServletChain$1.handleRequest(ServletChain.java:68) ~[undertow-servlet-2.3.13.Final.jar:2.3.13.Final]
		at io.undertow.servlet.handlers.ServletDispatchingHandler.handleRequest(ServletDispatchingHandler.java:36) ~[undertow-servlet-2.3.13.Final.jar:2.3.13.Final]
		at io.undertow.servlet.handlers.RedirectDirHandler.handleRequest(RedirectDirHandler.java:68) ~[undertow-servlet-2.3.13.Final.jar:2.3.13.Final]
		at io.undertow.servlet.handlers.security.SSLInformationAssociationHandler.handleRequest(SSLInformationAssociationHandler.java:117) ~[undertow-servlet-2.3.13.Final.jar:2.3.13.Final]
		at io.undertow.servlet.handlers.security.ServletAuthenticationCallHandler.handleRequest(ServletAuthenticationCallHandler.java:57) ~[undertow-servlet-2.3.13.Final.jar:2.3.13.Final]
		at io.undertow.server.handlers.PredicateHandler.handleRequest(PredicateHandler.java:43) ~[undertow-core-2.3.13.Final.jar:2.3.13.Final]
		at io.undertow.security.handlers.AbstractConfidentialityHandler.handleRequest(AbstractConfidentialityHandler.java:46) ~[undertow-core-2.3.13.Final.jar:2.3.13.Final]
		at io.undertow.servlet.handlers.security.ServletConfidentialityConstraintHandler.handleRequest(ServletConfidentialityConstraintHandler.java:64) ~[undertow-servlet-2.3.13.Final.jar:2.3.13.Final]
		at io.undertow.security.handlers.AuthenticationMechanismsHandler.handleRequest(AuthenticationMechanismsHandler.java:60) ~[undertow-core-2.3.13.Final.jar:2.3.13.Final]
		at io.undertow.servlet.handlers.security.CachedAuthenticatedSessionHandler.handleRequest(CachedAuthenticatedSessionHandler.java:77) ~[undertow-servlet-2.3.13.Final.jar:2.3.13.Final]
		at io.undertow.security.handlers.AbstractSecurityContextAssociationHandler.handleRequest(AbstractSecurityContextAssociationHandler.java:43) ~[undertow-core-2.3.13.Final.jar:2.3.13.Final]
		at io.undertow.server.handlers.PredicateHandler.handleRequest(PredicateHandler.java:43) ~[undertow-core-2.3.13.Final.jar:2.3.13.Final]
		at io.undertow.servlet.handlers.SendErrorPageHandler.handleRequest(SendErrorPageHandler.java:52) ~[undertow-servlet-2.3.13.Final.jar:2.3.13.Final]
		at io.undertow.server.handlers.PredicateHandler.handleRequest(PredicateHandler.java:43) ~[undertow-core-2.3.13.Final.jar:2.3.13.Final]
		at io.undertow.servlet.handlers.ServletInitialHandler.handleFirstRequest(ServletInitialHandler.java:276) ~[undertow-servlet-2.3.13.Final.jar:2.3.13.Final]
		at io.undertow.servlet.handlers.ServletInitialHandler$2.call(ServletInitialHandler.java:135) ~[undertow-servlet-2.3.13.Final.jar:2.3.13.Final]
		at io.undertow.servlet.handlers.ServletInitialHandler$2.call(ServletInitialHandler.java:132) ~[undertow-servlet-2.3.13.Final.jar:2.3.13.Final]
		at io.undertow.servlet.core.ServletRequestContextThreadSetupAction$1.call(ServletRequestContextThreadSetupAction.java:48) ~[undertow-servlet-2.3.13.Final.jar:2.3.13.Final]
		at io.undertow.servlet.core.ContextClassLoaderSetupAction$1.call(ContextClassLoaderSetupAction.java:43) ~[undertow-servlet-2.3.13.Final.jar:2.3.13.Final]
		at io.undertow.servlet.handlers.ServletInitialHandler.dispatchRequest(ServletInitialHandler.java:256) ~[undertow-servlet-2.3.13.Final.jar:2.3.13.Final]
		at io.undertow.servlet.handlers.ServletInitialHandler$1.handleRequest(ServletInitialHandler.java:101) ~[undertow-servlet-2.3.13.Final.jar:2.3.13.Final]
		at io.undertow.server.Connectors.executeRootHandler(Connectors.java:393) ~[undertow-core-2.3.13.Final.jar:2.3.13.Final]
		at io.undertow.server.HttpServerExchange$1.run(HttpServerExchange.java:859) ~[undertow-core-2.3.13.Final.jar:2.3.13.Final]
		at org.jboss.threads.ContextHandler$1.runWith(ContextHandler.java:18) ~[jboss-threads-3.5.0.Final.jar:3.5.0.Final]
		at org.jboss.threads.EnhancedQueueExecutor$Task.run(EnhancedQueueExecutor.java:2513) ~[jboss-threads-3.5.0.Final.jar:3.5.0.Final]
		at org.jboss.threads.EnhancedQueueExecutor$ThreadBody.run(EnhancedQueueExecutor.java:1538) ~[jboss-threads-3.5.0.Final.jar:3.5.0.Final]
		at org.xnio.XnioWorker$WorkerThreadFactory$1$1.run(XnioWorker.java:1282) ~[xnio-api-3.8.8.Final.jar:3.8.8.Final]
		at java.base/java.lang.Thread.run(Thread.java:1583) [?:?]
Caused by: java.io.IOException: Broken pipe
	at java.base/sun.nio.ch.SocketDispatcher.write0(Native Method) ~[?:?]
	at java.base/sun.nio.ch.SocketDispatcher.write(SocketDispatcher.java:62) ~[?:?]
	at java.base/sun.nio.ch.IOUtil.writeFromNativeBuffer(IOUtil.java:137) ~[?:?]
	at java.base/sun.nio.ch.IOUtil.write(IOUtil.java:81) ~[?:?]
	at java.base/sun.nio.ch.IOUtil.write(IOUtil.java:58) ~[?:?]
	at java.base/sun.nio.ch.SocketChannelImpl.write(SocketChannelImpl.java:542) ~[?:?]
	at org.xnio.nio.NioSocketConduit.write(NioSocketConduit.java:153) ~[xnio-nio-3.8.8.Final.jar:3.8.8.Final]
	at io.undertow.server.protocol.http.HttpResponseConduit.write(HttpResponseConduit.java:629) ~[undertow-core-2.3.13.Final.jar:2.3.13.Final]
	at org.xnio.conduits.AbstractStreamSinkConduit.write(AbstractStreamSinkConduit.java:51) ~[xnio-api-3.8.8.Final.jar:3.8.8.Final]
	at io.undertow.conduits.DeflatingStreamSinkConduit.performFlushIfRequiredSingleBuffer(DeflatingStreamSinkConduit.java:445) ~[undertow-core-2.3.13.Final.jar:2.3.13.Final]
	at io.undertow.conduits.DeflatingStreamSinkConduit.performFlushIfRequired(DeflatingStreamSinkConduit.java:432) ~[undertow-core-2.3.13.Final.jar:2.3.13.Final]
	at io.undertow.conduits.DeflatingStreamSinkConduit.deflateData(DeflatingStreamSinkConduit.java:522) ~[undertow-core-2.3.13.Final.jar:2.3.13.Final]
	at io.undertow.conduits.DeflatingStreamSinkConduit.write(DeflatingStreamSinkConduit.java:130) ~[undertow-core-2.3.13.Final.jar:2.3.13.Final]
	at io.undertow.conduits.DeflatingStreamSinkConduit.write(DeflatingStreamSinkConduit.java:165) ~[undertow-core-2.3.13.Final.jar:2.3.13.Final]
	at org.xnio.conduits.ConduitStreamSinkChannel.write(ConduitStreamSinkChannel.java:158) ~[xnio-api-3.8.8.Final.jar:3.8.8.Final]
	at io.undertow.channels.DetachableStreamSinkChannel.write(DetachableStreamSinkChannel.java:179) ~[undertow-core-2.3.13.Final.jar:2.3.13.Final]
	at io.undertow.server.HttpServerExchange$WriteDispatchChannel.write(HttpServerExchange.java:2172) ~[undertow-core-2.3.13.Final.jar:2.3.13.Final]
	at org.xnio.channels.Channels.writeBlocking(Channels.java:202) ~[xnio-api-3.8.8.Final.jar:3.8.8.Final]
	at io.undertow.servlet.spec.ServletOutputStreamImpl.writeTooLargeForBuffer(ServletOutputStreamImpl.java:201) ~[undertow-servlet-2.3.13.Final.jar:2.3.13.Final]
	at io.undertow.servlet.spec.ServletOutputStreamImpl.write(ServletOutputStreamImpl.java:149) ~[undertow-servlet-2.3.13.Final.jar:2.3.13.Final]
	at org.springframework.web.context.request.async.StandardServletAsyncWebRequest$LifecycleServletOutputStream.write(StandardServletAsyncWebRequest.java:375) ~[spring-web-6.1.10.jar:6.1.10]
	... 86 more
[2026-05-21 11:33:02.096] ERROR XNIO-1 task-3 com.jts.gjcxfzksh.exception.handler.GlobalExceptionHandler[63] - 请求地址'/pt/network/tile',发生系统异常. 
org.springframework.web.context.request.async.AsyncRequestNotUsableException: ServletOutputStream failed to write: Broken pipe
	at org.springframework.web.context.request.async.StandardServletAsyncWebRequest$LifecycleHttpServletResponse.handleIOException(StandardServletAsyncWebRequest.java:320) ~[spring-web-6.1.10.jar:6.1.10]
	at org.springframework.web.context.request.async.StandardServletAsyncWebRequest$LifecycleServletOutputStream.write(StandardServletAsyncWebRequest.java:378) ~[spring-web-6.1.10.jar:6.1.10]
	at org.springframework.util.StreamUtils$NonClosingOutputStream.write(StreamUtils.java:261) ~[spring-core-6.1.10.jar:6.1.10]
	at com.fasterxml.jackson.core.json.UTF8JsonGenerator._flushBuffer(UTF8JsonGenerator.java:2210) ~[jackson-core-2.17.1.jar:2.17.1]
	at com.fasterxml.jackson.core.json.UTF8JsonGenerator.writeRaw(UTF8JsonGenerator.java:764) ~[jackson-core-2.17.1.jar:2.17.1]
	at com.fasterxml.jackson.core.json.UTF8JsonGenerator.writeRaw(UTF8JsonGenerator.java:674) ~[jackson-core-2.17.1.jar:2.17.1]
	at com.fasterxml.jackson.core.json.UTF8JsonGenerator.writeNumber(UTF8JsonGenerator.java:1065) ~[jackson-core-2.17.1.jar:2.17.1]
	at com.fasterxml.jackson.databind.ser.std.NumberSerializers$FloatSerializer.serialize(NumberSerializers.java:214) ~[jackson-databind-2.17.1.jar:2.17.1]
	at com.fasterxml.jackson.databind.ser.BeanPropertyWriter.serializeAsField(BeanPropertyWriter.java:732) ~[jackson-databind-2.17.1.jar:2.17.1]
	at com.fasterxml.jackson.databind.ser.std.BeanSerializerBase.serializeFields(BeanSerializerBase.java:770) ~[jackson-databind-2.17.1.jar:2.17.1]
	at com.fasterxml.jackson.databind.ser.BeanSerializer.serialize(BeanSerializer.java:183) ~[jackson-databind-2.17.1.jar:2.17.1]
	at com.fasterxml.jackson.databind.ser.BeanPropertyWriter.serializeAsField(BeanPropertyWriter.java:732) ~[jackson-databind-2.17.1.jar:2.17.1]
	at com.fasterxml.jackson.databind.ser.std.BeanSerializerBase.serializeFields(BeanSerializerBase.java:770) ~[jackson-databind-2.17.1.jar:2.17.1]
	at com.fasterxml.jackson.databind.ser.BeanSerializer.serialize(BeanSerializer.java:183) ~[jackson-databind-2.17.1.jar:2.17.1]
	at com.fasterxml.jackson.databind.ser.impl.IndexedListSerializer.serializeContents(IndexedListSerializer.java:119) ~[jackson-databind-2.17.1.jar:2.17.1]
	at com.fasterxml.jackson.databind.ser.impl.IndexedListSerializer.serialize(IndexedListSerializer.java:79) ~[jackson-databind-2.17.1.jar:2.17.1]
	at com.fasterxml.jackson.databind.ser.impl.IndexedListSerializer.serialize(IndexedListSerializer.java:18) ~[jackson-databind-2.17.1.jar:2.17.1]
	at com.fasterxml.jackson.databind.ser.BeanPropertyWriter.serializeAsField(BeanPropertyWriter.java:732) ~[jackson-databind-2.17.1.jar:2.17.1]
	at com.fasterxml.jackson.databind.ser.std.BeanSerializerBase.serializeFields(BeanSerializerBase.java:770) ~[jackson-databind-2.17.1.jar:2.17.1]
	at com.fasterxml.jackson.databind.ser.BeanSerializer.serialize(BeanSerializer.java:183) ~[jackson-databind-2.17.1.jar:2.17.1]
	at com.fasterxml.jackson.databind.ser.DefaultSerializerProvider._serialize(DefaultSerializerProvider.java:502) ~[jackson-databind-2.17.1.jar:2.17.1]
	at com.fasterxml.jackson.databind.ser.DefaultSerializerProvider.serializeValue(DefaultSerializerProvider.java:341) ~[jackson-databind-2.17.1.jar:2.17.1]
	at com.fasterxml.jackson.databind.ObjectWriter$Prefetch.serialize(ObjectWriter.java:1574) ~[jackson-databind-2.17.1.jar:2.17.1]
	at com.fasterxml.jackson.databind.ObjectWriter.writeValue(ObjectWriter.java:1061) ~[jackson-databind-2.17.1.jar:2.17.1]
	at org.springframework.http.converter.json.AbstractJackson2HttpMessageConverter.writeInternal(AbstractJackson2HttpMessageConverter.java:483) ~[spring-web-6.1.10.jar:6.1.10]
	at org.springframework.http.converter.AbstractGenericHttpMessageConverter.write(AbstractGenericHttpMessageConverter.java:114) ~[spring-web-6.1.10.jar:6.1.10]
	at org.springframework.web.servlet.mvc.method.annotation.AbstractMessageConverterMethodProcessor.writeWithMessageConverters(AbstractMessageConverterMethodProcessor.java:297) ~[spring-webmvc-6.1.10.jar:6.1.10]
	at org.springframework.web.servlet.mvc.method.annotation.RequestResponseBodyMethodProcessor.handleReturnValue(RequestResponseBodyMethodProcessor.java:192) ~[spring-webmvc-6.1.10.jar:6.1.10]
	at org.springframework.web.method.support.HandlerMethodReturnValueHandlerComposite.handleReturnValue(HandlerMethodReturnValueHandlerComposite.java:78) ~[spring-web-6.1.10.jar:6.1.10]
	at org.springframework.web.servlet.mvc.method.annotation.ServletInvocableHandlerMethod.invokeAndHandle(ServletInvocableHandlerMethod.java:136) ~[spring-webmvc-6.1.10.jar:6.1.10]
	at org.springframework.web.servlet.mvc.method.annotation.RequestMappingHandlerAdapter.invokeHandlerMethod(RequestMappingHandlerAdapter.java:926) ~[spring-webmvc-6.1.10.jar:6.1.10]
	at org.springframework.web.servlet.mvc.method.annotation.RequestMappingHandlerAdapter.handleInternal(RequestMappingHandlerAdapter.java:831) ~[spring-webmvc-6.1.10.jar:6.1.10]
	at org.springframework.web.servlet.mvc.method.AbstractHandlerMethodAdapter.handle(AbstractHandlerMethodAdapter.java:87) ~[spring-webmvc-6.1.10.jar:6.1.10]
	at org.springframework.web.servlet.DispatcherServlet.doDispatch(DispatcherServlet.java:1089) ~[spring-webmvc-6.1.10.jar:6.1.10]
	at org.springframework.web.servlet.DispatcherServlet.doService(DispatcherServlet.java:979) ~[spring-webmvc-6.1.10.jar:6.1.10]
	at org.springframework.web.servlet.FrameworkServlet.processRequest(FrameworkServlet.java:1014) ~[spring-webmvc-6.1.10.jar:6.1.10]
	at org.springframework.web.servlet.FrameworkServlet.doPost(FrameworkServlet.java:914) ~[spring-webmvc-6.1.10.jar:6.1.10]
	at jakarta.servlet.http.HttpServlet.service(HttpServlet.java:547) ~[jakarta.servlet-api-6.0.0.jar:6.0.0]
	at org.springframework.web.servlet.FrameworkServlet.service(FrameworkServlet.java:885) ~[spring-webmvc-6.1.10.jar:6.1.10]
	at jakarta.servlet.http.HttpServlet.service(HttpServlet.java:614) ~[jakarta.servlet-api-6.0.0.jar:6.0.0]
	at io.undertow.servlet.handlers.ServletHandler.handleRequest(ServletHandler.java:74) ~[undertow-servlet-2.3.13.Final.jar:2.3.13.Final]
	at io.undertow.servlet.handlers.FilterHandler$FilterChainImpl.doFilter(FilterHandler.java:129) ~[undertow-servlet-2.3.13.Final.jar:2.3.13.Final]
	at org.springframework.web.filter.CorsFilter.doFilterInternal(CorsFilter.java:91) ~[spring-web-6.1.10.jar:6.1.10]
	at org.springframework.web.filter.OncePerRequestFilter.doFilter(OncePerRequestFilter.java:116) ~[spring-web-6.1.10.jar:6.1.10]
	at io.undertow.servlet.core.ManagedFilter.doFilter(ManagedFilter.java:67) ~[undertow-servlet-2.3.13.Final.jar:2.3.13.Final]
	at io.undertow.servlet.handlers.FilterHandler$FilterChainImpl.doFilter(FilterHandler.java:131) ~[undertow-servlet-2.3.13.Final.jar:2.3.13.Final]
	at org.springframework.web.filter.RequestContextFilter.doFilterInternal(RequestContextFilter.java:100) ~[spring-web-6.1.10.jar:6.1.10]
	at org.springframework.web.filter.OncePerRequestFilter.doFilter(OncePerRequestFilter.java:116) ~[spring-web-6.1.10.jar:6.1.10]
	at io.undertow.servlet.core.ManagedFilter.doFilter(ManagedFilter.java:67) ~[undertow-servlet-2.3.13.Final.jar:2.3.13.Final]
	at io.undertow.servlet.handlers.FilterHandler$FilterChainImpl.doFilter(FilterHandler.java:131) ~[undertow-servlet-2.3.13.Final.jar:2.3.13.Final]
	at org.springframework.web.filter.FormContentFilter.doFilterInternal(FormContentFilter.java:93) ~[spring-web-6.1.10.jar:6.1.10]
	at org.springframework.web.filter.OncePerRequestFilter.doFilter(OncePerRequestFilter.java:116) ~[spring-web-6.1.10.jar:6.1.10]
	at io.undertow.servlet.core.ManagedFilter.doFilter(ManagedFilter.java:67) ~[undertow-servlet-2.3.13.Final.jar:2.3.13.Final]
	at io.undertow.servlet.handlers.FilterHandler$FilterChainImpl.doFilter(FilterHandler.java:131) ~[undertow-servlet-2.3.13.Final.jar:2.3.13.Final]
	at org.springframework.web.filter.CharacterEncodingFilter.doFilterInternal(CharacterEncodingFilter.java:201) ~[spring-web-6.1.10.jar:6.1.10]
	at org.springframework.web.filter.OncePerRequestFilter.doFilter(OncePerRequestFilter.java:116) ~[spring-web-6.1.10.jar:6.1.10]
	at io.undertow.servlet.core.ManagedFilter.doFilter(ManagedFilter.java:67) ~[undertow-servlet-2.3.13.Final.jar:2.3.13.Final]
	at io.undertow.servlet.handlers.FilterHandler$FilterChainImpl.doFilter(FilterHandler.java:131) ~[undertow-servlet-2.3.13.Final.jar:2.3.13.Final]
	at io.undertow.servlet.handlers.FilterHandler.handleRequest(FilterHandler.java:84) ~[undertow-servlet-2.3.13.Final.jar:2.3.13.Final]
	at io.undertow.servlet.handlers.security.ServletSecurityRoleHandler.handleRequest(ServletSecurityRoleHandler.java:62) ~[undertow-servlet-2.3.13.Final.jar:2.3.13.Final]
	at io.undertow.servlet.handlers.ServletChain$1.handleRequest(ServletChain.java:68) ~[undertow-servlet-2.3.13.Final.jar:2.3.13.Final]
	at io.undertow.servlet.handlers.ServletDispatchingHandler.handleRequest(ServletDispatchingHandler.java:36) ~[undertow-servlet-2.3.13.Final.jar:2.3.13.Final]
	at io.undertow.servlet.handlers.RedirectDirHandler.handleRequest(RedirectDirHandler.java:68) ~[undertow-servlet-2.3.13.Final.jar:2.3.13.Final]
	at io.undertow.servlet.handlers.security.SSLInformationAssociationHandler.handleRequest(SSLInformationAssociationHandler.java:117) ~[undertow-servlet-2.3.13.Final.jar:2.3.13.Final]
	at io.undertow.servlet.handlers.security.ServletAuthenticationCallHandler.handleRequest(ServletAuthenticationCallHandler.java:57) ~[undertow-servlet-2.3.13.Final.jar:2.3.13.Final]
	at io.undertow.server.handlers.PredicateHandler.handleRequest(PredicateHandler.java:43) ~[undertow-core-2.3.13.Final.jar:2.3.13.Final]
	at io.undertow.security.handlers.AbstractConfidentialityHandler.handleRequest(AbstractConfidentialityHandler.java:46) ~[undertow-core-2.3.13.Final.jar:2.3.13.Final]
	at io.undertow.servlet.handlers.security.ServletConfidentialityConstraintHandler.handleRequest(ServletConfidentialityConstraintHandler.java:64) ~[undertow-servlet-2.3.13.Final.jar:2.3.13.Final]
	at io.undertow.security.handlers.AuthenticationMechanismsHandler.handleRequest(AuthenticationMechanismsHandler.java:60) ~[undertow-core-2.3.13.Final.jar:2.3.13.Final]
	at io.undertow.servlet.handlers.security.CachedAuthenticatedSessionHandler.handleRequest(CachedAuthenticatedSessionHandler.java:77) ~[undertow-servlet-2.3.13.Final.jar:2.3.13.Final]
	at io.undertow.security.handlers.AbstractSecurityContextAssociationHandler.handleRequest(AbstractSecurityContextAssociationHandler.java:43) ~[undertow-core-2.3.13.Final.jar:2.3.13.Final]
	at io.undertow.server.handlers.PredicateHandler.handleRequest(PredicateHandler.java:43) ~[undertow-core-2.3.13.Final.jar:2.3.13.Final]
	at io.undertow.servlet.handlers.SendErrorPageHandler.handleRequest(SendErrorPageHandler.java:52) ~[undertow-servlet-2.3.13.Final.jar:2.3.13.Final]
	at io.undertow.server.handlers.PredicateHandler.handleRequest(PredicateHandler.java:43) ~[undertow-core-2.3.13.Final.jar:2.3.13.Final]
	at io.undertow.servlet.handlers.ServletInitialHandler.handleFirstRequest(ServletInitialHandler.java:276) ~[undertow-servlet-2.3.13.Final.jar:2.3.13.Final]
	at io.undertow.servlet.handlers.ServletInitialHandler$2.call(ServletInitialHandler.java:135) ~[undertow-servlet-2.3.13.Final.jar:2.3.13.Final]
	at io.undertow.servlet.handlers.ServletInitialHandler$2.call(ServletInitialHandler.java:132) ~[undertow-servlet-2.3.13.Final.jar:2.3.13.Final]
	at io.undertow.servlet.core.ServletRequestContextThreadSetupAction$1.call(ServletRequestContextThreadSetupAction.java:48) ~[undertow-servlet-2.3.13.Final.jar:2.3.13.Final]
	at io.undertow.servlet.core.ContextClassLoaderSetupAction$1.call(ContextClassLoaderSetupAction.java:43) ~[undertow-servlet-2.3.13.Final.jar:2.3.13.Final]
	at io.undertow.servlet.handlers.ServletInitialHandler.dispatchRequest(ServletInitialHandler.java:256) ~[undertow-servlet-2.3.13.Final.jar:2.3.13.Final]
	at io.undertow.servlet.handlers.ServletInitialHandler$1.handleRequest(ServletInitialHandler.java:101) ~[undertow-servlet-2.3.13.Final.jar:2.3.13.Final]
	at io.undertow.server.Connectors.executeRootHandler(Connectors.java:393) ~[undertow-core-2.3.13.Final.jar:2.3.13.Final]
	at io.undertow.server.HttpServerExchange$1.run(HttpServerExchange.java:859) ~[undertow-core-2.3.13.Final.jar:2.3.13.Final]
	at org.jboss.threads.ContextHandler$1.runWith(ContextHandler.java:18) ~[jboss-threads-3.5.0.Final.jar:3.5.0.Final]
	at org.jboss.threads.EnhancedQueueExecutor$Task.run(EnhancedQueueExecutor.java:2513) ~[jboss-threads-3.5.0.Final.jar:3.5.0.Final]
	at org.jboss.threads.EnhancedQueueExecutor$ThreadBody.run(EnhancedQueueExecutor.java:1538) ~[jboss-threads-3.5.0.Final.jar:3.5.0.Final]
	at org.xnio.XnioWorker$WorkerThreadFactory$1$1.run(XnioWorker.java:1282) ~[xnio-api-3.8.8.Final.jar:3.8.8.Final]
	at java.base/java.lang.Thread.run(Thread.java:1583) [?:?]
	Suppressed: org.springframework.web.context.request.async.AsyncRequestNotUsableException: Response not usable after response errors.
		at org.springframework.web.context.request.async.StandardServletAsyncWebRequest$LifecycleHttpServletResponse.obtainLockAndCheckState(StandardServletAsyncWebRequest.java:314) ~[spring-web-6.1.10.jar:6.1.10]
		at org.springframework.web.context.request.async.StandardServletAsyncWebRequest$LifecycleServletOutputStream.write(StandardServletAsyncWebRequest.java:373) ~[spring-web-6.1.10.jar:6.1.10]
		at org.springframework.util.StreamUtils$NonClosingOutputStream.write(StreamUtils.java:261) ~[spring-core-6.1.10.jar:6.1.10]
		at com.fasterxml.jackson.core.json.UTF8JsonGenerator._flushBuffer(UTF8JsonGenerator.java:2210) ~[jackson-core-2.17.1.jar:2.17.1]
		at com.fasterxml.jackson.core.json.UTF8JsonGenerator.close(UTF8JsonGenerator.java:1234) ~[jackson-core-2.17.1.jar:2.17.1]
		at org.springframework.http.converter.json.AbstractJackson2HttpMessageConverter.writeInternal(AbstractJackson2HttpMessageConverter.java:452) ~[spring-web-6.1.10.jar:6.1.10]
		at org.springframework.http.converter.AbstractGenericHttpMessageConverter.write(AbstractGenericHttpMessageConverter.java:114) ~[spring-web-6.1.10.jar:6.1.10]
		at org.springframework.web.servlet.mvc.method.annotation.AbstractMessageConverterMethodProcessor.writeWithMessageConverters(AbstractMessageConverterMethodProcessor.java:297) ~[spring-webmvc-6.1.10.jar:6.1.10]
		at org.springframework.web.servlet.mvc.method.annotation.RequestResponseBodyMethodProcessor.handleReturnValue(RequestResponseBodyMethodProcessor.java:192) ~[spring-webmvc-6.1.10.jar:6.1.10]
		at org.springframework.web.method.support.HandlerMethodReturnValueHandlerComposite.handleReturnValue(HandlerMethodReturnValueHandlerComposite.java:78) ~[spring-web-6.1.10.jar:6.1.10]
		at org.springframework.web.servlet.mvc.method.annotation.ServletInvocableHandlerMethod.invokeAndHandle(ServletInvocableHandlerMethod.java:136) ~[spring-webmvc-6.1.10.jar:6.1.10]
		at org.springframework.web.servlet.mvc.method.annotation.RequestMappingHandlerAdapter.invokeHandlerMethod(RequestMappingHandlerAdapter.java:926) ~[spring-webmvc-6.1.10.jar:6.1.10]
		at org.springframework.web.servlet.mvc.method.annotation.RequestMappingHandlerAdapter.handleInternal(RequestMappingHandlerAdapter.java:831) ~[spring-webmvc-6.1.10.jar:6.1.10]
		at org.springframework.web.servlet.mvc.method.AbstractHandlerMethodAdapter.handle(AbstractHandlerMethodAdapter.java:87) ~[spring-webmvc-6.1.10.jar:6.1.10]
		at org.springframework.web.servlet.DispatcherServlet.doDispatch(DispatcherServlet.java:1089) ~[spring-webmvc-6.1.10.jar:6.1.10]
		at org.springframework.web.servlet.DispatcherServlet.doService(DispatcherServlet.java:979) ~[spring-webmvc-6.1.10.jar:6.1.10]
		at org.springframework.web.servlet.FrameworkServlet.processRequest(FrameworkServlet.java:1014) ~[spring-webmvc-6.1.10.jar:6.1.10]
		at org.springframework.web.servlet.FrameworkServlet.doPost(FrameworkServlet.java:914) ~[spring-webmvc-6.1.10.jar:6.1.10]
		at jakarta.servlet.http.HttpServlet.service(HttpServlet.java:547) ~[jakarta.servlet-api-6.0.0.jar:6.0.0]
		at org.springframework.web.servlet.FrameworkServlet.service(FrameworkServlet.java:885) ~[spring-webmvc-6.1.10.jar:6.1.10]
		at jakarta.servlet.http.HttpServlet.service(HttpServlet.java:614) ~[jakarta.servlet-api-6.0.0.jar:6.0.0]
		at io.undertow.servlet.handlers.ServletHandler.handleRequest(ServletHandler.java:74) ~[undertow-servlet-2.3.13.Final.jar:2.3.13.Final]
		at io.undertow.servlet.handlers.FilterHandler$FilterChainImpl.doFilter(FilterHandler.java:129) ~[undertow-servlet-2.3.13.Final.jar:2.3.13.Final]
		at org.springframework.web.filter.CorsFilter.doFilterInternal(CorsFilter.java:91) ~[spring-web-6.1.10.jar:6.1.10]
		at org.springframework.web.filter.OncePerRequestFilter.doFilter(OncePerRequestFilter.java:116) ~[spring-web-6.1.10.jar:6.1.10]
		at io.undertow.servlet.core.ManagedFilter.doFilter(ManagedFilter.java:67) ~[undertow-servlet-2.3.13.Final.jar:2.3.13.Final]
		at io.undertow.servlet.handlers.FilterHandler$FilterChainImpl.doFilter(FilterHandler.java:131) ~[undertow-servlet-2.3.13.Final.jar:2.3.13.Final]
		at org.springframework.web.filter.RequestContextFilter.doFilterInternal(RequestContextFilter.java:100) ~[spring-web-6.1.10.jar:6.1.10]
		at org.springframework.web.filter.OncePerRequestFilter.doFilter(OncePerRequestFilter.java:116) ~[spring-web-6.1.10.jar:6.1.10]
		at io.undertow.servlet.core.ManagedFilter.doFilter(ManagedFilter.java:67) ~[undertow-servlet-2.3.13.Final.jar:2.3.13.Final]
		at io.undertow.servlet.handlers.FilterHandler$FilterChainImpl.doFilter(FilterHandler.java:131) ~[undertow-servlet-2.3.13.Final.jar:2.3.13.Final]
		at org.springframework.web.filter.FormContentFilter.doFilterInternal(FormContentFilter.java:93) ~[spring-web-6.1.10.jar:6.1.10]
		at org.springframework.web.filter.OncePerRequestFilter.doFilter(OncePerRequestFilter.java:116) ~[spring-web-6.1.10.jar:6.1.10]
		at io.undertow.servlet.core.ManagedFilter.doFilter(ManagedFilter.java:67) ~[undertow-servlet-2.3.13.Final.jar:2.3.13.Final]
		at io.undertow.servlet.handlers.FilterHandler$FilterChainImpl.doFilter(FilterHandler.java:131) ~[undertow-servlet-2.3.13.Final.jar:2.3.13.Final]
		at org.springframework.web.filter.CharacterEncodingFilter.doFilterInternal(CharacterEncodingFilter.java:201) ~[spring-web-6.1.10.jar:6.1.10]
		at org.springframework.web.filter.OncePerRequestFilter.doFilter(OncePerRequestFilter.java:116) ~[spring-web-6.1.10.jar:6.1.10]
		at io.undertow.servlet.core.ManagedFilter.doFilter(ManagedFilter.java:67) ~[undertow-servlet-2.3.13.Final.jar:2.3.13.Final]
		at io.undertow.servlet.handlers.FilterHandler$FilterChainImpl.doFilter(FilterHandler.java:131) ~[undertow-servlet-2.3.13.Final.jar:2.3.13.Final]
		at io.undertow.servlet.handlers.FilterHandler.handleRequest(FilterHandler.java:84) ~[undertow-servlet-2.3.13.Final.jar:2.3.13.Final]
		at io.undertow.servlet.handlers.security.ServletSecurityRoleHandler.handleRequest(ServletSecurityRoleHandler.java:62) ~[undertow-servlet-2.3.13.Final.jar:2.3.13.Final]
		at io.undertow.servlet.handlers.ServletChain$1.handleRequest(ServletChain.java:68) ~[undertow-servlet-2.3.13.Final.jar:2.3.13.Final]
		at io.undertow.servlet.handlers.ServletDispatchingHandler.handleRequest(ServletDispatchingHandler.java:36) ~[undertow-servlet-2.3.13.Final.jar:2.3.13.Final]
		at io.undertow.servlet.handlers.RedirectDirHandler.handleRequest(RedirectDirHandler.java:68) ~[undertow-servlet-2.3.13.Final.jar:2.3.13.Final]
		at io.undertow.servlet.handlers.security.SSLInformationAssociationHandler.handleRequest(SSLInformationAssociationHandler.java:117) ~[undertow-servlet-2.3.13.Final.jar:2.3.13.Final]
		at io.undertow.servlet.handlers.security.ServletAuthenticationCallHandler.handleRequest(ServletAuthenticationCallHandler.java:57) ~[undertow-servlet-2.3.13.Final.jar:2.3.13.Final]
		at io.undertow.server.handlers.PredicateHandler.handleRequest(PredicateHandler.java:43) ~[undertow-core-2.3.13.Final.jar:2.3.13.Final]
		at io.undertow.security.handlers.AbstractConfidentialityHandler.handleRequest(AbstractConfidentialityHandler.java:46) ~[undertow-core-2.3.13.Final.jar:2.3.13.Final]
		at io.undertow.servlet.handlers.security.ServletConfidentialityConstraintHandler.handleRequest(ServletConfidentialityConstraintHandler.java:64) ~[undertow-servlet-2.3.13.Final.jar:2.3.13.Final]
		at io.undertow.security.handlers.AuthenticationMechanismsHandler.handleRequest(AuthenticationMechanismsHandler.java:60) ~[undertow-core-2.3.13.Final.jar:2.3.13.Final]
		at io.undertow.servlet.handlers.security.CachedAuthenticatedSessionHandler.handleRequest(CachedAuthenticatedSessionHandler.java:77) ~[undertow-servlet-2.3.13.Final.jar:2.3.13.Final]
		at io.undertow.security.handlers.AbstractSecurityContextAssociationHandler.handleRequest(AbstractSecurityContextAssociationHandler.java:43) ~[undertow-core-2.3.13.Final.jar:2.3.13.Final]
		at io.undertow.server.handlers.PredicateHandler.handleRequest(PredicateHandler.java:43) ~[undertow-core-2.3.13.Final.jar:2.3.13.Final]
		at io.undertow.servlet.handlers.SendErrorPageHandler.handleRequest(SendErrorPageHandler.java:52) ~[undertow-servlet-2.3.13.Final.jar:2.3.13.Final]
		at io.undertow.server.handlers.PredicateHandler.handleRequest(PredicateHandler.java:43) ~[undertow-core-2.3.13.Final.jar:2.3.13.Final]
		at io.undertow.servlet.handlers.ServletInitialHandler.handleFirstRequest(ServletInitialHandler.java:276) ~[undertow-servlet-2.3.13.Final.jar:2.3.13.Final]
		at io.undertow.servlet.handlers.ServletInitialHandler$2.call(ServletInitialHandler.java:135) ~[undertow-servlet-2.3.13.Final.jar:2.3.13.Final]
		at io.undertow.servlet.handlers.ServletInitialHandler$2.call(ServletInitialHandler.java:132) ~[undertow-servlet-2.3.13.Final.jar:2.3.13.Final]
		at io.undertow.servlet.core.ServletRequestContextThreadSetupAction$1.call(ServletRequestContextThreadSetupAction.java:48) ~[undertow-servlet-2.3.13.Final.jar:2.3.13.Final]
		at io.undertow.servlet.core.ContextClassLoaderSetupAction$1.call(ContextClassLoaderSetupAction.java:43) ~[undertow-servlet-2.3.13.Final.jar:2.3.13.Final]
		at io.undertow.servlet.handlers.ServletInitialHandler.dispatchRequest(ServletInitialHandler.java:256) ~[undertow-servlet-2.3.13.Final.jar:2.3.13.Final]
		at io.undertow.servlet.handlers.ServletInitialHandler$1.handleRequest(ServletInitialHandler.java:101) ~[undertow-servlet-2.3.13.Final.jar:2.3.13.Final]
		at io.undertow.server.Connectors.executeRootHandler(Connectors.java:393) ~[undertow-core-2.3.13.Final.jar:2.3.13.Final]
		at io.undertow.server.HttpServerExchange$1.run(HttpServerExchange.java:859) ~[undertow-core-2.3.13.Final.jar:2.3.13.Final]
		at org.jboss.threads.ContextHandler$1.runWith(ContextHandler.java:18) ~[jboss-threads-3.5.0.Final.jar:3.5.0.Final]
		at org.jboss.threads.EnhancedQueueExecutor$Task.run(EnhancedQueueExecutor.java:2513) ~[jboss-threads-3.5.0.Final.jar:3.5.0.Final]
		at org.jboss.threads.EnhancedQueueExecutor$ThreadBody.run(EnhancedQueueExecutor.java:1538) ~[jboss-threads-3.5.0.Final.jar:3.5.0.Final]
		at org.xnio.XnioWorker$WorkerThreadFactory$1$1.run(XnioWorker.java:1282) ~[xnio-api-3.8.8.Final.jar:3.8.8.Final]
		at java.base/java.lang.Thread.run(Thread.java:1583) [?:?]
Caused by: java.io.IOException: Broken pipe
	at java.base/sun.nio.ch.SocketDispatcher.write0(Native Method) ~[?:?]
	at java.base/sun.nio.ch.SocketDispatcher.write(SocketDispatcher.java:62) ~[?:?]
	at java.base/sun.nio.ch.IOUtil.writeFromNativeBuffer(IOUtil.java:137) ~[?:?]
	at java.base/sun.nio.ch.IOUtil.write(IOUtil.java:81) ~[?:?]
	at java.base/sun.nio.ch.IOUtil.write(IOUtil.java:58) ~[?:?]
	at java.base/sun.nio.ch.SocketChannelImpl.write(SocketChannelImpl.java:542) ~[?:?]
	at org.xnio.nio.NioSocketConduit.write(NioSocketConduit.java:153) ~[xnio-nio-3.8.8.Final.jar:3.8.8.Final]
	at io.undertow.server.protocol.http.HttpResponseConduit.write(HttpResponseConduit.java:629) ~[undertow-core-2.3.13.Final.jar:2.3.13.Final]
	at org.xnio.conduits.AbstractStreamSinkConduit.write(AbstractStreamSinkConduit.java:51) ~[xnio-api-3.8.8.Final.jar:3.8.8.Final]
	at io.undertow.conduits.DeflatingStreamSinkConduit.performFlushIfRequiredSingleBuffer(DeflatingStreamSinkConduit.java:445) ~[undertow-core-2.3.13.Final.jar:2.3.13.Final]
	at io.undertow.conduits.DeflatingStreamSinkConduit.performFlushIfRequired(DeflatingStreamSinkConduit.java:432) ~[undertow-core-2.3.13.Final.jar:2.3.13.Final]
	at io.undertow.conduits.DeflatingStreamSinkConduit.deflateData(DeflatingStreamSinkConduit.java:522) ~[undertow-core-2.3.13.Final.jar:2.3.13.Final]
	at io.undertow.conduits.DeflatingStreamSinkConduit.write(DeflatingStreamSinkConduit.java:130) ~[undertow-core-2.3.13.Final.jar:2.3.13.Final]
	at io.undertow.conduits.DeflatingStreamSinkConduit.write(DeflatingStreamSinkConduit.java:165) ~[undertow-core-2.3.13.Final.jar:2.3.13.Final]
	at org.xnio.conduits.ConduitStreamSinkChannel.write(ConduitStreamSinkChannel.java:158) ~[xnio-api-3.8.8.Final.jar:3.8.8.Final]
	at io.undertow.channels.DetachableStreamSinkChannel.write(DetachableStreamSinkChannel.java:179) ~[undertow-core-2.3.13.Final.jar:2.3.13.Final]
	at io.undertow.server.HttpServerExchange$WriteDispatchChannel.write(HttpServerExchange.java:2172) ~[undertow-core-2.3.13.Final.jar:2.3.13.Final]
	at org.xnio.channels.Channels.writeBlocking(Channels.java:202) ~[xnio-api-3.8.8.Final.jar:3.8.8.Final]
	at io.undertow.servlet.spec.ServletOutputStreamImpl.writeTooLargeForBuffer(ServletOutputStreamImpl.java:201) ~[undertow-servlet-2.3.13.Final.jar:2.3.13.Final]
	at io.undertow.servlet.spec.ServletOutputStreamImpl.write(ServletOutputStreamImpl.java:149) ~[undertow-servlet-2.3.13.Final.jar:2.3.13.Final]
	at org.springframework.web.context.request.async.StandardServletAsyncWebRequest$LifecycleServletOutputStream.write(StandardServletAsyncWebRequest.java:375) ~[spring-web-6.1.10.jar:6.1.10]
	... 86 more
[2026-05-21 11:33:43.241] ERROR XNIO-1 task-4 com.jts.gjcxfzksh.exception.handler.GlobalExceptionHandler[63] - 请求地址'/pt/network/tile',发生系统异常. 
org.springframework.web.context.request.async.AsyncRequestNotUsableException: ServletOutputStream failed to write: Broken pipe
	at org.springframework.web.context.request.async.StandardServletAsyncWebRequest$LifecycleHttpServletResponse.handleIOException(StandardServletAsyncWebRequest.java:320) ~[spring-web-6.1.10.jar:6.1.10]
	at org.springframework.web.context.request.async.StandardServletAsyncWebRequest$LifecycleServletOutputStream.write(StandardServletAsyncWebRequest.java:378) ~[spring-web-6.1.10.jar:6.1.10]
	at org.springframework.util.StreamUtils$NonClosingOutputStream.write(StreamUtils.java:261) ~[spring-core-6.1.10.jar:6.1.10]
	at com.fasterxml.jackson.core.json.UTF8JsonGenerator._flushBuffer(UTF8JsonGenerator.java:2210) ~[jackson-core-2.17.1.jar:2.17.1]
	at com.fasterxml.jackson.core.json.UTF8JsonGenerator.writeRaw(UTF8JsonGenerator.java:764) ~[jackson-core-2.17.1.jar:2.17.1]
	at com.fasterxml.jackson.core.json.UTF8JsonGenerator.writeRaw(UTF8JsonGenerator.java:674) ~[jackson-core-2.17.1.jar:2.17.1]
	at com.fasterxml.jackson.core.json.UTF8JsonGenerator.writeNumber(UTF8JsonGenerator.java:1065) ~[jackson-core-2.17.1.jar:2.17.1]
	at com.fasterxml.jackson.databind.ser.std.NumberSerializers$FloatSerializer.serialize(NumberSerializers.java:214) ~[jackson-databind-2.17.1.jar:2.17.1]
	at com.fasterxml.jackson.databind.ser.BeanPropertyWriter.serializeAsField(BeanPropertyWriter.java:732) ~[jackson-databind-2.17.1.jar:2.17.1]
	at com.fasterxml.jackson.databind.ser.std.BeanSerializerBase.serializeFields(BeanSerializerBase.java:770) ~[jackson-databind-2.17.1.jar:2.17.1]
	at com.fasterxml.jackson.databind.ser.BeanSerializer.serialize(BeanSerializer.java:183) ~[jackson-databind-2.17.1.jar:2.17.1]
	at com.fasterxml.jackson.databind.ser.BeanPropertyWriter.serializeAsField(BeanPropertyWriter.java:732) ~[jackson-databind-2.17.1.jar:2.17.1]
	at com.fasterxml.jackson.databind.ser.std.BeanSerializerBase.serializeFields(BeanSerializerBase.java:770) ~[jackson-databind-2.17.1.jar:2.17.1]
	at com.fasterxml.jackson.databind.ser.BeanSerializer.serialize(BeanSerializer.java:183) ~[jackson-databind-2.17.1.jar:2.17.1]
	at com.fasterxml.jackson.databind.ser.impl.IndexedListSerializer.serializeContents(IndexedListSerializer.java:119) ~[jackson-databind-2.17.1.jar:2.17.1]
	at com.fasterxml.jackson.databind.ser.impl.IndexedListSerializer.serialize(IndexedListSerializer.java:79) ~[jackson-databind-2.17.1.jar:2.17.1]
	at com.fasterxml.jackson.databind.ser.impl.IndexedListSerializer.serialize(IndexedListSerializer.java:18) ~[jackson-databind-2.17.1.jar:2.17.1]
	at com.fasterxml.jackson.databind.ser.BeanPropertyWriter.serializeAsField(BeanPropertyWriter.java:732) ~[jackson-databind-2.17.1.jar:2.17.1]
	at com.fasterxml.jackson.databind.ser.std.BeanSerializerBase.serializeFields(BeanSerializerBase.java:770) ~[jackson-databind-2.17.1.jar:2.17.1]
	at com.fasterxml.jackson.databind.ser.BeanSerializer.serialize(BeanSerializer.java:183) ~[jackson-databind-2.17.1.jar:2.17.1]
	at com.fasterxml.jackson.databind.ser.DefaultSerializerProvider._serialize(DefaultSerializerProvider.java:502) ~[jackson-databind-2.17.1.jar:2.17.1]
	at com.fasterxml.jackson.databind.ser.DefaultSerializerProvider.serializeValue(DefaultSerializerProvider.java:341) ~[jackson-databind-2.17.1.jar:2.17.1]
	at com.fasterxml.jackson.databind.ObjectWriter$Prefetch.serialize(ObjectWriter.java:1574) ~[jackson-databind-2.17.1.jar:2.17.1]
	at com.fasterxml.jackson.databind.ObjectWriter.writeValue(ObjectWriter.java:1061) ~[jackson-databind-2.17.1.jar:2.17.1]
	at org.springframework.http.converter.json.AbstractJackson2HttpMessageConverter.writeInternal(AbstractJackson2HttpMessageConverter.java:483) ~[spring-web-6.1.10.jar:6.1.10]
	at org.springframework.http.converter.AbstractGenericHttpMessageConverter.write(AbstractGenericHttpMessageConverter.java:114) ~[spring-web-6.1.10.jar:6.1.10]
	at org.springframework.web.servlet.mvc.method.annotation.AbstractMessageConverterMethodProcessor.writeWithMessageConverters(AbstractMessageConverterMethodProcessor.java:297) ~[spring-webmvc-6.1.10.jar:6.1.10]
	at org.springframework.web.servlet.mvc.method.annotation.RequestResponseBodyMethodProcessor.handleReturnValue(RequestResponseBodyMethodProcessor.java:192) ~[spring-webmvc-6.1.10.jar:6.1.10]
	at org.springframework.web.method.support.HandlerMethodReturnValueHandlerComposite.handleReturnValue(HandlerMethodReturnValueHandlerComposite.java:78) ~[spring-web-6.1.10.jar:6.1.10]
	at org.springframework.web.servlet.mvc.method.annotation.ServletInvocableHandlerMethod.invokeAndHandle(ServletInvocableHandlerMethod.java:136) ~[spring-webmvc-6.1.10.jar:6.1.10]
	at org.springframework.web.servlet.mvc.method.annotation.RequestMappingHandlerAdapter.invokeHandlerMethod(RequestMappingHandlerAdapter.java:926) ~[spring-webmvc-6.1.10.jar:6.1.10]
	at org.springframework.web.servlet.mvc.method.annotation.RequestMappingHandlerAdapter.handleInternal(RequestMappingHandlerAdapter.java:831) ~[spring-webmvc-6.1.10.jar:6.1.10]
	at org.springframework.web.servlet.mvc.method.AbstractHandlerMethodAdapter.handle(AbstractHandlerMethodAdapter.java:87) ~[spring-webmvc-6.1.10.jar:6.1.10]
	at org.springframework.web.servlet.DispatcherServlet.doDispatch(DispatcherServlet.java:1089) ~[spring-webmvc-6.1.10.jar:6.1.10]
	at org.springframework.web.servlet.DispatcherServlet.doService(DispatcherServlet.java:979) ~[spring-webmvc-6.1.10.jar:6.1.10]
	at org.springframework.web.servlet.FrameworkServlet.processRequest(FrameworkServlet.java:1014) ~[spring-webmvc-6.1.10.jar:6.1.10]
	at org.springframework.web.servlet.FrameworkServlet.doPost(FrameworkServlet.java:914) ~[spring-webmvc-6.1.10.jar:6.1.10]
	at jakarta.servlet.http.HttpServlet.service(HttpServlet.java:547) ~[jakarta.servlet-api-6.0.0.jar:6.0.0]
	at org.springframework.web.servlet.FrameworkServlet.service(FrameworkServlet.java:885) ~[spring-webmvc-6.1.10.jar:6.1.10]
	at jakarta.servlet.http.HttpServlet.service(HttpServlet.java:614) ~[jakarta.servlet-api-6.0.0.jar:6.0.0]
	at io.undertow.servlet.handlers.ServletHandler.handleRequest(ServletHandler.java:74) ~[undertow-servlet-2.3.13.Final.jar:2.3.13.Final]
	at io.undertow.servlet.handlers.FilterHandler$FilterChainImpl.doFilter(FilterHandler.java:129) ~[undertow-servlet-2.3.13.Final.jar:2.3.13.Final]
	at org.springframework.web.filter.CorsFilter.doFilterInternal(CorsFilter.java:91) ~[spring-web-6.1.10.jar:6.1.10]
	at org.springframework.web.filter.OncePerRequestFilter.doFilter(OncePerRequestFilter.java:116) ~[spring-web-6.1.10.jar:6.1.10]
	at io.undertow.servlet.core.ManagedFilter.doFilter(ManagedFilter.java:67) ~[undertow-servlet-2.3.13.Final.jar:2.3.13.Final]
	at io.undertow.servlet.handlers.FilterHandler$FilterChainImpl.doFilter(FilterHandler.java:131) ~[undertow-servlet-2.3.13.Final.jar:2.3.13.Final]
	at org.springframework.web.filter.RequestContextFilter.doFilterInternal(RequestContextFilter.java:100) ~[spring-web-6.1.10.jar:6.1.10]
	at org.springframework.web.filter.OncePerRequestFilter.doFilter(OncePerRequestFilter.java:116) ~[spring-web-6.1.10.jar:6.1.10]
	at io.undertow.servlet.core.ManagedFilter.doFilter(ManagedFilter.java:67) ~[undertow-servlet-2.3.13.Final.jar:2.3.13.Final]
	at io.undertow.servlet.handlers.FilterHandler$FilterChainImpl.doFilter(FilterHandler.java:131) ~[undertow-servlet-2.3.13.Final.jar:2.3.13.Final]
	at org.springframework.web.filter.FormContentFilter.doFilterInternal(FormContentFilter.java:93) ~[spring-web-6.1.10.jar:6.1.10]
	at org.springframework.web.filter.OncePerRequestFilter.doFilter(OncePerRequestFilter.java:116) ~[spring-web-6.1.10.jar:6.1.10]
	at io.undertow.servlet.core.ManagedFilter.doFilter(ManagedFilter.java:67) ~[undertow-servlet-2.3.13.Final.jar:2.3.13.Final]
	at io.undertow.servlet.handlers.FilterHandler$FilterChainImpl.doFilter(FilterHandler.java:131) ~[undertow-servlet-2.3.13.Final.jar:2.3.13.Final]
	at org.springframework.web.filter.CharacterEncodingFilter.doFilterInternal(CharacterEncodingFilter.java:201) ~[spring-web-6.1.10.jar:6.1.10]
	at org.springframework.web.filter.OncePerRequestFilter.doFilter(OncePerRequestFilter.java:116) ~[spring-web-6.1.10.jar:6.1.10]
	at io.undertow.servlet.core.ManagedFilter.doFilter(ManagedFilter.java:67) ~[undertow-servlet-2.3.13.Final.jar:2.3.13.Final]
	at io.undertow.servlet.handlers.FilterHandler$FilterChainImpl.doFilter(FilterHandler.java:131) ~[undertow-servlet-2.3.13.Final.jar:2.3.13.Final]
	at io.undertow.servlet.handlers.FilterHandler.handleRequest(FilterHandler.java:84) ~[undertow-servlet-2.3.13.Final.jar:2.3.13.Final]
	at io.undertow.servlet.handlers.security.ServletSecurityRoleHandler.handleRequest(ServletSecurityRoleHandler.java:62) ~[undertow-servlet-2.3.13.Final.jar:2.3.13.Final]
	at io.undertow.servlet.handlers.ServletChain$1.handleRequest(ServletChain.java:68) ~[undertow-servlet-2.3.13.Final.jar:2.3.13.Final]
	at io.undertow.servlet.handlers.ServletDispatchingHandler.handleRequest(ServletDispatchingHandler.java:36) ~[undertow-servlet-2.3.13.Final.jar:2.3.13.Final]
	at io.undertow.servlet.handlers.RedirectDirHandler.handleRequest(RedirectDirHandler.java:68) ~[undertow-servlet-2.3.13.Final.jar:2.3.13.Final]
	at io.undertow.servlet.handlers.security.SSLInformationAssociationHandler.handleRequest(SSLInformationAssociationHandler.java:117) ~[undertow-servlet-2.3.13.Final.jar:2.3.13.Final]
	at io.undertow.servlet.handlers.security.ServletAuthenticationCallHandler.handleRequest(ServletAuthenticationCallHandler.java:57) ~[undertow-servlet-2.3.13.Final.jar:2.3.13.Final]
	at io.undertow.server.handlers.PredicateHandler.handleRequest(PredicateHandler.java:43) ~[undertow-core-2.3.13.Final.jar:2.3.13.Final]
	at io.undertow.security.handlers.AbstractConfidentialityHandler.handleRequest(AbstractConfidentialityHandler.java:46) ~[undertow-core-2.3.13.Final.jar:2.3.13.Final]
	at io.undertow.servlet.handlers.security.ServletConfidentialityConstraintHandler.handleRequest(ServletConfidentialityConstraintHandler.java:64) ~[undertow-servlet-2.3.13.Final.jar:2.3.13.Final]
	at io.undertow.security.handlers.AuthenticationMechanismsHandler.handleRequest(AuthenticationMechanismsHandler.java:60) ~[undertow-core-2.3.13.Final.jar:2.3.13.Final]
	at io.undertow.servlet.handlers.security.CachedAuthenticatedSessionHandler.handleRequest(CachedAuthenticatedSessionHandler.java:77) ~[undertow-servlet-2.3.13.Final.jar:2.3.13.Final]
	at io.undertow.security.handlers.AbstractSecurityContextAssociationHandler.handleRequest(AbstractSecurityContextAssociationHandler.java:43) ~[undertow-core-2.3.13.Final.jar:2.3.13.Final]
	at io.undertow.server.handlers.PredicateHandler.handleRequest(PredicateHandler.java:43) ~[undertow-core-2.3.13.Final.jar:2.3.13.Final]
	at io.undertow.servlet.handlers.SendErrorPageHandler.handleRequest(SendErrorPageHandler.java:52) ~[undertow-servlet-2.3.13.Final.jar:2.3.13.Final]
	at io.undertow.server.handlers.PredicateHandler.handleRequest(PredicateHandler.java:43) ~[undertow-core-2.3.13.Final.jar:2.3.13.Final]
	at io.undertow.servlet.handlers.ServletInitialHandler.handleFirstRequest(ServletInitialHandler.java:276) ~[undertow-servlet-2.3.13.Final.jar:2.3.13.Final]
	at io.undertow.servlet.handlers.ServletInitialHandler$2.call(ServletInitialHandler.java:135) ~[undertow-servlet-2.3.13.Final.jar:2.3.13.Final]
	at io.undertow.servlet.handlers.ServletInitialHandler$2.call(ServletInitialHandler.java:132) ~[undertow-servlet-2.3.13.Final.jar:2.3.13.Final]
	at io.undertow.servlet.core.ServletRequestContextThreadSetupAction$1.call(ServletRequestContextThreadSetupAction.java:48) ~[undertow-servlet-2.3.13.Final.jar:2.3.13.Final]
	at io.undertow.servlet.core.ContextClassLoaderSetupAction$1.call(ContextClassLoaderSetupAction.java:43) ~[undertow-servlet-2.3.13.Final.jar:2.3.13.Final]
	at io.undertow.servlet.handlers.ServletInitialHandler.dispatchRequest(ServletInitialHandler.java:256) ~[undertow-servlet-2.3.13.Final.jar:2.3.13.Final]
	at io.undertow.servlet.handlers.ServletInitialHandler$1.handleRequest(ServletInitialHandler.java:101) ~[undertow-servlet-2.3.13.Final.jar:2.3.13.Final]
	at io.undertow.server.Connectors.executeRootHandler(Connectors.java:393) ~[undertow-core-2.3.13.Final.jar:2.3.13.Final]
	at io.undertow.server.HttpServerExchange$1.run(HttpServerExchange.java:859) ~[undertow-core-2.3.13.Final.jar:2.3.13.Final]
	at org.jboss.threads.ContextHandler$1.runWith(ContextHandler.java:18) ~[jboss-threads-3.5.0.Final.jar:3.5.0.Final]
	at org.jboss.threads.EnhancedQueueExecutor$Task.run(EnhancedQueueExecutor.java:2513) ~[jboss-threads-3.5.0.Final.jar:3.5.0.Final]
	at org.jboss.threads.EnhancedQueueExecutor$ThreadBody.run(EnhancedQueueExecutor.java:1538) ~[jboss-threads-3.5.0.Final.jar:3.5.0.Final]
	at org.xnio.XnioWorker$WorkerThreadFactory$1$1.run(XnioWorker.java:1282) ~[xnio-api-3.8.8.Final.jar:3.8.8.Final]
	at java.base/java.lang.Thread.run(Thread.java:1583) [?:?]
	Suppressed: org.springframework.web.context.request.async.AsyncRequestNotUsableException: Response not usable after response errors.
		at org.springframework.web.context.request.async.StandardServletAsyncWebRequest$LifecycleHttpServletResponse.obtainLockAndCheckState(StandardServletAsyncWebRequest.java:314) ~[spring-web-6.1.10.jar:6.1.10]
		at org.springframework.web.context.request.async.StandardServletAsyncWebRequest$LifecycleServletOutputStream.write(StandardServletAsyncWebRequest.java:373) ~[spring-web-6.1.10.jar:6.1.10]
		at org.springframework.util.StreamUtils$NonClosingOutputStream.write(StreamUtils.java:261) ~[spring-core-6.1.10.jar:6.1.10]
		at com.fasterxml.jackson.core.json.UTF8JsonGenerator._flushBuffer(UTF8JsonGenerator.java:2210) ~[jackson-core-2.17.1.jar:2.17.1]
		at com.fasterxml.jackson.core.json.UTF8JsonGenerator.close(UTF8JsonGenerator.java:1234) ~[jackson-core-2.17.1.jar:2.17.1]
		at org.springframework.http.converter.json.AbstractJackson2HttpMessageConverter.writeInternal(AbstractJackson2HttpMessageConverter.java:452) ~[spring-web-6.1.10.jar:6.1.10]
		at org.springframework.http.converter.AbstractGenericHttpMessageConverter.write(AbstractGenericHttpMessageConverter.java:114) ~[spring-web-6.1.10.jar:6.1.10]
		at org.springframework.web.servlet.mvc.method.annotation.AbstractMessageConverterMethodProcessor.writeWithMessageConverters(AbstractMessageConverterMethodProcessor.java:297) ~[spring-webmvc-6.1.10.jar:6.1.10]
		at org.springframework.web.servlet.mvc.method.annotation.RequestResponseBodyMethodProcessor.handleReturnValue(RequestResponseBodyMethodProcessor.java:192) ~[spring-webmvc-6.1.10.jar:6.1.10]
		at org.springframework.web.method.support.HandlerMethodReturnValueHandlerComposite.handleReturnValue(HandlerMethodReturnValueHandlerComposite.java:78) ~[spring-web-6.1.10.jar:6.1.10]
		at org.springframework.web.servlet.mvc.method.annotation.ServletInvocableHandlerMethod.invokeAndHandle(ServletInvocableHandlerMethod.java:136) ~[spring-webmvc-6.1.10.jar:6.1.10]
		at org.springframework.web.servlet.mvc.method.annotation.RequestMappingHandlerAdapter.invokeHandlerMethod(RequestMappingHandlerAdapter.java:926) ~[spring-webmvc-6.1.10.jar:6.1.10]
		at org.springframework.web.servlet.mvc.method.annotation.RequestMappingHandlerAdapter.handleInternal(RequestMappingHandlerAdapter.java:831) ~[spring-webmvc-6.1.10.jar:6.1.10]
		at org.springframework.web.servlet.mvc.method.AbstractHandlerMethodAdapter.handle(AbstractHandlerMethodAdapter.java:87) ~[spring-webmvc-6.1.10.jar:6.1.10]
		at org.springframework.web.servlet.DispatcherServlet.doDispatch(DispatcherServlet.java:1089) ~[spring-webmvc-6.1.10.jar:6.1.10]
		at org.springframework.web.servlet.DispatcherServlet.doService(DispatcherServlet.java:979) ~[spring-webmvc-6.1.10.jar:6.1.10]
		at org.springframework.web.servlet.FrameworkServlet.processRequest(FrameworkServlet.java:1014) ~[spring-webmvc-6.1.10.jar:6.1.10]
		at org.springframework.web.servlet.FrameworkServlet.doPost(FrameworkServlet.java:914) ~[spring-webmvc-6.1.10.jar:6.1.10]
		at jakarta.servlet.http.HttpServlet.service(HttpServlet.java:547) ~[jakarta.servlet-api-6.0.0.jar:6.0.0]
		at org.springframework.web.servlet.FrameworkServlet.service(FrameworkServlet.java:885) ~[spring-webmvc-6.1.10.jar:6.1.10]
		at jakarta.servlet.http.HttpServlet.service(HttpServlet.java:614) ~[jakarta.servlet-api-6.0.0.jar:6.0.0]
		at io.undertow.servlet.handlers.ServletHandler.handleRequest(ServletHandler.java:74) ~[undertow-servlet-2.3.13.Final.jar:2.3.13.Final]
		at io.undertow.servlet.handlers.FilterHandler$FilterChainImpl.doFilter(FilterHandler.java:129) ~[undertow-servlet-2.3.13.Final.jar:2.3.13.Final]
		at org.springframework.web.filter.CorsFilter.doFilterInternal(CorsFilter.java:91) ~[spring-web-6.1.10.jar:6.1.10]
		at org.springframework.web.filter.OncePerRequestFilter.doFilter(OncePerRequestFilter.java:116) ~[spring-web-6.1.10.jar:6.1.10]
		at io.undertow.servlet.core.ManagedFilter.doFilter(ManagedFilter.java:67) ~[undertow-servlet-2.3.13.Final.jar:2.3.13.Final]
		at io.undertow.servlet.handlers.FilterHandler$FilterChainImpl.doFilter(FilterHandler.java:131) ~[undertow-servlet-2.3.13.Final.jar:2.3.13.Final]
		at org.springframework.web.filter.RequestContextFilter.doFilterInternal(RequestContextFilter.java:100) ~[spring-web-6.1.10.jar:6.1.10]
		at org.springframework.web.filter.OncePerRequestFilter.doFilter(OncePerRequestFilter.java:116) ~[spring-web-6.1.10.jar:6.1.10]
		at io.undertow.servlet.core.ManagedFilter.doFilter(ManagedFilter.java:67) ~[undertow-servlet-2.3.13.Final.jar:2.3.13.Final]
		at io.undertow.servlet.handlers.FilterHandler$FilterChainImpl.doFilter(FilterHandler.java:131) ~[undertow-servlet-2.3.13.Final.jar:2.3.13.Final]
		at org.springframework.web.filter.FormContentFilter.doFilterInternal(FormContentFilter.java:93) ~[spring-web-6.1.10.jar:6.1.10]
		at org.springframework.web.filter.OncePerRequestFilter.doFilter(OncePerRequestFilter.java:116) ~[spring-web-6.1.10.jar:6.1.10]
		at io.undertow.servlet.core.ManagedFilter.doFilter(ManagedFilter.java:67) ~[undertow-servlet-2.3.13.Final.jar:2.3.13.Final]
		at io.undertow.servlet.handlers.FilterHandler$FilterChainImpl.doFilter(FilterHandler.java:131) ~[undertow-servlet-2.3.13.Final.jar:2.3.13.Final]
		at org.springframework.web.filter.CharacterEncodingFilter.doFilterInternal(CharacterEncodingFilter.java:201) ~[spring-web-6.1.10.jar:6.1.10]
		at org.springframework.web.filter.OncePerRequestFilter.doFilter(OncePerRequestFilter.java:116) ~[spring-web-6.1.10.jar:6.1.10]
		at io.undertow.servlet.core.ManagedFilter.doFilter(ManagedFilter.java:67) ~[undertow-servlet-2.3.13.Final.jar:2.3.13.Final]
		at io.undertow.servlet.handlers.FilterHandler$FilterChainImpl.doFilter(FilterHandler.java:131) ~[undertow-servlet-2.3.13.Final.jar:2.3.13.Final]
		at io.undertow.servlet.handlers.FilterHandler.handleRequest(FilterHandler.java:84) ~[undertow-servlet-2.3.13.Final.jar:2.3.13.Final]
		at io.undertow.servlet.handlers.security.ServletSecurityRoleHandler.handleRequest(ServletSecurityRoleHandler.java:62) ~[undertow-servlet-2.3.13.Final.jar:2.3.13.Final]
		at io.undertow.servlet.handlers.ServletChain$1.handleRequest(ServletChain.java:68) ~[undertow-servlet-2.3.13.Final.jar:2.3.13.Final]
		at io.undertow.servlet.handlers.ServletDispatchingHandler.handleRequest(ServletDispatchingHandler.java:36) ~[undertow-servlet-2.3.13.Final.jar:2.3.13.Final]
		at io.undertow.servlet.handlers.RedirectDirHandler.handleRequest(RedirectDirHandler.java:68) ~[undertow-servlet-2.3.13.Final.jar:2.3.13.Final]
		at io.undertow.servlet.handlers.security.SSLInformationAssociationHandler.handleRequest(SSLInformationAssociationHandler.java:117) ~[undertow-servlet-2.3.13.Final.jar:2.3.13.Final]
		at io.undertow.servlet.handlers.security.ServletAuthenticationCallHandler.handleRequest(ServletAuthenticationCallHandler.java:57) ~[undertow-servlet-2.3.13.Final.jar:2.3.13.Final]
		at io.undertow.server.handlers.PredicateHandler.handleRequest(PredicateHandler.java:43) ~[undertow-core-2.3.13.Final.jar:2.3.13.Final]
		at io.undertow.security.handlers.AbstractConfidentialityHandler.handleRequest(AbstractConfidentialityHandler.java:46) ~[undertow-core-2.3.13.Final.jar:2.3.13.Final]
		at io.undertow.servlet.handlers.security.ServletConfidentialityConstraintHandler.handleRequest(ServletConfidentialityConstraintHandler.java:64) ~[undertow-servlet-2.3.13.Final.jar:2.3.13.Final]
		at io.undertow.security.handlers.AuthenticationMechanismsHandler.handleRequest(AuthenticationMechanismsHandler.java:60) ~[undertow-core-2.3.13.Final.jar:2.3.13.Final]
		at io.undertow.servlet.handlers.security.CachedAuthenticatedSessionHandler.handleRequest(CachedAuthenticatedSessionHandler.java:77) ~[undertow-servlet-2.3.13.Final.jar:2.3.13.Final]
		at io.undertow.security.handlers.AbstractSecurityContextAssociationHandler.handleRequest(AbstractSecurityContextAssociationHandler.java:43) ~[undertow-core-2.3.13.Final.jar:2.3.13.Final]
		at io.undertow.server.handlers.PredicateHandler.handleRequest(PredicateHandler.java:43) ~[undertow-core-2.3.13.Final.jar:2.3.13.Final]
		at io.undertow.servlet.handlers.SendErrorPageHandler.handleRequest(SendErrorPageHandler.java:52) ~[undertow-servlet-2.3.13.Final.jar:2.3.13.Final]
		at io.undertow.server.handlers.PredicateHandler.handleRequest(PredicateHandler.java:43) ~[undertow-core-2.3.13.Final.jar:2.3.13.Final]
		at io.undertow.servlet.handlers.ServletInitialHandler.handleFirstRequest(ServletInitialHandler.java:276) ~[undertow-servlet-2.3.13.Final.jar:2.3.13.Final]
		at io.undertow.servlet.handlers.ServletInitialHandler$2.call(ServletInitialHandler.java:135) ~[undertow-servlet-2.3.13.Final.jar:2.3.13.Final]
		at io.undertow.servlet.handlers.ServletInitialHandler$2.call(ServletInitialHandler.java:132) ~[undertow-servlet-2.3.13.Final.jar:2.3.13.Final]
		at io.undertow.servlet.core.ServletRequestContextThreadSetupAction$1.call(ServletRequestContextThreadSetupAction.java:48) ~[undertow-servlet-2.3.13.Final.jar:2.3.13.Final]
		at io.undertow.servlet.core.ContextClassLoaderSetupAction$1.call(ContextClassLoaderSetupAction.java:43) ~[undertow-servlet-2.3.13.Final.jar:2.3.13.Final]
		at io.undertow.servlet.handlers.ServletInitialHandler.dispatchRequest(ServletInitialHandler.java:256) ~[undertow-servlet-2.3.13.Final.jar:2.3.13.Final]
		at io.undertow.servlet.handlers.ServletInitialHandler$1.handleRequest(ServletInitialHandler.java:101) ~[undertow-servlet-2.3.13.Final.jar:2.3.13.Final]
		at io.undertow.server.Connectors.executeRootHandler(Connectors.java:393) ~[undertow-core-2.3.13.Final.jar:2.3.13.Final]
		at io.undertow.server.HttpServerExchange$1.run(HttpServerExchange.java:859) ~[undertow-core-2.3.13.Final.jar:2.3.13.Final]
		at org.jboss.threads.ContextHandler$1.runWith(ContextHandler.java:18) ~[jboss-threads-3.5.0.Final.jar:3.5.0.Final]
		at org.jboss.threads.EnhancedQueueExecutor$Task.run(EnhancedQueueExecutor.java:2513) ~[jboss-threads-3.5.0.Final.jar:3.5.0.Final]
		at org.jboss.threads.EnhancedQueueExecutor$ThreadBody.run(EnhancedQueueExecutor.java:1538) ~[jboss-threads-3.5.0.Final.jar:3.5.0.Final]
		at org.xnio.XnioWorker$WorkerThreadFactory$1$1.run(XnioWorker.java:1282) ~[xnio-api-3.8.8.Final.jar:3.8.8.Final]
		at java.base/java.lang.Thread.run(Thread.java:1583) [?:?]
Caused by: java.io.IOException: Broken pipe
	at java.base/sun.nio.ch.SocketDispatcher.write0(Native Method) ~[?:?]
	at java.base/sun.nio.ch.SocketDispatcher.write(SocketDispatcher.java:62) ~[?:?]
	at java.base/sun.nio.ch.IOUtil.writeFromNativeBuffer(IOUtil.java:137) ~[?:?]
	at java.base/sun.nio.ch.IOUtil.write(IOUtil.java:81) ~[?:?]
	at java.base/sun.nio.ch.IOUtil.write(IOUtil.java:58) ~[?:?]
	at java.base/sun.nio.ch.SocketChannelImpl.write(SocketChannelImpl.java:542) ~[?:?]
	at org.xnio.nio.NioSocketConduit.write(NioSocketConduit.java:153) ~[xnio-nio-3.8.8.Final.jar:3.8.8.Final]
	at io.undertow.server.protocol.http.HttpResponseConduit.write(HttpResponseConduit.java:629) ~[undertow-core-2.3.13.Final.jar:2.3.13.Final]
	at org.xnio.conduits.AbstractStreamSinkConduit.write(AbstractStreamSinkConduit.java:51) ~[xnio-api-3.8.8.Final.jar:3.8.8.Final]
	at io.undertow.conduits.DeflatingStreamSinkConduit.performFlushIfRequiredSingleBuffer(DeflatingStreamSinkConduit.java:445) ~[undertow-core-2.3.13.Final.jar:2.3.13.Final]
	at io.undertow.conduits.DeflatingStreamSinkConduit.performFlushIfRequired(DeflatingStreamSinkConduit.java:432) ~[undertow-core-2.3.13.Final.jar:2.3.13.Final]
	at io.undertow.conduits.DeflatingStreamSinkConduit.deflateData(DeflatingStreamSinkConduit.java:522) ~[undertow-core-2.3.13.Final.jar:2.3.13.Final]
	at io.undertow.conduits.DeflatingStreamSinkConduit.write(DeflatingStreamSinkConduit.java:130) ~[undertow-core-2.3.13.Final.jar:2.3.13.Final]
	at io.undertow.conduits.DeflatingStreamSinkConduit.write(DeflatingStreamSinkConduit.java:165) ~[undertow-core-2.3.13.Final.jar:2.3.13.Final]
	at org.xnio.conduits.ConduitStreamSinkChannel.write(ConduitStreamSinkChannel.java:158) ~[xnio-api-3.8.8.Final.jar:3.8.8.Final]
	at io.undertow.channels.DetachableStreamSinkChannel.write(DetachableStreamSinkChannel.java:179) ~[undertow-core-2.3.13.Final.jar:2.3.13.Final]
	at io.undertow.server.HttpServerExchange$WriteDispatchChannel.write(HttpServerExchange.java:2172) ~[undertow-core-2.3.13.Final.jar:2.3.13.Final]
	at org.xnio.channels.Channels.writeBlocking(Channels.java:202) ~[xnio-api-3.8.8.Final.jar:3.8.8.Final]
	at io.undertow.servlet.spec.ServletOutputStreamImpl.writeTooLargeForBuffer(ServletOutputStreamImpl.java:201) ~[undertow-servlet-2.3.13.Final.jar:2.3.13.Final]
	at io.undertow.servlet.spec.ServletOutputStreamImpl.write(ServletOutputStreamImpl.java:149) ~[undertow-servlet-2.3.13.Final.jar:2.3.13.Final]
	at org.springframework.web.context.request.async.StandardServletAsyncWebRequest$LifecycleServletOutputStream.write(StandardServletAsyncWebRequest.java:375) ~[spring-web-6.1.10.jar:6.1.10]
	... 86 more
[2026-05-21 11:43:01.756] ERROR XNIO-1 task-4 com.jts.gjcxfzksh.exception.handler.GlobalExceptionHandler[63] - 请求地址'/pt/network/tile',发生系统异常. 
org.springframework.web.context.request.async.AsyncRequestNotUsableException: ServletOutputStream failed to write: Broken pipe
	at org.springframework.web.context.request.async.StandardServletAsyncWebRequest$LifecycleHttpServletResponse.handleIOException(StandardServletAsyncWebRequest.java:320) ~[spring-web-6.1.10.jar:6.1.10]
	at org.springframework.web.context.request.async.StandardServletAsyncWebRequest$LifecycleServletOutputStream.write(StandardServletAsyncWebRequest.java:378) ~[spring-web-6.1.10.jar:6.1.10]
	at org.springframework.util.StreamUtils$NonClosingOutputStream.write(StreamUtils.java:261) ~[spring-core-6.1.10.jar:6.1.10]
	at com.fasterxml.jackson.core.json.UTF8JsonGenerator._flushBuffer(UTF8JsonGenerator.java:2210) ~[jackson-core-2.17.1.jar:2.17.1]
	at com.fasterxml.jackson.core.json.UTF8JsonGenerator.writeRaw(UTF8JsonGenerator.java:764) ~[jackson-core-2.17.1.jar:2.17.1]
	at com.fasterxml.jackson.core.json.UTF8JsonGenerator.writeRaw(UTF8JsonGenerator.java:674) ~[jackson-core-2.17.1.jar:2.17.1]
	at com.fasterxml.jackson.core.json.UTF8JsonGenerator.writeNumber(UTF8JsonGenerator.java:1050) ~[jackson-core-2.17.1.jar:2.17.1]
	at com.fasterxml.jackson.databind.ser.std.NumberSerializers$DoubleSerializer.serialize(NumberSerializers.java:235) ~[jackson-databind-2.17.1.jar:2.17.1]
	at com.fasterxml.jackson.databind.ser.BeanPropertyWriter.serializeAsField(BeanPropertyWriter.java:732) ~[jackson-databind-2.17.1.jar:2.17.1]
	at com.fasterxml.jackson.databind.ser.std.BeanSerializerBase.serializeFields(BeanSerializerBase.java:770) ~[jackson-databind-2.17.1.jar:2.17.1]
	at com.fasterxml.jackson.databind.ser.BeanSerializer.serialize(BeanSerializer.java:183) ~[jackson-databind-2.17.1.jar:2.17.1]
	at com.fasterxml.jackson.databind.ser.impl.IndexedListSerializer.serializeContents(IndexedListSerializer.java:119) ~[jackson-databind-2.17.1.jar:2.17.1]
	at com.fasterxml.jackson.databind.ser.impl.IndexedListSerializer.serialize(IndexedListSerializer.java:79) ~[jackson-databind-2.17.1.jar:2.17.1]
	at com.fasterxml.jackson.databind.ser.impl.IndexedListSerializer.serialize(IndexedListSerializer.java:18) ~[jackson-databind-2.17.1.jar:2.17.1]
	at com.fasterxml.jackson.databind.ser.BeanPropertyWriter.serializeAsField(BeanPropertyWriter.java:732) ~[jackson-databind-2.17.1.jar:2.17.1]
	at com.fasterxml.jackson.databind.ser.std.BeanSerializerBase.serializeFields(BeanSerializerBase.java:770) ~[jackson-databind-2.17.1.jar:2.17.1]
	at com.fasterxml.jackson.databind.ser.BeanSerializer.serialize(BeanSerializer.java:183) ~[jackson-databind-2.17.1.jar:2.17.1]
	at com.fasterxml.jackson.databind.ser.DefaultSerializerProvider._serialize(DefaultSerializerProvider.java:502) ~[jackson-databind-2.17.1.jar:2.17.1]
	at com.fasterxml.jackson.databind.ser.DefaultSerializerProvider.serializeValue(DefaultSerializerProvider.java:341) ~[jackson-databind-2.17.1.jar:2.17.1]
	at com.fasterxml.jackson.databind.ObjectWriter$Prefetch.serialize(ObjectWriter.java:1574) ~[jackson-databind-2.17.1.jar:2.17.1]
	at com.fasterxml.jackson.databind.ObjectWriter.writeValue(ObjectWriter.java:1061) ~[jackson-databind-2.17.1.jar:2.17.1]
	at org.springframework.http.converter.json.AbstractJackson2HttpMessageConverter.writeInternal(AbstractJackson2HttpMessageConverter.java:483) ~[spring-web-6.1.10.jar:6.1.10]
	at org.springframework.http.converter.AbstractGenericHttpMessageConverter.write(AbstractGenericHttpMessageConverter.java:114) ~[spring-web-6.1.10.jar:6.1.10]
	at org.springframework.web.servlet.mvc.method.annotation.AbstractMessageConverterMethodProcessor.writeWithMessageConverters(AbstractMessageConverterMethodProcessor.java:297) ~[spring-webmvc-6.1.10.jar:6.1.10]
	at org.springframework.web.servlet.mvc.method.annotation.RequestResponseBodyMethodProcessor.handleReturnValue(RequestResponseBodyMethodProcessor.java:192) ~[spring-webmvc-6.1.10.jar:6.1.10]
	at org.springframework.web.method.support.HandlerMethodReturnValueHandlerComposite.handleReturnValue(HandlerMethodReturnValueHandlerComposite.java:78) ~[spring-web-6.1.10.jar:6.1.10]
	at org.springframework.web.servlet.mvc.method.annotation.ServletInvocableHandlerMethod.invokeAndHandle(ServletInvocableHandlerMethod.java:136) ~[spring-webmvc-6.1.10.jar:6.1.10]
	at org.springframework.web.servlet.mvc.method.annotation.RequestMappingHandlerAdapter.invokeHandlerMethod(RequestMappingHandlerAdapter.java:926) ~[spring-webmvc-6.1.10.jar:6.1.10]
	at org.springframework.web.servlet.mvc.method.annotation.RequestMappingHandlerAdapter.handleInternal(RequestMappingHandlerAdapter.java:831) ~[spring-webmvc-6.1.10.jar:6.1.10]
	at org.springframework.web.servlet.mvc.method.AbstractHandlerMethodAdapter.handle(AbstractHandlerMethodAdapter.java:87) ~[spring-webmvc-6.1.10.jar:6.1.10]
	at org.springframework.web.servlet.DispatcherServlet.doDispatch(DispatcherServlet.java:1089) ~[spring-webmvc-6.1.10.jar:6.1.10]
	at org.springframework.web.servlet.DispatcherServlet.doService(DispatcherServlet.java:979) ~[spring-webmvc-6.1.10.jar:6.1.10]
	at org.springframework.web.servlet.FrameworkServlet.processRequest(FrameworkServlet.java:1014) ~[spring-webmvc-6.1.10.jar:6.1.10]
	at org.springframework.web.servlet.FrameworkServlet.doPost(FrameworkServlet.java:914) ~[spring-webmvc-6.1.10.jar:6.1.10]
	at jakarta.servlet.http.HttpServlet.service(HttpServlet.java:547) ~[jakarta.servlet-api-6.0.0.jar:6.0.0]
	at org.springframework.web.servlet.FrameworkServlet.service(FrameworkServlet.java:885) ~[spring-webmvc-6.1.10.jar:6.1.10]
	at jakarta.servlet.http.HttpServlet.service(HttpServlet.java:614) ~[jakarta.servlet-api-6.0.0.jar:6.0.0]
	at io.undertow.servlet.handlers.ServletHandler.handleRequest(ServletHandler.java:74) ~[undertow-servlet-2.3.13.Final.jar:2.3.13.Final]
	at io.undertow.servlet.handlers.FilterHandler$FilterChainImpl.doFilter(FilterHandler.java:129) ~[undertow-servlet-2.3.13.Final.jar:2.3.13.Final]
	at org.springframework.web.filter.CorsFilter.doFilterInternal(CorsFilter.java:91) ~[spring-web-6.1.10.jar:6.1.10]
	at org.springframework.web.filter.OncePerRequestFilter.doFilter(OncePerRequestFilter.java:116) ~[spring-web-6.1.10.jar:6.1.10]
	at io.undertow.servlet.core.ManagedFilter.doFilter(ManagedFilter.java:67) ~[undertow-servlet-2.3.13.Final.jar:2.3.13.Final]
	at io.undertow.servlet.handlers.FilterHandler$FilterChainImpl.doFilter(FilterHandler.java:131) ~[undertow-servlet-2.3.13.Final.jar:2.3.13.Final]
	at org.springframework.web.filter.RequestContextFilter.doFilterInternal(RequestContextFilter.java:100) ~[spring-web-6.1.10.jar:6.1.10]
	at org.springframework.web.filter.OncePerRequestFilter.doFilter(OncePerRequestFilter.java:116) ~[spring-web-6.1.10.jar:6.1.10]
	at io.undertow.servlet.core.ManagedFilter.doFilter(ManagedFilter.java:67) ~[undertow-servlet-2.3.13.Final.jar:2.3.13.Final]
	at io.undertow.servlet.handlers.FilterHandler$FilterChainImpl.doFilter(FilterHandler.java:131) ~[undertow-servlet-2.3.13.Final.jar:2.3.13.Final]
	at org.springframework.web.filter.FormContentFilter.doFilterInternal(FormContentFilter.java:93) ~[spring-web-6.1.10.jar:6.1.10]
	at org.springframework.web.filter.OncePerRequestFilter.doFilter(OncePerRequestFilter.java:116) ~[spring-web-6.1.10.jar:6.1.10]
	at io.undertow.servlet.core.ManagedFilter.doFilter(ManagedFilter.java:67) ~[undertow-servlet-2.3.13.Final.jar:2.3.13.Final]
	at io.undertow.servlet.handlers.FilterHandler$FilterChainImpl.doFilter(FilterHandler.java:131) ~[undertow-servlet-2.3.13.Final.jar:2.3.13.Final]
	at org.springframework.web.filter.CharacterEncodingFilter.doFilterInternal(CharacterEncodingFilter.java:201) ~[spring-web-6.1.10.jar:6.1.10]
	at org.springframework.web.filter.OncePerRequestFilter.doFilter(OncePerRequestFilter.java:116) ~[spring-web-6.1.10.jar:6.1.10]
	at io.undertow.servlet.core.ManagedFilter.doFilter(ManagedFilter.java:67) ~[undertow-servlet-2.3.13.Final.jar:2.3.13.Final]
	at io.undertow.servlet.handlers.FilterHandler$FilterChainImpl.doFilter(FilterHandler.java:131) ~[undertow-servlet-2.3.13.Final.jar:2.3.13.Final]
	at io.undertow.servlet.handlers.FilterHandler.handleRequest(FilterHandler.java:84) ~[undertow-servlet-2.3.13.Final.jar:2.3.13.Final]
	at io.undertow.servlet.handlers.security.ServletSecurityRoleHandler.handleRequest(ServletSecurityRoleHandler.java:62) ~[undertow-servlet-2.3.13.Final.jar:2.3.13.Final]
	at io.undertow.servlet.handlers.ServletChain$1.handleRequest(ServletChain.java:68) ~[undertow-servlet-2.3.13.Final.jar:2.3.13.Final]
	at io.undertow.servlet.handlers.ServletDispatchingHandler.handleRequest(ServletDispatchingHandler.java:36) ~[undertow-servlet-2.3.13.Final.jar:2.3.13.Final]
	at io.undertow.servlet.handlers.RedirectDirHandler.handleRequest(RedirectDirHandler.java:68) ~[undertow-servlet-2.3.13.Final.jar:2.3.13.Final]
	at io.undertow.servlet.handlers.security.SSLInformationAssociationHandler.handleRequest(SSLInformationAssociationHandler.java:117) ~[undertow-servlet-2.3.13.Final.jar:2.3.13.Final]
	at io.undertow.servlet.handlers.security.ServletAuthenticationCallHandler.handleRequest(ServletAuthenticationCallHandler.java:57) ~[undertow-servlet-2.3.13.Final.jar:2.3.13.Final]
	at io.undertow.server.handlers.PredicateHandler.handleRequest(PredicateHandler.java:43) ~[undertow-core-2.3.13.Final.jar:2.3.13.Final]
	at io.undertow.security.handlers.AbstractConfidentialityHandler.handleRequest(AbstractConfidentialityHandler.java:46) ~[undertow-core-2.3.13.Final.jar:2.3.13.Final]
	at io.undertow.servlet.handlers.security.ServletConfidentialityConstraintHandler.handleRequest(ServletConfidentialityConstraintHandler.java:64) ~[undertow-servlet-2.3.13.Final.jar:2.3.13.Final]
	at io.undertow.security.handlers.AuthenticationMechanismsHandler.handleRequest(AuthenticationMechanismsHandler.java:60) ~[undertow-core-2.3.13.Final.jar:2.3.13.Final]
	at io.undertow.servlet.handlers.security.CachedAuthenticatedSessionHandler.handleRequest(CachedAuthenticatedSessionHandler.java:77) ~[undertow-servlet-2.3.13.Final.jar:2.3.13.Final]
	at io.undertow.security.handlers.AbstractSecurityContextAssociationHandler.handleRequest(AbstractSecurityContextAssociationHandler.java:43) ~[undertow-core-2.3.13.Final.jar:2.3.13.Final]
	at io.undertow.server.handlers.PredicateHandler.handleRequest(PredicateHandler.java:43) ~[undertow-core-2.3.13.Final.jar:2.3.13.Final]
	at io.undertow.servlet.handlers.SendErrorPageHandler.handleRequest(SendErrorPageHandler.java:52) ~[undertow-servlet-2.3.13.Final.jar:2.3.13.Final]
	at io.undertow.server.handlers.PredicateHandler.handleRequest(PredicateHandler.java:43) ~[undertow-core-2.3.13.Final.jar:2.3.13.Final]
	at io.undertow.servlet.handlers.ServletInitialHandler.handleFirstRequest(ServletInitialHandler.java:276) ~[undertow-servlet-2.3.13.Final.jar:2.3.13.Final]
	at io.undertow.servlet.handlers.ServletInitialHandler$2.call(ServletInitialHandler.java:135) ~[undertow-servlet-2.3.13.Final.jar:2.3.13.Final]
	at io.undertow.servlet.handlers.ServletInitialHandler$2.call(ServletInitialHandler.java:132) ~[undertow-servlet-2.3.13.Final.jar:2.3.13.Final]
	at io.undertow.servlet.core.ServletRequestContextThreadSetupAction$1.call(ServletRequestContextThreadSetupAction.java:48) ~[undertow-servlet-2.3.13.Final.jar:2.3.13.Final]
	at io.undertow.servlet.core.ContextClassLoaderSetupAction$1.call(ContextClassLoaderSetupAction.java:43) ~[undertow-servlet-2.3.13.Final.jar:2.3.13.Final]
	at io.undertow.servlet.handlers.ServletInitialHandler.dispatchRequest(ServletInitialHandler.java:256) ~[undertow-servlet-2.3.13.Final.jar:2.3.13.Final]
	at io.undertow.servlet.handlers.ServletInitialHandler$1.handleRequest(ServletInitialHandler.java:101) ~[undertow-servlet-2.3.13.Final.jar:2.3.13.Final]
	at io.undertow.server.Connectors.executeRootHandler(Connectors.java:393) ~[undertow-core-2.3.13.Final.jar:2.3.13.Final]
	at io.undertow.server.HttpServerExchange$1.run(HttpServerExchange.java:859) ~[undertow-core-2.3.13.Final.jar:2.3.13.Final]
	at org.jboss.threads.ContextHandler$1.runWith(ContextHandler.java:18) ~[jboss-threads-3.5.0.Final.jar:3.5.0.Final]
	at org.jboss.threads.EnhancedQueueExecutor$Task.run(EnhancedQueueExecutor.java:2513) ~[jboss-threads-3.5.0.Final.jar:3.5.0.Final]
	at org.jboss.threads.EnhancedQueueExecutor$ThreadBody.run(EnhancedQueueExecutor.java:1538) ~[jboss-threads-3.5.0.Final.jar:3.5.0.Final]
	at org.xnio.XnioWorker$WorkerThreadFactory$1$1.run(XnioWorker.java:1282) ~[xnio-api-3.8.8.Final.jar:3.8.8.Final]
	at java.base/java.lang.Thread.run(Thread.java:1583) [?:?]
	Suppressed: org.springframework.web.context.request.async.AsyncRequestNotUsableException: Response not usable after response errors.
		at org.springframework.web.context.request.async.StandardServletAsyncWebRequest$LifecycleHttpServletResponse.obtainLockAndCheckState(StandardServletAsyncWebRequest.java:314) ~[spring-web-6.1.10.jar:6.1.10]
		at org.springframework.web.context.request.async.StandardServletAsyncWebRequest$LifecycleServletOutputStream.write(StandardServletAsyncWebRequest.java:373) ~[spring-web-6.1.10.jar:6.1.10]
		at org.springframework.util.StreamUtils$NonClosingOutputStream.write(StreamUtils.java:261) ~[spring-core-6.1.10.jar:6.1.10]
		at com.fasterxml.jackson.core.json.UTF8JsonGenerator._flushBuffer(UTF8JsonGenerator.java:2210) ~[jackson-core-2.17.1.jar:2.17.1]
		at com.fasterxml.jackson.core.json.UTF8JsonGenerator.close(UTF8JsonGenerator.java:1234) ~[jackson-core-2.17.1.jar:2.17.1]
		at org.springframework.http.converter.json.AbstractJackson2HttpMessageConverter.writeInternal(AbstractJackson2HttpMessageConverter.java:452) ~[spring-web-6.1.10.jar:6.1.10]
		at org.springframework.http.converter.AbstractGenericHttpMessageConverter.write(AbstractGenericHttpMessageConverter.java:114) ~[spring-web-6.1.10.jar:6.1.10]
		at org.springframework.web.servlet.mvc.method.annotation.AbstractMessageConverterMethodProcessor.writeWithMessageConverters(AbstractMessageConverterMethodProcessor.java:297) ~[spring-webmvc-6.1.10.jar:6.1.10]
		at org.springframework.web.servlet.mvc.method.annotation.RequestResponseBodyMethodProcessor.handleReturnValue(RequestResponseBodyMethodProcessor.java:192) ~[spring-webmvc-6.1.10.jar:6.1.10]
		at org.springframework.web.method.support.HandlerMethodReturnValueHandlerComposite.handleReturnValue(HandlerMethodReturnValueHandlerComposite.java:78) ~[spring-web-6.1.10.jar:6.1.10]
		at org.springframework.web.servlet.mvc.method.annotation.ServletInvocableHandlerMethod.invokeAndHandle(ServletInvocableHandlerMethod.java:136) ~[spring-webmvc-6.1.10.jar:6.1.10]
		at org.springframework.web.servlet.mvc.method.annotation.RequestMappingHandlerAdapter.invokeHandlerMethod(RequestMappingHandlerAdapter.java:926) ~[spring-webmvc-6.1.10.jar:6.1.10]
		at org.springframework.web.servlet.mvc.method.annotation.RequestMappingHandlerAdapter.handleInternal(RequestMappingHandlerAdapter.java:831) ~[spring-webmvc-6.1.10.jar:6.1.10]
		at org.springframework.web.servlet.mvc.method.AbstractHandlerMethodAdapter.handle(AbstractHandlerMethodAdapter.java:87) ~[spring-webmvc-6.1.10.jar:6.1.10]
		at org.springframework.web.servlet.DispatcherServlet.doDispatch(DispatcherServlet.java:1089) ~[spring-webmvc-6.1.10.jar:6.1.10]
		at org.springframework.web.servlet.DispatcherServlet.doService(DispatcherServlet.java:979) ~[spring-webmvc-6.1.10.jar:6.1.10]
		at org.springframework.web.servlet.FrameworkServlet.processRequest(FrameworkServlet.java:1014) ~[spring-webmvc-6.1.10.jar:6.1.10]
		at org.springframework.web.servlet.FrameworkServlet.doPost(FrameworkServlet.java:914) ~[spring-webmvc-6.1.10.jar:6.1.10]
		at jakarta.servlet.http.HttpServlet.service(HttpServlet.java:547) ~[jakarta.servlet-api-6.0.0.jar:6.0.0]
		at org.springframework.web.servlet.FrameworkServlet.service(FrameworkServlet.java:885) ~[spring-webmvc-6.1.10.jar:6.1.10]
		at jakarta.servlet.http.HttpServlet.service(HttpServlet.java:614) ~[jakarta.servlet-api-6.0.0.jar:6.0.0]
		at io.undertow.servlet.handlers.ServletHandler.handleRequest(ServletHandler.java:74) ~[undertow-servlet-2.3.13.Final.jar:2.3.13.Final]
		at io.undertow.servlet.handlers.FilterHandler$FilterChainImpl.doFilter(FilterHandler.java:129) ~[undertow-servlet-2.3.13.Final.jar:2.3.13.Final]
		at org.springframework.web.filter.CorsFilter.doFilterInternal(CorsFilter.java:91) ~[spring-web-6.1.10.jar:6.1.10]
		at org.springframework.web.filter.OncePerRequestFilter.doFilter(OncePerRequestFilter.java:116) ~[spring-web-6.1.10.jar:6.1.10]
		at io.undertow.servlet.core.ManagedFilter.doFilter(ManagedFilter.java:67) ~[undertow-servlet-2.3.13.Final.jar:2.3.13.Final]
		at io.undertow.servlet.handlers.FilterHandler$FilterChainImpl.doFilter(FilterHandler.java:131) ~[undertow-servlet-2.3.13.Final.jar:2.3.13.Final]
		at org.springframework.web.filter.RequestContextFilter.doFilterInternal(RequestContextFilter.java:100) ~[spring-web-6.1.10.jar:6.1.10]
		at org.springframework.web.filter.OncePerRequestFilter.doFilter(OncePerRequestFilter.java:116) ~[spring-web-6.1.10.jar:6.1.10]
		at io.undertow.servlet.core.ManagedFilter.doFilter(ManagedFilter.java:67) ~[undertow-servlet-2.3.13.Final.jar:2.3.13.Final]
		at io.undertow.servlet.handlers.FilterHandler$FilterChainImpl.doFilter(FilterHandler.java:131) ~[undertow-servlet-2.3.13.Final.jar:2.3.13.Final]
		at org.springframework.web.filter.FormContentFilter.doFilterInternal(FormContentFilter.java:93) ~[spring-web-6.1.10.jar:6.1.10]
		at org.springframework.web.filter.OncePerRequestFilter.doFilter(OncePerRequestFilter.java:116) ~[spring-web-6.1.10.jar:6.1.10]
		at io.undertow.servlet.core.ManagedFilter.doFilter(ManagedFilter.java:67) ~[undertow-servlet-2.3.13.Final.jar:2.3.13.Final]
		at io.undertow.servlet.handlers.FilterHandler$FilterChainImpl.doFilter(FilterHandler.java:131) ~[undertow-servlet-2.3.13.Final.jar:2.3.13.Final]
		at org.springframework.web.filter.CharacterEncodingFilter.doFilterInternal(CharacterEncodingFilter.java:201) ~[spring-web-6.1.10.jar:6.1.10]
		at org.springframework.web.filter.OncePerRequestFilter.doFilter(OncePerRequestFilter.java:116) ~[spring-web-6.1.10.jar:6.1.10]
		at io.undertow.servlet.core.ManagedFilter.doFilter(ManagedFilter.java:67) ~[undertow-servlet-2.3.13.Final.jar:2.3.13.Final]
		at io.undertow.servlet.handlers.FilterHandler$FilterChainImpl.doFilter(FilterHandler.java:131) ~[undertow-servlet-2.3.13.Final.jar:2.3.13.Final]
		at io.undertow.servlet.handlers.FilterHandler.handleRequest(FilterHandler.java:84) ~[undertow-servlet-2.3.13.Final.jar:2.3.13.Final]
		at io.undertow.servlet.handlers.security.ServletSecurityRoleHandler.handleRequest(ServletSecurityRoleHandler.java:62) ~[undertow-servlet-2.3.13.Final.jar:2.3.13.Final]
		at io.undertow.servlet.handlers.ServletChain$1.handleRequest(ServletChain.java:68) ~[undertow-servlet-2.3.13.Final.jar:2.3.13.Final]
		at io.undertow.servlet.handlers.ServletDispatchingHandler.handleRequest(ServletDispatchingHandler.java:36) ~[undertow-servlet-2.3.13.Final.jar:2.3.13.Final]
		at io.undertow.servlet.handlers.RedirectDirHandler.handleRequest(RedirectDirHandler.java:68) ~[undertow-servlet-2.3.13.Final.jar:2.3.13.Final]
		at io.undertow.servlet.handlers.security.SSLInformationAssociationHandler.handleRequest(SSLInformationAssociationHandler.java:117) ~[undertow-servlet-2.3.13.Final.jar:2.3.13.Final]
		at io.undertow.servlet.handlers.security.ServletAuthenticationCallHandler.handleRequest(ServletAuthenticationCallHandler.java:57) ~[undertow-servlet-2.3.13.Final.jar:2.3.13.Final]
		at io.undertow.server.handlers.PredicateHandler.handleRequest(PredicateHandler.java:43) ~[undertow-core-2.3.13.Final.jar:2.3.13.Final]
		at io.undertow.security.handlers.AbstractConfidentialityHandler.handleRequest(AbstractConfidentialityHandler.java:46) ~[undertow-core-2.3.13.Final.jar:2.3.13.Final]
		at io.undertow.servlet.handlers.security.ServletConfidentialityConstraintHandler.handleRequest(ServletConfidentialityConstraintHandler.java:64) ~[undertow-servlet-2.3.13.Final.jar:2.3.13.Final]
		at io.undertow.security.handlers.AuthenticationMechanismsHandler.handleRequest(AuthenticationMechanismsHandler.java:60) ~[undertow-core-2.3.13.Final.jar:2.3.13.Final]
		at io.undertow.servlet.handlers.security.CachedAuthenticatedSessionHandler.handleRequest(CachedAuthenticatedSessionHandler.java:77) ~[undertow-servlet-2.3.13.Final.jar:2.3.13.Final]
		at io.undertow.security.handlers.AbstractSecurityContextAssociationHandler.handleRequest(AbstractSecurityContextAssociationHandler.java:43) ~[undertow-core-2.3.13.Final.jar:2.3.13.Final]
		at io.undertow.server.handlers.PredicateHandler.handleRequest(PredicateHandler.java:43) ~[undertow-core-2.3.13.Final.jar:2.3.13.Final]
		at io.undertow.servlet.handlers.SendErrorPageHandler.handleRequest(SendErrorPageHandler.java:52) ~[undertow-servlet-2.3.13.Final.jar:2.3.13.Final]
		at io.undertow.server.handlers.PredicateHandler.handleRequest(PredicateHandler.java:43) ~[undertow-core-2.3.13.Final.jar:2.3.13.Final]
		at io.undertow.servlet.handlers.ServletInitialHandler.handleFirstRequest(ServletInitialHandler.java:276) ~[undertow-servlet-2.3.13.Final.jar:2.3.13.Final]
		at io.undertow.servlet.handlers.ServletInitialHandler$2.call(ServletInitialHandler.java:135) ~[undertow-servlet-2.3.13.Final.jar:2.3.13.Final]
		at io.undertow.servlet.handlers.ServletInitialHandler$2.call(ServletInitialHandler.java:132) ~[undertow-servlet-2.3.13.Final.jar:2.3.13.Final]
		at io.undertow.servlet.core.ServletRequestContextThreadSetupAction$1.call(ServletRequestContextThreadSetupAction.java:48) ~[undertow-servlet-2.3.13.Final.jar:2.3.13.Final]
		at io.undertow.servlet.core.ContextClassLoaderSetupAction$1.call(ContextClassLoaderSetupAction.java:43) ~[undertow-servlet-2.3.13.Final.jar:2.3.13.Final]
		at io.undertow.servlet.handlers.ServletInitialHandler.dispatchRequest(ServletInitialHandler.java:256) ~[undertow-servlet-2.3.13.Final.jar:2.3.13.Final]
		at io.undertow.servlet.handlers.ServletInitialHandler$1.handleRequest(ServletInitialHandler.java:101) ~[undertow-servlet-2.3.13.Final.jar:2.3.13.Final]
		at io.undertow.server.Connectors.executeRootHandler(Connectors.java:393) ~[undertow-core-2.3.13.Final.jar:2.3.13.Final]
		at io.undertow.server.HttpServerExchange$1.run(HttpServerExchange.java:859) ~[undertow-core-2.3.13.Final.jar:2.3.13.Final]
		at org.jboss.threads.ContextHandler$1.runWith(ContextHandler.java:18) ~[jboss-threads-3.5.0.Final.jar:3.5.0.Final]
		at org.jboss.threads.EnhancedQueueExecutor$Task.run(EnhancedQueueExecutor.java:2513) ~[jboss-threads-3.5.0.Final.jar:3.5.0.Final]
		at org.jboss.threads.EnhancedQueueExecutor$ThreadBody.run(EnhancedQueueExecutor.java:1538) ~[jboss-threads-3.5.0.Final.jar:3.5.0.Final]
		at org.xnio.XnioWorker$WorkerThreadFactory$1$1.run(XnioWorker.java:1282) ~[xnio-api-3.8.8.Final.jar:3.8.8.Final]
		at java.base/java.lang.Thread.run(Thread.java:1583) [?:?]
Caused by: java.io.IOException: Broken pipe
	at java.base/sun.nio.ch.SocketDispatcher.write0(Native Method) ~[?:?]
	at java.base/sun.nio.ch.SocketDispatcher.write(SocketDispatcher.java:62) ~[?:?]
	at java.base/sun.nio.ch.IOUtil.writeFromNativeBuffer(IOUtil.java:137) ~[?:?]
	at java.base/sun.nio.ch.IOUtil.write(IOUtil.java:81) ~[?:?]
	at java.base/sun.nio.ch.IOUtil.write(IOUtil.java:58) ~[?:?]
	at java.base/sun.nio.ch.SocketChannelImpl.write(SocketChannelImpl.java:542) ~[?:?]
	at org.xnio.nio.NioSocketConduit.write(NioSocketConduit.java:153) ~[xnio-nio-3.8.8.Final.jar:3.8.8.Final]
	at io.undertow.server.protocol.http.HttpResponseConduit.write(HttpResponseConduit.java:629) ~[undertow-core-2.3.13.Final.jar:2.3.13.Final]
	at org.xnio.conduits.AbstractStreamSinkConduit.write(AbstractStreamSinkConduit.java:51) ~[xnio-api-3.8.8.Final.jar:3.8.8.Final]
	at io.undertow.conduits.DeflatingStreamSinkConduit.performFlushIfRequiredSingleBuffer(DeflatingStreamSinkConduit.java:445) ~[undertow-core-2.3.13.Final.jar:2.3.13.Final]
	at io.undertow.conduits.DeflatingStreamSinkConduit.performFlushIfRequired(DeflatingStreamSinkConduit.java:432) ~[undertow-core-2.3.13.Final.jar:2.3.13.Final]
	at io.undertow.conduits.DeflatingStreamSinkConduit.deflateData(DeflatingStreamSinkConduit.java:522) ~[undertow-core-2.3.13.Final.jar:2.3.13.Final]
	at io.undertow.conduits.DeflatingStreamSinkConduit.write(DeflatingStreamSinkConduit.java:130) ~[undertow-core-2.3.13.Final.jar:2.3.13.Final]
	at io.undertow.conduits.DeflatingStreamSinkConduit.write(DeflatingStreamSinkConduit.java:165) ~[undertow-core-2.3.13.Final.jar:2.3.13.Final]
	at org.xnio.conduits.ConduitStreamSinkChannel.write(ConduitStreamSinkChannel.java:158) ~[xnio-api-3.8.8.Final.jar:3.8.8.Final]
	at io.undertow.channels.DetachableStreamSinkChannel.write(DetachableStreamSinkChannel.java:179) ~[undertow-core-2.3.13.Final.jar:2.3.13.Final]
	at io.undertow.server.HttpServerExchange$WriteDispatchChannel.write(HttpServerExchange.java:2172) ~[undertow-core-2.3.13.Final.jar:2.3.13.Final]
	at org.xnio.channels.Channels.writeBlocking(Channels.java:202) ~[xnio-api-3.8.8.Final.jar:3.8.8.Final]
	at io.undertow.servlet.spec.ServletOutputStreamImpl.writeTooLargeForBuffer(ServletOutputStreamImpl.java:201) ~[undertow-servlet-2.3.13.Final.jar:2.3.13.Final]
	at io.undertow.servlet.spec.ServletOutputStreamImpl.write(ServletOutputStreamImpl.java:149) ~[undertow-servlet-2.3.13.Final.jar:2.3.13.Final]
	at org.springframework.web.context.request.async.StandardServletAsyncWebRequest$LifecycleServletOutputStream.write(StandardServletAsyncWebRequest.java:375) ~[spring-web-6.1.10.jar:6.1.10]
	... 83 more
[2026-05-21 11:43:52.824] ERROR XNIO-1 task-3 com.jts.gjcxfzksh.exception.handler.GlobalExceptionHandler[63] - 请求地址'/pt/network/tile',发生系统异常. 
org.springframework.web.context.request.async.AsyncRequestNotUsableException: ServletOutputStream failed to write: Broken pipe
	at org.springframework.web.context.request.async.StandardServletAsyncWebRequest$LifecycleHttpServletResponse.handleIOException(StandardServletAsyncWebRequest.java:320) ~[spring-web-6.1.10.jar:6.1.10]
	at org.springframework.web.context.request.async.StandardServletAsyncWebRequest$LifecycleServletOutputStream.write(StandardServletAsyncWebRequest.java:378) ~[spring-web-6.1.10.jar:6.1.10]
	at org.springframework.util.StreamUtils$NonClosingOutputStream.write(StreamUtils.java:261) ~[spring-core-6.1.10.jar:6.1.10]
	at com.fasterxml.jackson.core.json.UTF8JsonGenerator._flushBuffer(UTF8JsonGenerator.java:2210) ~[jackson-core-2.17.1.jar:2.17.1]
	at com.fasterxml.jackson.core.json.UTF8JsonGenerator.writeRaw(UTF8JsonGenerator.java:764) ~[jackson-core-2.17.1.jar:2.17.1]
	at com.fasterxml.jackson.core.json.UTF8JsonGenerator.writeRaw(UTF8JsonGenerator.java:674) ~[jackson-core-2.17.1.jar:2.17.1]
	at com.fasterxml.jackson.core.json.UTF8JsonGenerator.writeNumber(UTF8JsonGenerator.java:1065) ~[jackson-core-2.17.1.jar:2.17.1]
	at com.fasterxml.jackson.databind.ser.std.NumberSerializers$FloatSerializer.serialize(NumberSerializers.java:214) ~[jackson-databind-2.17.1.jar:2.17.1]
	at com.fasterxml.jackson.databind.ser.BeanPropertyWriter.serializeAsField(BeanPropertyWriter.java:732) ~[jackson-databind-2.17.1.jar:2.17.1]
	at com.fasterxml.jackson.databind.ser.std.BeanSerializerBase.serializeFields(BeanSerializerBase.java:770) ~[jackson-databind-2.17.1.jar:2.17.1]
	at com.fasterxml.jackson.databind.ser.BeanSerializer.serialize(BeanSerializer.java:183) ~[jackson-databind-2.17.1.jar:2.17.1]
	at com.fasterxml.jackson.databind.ser.BeanPropertyWriter.serializeAsField(BeanPropertyWriter.java:732) ~[jackson-databind-2.17.1.jar:2.17.1]
	at com.fasterxml.jackson.databind.ser.std.BeanSerializerBase.serializeFields(BeanSerializerBase.java:770) ~[jackson-databind-2.17.1.jar:2.17.1]
	at com.fasterxml.jackson.databind.ser.BeanSerializer.serialize(BeanSerializer.java:183) ~[jackson-databind-2.17.1.jar:2.17.1]
	at com.fasterxml.jackson.databind.ser.impl.IndexedListSerializer.serializeContents(IndexedListSerializer.java:119) ~[jackson-databind-2.17.1.jar:2.17.1]
	at com.fasterxml.jackson.databind.ser.impl.IndexedListSerializer.serialize(IndexedListSerializer.java:79) ~[jackson-databind-2.17.1.jar:2.17.1]
	at com.fasterxml.jackson.databind.ser.impl.IndexedListSerializer.serialize(IndexedListSerializer.java:18) ~[jackson-databind-2.17.1.jar:2.17.1]
	at com.fasterxml.jackson.databind.ser.BeanPropertyWriter.serializeAsField(BeanPropertyWriter.java:732) ~[jackson-databind-2.17.1.jar:2.17.1]
	at com.fasterxml.jackson.databind.ser.std.BeanSerializerBase.serializeFields(BeanSerializerBase.java:770) ~[jackson-databind-2.17.1.jar:2.17.1]
	at com.fasterxml.jackson.databind.ser.BeanSerializer.serialize(BeanSerializer.java:183) ~[jackson-databind-2.17.1.jar:2.17.1]
	at com.fasterxml.jackson.databind.ser.DefaultSerializerProvider._serialize(DefaultSerializerProvider.java:502) ~[jackson-databind-2.17.1.jar:2.17.1]
	at com.fasterxml.jackson.databind.ser.DefaultSerializerProvider.serializeValue(DefaultSerializerProvider.java:341) ~[jackson-databind-2.17.1.jar:2.17.1]
	at com.fasterxml.jackson.databind.ObjectWriter$Prefetch.serialize(ObjectWriter.java:1574) ~[jackson-databind-2.17.1.jar:2.17.1]
	at com.fasterxml.jackson.databind.ObjectWriter.writeValue(ObjectWriter.java:1061) ~[jackson-databind-2.17.1.jar:2.17.1]
	at org.springframework.http.converter.json.AbstractJackson2HttpMessageConverter.writeInternal(AbstractJackson2HttpMessageConverter.java:483) ~[spring-web-6.1.10.jar:6.1.10]
	at org.springframework.http.converter.AbstractGenericHttpMessageConverter.write(AbstractGenericHttpMessageConverter.java:114) ~[spring-web-6.1.10.jar:6.1.10]
	at org.springframework.web.servlet.mvc.method.annotation.AbstractMessageConverterMethodProcessor.writeWithMessageConverters(AbstractMessageConverterMethodProcessor.java:297) ~[spring-webmvc-6.1.10.jar:6.1.10]
	at org.springframework.web.servlet.mvc.method.annotation.RequestResponseBodyMethodProcessor.handleReturnValue(RequestResponseBodyMethodProcessor.java:192) ~[spring-webmvc-6.1.10.jar:6.1.10]
	at org.springframework.web.method.support.HandlerMethodReturnValueHandlerComposite.handleReturnValue(HandlerMethodReturnValueHandlerComposite.java:78) ~[spring-web-6.1.10.jar:6.1.10]
	at org.springframework.web.servlet.mvc.method.annotation.ServletInvocableHandlerMethod.invokeAndHandle(ServletInvocableHandlerMethod.java:136) ~[spring-webmvc-6.1.10.jar:6.1.10]
	at org.springframework.web.servlet.mvc.method.annotation.RequestMappingHandlerAdapter.invokeHandlerMethod(RequestMappingHandlerAdapter.java:926) ~[spring-webmvc-6.1.10.jar:6.1.10]
	at org.springframework.web.servlet.mvc.method.annotation.RequestMappingHandlerAdapter.handleInternal(RequestMappingHandlerAdapter.java:831) ~[spring-webmvc-6.1.10.jar:6.1.10]
	at org.springframework.web.servlet.mvc.method.AbstractHandlerMethodAdapter.handle(AbstractHandlerMethodAdapter.java:87) ~[spring-webmvc-6.1.10.jar:6.1.10]
	at org.springframework.web.servlet.DispatcherServlet.doDispatch(DispatcherServlet.java:1089) ~[spring-webmvc-6.1.10.jar:6.1.10]
	at org.springframework.web.servlet.DispatcherServlet.doService(DispatcherServlet.java:979) ~[spring-webmvc-6.1.10.jar:6.1.10]
	at org.springframework.web.servlet.FrameworkServlet.processRequest(FrameworkServlet.java:1014) ~[spring-webmvc-6.1.10.jar:6.1.10]
	at org.springframework.web.servlet.FrameworkServlet.doPost(FrameworkServlet.java:914) ~[spring-webmvc-6.1.10.jar:6.1.10]
	at jakarta.servlet.http.HttpServlet.service(HttpServlet.java:547) ~[jakarta.servlet-api-6.0.0.jar:6.0.0]
	at org.springframework.web.servlet.FrameworkServlet.service(FrameworkServlet.java:885) ~[spring-webmvc-6.1.10.jar:6.1.10]
	at jakarta.servlet.http.HttpServlet.service(HttpServlet.java:614) ~[jakarta.servlet-api-6.0.0.jar:6.0.0]
	at io.undertow.servlet.handlers.ServletHandler.handleRequest(ServletHandler.java:74) ~[undertow-servlet-2.3.13.Final.jar:2.3.13.Final]
	at io.undertow.servlet.handlers.FilterHandler$FilterChainImpl.doFilter(FilterHandler.java:129) ~[undertow-servlet-2.3.13.Final.jar:2.3.13.Final]
	at org.springframework.web.filter.CorsFilter.doFilterInternal(CorsFilter.java:91) ~[spring-web-6.1.10.jar:6.1.10]
	at org.springframework.web.filter.OncePerRequestFilter.doFilter(OncePerRequestFilter.java:116) ~[spring-web-6.1.10.jar:6.1.10]
	at io.undertow.servlet.core.ManagedFilter.doFilter(ManagedFilter.java:67) ~[undertow-servlet-2.3.13.Final.jar:2.3.13.Final]
	at io.undertow.servlet.handlers.FilterHandler$FilterChainImpl.doFilter(FilterHandler.java:131) ~[undertow-servlet-2.3.13.Final.jar:2.3.13.Final]
	at org.springframework.web.filter.RequestContextFilter.doFilterInternal(RequestContextFilter.java:100) ~[spring-web-6.1.10.jar:6.1.10]
	at org.springframework.web.filter.OncePerRequestFilter.doFilter(OncePerRequestFilter.java:116) ~[spring-web-6.1.10.jar:6.1.10]
	at io.undertow.servlet.core.ManagedFilter.doFilter(ManagedFilter.java:67) ~[undertow-servlet-2.3.13.Final.jar:2.3.13.Final]
	at io.undertow.servlet.handlers.FilterHandler$FilterChainImpl.doFilter(FilterHandler.java:131) ~[undertow-servlet-2.3.13.Final.jar:2.3.13.Final]
	at org.springframework.web.filter.FormContentFilter.doFilterInternal(FormContentFilter.java:93) ~[spring-web-6.1.10.jar:6.1.10]
	at org.springframework.web.filter.OncePerRequestFilter.doFilter(OncePerRequestFilter.java:116) ~[spring-web-6.1.10.jar:6.1.10]
	at io.undertow.servlet.core.ManagedFilter.doFilter(ManagedFilter.java:67) ~[undertow-servlet-2.3.13.Final.jar:2.3.13.Final]
	at io.undertow.servlet.handlers.FilterHandler$FilterChainImpl.doFilter(FilterHandler.java:131) ~[undertow-servlet-2.3.13.Final.jar:2.3.13.Final]
	at org.springframework.web.filter.CharacterEncodingFilter.doFilterInternal(CharacterEncodingFilter.java:201) ~[spring-web-6.1.10.jar:6.1.10]
	at org.springframework.web.filter.OncePerRequestFilter.doFilter(OncePerRequestFilter.java:116) ~[spring-web-6.1.10.jar:6.1.10]
	at io.undertow.servlet.core.ManagedFilter.doFilter(ManagedFilter.java:67) ~[undertow-servlet-2.3.13.Final.jar:2.3.13.Final]
	at io.undertow.servlet.handlers.FilterHandler$FilterChainImpl.doFilter(FilterHandler.java:131) ~[undertow-servlet-2.3.13.Final.jar:2.3.13.Final]
	at io.undertow.servlet.handlers.FilterHandler.handleRequest(FilterHandler.java:84) ~[undertow-servlet-2.3.13.Final.jar:2.3.13.Final]
	at io.undertow.servlet.handlers.security.ServletSecurityRoleHandler.handleRequest(ServletSecurityRoleHandler.java:62) ~[undertow-servlet-2.3.13.Final.jar:2.3.13.Final]
	at io.undertow.servlet.handlers.ServletChain$1.handleRequest(ServletChain.java:68) ~[undertow-servlet-2.3.13.Final.jar:2.3.13.Final]
	at io.undertow.servlet.handlers.ServletDispatchingHandler.handleRequest(ServletDispatchingHandler.java:36) ~[undertow-servlet-2.3.13.Final.jar:2.3.13.Final]
	at io.undertow.servlet.handlers.RedirectDirHandler.handleRequest(RedirectDirHandler.java:68) ~[undertow-servlet-2.3.13.Final.jar:2.3.13.Final]
	at io.undertow.servlet.handlers.security.SSLInformationAssociationHandler.handleRequest(SSLInformationAssociationHandler.java:117) ~[undertow-servlet-2.3.13.Final.jar:2.3.13.Final]
	at io.undertow.servlet.handlers.security.ServletAuthenticationCallHandler.handleRequest(ServletAuthenticationCallHandler.java:57) ~[undertow-servlet-2.3.13.Final.jar:2.3.13.Final]
	at io.undertow.server.handlers.PredicateHandler.handleRequest(PredicateHandler.java:43) ~[undertow-core-2.3.13.Final.jar:2.3.13.Final]
	at io.undertow.security.handlers.AbstractConfidentialityHandler.handleRequest(AbstractConfidentialityHandler.java:46) ~[undertow-core-2.3.13.Final.jar:2.3.13.Final]
	at io.undertow.servlet.handlers.security.ServletConfidentialityConstraintHandler.handleRequest(ServletConfidentialityConstraintHandler.java:64) ~[undertow-servlet-2.3.13.Final.jar:2.3.13.Final]
	at io.undertow.security.handlers.AuthenticationMechanismsHandler.handleRequest(AuthenticationMechanismsHandler.java:60) ~[undertow-core-2.3.13.Final.jar:2.3.13.Final]
	at io.undertow.servlet.handlers.security.CachedAuthenticatedSessionHandler.handleRequest(CachedAuthenticatedSessionHandler.java:77) ~[undertow-servlet-2.3.13.Final.jar:2.3.13.Final]
	at io.undertow.security.handlers.AbstractSecurityContextAssociationHandler.handleRequest(AbstractSecurityContextAssociationHandler.java:43) ~[undertow-core-2.3.13.Final.jar:2.3.13.Final]
	at io.undertow.server.handlers.PredicateHandler.handleRequest(PredicateHandler.java:43) ~[undertow-core-2.3.13.Final.jar:2.3.13.Final]
	at io.undertow.servlet.handlers.SendErrorPageHandler.handleRequest(SendErrorPageHandler.java:52) ~[undertow-servlet-2.3.13.Final.jar:2.3.13.Final]
	at io.undertow.server.handlers.PredicateHandler.handleRequest(PredicateHandler.java:43) ~[undertow-core-2.3.13.Final.jar:2.3.13.Final]
	at io.undertow.servlet.handlers.ServletInitialHandler.handleFirstRequest(ServletInitialHandler.java:276) ~[undertow-servlet-2.3.13.Final.jar:2.3.13.Final]
	at io.undertow.servlet.handlers.ServletInitialHandler$2.call(ServletInitialHandler.java:135) ~[undertow-servlet-2.3.13.Final.jar:2.3.13.Final]
	at io.undertow.servlet.handlers.ServletInitialHandler$2.call(ServletInitialHandler.java:132) ~[undertow-servlet-2.3.13.Final.jar:2.3.13.Final]
	at io.undertow.servlet.core.ServletRequestContextThreadSetupAction$1.call(ServletRequestContextThreadSetupAction.java:48) ~[undertow-servlet-2.3.13.Final.jar:2.3.13.Final]
	at io.undertow.servlet.core.ContextClassLoaderSetupAction$1.call(ContextClassLoaderSetupAction.java:43) ~[undertow-servlet-2.3.13.Final.jar:2.3.13.Final]
	at io.undertow.servlet.handlers.ServletInitialHandler.dispatchRequest(ServletInitialHandler.java:256) ~[undertow-servlet-2.3.13.Final.jar:2.3.13.Final]
	at io.undertow.servlet.handlers.ServletInitialHandler$1.handleRequest(ServletInitialHandler.java:101) ~[undertow-servlet-2.3.13.Final.jar:2.3.13.Final]
	at io.undertow.server.Connectors.executeRootHandler(Connectors.java:393) ~[undertow-core-2.3.13.Final.jar:2.3.13.Final]
	at io.undertow.server.HttpServerExchange$1.run(HttpServerExchange.java:859) ~[undertow-core-2.3.13.Final.jar:2.3.13.Final]
	at org.jboss.threads.ContextHandler$1.runWith(ContextHandler.java:18) ~[jboss-threads-3.5.0.Final.jar:3.5.0.Final]
	at org.jboss.threads.EnhancedQueueExecutor$Task.run(EnhancedQueueExecutor.java:2513) ~[jboss-threads-3.5.0.Final.jar:3.5.0.Final]
	at org.jboss.threads.EnhancedQueueExecutor$ThreadBody.run(EnhancedQueueExecutor.java:1538) ~[jboss-threads-3.5.0.Final.jar:3.5.0.Final]
	at org.xnio.XnioWorker$WorkerThreadFactory$1$1.run(XnioWorker.java:1282) ~[xnio-api-3.8.8.Final.jar:3.8.8.Final]
	at java.base/java.lang.Thread.run(Thread.java:1583) [?:?]
	Suppressed: org.springframework.web.context.request.async.AsyncRequestNotUsableException: Response not usable after response errors.
		at org.springframework.web.context.request.async.StandardServletAsyncWebRequest$LifecycleHttpServletResponse.obtainLockAndCheckState(StandardServletAsyncWebRequest.java:314) ~[spring-web-6.1.10.jar:6.1.10]
		at org.springframework.web.context.request.async.StandardServletAsyncWebRequest$LifecycleServletOutputStream.write(StandardServletAsyncWebRequest.java:373) ~[spring-web-6.1.10.jar:6.1.10]
		at org.springframework.util.StreamUtils$NonClosingOutputStream.write(StreamUtils.java:261) ~[spring-core-6.1.10.jar:6.1.10]
		at com.fasterxml.jackson.core.json.UTF8JsonGenerator._flushBuffer(UTF8JsonGenerator.java:2210) ~[jackson-core-2.17.1.jar:2.17.1]
		at com.fasterxml.jackson.core.json.UTF8JsonGenerator.close(UTF8JsonGenerator.java:1234) ~[jackson-core-2.17.1.jar:2.17.1]
		at org.springframework.http.converter.json.AbstractJackson2HttpMessageConverter.writeInternal(AbstractJackson2HttpMessageConverter.java:452) ~[spring-web-6.1.10.jar:6.1.10]
		at org.springframework.http.converter.AbstractGenericHttpMessageConverter.write(AbstractGenericHttpMessageConverter.java:114) ~[spring-web-6.1.10.jar:6.1.10]
		at org.springframework.web.servlet.mvc.method.annotation.AbstractMessageConverterMethodProcessor.writeWithMessageConverters(AbstractMessageConverterMethodProcessor.java:297) ~[spring-webmvc-6.1.10.jar:6.1.10]
		at org.springframework.web.servlet.mvc.method.annotation.RequestResponseBodyMethodProcessor.handleReturnValue(RequestResponseBodyMethodProcessor.java:192) ~[spring-webmvc-6.1.10.jar:6.1.10]
		at org.springframework.web.method.support.HandlerMethodReturnValueHandlerComposite.handleReturnValue(HandlerMethodReturnValueHandlerComposite.java:78) ~[spring-web-6.1.10.jar:6.1.10]
		at org.springframework.web.servlet.mvc.method.annotation.ServletInvocableHandlerMethod.invokeAndHandle(ServletInvocableHandlerMethod.java:136) ~[spring-webmvc-6.1.10.jar:6.1.10]
		at org.springframework.web.servlet.mvc.method.annotation.RequestMappingHandlerAdapter.invokeHandlerMethod(RequestMappingHandlerAdapter.java:926) ~[spring-webmvc-6.1.10.jar:6.1.10]
		at org.springframework.web.servlet.mvc.method.annotation.RequestMappingHandlerAdapter.handleInternal(RequestMappingHandlerAdapter.java:831) ~[spring-webmvc-6.1.10.jar:6.1.10]
		at org.springframework.web.servlet.mvc.method.AbstractHandlerMethodAdapter.handle(AbstractHandlerMethodAdapter.java:87) ~[spring-webmvc-6.1.10.jar:6.1.10]
		at org.springframework.web.servlet.DispatcherServlet.doDispatch(DispatcherServlet.java:1089) ~[spring-webmvc-6.1.10.jar:6.1.10]
		at org.springframework.web.servlet.DispatcherServlet.doService(DispatcherServlet.java:979) ~[spring-webmvc-6.1.10.jar:6.1.10]
		at org.springframework.web.servlet.FrameworkServlet.processRequest(FrameworkServlet.java:1014) ~[spring-webmvc-6.1.10.jar:6.1.10]
		at org.springframework.web.servlet.FrameworkServlet.doPost(FrameworkServlet.java:914) ~[spring-webmvc-6.1.10.jar:6.1.10]
		at jakarta.servlet.http.HttpServlet.service(HttpServlet.java:547) ~[jakarta.servlet-api-6.0.0.jar:6.0.0]
		at org.springframework.web.servlet.FrameworkServlet.service(FrameworkServlet.java:885) ~[spring-webmvc-6.1.10.jar:6.1.10]
		at jakarta.servlet.http.HttpServlet.service(HttpServlet.java:614) ~[jakarta.servlet-api-6.0.0.jar:6.0.0]
		at io.undertow.servlet.handlers.ServletHandler.handleRequest(ServletHandler.java:74) ~[undertow-servlet-2.3.13.Final.jar:2.3.13.Final]
		at io.undertow.servlet.handlers.FilterHandler$FilterChainImpl.doFilter(FilterHandler.java:129) ~[undertow-servlet-2.3.13.Final.jar:2.3.13.Final]
		at org.springframework.web.filter.CorsFilter.doFilterInternal(CorsFilter.java:91) ~[spring-web-6.1.10.jar:6.1.10]
		at org.springframework.web.filter.OncePerRequestFilter.doFilter(OncePerRequestFilter.java:116) ~[spring-web-6.1.10.jar:6.1.10]
		at io.undertow.servlet.core.ManagedFilter.doFilter(ManagedFilter.java:67) ~[undertow-servlet-2.3.13.Final.jar:2.3.13.Final]
		at io.undertow.servlet.handlers.FilterHandler$FilterChainImpl.doFilter(FilterHandler.java:131) ~[undertow-servlet-2.3.13.Final.jar:2.3.13.Final]
		at org.springframework.web.filter.RequestContextFilter.doFilterInternal(RequestContextFilter.java:100) ~[spring-web-6.1.10.jar:6.1.10]
		at org.springframework.web.filter.OncePerRequestFilter.doFilter(OncePerRequestFilter.java:116) ~[spring-web-6.1.10.jar:6.1.10]
		at io.undertow.servlet.core.ManagedFilter.doFilter(ManagedFilter.java:67) ~[undertow-servlet-2.3.13.Final.jar:2.3.13.Final]
		at io.undertow.servlet.handlers.FilterHandler$FilterChainImpl.doFilter(FilterHandler.java:131) ~[undertow-servlet-2.3.13.Final.jar:2.3.13.Final]
		at org.springframework.web.filter.FormContentFilter.doFilterInternal(FormContentFilter.java:93) ~[spring-web-6.1.10.jar:6.1.10]
		at org.springframework.web.filter.OncePerRequestFilter.doFilter(OncePerRequestFilter.java:116) ~[spring-web-6.1.10.jar:6.1.10]
		at io.undertow.servlet.core.ManagedFilter.doFilter(ManagedFilter.java:67) ~[undertow-servlet-2.3.13.Final.jar:2.3.13.Final]
		at io.undertow.servlet.handlers.FilterHandler$FilterChainImpl.doFilter(FilterHandler.java:131) ~[undertow-servlet-2.3.13.Final.jar:2.3.13.Final]
		at org.springframework.web.filter.CharacterEncodingFilter.doFilterInternal(CharacterEncodingFilter.java:201) ~[spring-web-6.1.10.jar:6.1.10]
		at org.springframework.web.filter.OncePerRequestFilter.doFilter(OncePerRequestFilter.java:116) ~[spring-web-6.1.10.jar:6.1.10]
		at io.undertow.servlet.core.ManagedFilter.doFilter(ManagedFilter.java:67) ~[undertow-servlet-2.3.13.Final.jar:2.3.13.Final]
		at io.undertow.servlet.handlers.FilterHandler$FilterChainImpl.doFilter(FilterHandler.java:131) ~[undertow-servlet-2.3.13.Final.jar:2.3.13.Final]
		at io.undertow.servlet.handlers.FilterHandler.handleRequest(FilterHandler.java:84) ~[undertow-servlet-2.3.13.Final.jar:2.3.13.Final]
		at io.undertow.servlet.handlers.security.ServletSecurityRoleHandler.handleRequest(ServletSecurityRoleHandler.java:62) ~[undertow-servlet-2.3.13.Final.jar:2.3.13.Final]
		at io.undertow.servlet.handlers.ServletChain$1.handleRequest(ServletChain.java:68) ~[undertow-servlet-2.3.13.Final.jar:2.3.13.Final]
		at io.undertow.servlet.handlers.ServletDispatchingHandler.handleRequest(ServletDispatchingHandler.java:36) ~[undertow-servlet-2.3.13.Final.jar:2.3.13.Final]
		at io.undertow.servlet.handlers.RedirectDirHandler.handleRequest(RedirectDirHandler.java:68) ~[undertow-servlet-2.3.13.Final.jar:2.3.13.Final]
		at io.undertow.servlet.handlers.security.SSLInformationAssociationHandler.handleRequest(SSLInformationAssociationHandler.java:117) ~[undertow-servlet-2.3.13.Final.jar:2.3.13.Final]
		at io.undertow.servlet.handlers.security.ServletAuthenticationCallHandler.handleRequest(ServletAuthenticationCallHandler.java:57) ~[undertow-servlet-2.3.13.Final.jar:2.3.13.Final]
		at io.undertow.server.handlers.PredicateHandler.handleRequest(PredicateHandler.java:43) ~[undertow-core-2.3.13.Final.jar:2.3.13.Final]
		at io.undertow.security.handlers.AbstractConfidentialityHandler.handleRequest(AbstractConfidentialityHandler.java:46) ~[undertow-core-2.3.13.Final.jar:2.3.13.Final]
		at io.undertow.servlet.handlers.security.ServletConfidentialityConstraintHandler.handleRequest(ServletConfidentialityConstraintHandler.java:64) ~[undertow-servlet-2.3.13.Final.jar:2.3.13.Final]
		at io.undertow.security.handlers.AuthenticationMechanismsHandler.handleRequest(AuthenticationMechanismsHandler.java:60) ~[undertow-core-2.3.13.Final.jar:2.3.13.Final]
		at io.undertow.servlet.handlers.security.CachedAuthenticatedSessionHandler.handleRequest(CachedAuthenticatedSessionHandler.java:77) ~[undertow-servlet-2.3.13.Final.jar:2.3.13.Final]
		at io.undertow.security.handlers.AbstractSecurityContextAssociationHandler.handleRequest(AbstractSecurityContextAssociationHandler.java:43) ~[undertow-core-2.3.13.Final.jar:2.3.13.Final]
		at io.undertow.server.handlers.PredicateHandler.handleRequest(PredicateHandler.java:43) ~[undertow-core-2.3.13.Final.jar:2.3.13.Final]
		at io.undertow.servlet.handlers.SendErrorPageHandler.handleRequest(SendErrorPageHandler.java:52) ~[undertow-servlet-2.3.13.Final.jar:2.3.13.Final]
		at io.undertow.server.handlers.PredicateHandler.handleRequest(PredicateHandler.java:43) ~[undertow-core-2.3.13.Final.jar:2.3.13.Final]
		at io.undertow.servlet.handlers.ServletInitialHandler.handleFirstRequest(ServletInitialHandler.java:276) ~[undertow-servlet-2.3.13.Final.jar:2.3.13.Final]
		at io.undertow.servlet.handlers.ServletInitialHandler$2.call(ServletInitialHandler.java:135) ~[undertow-servlet-2.3.13.Final.jar:2.3.13.Final]
		at io.undertow.servlet.handlers.ServletInitialHandler$2.call(ServletInitialHandler.java:132) ~[undertow-servlet-2.3.13.Final.jar:2.3.13.Final]
		at io.undertow.servlet.core.ServletRequestContextThreadSetupAction$1.call(ServletRequestContextThreadSetupAction.java:48) ~[undertow-servlet-2.3.13.Final.jar:2.3.13.Final]
		at io.undertow.servlet.core.ContextClassLoaderSetupAction$1.call(ContextClassLoaderSetupAction.java:43) ~[undertow-servlet-2.3.13.Final.jar:2.3.13.Final]
		at io.undertow.servlet.handlers.ServletInitialHandler.dispatchRequest(ServletInitialHandler.java:256) ~[undertow-servlet-2.3.13.Final.jar:2.3.13.Final]
		at io.undertow.servlet.handlers.ServletInitialHandler$1.handleRequest(ServletInitialHandler.java:101) ~[undertow-servlet-2.3.13.Final.jar:2.3.13.Final]
		at io.undertow.server.Connectors.executeRootHandler(Connectors.java:393) ~[undertow-core-2.3.13.Final.jar:2.3.13.Final]
		at io.undertow.server.HttpServerExchange$1.run(HttpServerExchange.java:859) ~[undertow-core-2.3.13.Final.jar:2.3.13.Final]
		at org.jboss.threads.ContextHandler$1.runWith(ContextHandler.java:18) ~[jboss-threads-3.5.0.Final.jar:3.5.0.Final]
		at org.jboss.threads.EnhancedQueueExecutor$Task.run(EnhancedQueueExecutor.java:2513) ~[jboss-threads-3.5.0.Final.jar:3.5.0.Final]
		at org.jboss.threads.EnhancedQueueExecutor$ThreadBody.run(EnhancedQueueExecutor.java:1538) ~[jboss-threads-3.5.0.Final.jar:3.5.0.Final]
		at org.xnio.XnioWorker$WorkerThreadFactory$1$1.run(XnioWorker.java:1282) ~[xnio-api-3.8.8.Final.jar:3.8.8.Final]
		at java.base/java.lang.Thread.run(Thread.java:1583) [?:?]
Caused by: java.io.IOException: Broken pipe
	at java.base/sun.nio.ch.SocketDispatcher.write0(Native Method) ~[?:?]
	at java.base/sun.nio.ch.SocketDispatcher.write(SocketDispatcher.java:62) ~[?:?]
	at java.base/sun.nio.ch.IOUtil.writeFromNativeBuffer(IOUtil.java:137) ~[?:?]
	at java.base/sun.nio.ch.IOUtil.write(IOUtil.java:81) ~[?:?]
	at java.base/sun.nio.ch.IOUtil.write(IOUtil.java:58) ~[?:?]
	at java.base/sun.nio.ch.SocketChannelImpl.write(SocketChannelImpl.java:542) ~[?:?]
	at org.xnio.nio.NioSocketConduit.write(NioSocketConduit.java:153) ~[xnio-nio-3.8.8.Final.jar:3.8.8.Final]
	at io.undertow.server.protocol.http.HttpResponseConduit.write(HttpResponseConduit.java:629) ~[undertow-core-2.3.13.Final.jar:2.3.13.Final]
	at org.xnio.conduits.AbstractStreamSinkConduit.write(AbstractStreamSinkConduit.java:51) ~[xnio-api-3.8.8.Final.jar:3.8.8.Final]
	at io.undertow.conduits.DeflatingStreamSinkConduit.performFlushIfRequiredSingleBuffer(DeflatingStreamSinkConduit.java:445) ~[undertow-core-2.3.13.Final.jar:2.3.13.Final]
	at io.undertow.conduits.DeflatingStreamSinkConduit.performFlushIfRequired(DeflatingStreamSinkConduit.java:432) ~[undertow-core-2.3.13.Final.jar:2.3.13.Final]
	at io.undertow.conduits.DeflatingStreamSinkConduit.deflateData(DeflatingStreamSinkConduit.java:522) ~[undertow-core-2.3.13.Final.jar:2.3.13.Final]
	at io.undertow.conduits.DeflatingStreamSinkConduit.write(DeflatingStreamSinkConduit.java:130) ~[undertow-core-2.3.13.Final.jar:2.3.13.Final]
	at io.undertow.conduits.DeflatingStreamSinkConduit.write(DeflatingStreamSinkConduit.java:165) ~[undertow-core-2.3.13.Final.jar:2.3.13.Final]
	at org.xnio.conduits.ConduitStreamSinkChannel.write(ConduitStreamSinkChannel.java:158) ~[xnio-api-3.8.8.Final.jar:3.8.8.Final]
	at io.undertow.channels.DetachableStreamSinkChannel.write(DetachableStreamSinkChannel.java:179) ~[undertow-core-2.3.13.Final.jar:2.3.13.Final]
	at io.undertow.server.HttpServerExchange$WriteDispatchChannel.write(HttpServerExchange.java:2172) ~[undertow-core-2.3.13.Final.jar:2.3.13.Final]
	at org.xnio.channels.Channels.writeBlocking(Channels.java:202) ~[xnio-api-3.8.8.Final.jar:3.8.8.Final]
	at io.undertow.servlet.spec.ServletOutputStreamImpl.writeTooLargeForBuffer(ServletOutputStreamImpl.java:201) ~[undertow-servlet-2.3.13.Final.jar:2.3.13.Final]
	at io.undertow.servlet.spec.ServletOutputStreamImpl.write(ServletOutputStreamImpl.java:149) ~[undertow-servlet-2.3.13.Final.jar:2.3.13.Final]
	at org.springframework.web.context.request.async.StandardServletAsyncWebRequest$LifecycleServletOutputStream.write(StandardServletAsyncWebRequest.java:375) ~[spring-web-6.1.10.jar:6.1.10]
	... 86 more
[2026-05-21 14:08:05.360] ERROR XNIO-1 task-5 com.jts.gjcxfzksh.exception.handler.GlobalExceptionHandler[63] - 请求地址'/pt/network/tile',发生系统异常. 
org.springframework.web.context.request.async.AsyncRequestNotUsableException: ServletOutputStream failed to write: Broken pipe
	at org.springframework.web.context.request.async.StandardServletAsyncWebRequest$LifecycleHttpServletResponse.handleIOException(StandardServletAsyncWebRequest.java:320) ~[spring-web-6.1.10.jar:6.1.10]
	at org.springframework.web.context.request.async.StandardServletAsyncWebRequest$LifecycleServletOutputStream.write(StandardServletAsyncWebRequest.java:378) ~[spring-web-6.1.10.jar:6.1.10]
	at org.springframework.util.StreamUtils$NonClosingOutputStream.write(StreamUtils.java:261) ~[spring-core-6.1.10.jar:6.1.10]
	at com.fasterxml.jackson.core.json.UTF8JsonGenerator._flushBuffer(UTF8JsonGenerator.java:2210) ~[jackson-core-2.17.1.jar:2.17.1]
	at com.fasterxml.jackson.core.json.UTF8JsonGenerator.writeRaw(UTF8JsonGenerator.java:764) ~[jackson-core-2.17.1.jar:2.17.1]
	at com.fasterxml.jackson.core.json.UTF8JsonGenerator.writeRaw(UTF8JsonGenerator.java:674) ~[jackson-core-2.17.1.jar:2.17.1]
	at com.fasterxml.jackson.core.json.UTF8JsonGenerator.writeNumber(UTF8JsonGenerator.java:1050) ~[jackson-core-2.17.1.jar:2.17.1]
	at com.fasterxml.jackson.databind.ser.std.NumberSerializers$DoubleSerializer.serialize(NumberSerializers.java:235) ~[jackson-databind-2.17.1.jar:2.17.1]
	at com.fasterxml.jackson.databind.ser.BeanPropertyWriter.serializeAsField(BeanPropertyWriter.java:732) ~[jackson-databind-2.17.1.jar:2.17.1]
	at com.fasterxml.jackson.databind.ser.std.BeanSerializerBase.serializeFields(BeanSerializerBase.java:770) ~[jackson-databind-2.17.1.jar:2.17.1]
	at com.fasterxml.jackson.databind.ser.BeanSerializer.serialize(BeanSerializer.java:183) ~[jackson-databind-2.17.1.jar:2.17.1]
	at com.fasterxml.jackson.databind.ser.impl.IndexedListSerializer.serializeContents(IndexedListSerializer.java:119) ~[jackson-databind-2.17.1.jar:2.17.1]
	at com.fasterxml.jackson.databind.ser.impl.IndexedListSerializer.serialize(IndexedListSerializer.java:79) ~[jackson-databind-2.17.1.jar:2.17.1]
	at com.fasterxml.jackson.databind.ser.impl.IndexedListSerializer.serialize(IndexedListSerializer.java:18) ~[jackson-databind-2.17.1.jar:2.17.1]
	at com.fasterxml.jackson.databind.ser.BeanPropertyWriter.serializeAsField(BeanPropertyWriter.java:732) ~[jackson-databind-2.17.1.jar:2.17.1]
	at com.fasterxml.jackson.databind.ser.std.BeanSerializerBase.serializeFields(BeanSerializerBase.java:770) ~[jackson-databind-2.17.1.jar:2.17.1]
	at com.fasterxml.jackson.databind.ser.BeanSerializer.serialize(BeanSerializer.java:183) ~[jackson-databind-2.17.1.jar:2.17.1]
	at com.fasterxml.jackson.databind.ser.DefaultSerializerProvider._serialize(DefaultSerializerProvider.java:502) ~[jackson-databind-2.17.1.jar:2.17.1]
	at com.fasterxml.jackson.databind.ser.DefaultSerializerProvider.serializeValue(DefaultSerializerProvider.java:341) ~[jackson-databind-2.17.1.jar:2.17.1]
	at com.fasterxml.jackson.databind.ObjectWriter$Prefetch.serialize(ObjectWriter.java:1574) ~[jackson-databind-2.17.1.jar:2.17.1]
	at com.fasterxml.jackson.databind.ObjectWriter.writeValue(ObjectWriter.java:1061) ~[jackson-databind-2.17.1.jar:2.17.1]
	at org.springframework.http.converter.json.AbstractJackson2HttpMessageConverter.writeInternal(AbstractJackson2HttpMessageConverter.java:483) ~[spring-web-6.1.10.jar:6.1.10]
	at org.springframework.http.converter.AbstractGenericHttpMessageConverter.write(AbstractGenericHttpMessageConverter.java:114) ~[spring-web-6.1.10.jar:6.1.10]
	at org.springframework.web.servlet.mvc.method.annotation.AbstractMessageConverterMethodProcessor.writeWithMessageConverters(AbstractMessageConverterMethodProcessor.java:297) ~[spring-webmvc-6.1.10.jar:6.1.10]
	at org.springframework.web.servlet.mvc.method.annotation.RequestResponseBodyMethodProcessor.handleReturnValue(RequestResponseBodyMethodProcessor.java:192) ~[spring-webmvc-6.1.10.jar:6.1.10]
	at org.springframework.web.method.support.HandlerMethodReturnValueHandlerComposite.handleReturnValue(HandlerMethodReturnValueHandlerComposite.java:78) ~[spring-web-6.1.10.jar:6.1.10]
	at org.springframework.web.servlet.mvc.method.annotation.ServletInvocableHandlerMethod.invokeAndHandle(ServletInvocableHandlerMethod.java:136) ~[spring-webmvc-6.1.10.jar:6.1.10]
	at org.springframework.web.servlet.mvc.method.annotation.RequestMappingHandlerAdapter.invokeHandlerMethod(RequestMappingHandlerAdapter.java:926) ~[spring-webmvc-6.1.10.jar:6.1.10]
	at org.springframework.web.servlet.mvc.method.annotation.RequestMappingHandlerAdapter.handleInternal(RequestMappingHandlerAdapter.java:831) ~[spring-webmvc-6.1.10.jar:6.1.10]
	at org.springframework.web.servlet.mvc.method.AbstractHandlerMethodAdapter.handle(AbstractHandlerMethodAdapter.java:87) ~[spring-webmvc-6.1.10.jar:6.1.10]
	at org.springframework.web.servlet.DispatcherServlet.doDispatch(DispatcherServlet.java:1089) ~[spring-webmvc-6.1.10.jar:6.1.10]
	at org.springframework.web.servlet.DispatcherServlet.doService(DispatcherServlet.java:979) ~[spring-webmvc-6.1.10.jar:6.1.10]
	at org.springframework.web.servlet.FrameworkServlet.processRequest(FrameworkServlet.java:1014) ~[spring-webmvc-6.1.10.jar:6.1.10]
	at org.springframework.web.servlet.FrameworkServlet.doPost(FrameworkServlet.java:914) ~[spring-webmvc-6.1.10.jar:6.1.10]
	at jakarta.servlet.http.HttpServlet.service(HttpServlet.java:547) ~[jakarta.servlet-api-6.0.0.jar:6.0.0]
	at org.springframework.web.servlet.FrameworkServlet.service(FrameworkServlet.java:885) ~[spring-webmvc-6.1.10.jar:6.1.10]
	at jakarta.servlet.http.HttpServlet.service(HttpServlet.java:614) ~[jakarta.servlet-api-6.0.0.jar:6.0.0]
	at io.undertow.servlet.handlers.ServletHandler.handleRequest(ServletHandler.java:74) ~[undertow-servlet-2.3.13.Final.jar:2.3.13.Final]
	at io.undertow.servlet.handlers.FilterHandler$FilterChainImpl.doFilter(FilterHandler.java:129) ~[undertow-servlet-2.3.13.Final.jar:2.3.13.Final]
	at org.springframework.web.filter.CorsFilter.doFilterInternal(CorsFilter.java:91) ~[spring-web-6.1.10.jar:6.1.10]
	at org.springframework.web.filter.OncePerRequestFilter.doFilter(OncePerRequestFilter.java:116) ~[spring-web-6.1.10.jar:6.1.10]
	at io.undertow.servlet.core.ManagedFilter.doFilter(ManagedFilter.java:67) ~[undertow-servlet-2.3.13.Final.jar:2.3.13.Final]
	at io.undertow.servlet.handlers.FilterHandler$FilterChainImpl.doFilter(FilterHandler.java:131) ~[undertow-servlet-2.3.13.Final.jar:2.3.13.Final]
	at org.springframework.web.filter.RequestContextFilter.doFilterInternal(RequestContextFilter.java:100) ~[spring-web-6.1.10.jar:6.1.10]
	at org.springframework.web.filter.OncePerRequestFilter.doFilter(OncePerRequestFilter.java:116) ~[spring-web-6.1.10.jar:6.1.10]
	at io.undertow.servlet.core.ManagedFilter.doFilter(ManagedFilter.java:67) ~[undertow-servlet-2.3.13.Final.jar:2.3.13.Final]
	at io.undertow.servlet.handlers.FilterHandler$FilterChainImpl.doFilter(FilterHandler.java:131) ~[undertow-servlet-2.3.13.Final.jar:2.3.13.Final]
	at org.springframework.web.filter.FormContentFilter.doFilterInternal(FormContentFilter.java:93) ~[spring-web-6.1.10.jar:6.1.10]
	at org.springframework.web.filter.OncePerRequestFilter.doFilter(OncePerRequestFilter.java:116) ~[spring-web-6.1.10.jar:6.1.10]
	at io.undertow.servlet.core.ManagedFilter.doFilter(ManagedFilter.java:67) ~[undertow-servlet-2.3.13.Final.jar:2.3.13.Final]
	at io.undertow.servlet.handlers.FilterHandler$FilterChainImpl.doFilter(FilterHandler.java:131) ~[undertow-servlet-2.3.13.Final.jar:2.3.13.Final]
	at org.springframework.web.filter.CharacterEncodingFilter.doFilterInternal(CharacterEncodingFilter.java:201) ~[spring-web-6.1.10.jar:6.1.10]
	at org.springframework.web.filter.OncePerRequestFilter.doFilter(OncePerRequestFilter.java:116) ~[spring-web-6.1.10.jar:6.1.10]
	at io.undertow.servlet.core.ManagedFilter.doFilter(ManagedFilter.java:67) ~[undertow-servlet-2.3.13.Final.jar:2.3.13.Final]
	at io.undertow.servlet.handlers.FilterHandler$FilterChainImpl.doFilter(FilterHandler.java:131) ~[undertow-servlet-2.3.13.Final.jar:2.3.13.Final]
	at io.undertow.servlet.handlers.FilterHandler.handleRequest(FilterHandler.java:84) ~[undertow-servlet-2.3.13.Final.jar:2.3.13.Final]
	at io.undertow.servlet.handlers.security.ServletSecurityRoleHandler.handleRequest(ServletSecurityRoleHandler.java:62) ~[undertow-servlet-2.3.13.Final.jar:2.3.13.Final]
	at io.undertow.servlet.handlers.ServletChain$1.handleRequest(ServletChain.java:68) ~[undertow-servlet-2.3.13.Final.jar:2.3.13.Final]
	at io.undertow.servlet.handlers.ServletDispatchingHandler.handleRequest(ServletDispatchingHandler.java:36) ~[undertow-servlet-2.3.13.Final.jar:2.3.13.Final]
	at io.undertow.servlet.handlers.RedirectDirHandler.handleRequest(RedirectDirHandler.java:68) ~[undertow-servlet-2.3.13.Final.jar:2.3.13.Final]
	at io.undertow.servlet.handlers.security.SSLInformationAssociationHandler.handleRequest(SSLInformationAssociationHandler.java:117) ~[undertow-servlet-2.3.13.Final.jar:2.3.13.Final]
	at io.undertow.servlet.handlers.security.ServletAuthenticationCallHandler.handleRequest(ServletAuthenticationCallHandler.java:57) ~[undertow-servlet-2.3.13.Final.jar:2.3.13.Final]
	at io.undertow.server.handlers.PredicateHandler.handleRequest(PredicateHandler.java:43) ~[undertow-core-2.3.13.Final.jar:2.3.13.Final]
	at io.undertow.security.handlers.AbstractConfidentialityHandler.handleRequest(AbstractConfidentialityHandler.java:46) ~[undertow-core-2.3.13.Final.jar:2.3.13.Final]
	at io.undertow.servlet.handlers.security.ServletConfidentialityConstraintHandler.handleRequest(ServletConfidentialityConstraintHandler.java:64) ~[undertow-servlet-2.3.13.Final.jar:2.3.13.Final]
	at io.undertow.security.handlers.AuthenticationMechanismsHandler.handleRequest(AuthenticationMechanismsHandler.java:60) ~[undertow-core-2.3.13.Final.jar:2.3.13.Final]
	at io.undertow.servlet.handlers.security.CachedAuthenticatedSessionHandler.handleRequest(CachedAuthenticatedSessionHandler.java:77) ~[undertow-servlet-2.3.13.Final.jar:2.3.13.Final]
	at io.undertow.security.handlers.AbstractSecurityContextAssociationHandler.handleRequest(AbstractSecurityContextAssociationHandler.java:43) ~[undertow-core-2.3.13.Final.jar:2.3.13.Final]
	at io.undertow.server.handlers.PredicateHandler.handleRequest(PredicateHandler.java:43) ~[undertow-core-2.3.13.Final.jar:2.3.13.Final]
	at io.undertow.servlet.handlers.SendErrorPageHandler.handleRequest(SendErrorPageHandler.java:52) ~[undertow-servlet-2.3.13.Final.jar:2.3.13.Final]
	at io.undertow.server.handlers.PredicateHandler.handleRequest(PredicateHandler.java:43) ~[undertow-core-2.3.13.Final.jar:2.3.13.Final]
	at io.undertow.servlet.handlers.ServletInitialHandler.handleFirstRequest(ServletInitialHandler.java:276) ~[undertow-servlet-2.3.13.Final.jar:2.3.13.Final]
	at io.undertow.servlet.handlers.ServletInitialHandler$2.call(ServletInitialHandler.java:135) ~[undertow-servlet-2.3.13.Final.jar:2.3.13.Final]
	at io.undertow.servlet.handlers.ServletInitialHandler$2.call(ServletInitialHandler.java:132) ~[undertow-servlet-2.3.13.Final.jar:2.3.13.Final]
	at io.undertow.servlet.core.ServletRequestContextThreadSetupAction$1.call(ServletRequestContextThreadSetupAction.java:48) ~[undertow-servlet-2.3.13.Final.jar:2.3.13.Final]
	at io.undertow.servlet.core.ContextClassLoaderSetupAction$1.call(ContextClassLoaderSetupAction.java:43) ~[undertow-servlet-2.3.13.Final.jar:2.3.13.Final]
	at io.undertow.servlet.handlers.ServletInitialHandler.dispatchRequest(ServletInitialHandler.java:256) ~[undertow-servlet-2.3.13.Final.jar:2.3.13.Final]
	at io.undertow.servlet.handlers.ServletInitialHandler$1.handleRequest(ServletInitialHandler.java:101) ~[undertow-servlet-2.3.13.Final.jar:2.3.13.Final]
	at io.undertow.server.Connectors.executeRootHandler(Connectors.java:393) ~[undertow-core-2.3.13.Final.jar:2.3.13.Final]
	at io.undertow.server.HttpServerExchange$1.run(HttpServerExchange.java:859) ~[undertow-core-2.3.13.Final.jar:2.3.13.Final]
	at org.jboss.threads.ContextHandler$1.runWith(ContextHandler.java:18) ~[jboss-threads-3.5.0.Final.jar:3.5.0.Final]
	at org.jboss.threads.EnhancedQueueExecutor$Task.run(EnhancedQueueExecutor.java:2513) ~[jboss-threads-3.5.0.Final.jar:3.5.0.Final]
	at org.jboss.threads.EnhancedQueueExecutor$ThreadBody.run(EnhancedQueueExecutor.java:1538) ~[jboss-threads-3.5.0.Final.jar:3.5.0.Final]
	at org.xnio.XnioWorker$WorkerThreadFactory$1$1.run(XnioWorker.java:1282) ~[xnio-api-3.8.8.Final.jar:3.8.8.Final]
	at java.base/java.lang.Thread.run(Thread.java:1583) [?:?]
	Suppressed: org.springframework.web.context.request.async.AsyncRequestNotUsableException: Response not usable after response errors.
		at org.springframework.web.context.request.async.StandardServletAsyncWebRequest$LifecycleHttpServletResponse.obtainLockAndCheckState(StandardServletAsyncWebRequest.java:314) ~[spring-web-6.1.10.jar:6.1.10]
		at org.springframework.web.context.request.async.StandardServletAsyncWebRequest$LifecycleServletOutputStream.write(StandardServletAsyncWebRequest.java:373) ~[spring-web-6.1.10.jar:6.1.10]
		at org.springframework.util.StreamUtils$NonClosingOutputStream.write(StreamUtils.java:261) ~[spring-core-6.1.10.jar:6.1.10]
		at com.fasterxml.jackson.core.json.UTF8JsonGenerator._flushBuffer(UTF8JsonGenerator.java:2210) ~[jackson-core-2.17.1.jar:2.17.1]
		at com.fasterxml.jackson.core.json.UTF8JsonGenerator.close(UTF8JsonGenerator.java:1234) ~[jackson-core-2.17.1.jar:2.17.1]
		at org.springframework.http.converter.json.AbstractJackson2HttpMessageConverter.writeInternal(AbstractJackson2HttpMessageConverter.java:452) ~[spring-web-6.1.10.jar:6.1.10]
		at org.springframework.http.converter.AbstractGenericHttpMessageConverter.write(AbstractGenericHttpMessageConverter.java:114) ~[spring-web-6.1.10.jar:6.1.10]
		at org.springframework.web.servlet.mvc.method.annotation.AbstractMessageConverterMethodProcessor.writeWithMessageConverters(AbstractMessageConverterMethodProcessor.java:297) ~[spring-webmvc-6.1.10.jar:6.1.10]
		at org.springframework.web.servlet.mvc.method.annotation.RequestResponseBodyMethodProcessor.handleReturnValue(RequestResponseBodyMethodProcessor.java:192) ~[spring-webmvc-6.1.10.jar:6.1.10]
		at org.springframework.web.method.support.HandlerMethodReturnValueHandlerComposite.handleReturnValue(HandlerMethodReturnValueHandlerComposite.java:78) ~[spring-web-6.1.10.jar:6.1.10]
		at org.springframework.web.servlet.mvc.method.annotation.ServletInvocableHandlerMethod.invokeAndHandle(ServletInvocableHandlerMethod.java:136) ~[spring-webmvc-6.1.10.jar:6.1.10]
		at org.springframework.web.servlet.mvc.method.annotation.RequestMappingHandlerAdapter.invokeHandlerMethod(RequestMappingHandlerAdapter.java:926) ~[spring-webmvc-6.1.10.jar:6.1.10]
		at org.springframework.web.servlet.mvc.method.annotation.RequestMappingHandlerAdapter.handleInternal(RequestMappingHandlerAdapter.java:831) ~[spring-webmvc-6.1.10.jar:6.1.10]
		at org.springframework.web.servlet.mvc.method.AbstractHandlerMethodAdapter.handle(AbstractHandlerMethodAdapter.java:87) ~[spring-webmvc-6.1.10.jar:6.1.10]
		at org.springframework.web.servlet.DispatcherServlet.doDispatch(DispatcherServlet.java:1089) ~[spring-webmvc-6.1.10.jar:6.1.10]
		at org.springframework.web.servlet.DispatcherServlet.doService(DispatcherServlet.java:979) ~[spring-webmvc-6.1.10.jar:6.1.10]
		at org.springframework.web.servlet.FrameworkServlet.processRequest(FrameworkServlet.java:1014) ~[spring-webmvc-6.1.10.jar:6.1.10]
		at org.springframework.web.servlet.FrameworkServlet.doPost(FrameworkServlet.java:914) ~[spring-webmvc-6.1.10.jar:6.1.10]
		at jakarta.servlet.http.HttpServlet.service(HttpServlet.java:547) ~[jakarta.servlet-api-6.0.0.jar:6.0.0]
		at org.springframework.web.servlet.FrameworkServlet.service(FrameworkServlet.java:885) ~[spring-webmvc-6.1.10.jar:6.1.10]
		at jakarta.servlet.http.HttpServlet.service(HttpServlet.java:614) ~[jakarta.servlet-api-6.0.0.jar:6.0.0]
		at io.undertow.servlet.handlers.ServletHandler.handleRequest(ServletHandler.java:74) ~[undertow-servlet-2.3.13.Final.jar:2.3.13.Final]
		at io.undertow.servlet.handlers.FilterHandler$FilterChainImpl.doFilter(FilterHandler.java:129) ~[undertow-servlet-2.3.13.Final.jar:2.3.13.Final]
		at org.springframework.web.filter.CorsFilter.doFilterInternal(CorsFilter.java:91) ~[spring-web-6.1.10.jar:6.1.10]
		at org.springframework.web.filter.OncePerRequestFilter.doFilter(OncePerRequestFilter.java:116) ~[spring-web-6.1.10.jar:6.1.10]
		at io.undertow.servlet.core.ManagedFilter.doFilter(ManagedFilter.java:67) ~[undertow-servlet-2.3.13.Final.jar:2.3.13.Final]
		at io.undertow.servlet.handlers.FilterHandler$FilterChainImpl.doFilter(FilterHandler.java:131) ~[undertow-servlet-2.3.13.Final.jar:2.3.13.Final]
		at org.springframework.web.filter.RequestContextFilter.doFilterInternal(RequestContextFilter.java:100) ~[spring-web-6.1.10.jar:6.1.10]
		at org.springframework.web.filter.OncePerRequestFilter.doFilter(OncePerRequestFilter.java:116) ~[spring-web-6.1.10.jar:6.1.10]
		at io.undertow.servlet.core.ManagedFilter.doFilter(ManagedFilter.java:67) ~[undertow-servlet-2.3.13.Final.jar:2.3.13.Final]
		at io.undertow.servlet.handlers.FilterHandler$FilterChainImpl.doFilter(FilterHandler.java:131) ~[undertow-servlet-2.3.13.Final.jar:2.3.13.Final]
		at org.springframework.web.filter.FormContentFilter.doFilterInternal(FormContentFilter.java:93) ~[spring-web-6.1.10.jar:6.1.10]
		at org.springframework.web.filter.OncePerRequestFilter.doFilter(OncePerRequestFilter.java:116) ~[spring-web-6.1.10.jar:6.1.10]
		at io.undertow.servlet.core.ManagedFilter.doFilter(ManagedFilter.java:67) ~[undertow-servlet-2.3.13.Final.jar:2.3.13.Final]
		at io.undertow.servlet.handlers.FilterHandler$FilterChainImpl.doFilter(FilterHandler.java:131) ~[undertow-servlet-2.3.13.Final.jar:2.3.13.Final]
		at org.springframework.web.filter.CharacterEncodingFilter.doFilterInternal(CharacterEncodingFilter.java:201) ~[spring-web-6.1.10.jar:6.1.10]
		at org.springframework.web.filter.OncePerRequestFilter.doFilter(OncePerRequestFilter.java:116) ~[spring-web-6.1.10.jar:6.1.10]
		at io.undertow.servlet.core.ManagedFilter.doFilter(ManagedFilter.java:67) ~[undertow-servlet-2.3.13.Final.jar:2.3.13.Final]
		at io.undertow.servlet.handlers.FilterHandler$FilterChainImpl.doFilter(FilterHandler.java:131) ~[undertow-servlet-2.3.13.Final.jar:2.3.13.Final]
		at io.undertow.servlet.handlers.FilterHandler.handleRequest(FilterHandler.java:84) ~[undertow-servlet-2.3.13.Final.jar:2.3.13.Final]
		at io.undertow.servlet.handlers.security.ServletSecurityRoleHandler.handleRequest(ServletSecurityRoleHandler.java:62) ~[undertow-servlet-2.3.13.Final.jar:2.3.13.Final]
		at io.undertow.servlet.handlers.ServletChain$1.handleRequest(ServletChain.java:68) ~[undertow-servlet-2.3.13.Final.jar:2.3.13.Final]
		at io.undertow.servlet.handlers.ServletDispatchingHandler.handleRequest(ServletDispatchingHandler.java:36) ~[undertow-servlet-2.3.13.Final.jar:2.3.13.Final]
		at io.undertow.servlet.handlers.RedirectDirHandler.handleRequest(RedirectDirHandler.java:68) ~[undertow-servlet-2.3.13.Final.jar:2.3.13.Final]
		at io.undertow.servlet.handlers.security.SSLInformationAssociationHandler.handleRequest(SSLInformationAssociationHandler.java:117) ~[undertow-servlet-2.3.13.Final.jar:2.3.13.Final]
		at io.undertow.servlet.handlers.security.ServletAuthenticationCallHandler.handleRequest(ServletAuthenticationCallHandler.java:57) ~[undertow-servlet-2.3.13.Final.jar:2.3.13.Final]
		at io.undertow.server.handlers.PredicateHandler.handleRequest(PredicateHandler.java:43) ~[undertow-core-2.3.13.Final.jar:2.3.13.Final]
		at io.undertow.security.handlers.AbstractConfidentialityHandler.handleRequest(AbstractConfidentialityHandler.java:46) ~[undertow-core-2.3.13.Final.jar:2.3.13.Final]
		at io.undertow.servlet.handlers.security.ServletConfidentialityConstraintHandler.handleRequest(ServletConfidentialityConstraintHandler.java:64) ~[undertow-servlet-2.3.13.Final.jar:2.3.13.Final]
		at io.undertow.security.handlers.AuthenticationMechanismsHandler.handleRequest(AuthenticationMechanismsHandler.java:60) ~[undertow-core-2.3.13.Final.jar:2.3.13.Final]
		at io.undertow.servlet.handlers.security.CachedAuthenticatedSessionHandler.handleRequest(CachedAuthenticatedSessionHandler.java:77) ~[undertow-servlet-2.3.13.Final.jar:2.3.13.Final]
		at io.undertow.security.handlers.AbstractSecurityContextAssociationHandler.handleRequest(AbstractSecurityContextAssociationHandler.java:43) ~[undertow-core-2.3.13.Final.jar:2.3.13.Final]
		at io.undertow.server.handlers.PredicateHandler.handleRequest(PredicateHandler.java:43) ~[undertow-core-2.3.13.Final.jar:2.3.13.Final]
		at io.undertow.servlet.handlers.SendErrorPageHandler.handleRequest(SendErrorPageHandler.java:52) ~[undertow-servlet-2.3.13.Final.jar:2.3.13.Final]
		at io.undertow.server.handlers.PredicateHandler.handleRequest(PredicateHandler.java:43) ~[undertow-core-2.3.13.Final.jar:2.3.13.Final]
		at io.undertow.servlet.handlers.ServletInitialHandler.handleFirstRequest(ServletInitialHandler.java:276) ~[undertow-servlet-2.3.13.Final.jar:2.3.13.Final]
		at io.undertow.servlet.handlers.ServletInitialHandler$2.call(ServletInitialHandler.java:135) ~[undertow-servlet-2.3.13.Final.jar:2.3.13.Final]
		at io.undertow.servlet.handlers.ServletInitialHandler$2.call(ServletInitialHandler.java:132) ~[undertow-servlet-2.3.13.Final.jar:2.3.13.Final]
		at io.undertow.servlet.core.ServletRequestContextThreadSetupAction$1.call(ServletRequestContextThreadSetupAction.java:48) ~[undertow-servlet-2.3.13.Final.jar:2.3.13.Final]
		at io.undertow.servlet.core.ContextClassLoaderSetupAction$1.call(ContextClassLoaderSetupAction.java:43) ~[undertow-servlet-2.3.13.Final.jar:2.3.13.Final]
		at io.undertow.servlet.handlers.ServletInitialHandler.dispatchRequest(ServletInitialHandler.java:256) ~[undertow-servlet-2.3.13.Final.jar:2.3.13.Final]
		at io.undertow.servlet.handlers.ServletInitialHandler$1.handleRequest(ServletInitialHandler.java:101) ~[undertow-servlet-2.3.13.Final.jar:2.3.13.Final]
		at io.undertow.server.Connectors.executeRootHandler(Connectors.java:393) ~[undertow-core-2.3.13.Final.jar:2.3.13.Final]
		at io.undertow.server.HttpServerExchange$1.run(HttpServerExchange.java:859) ~[undertow-core-2.3.13.Final.jar:2.3.13.Final]
		at org.jboss.threads.ContextHandler$1.runWith(ContextHandler.java:18) ~[jboss-threads-3.5.0.Final.jar:3.5.0.Final]
		at org.jboss.threads.EnhancedQueueExecutor$Task.run(EnhancedQueueExecutor.java:2513) ~[jboss-threads-3.5.0.Final.jar:3.5.0.Final]
		at org.jboss.threads.EnhancedQueueExecutor$ThreadBody.run(EnhancedQueueExecutor.java:1538) ~[jboss-threads-3.5.0.Final.jar:3.5.0.Final]
		at org.xnio.XnioWorker$WorkerThreadFactory$1$1.run(XnioWorker.java:1282) ~[xnio-api-3.8.8.Final.jar:3.8.8.Final]
		at java.base/java.lang.Thread.run(Thread.java:1583) [?:?]
Caused by: java.io.IOException: Broken pipe
	at java.base/sun.nio.ch.SocketDispatcher.write0(Native Method) ~[?:?]
	at java.base/sun.nio.ch.SocketDispatcher.write(SocketDispatcher.java:62) ~[?:?]
	at java.base/sun.nio.ch.IOUtil.writeFromNativeBuffer(IOUtil.java:137) ~[?:?]
	at java.base/sun.nio.ch.IOUtil.write(IOUtil.java:81) ~[?:?]
	at java.base/sun.nio.ch.IOUtil.write(IOUtil.java:58) ~[?:?]
	at java.base/sun.nio.ch.SocketChannelImpl.write(SocketChannelImpl.java:542) ~[?:?]
	at org.xnio.nio.NioSocketConduit.write(NioSocketConduit.java:153) ~[xnio-nio-3.8.8.Final.jar:3.8.8.Final]
	at io.undertow.server.protocol.http.HttpResponseConduit.write(HttpResponseConduit.java:629) ~[undertow-core-2.3.13.Final.jar:2.3.13.Final]
	at org.xnio.conduits.AbstractStreamSinkConduit.write(AbstractStreamSinkConduit.java:51) ~[xnio-api-3.8.8.Final.jar:3.8.8.Final]
	at io.undertow.conduits.DeflatingStreamSinkConduit.performFlushIfRequiredSingleBuffer(DeflatingStreamSinkConduit.java:445) ~[undertow-core-2.3.13.Final.jar:2.3.13.Final]
	at io.undertow.conduits.DeflatingStreamSinkConduit.performFlushIfRequired(DeflatingStreamSinkConduit.java:432) ~[undertow-core-2.3.13.Final.jar:2.3.13.Final]
	at io.undertow.conduits.DeflatingStreamSinkConduit.deflateData(DeflatingStreamSinkConduit.java:522) ~[undertow-core-2.3.13.Final.jar:2.3.13.Final]
	at io.undertow.conduits.DeflatingStreamSinkConduit.write(DeflatingStreamSinkConduit.java:130) ~[undertow-core-2.3.13.Final.jar:2.3.13.Final]
	at io.undertow.conduits.DeflatingStreamSinkConduit.write(DeflatingStreamSinkConduit.java:165) ~[undertow-core-2.3.13.Final.jar:2.3.13.Final]
	at org.xnio.conduits.ConduitStreamSinkChannel.write(ConduitStreamSinkChannel.java:158) ~[xnio-api-3.8.8.Final.jar:3.8.8.Final]
	at io.undertow.channels.DetachableStreamSinkChannel.write(DetachableStreamSinkChannel.java:179) ~[undertow-core-2.3.13.Final.jar:2.3.13.Final]
	at io.undertow.server.HttpServerExchange$WriteDispatchChannel.write(HttpServerExchange.java:2172) ~[undertow-core-2.3.13.Final.jar:2.3.13.Final]
	at org.xnio.channels.Channels.writeBlocking(Channels.java:202) ~[xnio-api-3.8.8.Final.jar:3.8.8.Final]
	at io.undertow.servlet.spec.ServletOutputStreamImpl.writeTooLargeForBuffer(ServletOutputStreamImpl.java:201) ~[undertow-servlet-2.3.13.Final.jar:2.3.13.Final]
	at io.undertow.servlet.spec.ServletOutputStreamImpl.write(ServletOutputStreamImpl.java:149) ~[undertow-servlet-2.3.13.Final.jar:2.3.13.Final]
	at org.springframework.web.context.request.async.StandardServletAsyncWebRequest$LifecycleServletOutputStream.write(StandardServletAsyncWebRequest.java:375) ~[spring-web-6.1.10.jar:6.1.10]
	... 83 more
[2026-05-21 14:08:05.360] ERROR XNIO-1 task-7 com.jts.gjcxfzksh.exception.handler.GlobalExceptionHandler[63] - 请求地址'/pt/network/tile',发生系统异常. 
org.springframework.web.context.request.async.AsyncRequestNotUsableException: ServletOutputStream failed to write: Broken pipe
	at org.springframework.web.context.request.async.StandardServletAsyncWebRequest$LifecycleHttpServletResponse.handleIOException(StandardServletAsyncWebRequest.java:320) ~[spring-web-6.1.10.jar:6.1.10]
	at org.springframework.web.context.request.async.StandardServletAsyncWebRequest$LifecycleServletOutputStream.write(StandardServletAsyncWebRequest.java:378) ~[spring-web-6.1.10.jar:6.1.10]
	at org.springframework.util.StreamUtils$NonClosingOutputStream.write(StreamUtils.java:261) ~[spring-core-6.1.10.jar:6.1.10]
	at com.fasterxml.jackson.core.json.UTF8JsonGenerator._flushBuffer(UTF8JsonGenerator.java:2210) ~[jackson-core-2.17.1.jar:2.17.1]
	at com.fasterxml.jackson.core.json.UTF8JsonGenerator.writeRaw(UTF8JsonGenerator.java:764) ~[jackson-core-2.17.1.jar:2.17.1]
	at com.fasterxml.jackson.core.json.UTF8JsonGenerator.writeRaw(UTF8JsonGenerator.java:674) ~[jackson-core-2.17.1.jar:2.17.1]
	at com.fasterxml.jackson.core.json.UTF8JsonGenerator.writeNumber(UTF8JsonGenerator.java:1065) ~[jackson-core-2.17.1.jar:2.17.1]
	at com.fasterxml.jackson.databind.ser.std.NumberSerializers$FloatSerializer.serialize(NumberSerializers.java:214) ~[jackson-databind-2.17.1.jar:2.17.1]
	at com.fasterxml.jackson.databind.ser.BeanPropertyWriter.serializeAsField(BeanPropertyWriter.java:732) ~[jackson-databind-2.17.1.jar:2.17.1]
	at com.fasterxml.jackson.databind.ser.std.BeanSerializerBase.serializeFields(BeanSerializerBase.java:770) ~[jackson-databind-2.17.1.jar:2.17.1]
	at com.fasterxml.jackson.databind.ser.BeanSerializer.serialize(BeanSerializer.java:183) ~[jackson-databind-2.17.1.jar:2.17.1]
	at com.fasterxml.jackson.databind.ser.BeanPropertyWriter.serializeAsField(BeanPropertyWriter.java:732) ~[jackson-databind-2.17.1.jar:2.17.1]
	at com.fasterxml.jackson.databind.ser.std.BeanSerializerBase.serializeFields(BeanSerializerBase.java:770) ~[jackson-databind-2.17.1.jar:2.17.1]
	at com.fasterxml.jackson.databind.ser.BeanSerializer.serialize(BeanSerializer.java:183) ~[jackson-databind-2.17.1.jar:2.17.1]
	at com.fasterxml.jackson.databind.ser.impl.IndexedListSerializer.serializeContents(IndexedListSerializer.java:119) ~[jackson-databind-2.17.1.jar:2.17.1]
	at com.fasterxml.jackson.databind.ser.impl.IndexedListSerializer.serialize(IndexedListSerializer.java:79) ~[jackson-databind-2.17.1.jar:2.17.1]
	at com.fasterxml.jackson.databind.ser.impl.IndexedListSerializer.serialize(IndexedListSerializer.java:18) ~[jackson-databind-2.17.1.jar:2.17.1]
	at com.fasterxml.jackson.databind.ser.BeanPropertyWriter.serializeAsField(BeanPropertyWriter.java:732) ~[jackson-databind-2.17.1.jar:2.17.1]
	at com.fasterxml.jackson.databind.ser.std.BeanSerializerBase.serializeFields(BeanSerializerBase.java:770) ~[jackson-databind-2.17.1.jar:2.17.1]
	at com.fasterxml.jackson.databind.ser.BeanSerializer.serialize(BeanSerializer.java:183) ~[jackson-databind-2.17.1.jar:2.17.1]
	at com.fasterxml.jackson.databind.ser.DefaultSerializerProvider._serialize(DefaultSerializerProvider.java:502) ~[jackson-databind-2.17.1.jar:2.17.1]
	at com.fasterxml.jackson.databind.ser.DefaultSerializerProvider.serializeValue(DefaultSerializerProvider.java:341) ~[jackson-databind-2.17.1.jar:2.17.1]
	at com.fasterxml.jackson.databind.ObjectWriter$Prefetch.serialize(ObjectWriter.java:1574) ~[jackson-databind-2.17.1.jar:2.17.1]
	at com.fasterxml.jackson.databind.ObjectWriter.writeValue(ObjectWriter.java:1061) ~[jackson-databind-2.17.1.jar:2.17.1]
	at org.springframework.http.converter.json.AbstractJackson2HttpMessageConverter.writeInternal(AbstractJackson2HttpMessageConverter.java:483) ~[spring-web-6.1.10.jar:6.1.10]
	at org.springframework.http.converter.AbstractGenericHttpMessageConverter.write(AbstractGenericHttpMessageConverter.java:114) ~[spring-web-6.1.10.jar:6.1.10]
	at org.springframework.web.servlet.mvc.method.annotation.AbstractMessageConverterMethodProcessor.writeWithMessageConverters(AbstractMessageConverterMethodProcessor.java:297) ~[spring-webmvc-6.1.10.jar:6.1.10]
	at org.springframework.web.servlet.mvc.method.annotation.RequestResponseBodyMethodProcessor.handleReturnValue(RequestResponseBodyMethodProcessor.java:192) ~[spring-webmvc-6.1.10.jar:6.1.10]
	at org.springframework.web.method.support.HandlerMethodReturnValueHandlerComposite.handleReturnValue(HandlerMethodReturnValueHandlerComposite.java:78) ~[spring-web-6.1.10.jar:6.1.10]
	at org.springframework.web.servlet.mvc.method.annotation.ServletInvocableHandlerMethod.invokeAndHandle(ServletInvocableHandlerMethod.java:136) ~[spring-webmvc-6.1.10.jar:6.1.10]
	at org.springframework.web.servlet.mvc.method.annotation.RequestMappingHandlerAdapter.invokeHandlerMethod(RequestMappingHandlerAdapter.java:926) ~[spring-webmvc-6.1.10.jar:6.1.10]
	at org.springframework.web.servlet.mvc.method.annotation.RequestMappingHandlerAdapter.handleInternal(RequestMappingHandlerAdapter.java:831) ~[spring-webmvc-6.1.10.jar:6.1.10]
	at org.springframework.web.servlet.mvc.method.AbstractHandlerMethodAdapter.handle(AbstractHandlerMethodAdapter.java:87) ~[spring-webmvc-6.1.10.jar:6.1.10]
	at org.springframework.web.servlet.DispatcherServlet.doDispatch(DispatcherServlet.java:1089) ~[spring-webmvc-6.1.10.jar:6.1.10]
	at org.springframework.web.servlet.DispatcherServlet.doService(DispatcherServlet.java:979) ~[spring-webmvc-6.1.10.jar:6.1.10]
	at org.springframework.web.servlet.FrameworkServlet.processRequest(FrameworkServlet.java:1014) ~[spring-webmvc-6.1.10.jar:6.1.10]
	at org.springframework.web.servlet.FrameworkServlet.doPost(FrameworkServlet.java:914) ~[spring-webmvc-6.1.10.jar:6.1.10]
	at jakarta.servlet.http.HttpServlet.service(HttpServlet.java:547) ~[jakarta.servlet-api-6.0.0.jar:6.0.0]
	at org.springframework.web.servlet.FrameworkServlet.service(FrameworkServlet.java:885) ~[spring-webmvc-6.1.10.jar:6.1.10]
	at jakarta.servlet.http.HttpServlet.service(HttpServlet.java:614) ~[jakarta.servlet-api-6.0.0.jar:6.0.0]
	at io.undertow.servlet.handlers.ServletHandler.handleRequest(ServletHandler.java:74) ~[undertow-servlet-2.3.13.Final.jar:2.3.13.Final]
	at io.undertow.servlet.handlers.FilterHandler$FilterChainImpl.doFilter(FilterHandler.java:129) ~[undertow-servlet-2.3.13.Final.jar:2.3.13.Final]
	at org.springframework.web.filter.CorsFilter.doFilterInternal(CorsFilter.java:91) ~[spring-web-6.1.10.jar:6.1.10]
	at org.springframework.web.filter.OncePerRequestFilter.doFilter(OncePerRequestFilter.java:116) ~[spring-web-6.1.10.jar:6.1.10]
	at io.undertow.servlet.core.ManagedFilter.doFilter(ManagedFilter.java:67) ~[undertow-servlet-2.3.13.Final.jar:2.3.13.Final]
	at io.undertow.servlet.handlers.FilterHandler$FilterChainImpl.doFilter(FilterHandler.java:131) ~[undertow-servlet-2.3.13.Final.jar:2.3.13.Final]
	at org.springframework.web.filter.RequestContextFilter.doFilterInternal(RequestContextFilter.java:100) ~[spring-web-6.1.10.jar:6.1.10]
	at org.springframework.web.filter.OncePerRequestFilter.doFilter(OncePerRequestFilter.java:116) ~[spring-web-6.1.10.jar:6.1.10]
	at io.undertow.servlet.core.ManagedFilter.doFilter(ManagedFilter.java:67) ~[undertow-servlet-2.3.13.Final.jar:2.3.13.Final]
	at io.undertow.servlet.handlers.FilterHandler$FilterChainImpl.doFilter(FilterHandler.java:131) ~[undertow-servlet-2.3.13.Final.jar:2.3.13.Final]
	at org.springframework.web.filter.FormContentFilter.doFilterInternal(FormContentFilter.java:93) ~[spring-web-6.1.10.jar:6.1.10]
	at org.springframework.web.filter.OncePerRequestFilter.doFilter(OncePerRequestFilter.java:116) ~[spring-web-6.1.10.jar:6.1.10]
	at io.undertow.servlet.core.ManagedFilter.doFilter(ManagedFilter.java:67) ~[undertow-servlet-2.3.13.Final.jar:2.3.13.Final]
	at io.undertow.servlet.handlers.FilterHandler$FilterChainImpl.doFilter(FilterHandler.java:131) ~[undertow-servlet-2.3.13.Final.jar:2.3.13.Final]
	at org.springframework.web.filter.CharacterEncodingFilter.doFilterInternal(CharacterEncodingFilter.java:201) ~[spring-web-6.1.10.jar:6.1.10]
	at org.springframework.web.filter.OncePerRequestFilter.doFilter(OncePerRequestFilter.java:116) ~[spring-web-6.1.10.jar:6.1.10]
	at io.undertow.servlet.core.ManagedFilter.doFilter(ManagedFilter.java:67) ~[undertow-servlet-2.3.13.Final.jar:2.3.13.Final]
	at io.undertow.servlet.handlers.FilterHandler$FilterChainImpl.doFilter(FilterHandler.java:131) ~[undertow-servlet-2.3.13.Final.jar:2.3.13.Final]
	at io.undertow.servlet.handlers.FilterHandler.handleRequest(FilterHandler.java:84) ~[undertow-servlet-2.3.13.Final.jar:2.3.13.Final]
	at io.undertow.servlet.handlers.security.ServletSecurityRoleHandler.handleRequest(ServletSecurityRoleHandler.java:62) ~[undertow-servlet-2.3.13.Final.jar:2.3.13.Final]
	at io.undertow.servlet.handlers.ServletChain$1.handleRequest(ServletChain.java:68) ~[undertow-servlet-2.3.13.Final.jar:2.3.13.Final]
	at io.undertow.servlet.handlers.ServletDispatchingHandler.handleRequest(ServletDispatchingHandler.java:36) ~[undertow-servlet-2.3.13.Final.jar:2.3.13.Final]
	at io.undertow.servlet.handlers.RedirectDirHandler.handleRequest(RedirectDirHandler.java:68) ~[undertow-servlet-2.3.13.Final.jar:2.3.13.Final]
	at io.undertow.servlet.handlers.security.SSLInformationAssociationHandler.handleRequest(SSLInformationAssociationHandler.java:117) ~[undertow-servlet-2.3.13.Final.jar:2.3.13.Final]
	at io.undertow.servlet.handlers.security.ServletAuthenticationCallHandler.handleRequest(ServletAuthenticationCallHandler.java:57) ~[undertow-servlet-2.3.13.Final.jar:2.3.13.Final]
	at io.undertow.server.handlers.PredicateHandler.handleRequest(PredicateHandler.java:43) ~[undertow-core-2.3.13.Final.jar:2.3.13.Final]
	at io.undertow.security.handlers.AbstractConfidentialityHandler.handleRequest(AbstractConfidentialityHandler.java:46) ~[undertow-core-2.3.13.Final.jar:2.3.13.Final]
	at io.undertow.servlet.handlers.security.ServletConfidentialityConstraintHandler.handleRequest(ServletConfidentialityConstraintHandler.java:64) ~[undertow-servlet-2.3.13.Final.jar:2.3.13.Final]
	at io.undertow.security.handlers.AuthenticationMechanismsHandler.handleRequest(AuthenticationMechanismsHandler.java:60) ~[undertow-core-2.3.13.Final.jar:2.3.13.Final]
	at io.undertow.servlet.handlers.security.CachedAuthenticatedSessionHandler.handleRequest(CachedAuthenticatedSessionHandler.java:77) ~[undertow-servlet-2.3.13.Final.jar:2.3.13.Final]
	at io.undertow.security.handlers.AbstractSecurityContextAssociationHandler.handleRequest(AbstractSecurityContextAssociationHandler.java:43) ~[undertow-core-2.3.13.Final.jar:2.3.13.Final]
	at io.undertow.server.handlers.PredicateHandler.handleRequest(PredicateHandler.java:43) ~[undertow-core-2.3.13.Final.jar:2.3.13.Final]
	at io.undertow.servlet.handlers.SendErrorPageHandler.handleRequest(SendErrorPageHandler.java:52) ~[undertow-servlet-2.3.13.Final.jar:2.3.13.Final]
	at io.undertow.server.handlers.PredicateHandler.handleRequest(PredicateHandler.java:43) ~[undertow-core-2.3.13.Final.jar:2.3.13.Final]
	at io.undertow.servlet.handlers.ServletInitialHandler.handleFirstRequest(ServletInitialHandler.java:276) ~[undertow-servlet-2.3.13.Final.jar:2.3.13.Final]
	at io.undertow.servlet.handlers.ServletInitialHandler$2.call(ServletInitialHandler.java:135) ~[undertow-servlet-2.3.13.Final.jar:2.3.13.Final]
	at io.undertow.servlet.handlers.ServletInitialHandler$2.call(ServletInitialHandler.java:132) ~[undertow-servlet-2.3.13.Final.jar:2.3.13.Final]
	at io.undertow.servlet.core.ServletRequestContextThreadSetupAction$1.call(ServletRequestContextThreadSetupAction.java:48) ~[undertow-servlet-2.3.13.Final.jar:2.3.13.Final]
	at io.undertow.servlet.core.ContextClassLoaderSetupAction$1.call(ContextClassLoaderSetupAction.java:43) ~[undertow-servlet-2.3.13.Final.jar:2.3.13.Final]
	at io.undertow.servlet.handlers.ServletInitialHandler.dispatchRequest(ServletInitialHandler.java:256) ~[undertow-servlet-2.3.13.Final.jar:2.3.13.Final]
	at io.undertow.servlet.handlers.ServletInitialHandler$1.handleRequest(ServletInitialHandler.java:101) ~[undertow-servlet-2.3.13.Final.jar:2.3.13.Final]
	at io.undertow.server.Connectors.executeRootHandler(Connectors.java:393) ~[undertow-core-2.3.13.Final.jar:2.3.13.Final]
	at io.undertow.server.HttpServerExchange$1.run(HttpServerExchange.java:859) ~[undertow-core-2.3.13.Final.jar:2.3.13.Final]
	at org.jboss.threads.ContextHandler$1.runWith(ContextHandler.java:18) ~[jboss-threads-3.5.0.Final.jar:3.5.0.Final]
	at org.jboss.threads.EnhancedQueueExecutor$Task.run(EnhancedQueueExecutor.java:2513) ~[jboss-threads-3.5.0.Final.jar:3.5.0.Final]
	at org.jboss.threads.EnhancedQueueExecutor$ThreadBody.run(EnhancedQueueExecutor.java:1538) ~[jboss-threads-3.5.0.Final.jar:3.5.0.Final]
	at org.xnio.XnioWorker$WorkerThreadFactory$1$1.run(XnioWorker.java:1282) ~[xnio-api-3.8.8.Final.jar:3.8.8.Final]
	at java.base/java.lang.Thread.run(Thread.java:1583) [?:?]
	Suppressed: org.springframework.web.context.request.async.AsyncRequestNotUsableException: Response not usable after response errors.
		at org.springframework.web.context.request.async.StandardServletAsyncWebRequest$LifecycleHttpServletResponse.obtainLockAndCheckState(StandardServletAsyncWebRequest.java:314) ~[spring-web-6.1.10.jar:6.1.10]
		at org.springframework.web.context.request.async.StandardServletAsyncWebRequest$LifecycleServletOutputStream.write(StandardServletAsyncWebRequest.java:373) ~[spring-web-6.1.10.jar:6.1.10]
		at org.springframework.util.StreamUtils$NonClosingOutputStream.write(StreamUtils.java:261) ~[spring-core-6.1.10.jar:6.1.10]
		at com.fasterxml.jackson.core.json.UTF8JsonGenerator._flushBuffer(UTF8JsonGenerator.java:2210) ~[jackson-core-2.17.1.jar:2.17.1]
		at com.fasterxml.jackson.core.json.UTF8JsonGenerator.close(UTF8JsonGenerator.java:1234) ~[jackson-core-2.17.1.jar:2.17.1]
		at org.springframework.http.converter.json.AbstractJackson2HttpMessageConverter.writeInternal(AbstractJackson2HttpMessageConverter.java:452) ~[spring-web-6.1.10.jar:6.1.10]
		at org.springframework.http.converter.AbstractGenericHttpMessageConverter.write(AbstractGenericHttpMessageConverter.java:114) ~[spring-web-6.1.10.jar:6.1.10]
		at org.springframework.web.servlet.mvc.method.annotation.AbstractMessageConverterMethodProcessor.writeWithMessageConverters(AbstractMessageConverterMethodProcessor.java:297) ~[spring-webmvc-6.1.10.jar:6.1.10]
		at org.springframework.web.servlet.mvc.method.annotation.RequestResponseBodyMethodProcessor.handleReturnValue(RequestResponseBodyMethodProcessor.java:192) ~[spring-webmvc-6.1.10.jar:6.1.10]
		at org.springframework.web.method.support.HandlerMethodReturnValueHandlerComposite.handleReturnValue(HandlerMethodReturnValueHandlerComposite.java:78) ~[spring-web-6.1.10.jar:6.1.10]
		at org.springframework.web.servlet.mvc.method.annotation.ServletInvocableHandlerMethod.invokeAndHandle(ServletInvocableHandlerMethod.java:136) ~[spring-webmvc-6.1.10.jar:6.1.10]
		at org.springframework.web.servlet.mvc.method.annotation.RequestMappingHandlerAdapter.invokeHandlerMethod(RequestMappingHandlerAdapter.java:926) ~[spring-webmvc-6.1.10.jar:6.1.10]
		at org.springframework.web.servlet.mvc.method.annotation.RequestMappingHandlerAdapter.handleInternal(RequestMappingHandlerAdapter.java:831) ~[spring-webmvc-6.1.10.jar:6.1.10]
		at org.springframework.web.servlet.mvc.method.AbstractHandlerMethodAdapter.handle(AbstractHandlerMethodAdapter.java:87) ~[spring-webmvc-6.1.10.jar:6.1.10]
		at org.springframework.web.servlet.DispatcherServlet.doDispatch(DispatcherServlet.java:1089) ~[spring-webmvc-6.1.10.jar:6.1.10]
		at org.springframework.web.servlet.DispatcherServlet.doService(DispatcherServlet.java:979) ~[spring-webmvc-6.1.10.jar:6.1.10]
		at org.springframework.web.servlet.FrameworkServlet.processRequest(FrameworkServlet.java:1014) ~[spring-webmvc-6.1.10.jar:6.1.10]
		at org.springframework.web.servlet.FrameworkServlet.doPost(FrameworkServlet.java:914) ~[spring-webmvc-6.1.10.jar:6.1.10]
		at jakarta.servlet.http.HttpServlet.service(HttpServlet.java:547) ~[jakarta.servlet-api-6.0.0.jar:6.0.0]
		at org.springframework.web.servlet.FrameworkServlet.service(FrameworkServlet.java:885) ~[spring-webmvc-6.1.10.jar:6.1.10]
		at jakarta.servlet.http.HttpServlet.service(HttpServlet.java:614) ~[jakarta.servlet-api-6.0.0.jar:6.0.0]
		at io.undertow.servlet.handlers.ServletHandler.handleRequest(ServletHandler.java:74) ~[undertow-servlet-2.3.13.Final.jar:2.3.13.Final]
		at io.undertow.servlet.handlers.FilterHandler$FilterChainImpl.doFilter(FilterHandler.java:129) ~[undertow-servlet-2.3.13.Final.jar:2.3.13.Final]
		at org.springframework.web.filter.CorsFilter.doFilterInternal(CorsFilter.java:91) ~[spring-web-6.1.10.jar:6.1.10]
		at org.springframework.web.filter.OncePerRequestFilter.doFilter(OncePerRequestFilter.java:116) ~[spring-web-6.1.10.jar:6.1.10]
		at io.undertow.servlet.core.ManagedFilter.doFilter(ManagedFilter.java:67) ~[undertow-servlet-2.3.13.Final.jar:2.3.13.Final]
		at io.undertow.servlet.handlers.FilterHandler$FilterChainImpl.doFilter(FilterHandler.java:131) ~[undertow-servlet-2.3.13.Final.jar:2.3.13.Final]
		at org.springframework.web.filter.RequestContextFilter.doFilterInternal(RequestContextFilter.java:100) ~[spring-web-6.1.10.jar:6.1.10]
		at org.springframework.web.filter.OncePerRequestFilter.doFilter(OncePerRequestFilter.java:116) ~[spring-web-6.1.10.jar:6.1.10]
		at io.undertow.servlet.core.ManagedFilter.doFilter(ManagedFilter.java:67) ~[undertow-servlet-2.3.13.Final.jar:2.3.13.Final]
		at io.undertow.servlet.handlers.FilterHandler$FilterChainImpl.doFilter(FilterHandler.java:131) ~[undertow-servlet-2.3.13.Final.jar:2.3.13.Final]
		at org.springframework.web.filter.FormContentFilter.doFilterInternal(FormContentFilter.java:93) ~[spring-web-6.1.10.jar:6.1.10]
		at org.springframework.web.filter.OncePerRequestFilter.doFilter(OncePerRequestFilter.java:116) ~[spring-web-6.1.10.jar:6.1.10]
		at io.undertow.servlet.core.ManagedFilter.doFilter(ManagedFilter.java:67) ~[undertow-servlet-2.3.13.Final.jar:2.3.13.Final]
		at io.undertow.servlet.handlers.FilterHandler$FilterChainImpl.doFilter(FilterHandler.java:131) ~[undertow-servlet-2.3.13.Final.jar:2.3.13.Final]
		at org.springframework.web.filter.CharacterEncodingFilter.doFilterInternal(CharacterEncodingFilter.java:201) ~[spring-web-6.1.10.jar:6.1.10]
		at org.springframework.web.filter.OncePerRequestFilter.doFilter(OncePerRequestFilter.java:116) ~[spring-web-6.1.10.jar:6.1.10]
		at io.undertow.servlet.core.ManagedFilter.doFilter(ManagedFilter.java:67) ~[undertow-servlet-2.3.13.Final.jar:2.3.13.Final]
		at io.undertow.servlet.handlers.FilterHandler$FilterChainImpl.doFilter(FilterHandler.java:131) ~[undertow-servlet-2.3.13.Final.jar:2.3.13.Final]
		at io.undertow.servlet.handlers.FilterHandler.handleRequest(FilterHandler.java:84) ~[undertow-servlet-2.3.13.Final.jar:2.3.13.Final]
		at io.undertow.servlet.handlers.security.ServletSecurityRoleHandler.handleRequest(ServletSecurityRoleHandler.java:62) ~[undertow-servlet-2.3.13.Final.jar:2.3.13.Final]
		at io.undertow.servlet.handlers.ServletChain$1.handleRequest(ServletChain.java:68) ~[undertow-servlet-2.3.13.Final.jar:2.3.13.Final]
		at io.undertow.servlet.handlers.ServletDispatchingHandler.handleRequest(ServletDispatchingHandler.java:36) ~[undertow-servlet-2.3.13.Final.jar:2.3.13.Final]
		at io.undertow.servlet.handlers.RedirectDirHandler.handleRequest(RedirectDirHandler.java:68) ~[undertow-servlet-2.3.13.Final.jar:2.3.13.Final]
		at io.undertow.servlet.handlers.security.SSLInformationAssociationHandler.handleRequest(SSLInformationAssociationHandler.java:117) ~[undertow-servlet-2.3.13.Final.jar:2.3.13.Final]
		at io.undertow.servlet.handlers.security.ServletAuthenticationCallHandler.handleRequest(ServletAuthenticationCallHandler.java:57) ~[undertow-servlet-2.3.13.Final.jar:2.3.13.Final]
		at io.undertow.server.handlers.PredicateHandler.handleRequest(PredicateHandler.java:43) ~[undertow-core-2.3.13.Final.jar:2.3.13.Final]
		at io.undertow.security.handlers.AbstractConfidentialityHandler.handleRequest(AbstractConfidentialityHandler.java:46) ~[undertow-core-2.3.13.Final.jar:2.3.13.Final]
		at io.undertow.servlet.handlers.security.ServletConfidentialityConstraintHandler.handleRequest(ServletConfidentialityConstraintHandler.java:64) ~[undertow-servlet-2.3.13.Final.jar:2.3.13.Final]
		at io.undertow.security.handlers.AuthenticationMechanismsHandler.handleRequest(AuthenticationMechanismsHandler.java:60) ~[undertow-core-2.3.13.Final.jar:2.3.13.Final]
		at io.undertow.servlet.handlers.security.CachedAuthenticatedSessionHandler.handleRequest(CachedAuthenticatedSessionHandler.java:77) ~[undertow-servlet-2.3.13.Final.jar:2.3.13.Final]
		at io.undertow.security.handlers.AbstractSecurityContextAssociationHandler.handleRequest(AbstractSecurityContextAssociationHandler.java:43) ~[undertow-core-2.3.13.Final.jar:2.3.13.Final]
		at io.undertow.server.handlers.PredicateHandler.handleRequest(PredicateHandler.java:43) ~[undertow-core-2.3.13.Final.jar:2.3.13.Final]
		at io.undertow.servlet.handlers.SendErrorPageHandler.handleRequest(SendErrorPageHandler.java:52) ~[undertow-servlet-2.3.13.Final.jar:2.3.13.Final]
		at io.undertow.server.handlers.PredicateHandler.handleRequest(PredicateHandler.java:43) ~[undertow-core-2.3.13.Final.jar:2.3.13.Final]
		at io.undertow.servlet.handlers.ServletInitialHandler.handleFirstRequest(ServletInitialHandler.java:276) ~[undertow-servlet-2.3.13.Final.jar:2.3.13.Final]
		at io.undertow.servlet.handlers.ServletInitialHandler$2.call(ServletInitialHandler.java:135) ~[undertow-servlet-2.3.13.Final.jar:2.3.13.Final]
		at io.undertow.servlet.handlers.ServletInitialHandler$2.call(ServletInitialHandler.java:132) ~[undertow-servlet-2.3.13.Final.jar:2.3.13.Final]
		at io.undertow.servlet.core.ServletRequestContextThreadSetupAction$1.call(ServletRequestContextThreadSetupAction.java:48) ~[undertow-servlet-2.3.13.Final.jar:2.3.13.Final]
		at io.undertow.servlet.core.ContextClassLoaderSetupAction$1.call(ContextClassLoaderSetupAction.java:43) ~[undertow-servlet-2.3.13.Final.jar:2.3.13.Final]
		at io.undertow.servlet.handlers.ServletInitialHandler.dispatchRequest(ServletInitialHandler.java:256) ~[undertow-servlet-2.3.13.Final.jar:2.3.13.Final]
		at io.undertow.servlet.handlers.ServletInitialHandler$1.handleRequest(ServletInitialHandler.java:101) ~[undertow-servlet-2.3.13.Final.jar:2.3.13.Final]
		at io.undertow.server.Connectors.executeRootHandler(Connectors.java:393) ~[undertow-core-2.3.13.Final.jar:2.3.13.Final]
		at io.undertow.server.HttpServerExchange$1.run(HttpServerExchange.java:859) ~[undertow-core-2.3.13.Final.jar:2.3.13.Final]
		at org.jboss.threads.ContextHandler$1.runWith(ContextHandler.java:18) ~[jboss-threads-3.5.0.Final.jar:3.5.0.Final]
		at org.jboss.threads.EnhancedQueueExecutor$Task.run(EnhancedQueueExecutor.java:2513) ~[jboss-threads-3.5.0.Final.jar:3.5.0.Final]
		at org.jboss.threads.EnhancedQueueExecutor$ThreadBody.run(EnhancedQueueExecutor.java:1538) ~[jboss-threads-3.5.0.Final.jar:3.5.0.Final]
		at org.xnio.XnioWorker$WorkerThreadFactory$1$1.run(XnioWorker.java:1282) ~[xnio-api-3.8.8.Final.jar:3.8.8.Final]
		at java.base/java.lang.Thread.run(Thread.java:1583) [?:?]
Caused by: java.io.IOException: Broken pipe
	at java.base/sun.nio.ch.SocketDispatcher.write0(Native Method) ~[?:?]
	at java.base/sun.nio.ch.SocketDispatcher.write(SocketDispatcher.java:62) ~[?:?]
	at java.base/sun.nio.ch.IOUtil.writeFromNativeBuffer(IOUtil.java:137) ~[?:?]
	at java.base/sun.nio.ch.IOUtil.write(IOUtil.java:81) ~[?:?]
	at java.base/sun.nio.ch.IOUtil.write(IOUtil.java:58) ~[?:?]
	at java.base/sun.nio.ch.SocketChannelImpl.write(SocketChannelImpl.java:542) ~[?:?]
	at org.xnio.nio.NioSocketConduit.write(NioSocketConduit.java:153) ~[xnio-nio-3.8.8.Final.jar:3.8.8.Final]
	at io.undertow.server.protocol.http.HttpResponseConduit.write(HttpResponseConduit.java:629) ~[undertow-core-2.3.13.Final.jar:2.3.13.Final]
	at org.xnio.conduits.AbstractStreamSinkConduit.write(AbstractStreamSinkConduit.java:51) ~[xnio-api-3.8.8.Final.jar:3.8.8.Final]
	at io.undertow.conduits.DeflatingStreamSinkConduit.performFlushIfRequiredSingleBuffer(DeflatingStreamSinkConduit.java:445) ~[undertow-core-2.3.13.Final.jar:2.3.13.Final]
	at io.undertow.conduits.DeflatingStreamSinkConduit.performFlushIfRequired(DeflatingStreamSinkConduit.java:432) ~[undertow-core-2.3.13.Final.jar:2.3.13.Final]
	at io.undertow.conduits.DeflatingStreamSinkConduit.deflateData(DeflatingStreamSinkConduit.java:522) ~[undertow-core-2.3.13.Final.jar:2.3.13.Final]
	at io.undertow.conduits.DeflatingStreamSinkConduit.write(DeflatingStreamSinkConduit.java:130) ~[undertow-core-2.3.13.Final.jar:2.3.13.Final]
	at io.undertow.conduits.DeflatingStreamSinkConduit.write(DeflatingStreamSinkConduit.java:165) ~[undertow-core-2.3.13.Final.jar:2.3.13.Final]
	at org.xnio.conduits.ConduitStreamSinkChannel.write(ConduitStreamSinkChannel.java:158) ~[xnio-api-3.8.8.Final.jar:3.8.8.Final]
	at io.undertow.channels.DetachableStreamSinkChannel.write(DetachableStreamSinkChannel.java:179) ~[undertow-core-2.3.13.Final.jar:2.3.13.Final]
	at io.undertow.server.HttpServerExchange$WriteDispatchChannel.write(HttpServerExchange.java:2172) ~[undertow-core-2.3.13.Final.jar:2.3.13.Final]
	at org.xnio.channels.Channels.writeBlocking(Channels.java:202) ~[xnio-api-3.8.8.Final.jar:3.8.8.Final]
	at io.undertow.servlet.spec.ServletOutputStreamImpl.writeTooLargeForBuffer(ServletOutputStreamImpl.java:201) ~[undertow-servlet-2.3.13.Final.jar:2.3.13.Final]
	at io.undertow.servlet.spec.ServletOutputStreamImpl.write(ServletOutputStreamImpl.java:149) ~[undertow-servlet-2.3.13.Final.jar:2.3.13.Final]
	at org.springframework.web.context.request.async.StandardServletAsyncWebRequest$LifecycleServletOutputStream.write(StandardServletAsyncWebRequest.java:375) ~[spring-web-6.1.10.jar:6.1.10]
	... 86 more
[2026-05-21 14:08:05.361] ERROR XNIO-1 task-2 com.jts.gjcxfzksh.exception.handler.GlobalExceptionHandler[63] - 请求地址'/pt/network/tile',发生系统异常. 
org.springframework.web.context.request.async.AsyncRequestNotUsableException: ServletOutputStream failed to write: Broken pipe
	at org.springframework.web.context.request.async.StandardServletAsyncWebRequest$LifecycleHttpServletResponse.handleIOException(StandardServletAsyncWebRequest.java:320) ~[spring-web-6.1.10.jar:6.1.10]
	at org.springframework.web.context.request.async.StandardServletAsyncWebRequest$LifecycleServletOutputStream.write(StandardServletAsyncWebRequest.java:378) ~[spring-web-6.1.10.jar:6.1.10]
	at org.springframework.util.StreamUtils$NonClosingOutputStream.write(StreamUtils.java:261) ~[spring-core-6.1.10.jar:6.1.10]
	at com.fasterxml.jackson.core.json.UTF8JsonGenerator._flushBuffer(UTF8JsonGenerator.java:2210) ~[jackson-core-2.17.1.jar:2.17.1]
	at com.fasterxml.jackson.core.json.UTF8JsonGenerator.writeRaw(UTF8JsonGenerator.java:764) ~[jackson-core-2.17.1.jar:2.17.1]
	at com.fasterxml.jackson.core.json.UTF8JsonGenerator.writeRaw(UTF8JsonGenerator.java:674) ~[jackson-core-2.17.1.jar:2.17.1]
	at com.fasterxml.jackson.core.json.UTF8JsonGenerator.writeNumber(UTF8JsonGenerator.java:1065) ~[jackson-core-2.17.1.jar:2.17.1]
	at com.fasterxml.jackson.databind.ser.std.NumberSerializers$FloatSerializer.serialize(NumberSerializers.java:214) ~[jackson-databind-2.17.1.jar:2.17.1]
	at com.fasterxml.jackson.databind.ser.BeanPropertyWriter.serializeAsField(BeanPropertyWriter.java:732) ~[jackson-databind-2.17.1.jar:2.17.1]
	at com.fasterxml.jackson.databind.ser.std.BeanSerializerBase.serializeFields(BeanSerializerBase.java:770) ~[jackson-databind-2.17.1.jar:2.17.1]
	at com.fasterxml.jackson.databind.ser.BeanSerializer.serialize(BeanSerializer.java:183) ~[jackson-databind-2.17.1.jar:2.17.1]
	at com.fasterxml.jackson.databind.ser.BeanPropertyWriter.serializeAsField(BeanPropertyWriter.java:732) ~[jackson-databind-2.17.1.jar:2.17.1]
	at com.fasterxml.jackson.databind.ser.std.BeanSerializerBase.serializeFields(BeanSerializerBase.java:770) ~[jackson-databind-2.17.1.jar:2.17.1]
	at com.fasterxml.jackson.databind.ser.BeanSerializer.serialize(BeanSerializer.java:183) ~[jackson-databind-2.17.1.jar:2.17.1]
	at com.fasterxml.jackson.databind.ser.impl.IndexedListSerializer.serializeContents(IndexedListSerializer.java:119) ~[jackson-databind-2.17.1.jar:2.17.1]
	at com.fasterxml.jackson.databind.ser.impl.IndexedListSerializer.serialize(IndexedListSerializer.java:79) ~[jackson-databind-2.17.1.jar:2.17.1]
	at com.fasterxml.jackson.databind.ser.impl.IndexedListSerializer.serialize(IndexedListSerializer.java:18) ~[jackson-databind-2.17.1.jar:2.17.1]
	at com.fasterxml.jackson.databind.ser.BeanPropertyWriter.serializeAsField(BeanPropertyWriter.java:732) ~[jackson-databind-2.17.1.jar:2.17.1]
	at com.fasterxml.jackson.databind.ser.std.BeanSerializerBase.serializeFields(BeanSerializerBase.java:770) ~[jackson-databind-2.17.1.jar:2.17.1]
	at com.fasterxml.jackson.databind.ser.BeanSerializer.serialize(BeanSerializer.java:183) ~[jackson-databind-2.17.1.jar:2.17.1]
	at com.fasterxml.jackson.databind.ser.DefaultSerializerProvider._serialize(DefaultSerializerProvider.java:502) ~[jackson-databind-2.17.1.jar:2.17.1]
	at com.fasterxml.jackson.databind.ser.DefaultSerializerProvider.serializeValue(DefaultSerializerProvider.java:341) ~[jackson-databind-2.17.1.jar:2.17.1]
	at com.fasterxml.jackson.databind.ObjectWriter$Prefetch.serialize(ObjectWriter.java:1574) ~[jackson-databind-2.17.1.jar:2.17.1]
	at com.fasterxml.jackson.databind.ObjectWriter.writeValue(ObjectWriter.java:1061) ~[jackson-databind-2.17.1.jar:2.17.1]
	at org.springframework.http.converter.json.AbstractJackson2HttpMessageConverter.writeInternal(AbstractJackson2HttpMessageConverter.java:483) ~[spring-web-6.1.10.jar:6.1.10]
	at org.springframework.http.converter.AbstractGenericHttpMessageConverter.write(AbstractGenericHttpMessageConverter.java:114) ~[spring-web-6.1.10.jar:6.1.10]
	at org.springframework.web.servlet.mvc.method.annotation.AbstractMessageConverterMethodProcessor.writeWithMessageConverters(AbstractMessageConverterMethodProcessor.java:297) ~[spring-webmvc-6.1.10.jar:6.1.10]
	at org.springframework.web.servlet.mvc.method.annotation.RequestResponseBodyMethodProcessor.handleReturnValue(RequestResponseBodyMethodProcessor.java:192) ~[spring-webmvc-6.1.10.jar:6.1.10]
	at org.springframework.web.method.support.HandlerMethodReturnValueHandlerComposite.handleReturnValue(HandlerMethodReturnValueHandlerComposite.java:78) ~[spring-web-6.1.10.jar:6.1.10]
	at org.springframework.web.servlet.mvc.method.annotation.ServletInvocableHandlerMethod.invokeAndHandle(ServletInvocableHandlerMethod.java:136) ~[spring-webmvc-6.1.10.jar:6.1.10]
	at org.springframework.web.servlet.mvc.method.annotation.RequestMappingHandlerAdapter.invokeHandlerMethod(RequestMappingHandlerAdapter.java:926) ~[spring-webmvc-6.1.10.jar:6.1.10]
	at org.springframework.web.servlet.mvc.method.annotation.RequestMappingHandlerAdapter.handleInternal(RequestMappingHandlerAdapter.java:831) ~[spring-webmvc-6.1.10.jar:6.1.10]
	at org.springframework.web.servlet.mvc.method.AbstractHandlerMethodAdapter.handle(AbstractHandlerMethodAdapter.java:87) ~[spring-webmvc-6.1.10.jar:6.1.10]
	at org.springframework.web.servlet.DispatcherServlet.doDispatch(DispatcherServlet.java:1089) ~[spring-webmvc-6.1.10.jar:6.1.10]
	at org.springframework.web.servlet.DispatcherServlet.doService(DispatcherServlet.java:979) ~[spring-webmvc-6.1.10.jar:6.1.10]
	at org.springframework.web.servlet.FrameworkServlet.processRequest(FrameworkServlet.java:1014) ~[spring-webmvc-6.1.10.jar:6.1.10]
	at org.springframework.web.servlet.FrameworkServlet.doPost(FrameworkServlet.java:914) ~[spring-webmvc-6.1.10.jar:6.1.10]
	at jakarta.servlet.http.HttpServlet.service(HttpServlet.java:547) ~[jakarta.servlet-api-6.0.0.jar:6.0.0]
	at org.springframework.web.servlet.FrameworkServlet.service(FrameworkServlet.java:885) ~[spring-webmvc-6.1.10.jar:6.1.10]
	at jakarta.servlet.http.HttpServlet.service(HttpServlet.java:614) ~[jakarta.servlet-api-6.0.0.jar:6.0.0]
	at io.undertow.servlet.handlers.ServletHandler.handleRequest(ServletHandler.java:74) ~[undertow-servlet-2.3.13.Final.jar:2.3.13.Final]
	at io.undertow.servlet.handlers.FilterHandler$FilterChainImpl.doFilter(FilterHandler.java:129) ~[undertow-servlet-2.3.13.Final.jar:2.3.13.Final]
	at org.springframework.web.filter.CorsFilter.doFilterInternal(CorsFilter.java:91) ~[spring-web-6.1.10.jar:6.1.10]
	at org.springframework.web.filter.OncePerRequestFilter.doFilter(OncePerRequestFilter.java:116) ~[spring-web-6.1.10.jar:6.1.10]
	at io.undertow.servlet.core.ManagedFilter.doFilter(ManagedFilter.java:67) ~[undertow-servlet-2.3.13.Final.jar:2.3.13.Final]
	at io.undertow.servlet.handlers.FilterHandler$FilterChainImpl.doFilter(FilterHandler.java:131) ~[undertow-servlet-2.3.13.Final.jar:2.3.13.Final]
	at org.springframework.web.filter.RequestContextFilter.doFilterInternal(RequestContextFilter.java:100) ~[spring-web-6.1.10.jar:6.1.10]
	at org.springframework.web.filter.OncePerRequestFilter.doFilter(OncePerRequestFilter.java:116) ~[spring-web-6.1.10.jar:6.1.10]
	at io.undertow.servlet.core.ManagedFilter.doFilter(ManagedFilter.java:67) ~[undertow-servlet-2.3.13.Final.jar:2.3.13.Final]
	at io.undertow.servlet.handlers.FilterHandler$FilterChainImpl.doFilter(FilterHandler.java:131) ~[undertow-servlet-2.3.13.Final.jar:2.3.13.Final]
	at org.springframework.web.filter.FormContentFilter.doFilterInternal(FormContentFilter.java:93) ~[spring-web-6.1.10.jar:6.1.10]
	at org.springframework.web.filter.OncePerRequestFilter.doFilter(OncePerRequestFilter.java:116) ~[spring-web-6.1.10.jar:6.1.10]
	at io.undertow.servlet.core.ManagedFilter.doFilter(ManagedFilter.java:67) ~[undertow-servlet-2.3.13.Final.jar:2.3.13.Final]
	at io.undertow.servlet.handlers.FilterHandler$FilterChainImpl.doFilter(FilterHandler.java:131) ~[undertow-servlet-2.3.13.Final.jar:2.3.13.Final]
	at org.springframework.web.filter.CharacterEncodingFilter.doFilterInternal(CharacterEncodingFilter.java:201) ~[spring-web-6.1.10.jar:6.1.10]
	at org.springframework.web.filter.OncePerRequestFilter.doFilter(OncePerRequestFilter.java:116) ~[spring-web-6.1.10.jar:6.1.10]
	at io.undertow.servlet.core.ManagedFilter.doFilter(ManagedFilter.java:67) ~[undertow-servlet-2.3.13.Final.jar:2.3.13.Final]
	at io.undertow.servlet.handlers.FilterHandler$FilterChainImpl.doFilter(FilterHandler.java:131) ~[undertow-servlet-2.3.13.Final.jar:2.3.13.Final]
	at io.undertow.servlet.handlers.FilterHandler.handleRequest(FilterHandler.java:84) ~[undertow-servlet-2.3.13.Final.jar:2.3.13.Final]
	at io.undertow.servlet.handlers.security.ServletSecurityRoleHandler.handleRequest(ServletSecurityRoleHandler.java:62) ~[undertow-servlet-2.3.13.Final.jar:2.3.13.Final]
	at io.undertow.servlet.handlers.ServletChain$1.handleRequest(ServletChain.java:68) ~[undertow-servlet-2.3.13.Final.jar:2.3.13.Final]
	at io.undertow.servlet.handlers.ServletDispatchingHandler.handleRequest(ServletDispatchingHandler.java:36) ~[undertow-servlet-2.3.13.Final.jar:2.3.13.Final]
	at io.undertow.servlet.handlers.RedirectDirHandler.handleRequest(RedirectDirHandler.java:68) ~[undertow-servlet-2.3.13.Final.jar:2.3.13.Final]
	at io.undertow.servlet.handlers.security.SSLInformationAssociationHandler.handleRequest(SSLInformationAssociationHandler.java:117) ~[undertow-servlet-2.3.13.Final.jar:2.3.13.Final]
	at io.undertow.servlet.handlers.security.ServletAuthenticationCallHandler.handleRequest(ServletAuthenticationCallHandler.java:57) ~[undertow-servlet-2.3.13.Final.jar:2.3.13.Final]
	at io.undertow.server.handlers.PredicateHandler.handleRequest(PredicateHandler.java:43) ~[undertow-core-2.3.13.Final.jar:2.3.13.Final]
	at io.undertow.security.handlers.AbstractConfidentialityHandler.handleRequest(AbstractConfidentialityHandler.java:46) ~[undertow-core-2.3.13.Final.jar:2.3.13.Final]
	at io.undertow.servlet.handlers.security.ServletConfidentialityConstraintHandler.handleRequest(ServletConfidentialityConstraintHandler.java:64) ~[undertow-servlet-2.3.13.Final.jar:2.3.13.Final]
	at io.undertow.security.handlers.AuthenticationMechanismsHandler.handleRequest(AuthenticationMechanismsHandler.java:60) ~[undertow-core-2.3.13.Final.jar:2.3.13.Final]
	at io.undertow.servlet.handlers.security.CachedAuthenticatedSessionHandler.handleRequest(CachedAuthenticatedSessionHandler.java:77) ~[undertow-servlet-2.3.13.Final.jar:2.3.13.Final]
	at io.undertow.security.handlers.AbstractSecurityContextAssociationHandler.handleRequest(AbstractSecurityContextAssociationHandler.java:43) ~[undertow-core-2.3.13.Final.jar:2.3.13.Final]
	at io.undertow.server.handlers.PredicateHandler.handleRequest(PredicateHandler.java:43) ~[undertow-core-2.3.13.Final.jar:2.3.13.Final]
	at io.undertow.servlet.handlers.SendErrorPageHandler.handleRequest(SendErrorPageHandler.java:52) ~[undertow-servlet-2.3.13.Final.jar:2.3.13.Final]
	at io.undertow.server.handlers.PredicateHandler.handleRequest(PredicateHandler.java:43) ~[undertow-core-2.3.13.Final.jar:2.3.13.Final]
	at io.undertow.servlet.handlers.ServletInitialHandler.handleFirstRequest(ServletInitialHandler.java:276) ~[undertow-servlet-2.3.13.Final.jar:2.3.13.Final]
	at io.undertow.servlet.handlers.ServletInitialHandler$2.call(ServletInitialHandler.java:135) ~[undertow-servlet-2.3.13.Final.jar:2.3.13.Final]
	at io.undertow.servlet.handlers.ServletInitialHandler$2.call(ServletInitialHandler.java:132) ~[undertow-servlet-2.3.13.Final.jar:2.3.13.Final]
	at io.undertow.servlet.core.ServletRequestContextThreadSetupAction$1.call(ServletRequestContextThreadSetupAction.java:48) ~[undertow-servlet-2.3.13.Final.jar:2.3.13.Final]
	at io.undertow.servlet.core.ContextClassLoaderSetupAction$1.call(ContextClassLoaderSetupAction.java:43) ~[undertow-servlet-2.3.13.Final.jar:2.3.13.Final]
	at io.undertow.servlet.handlers.ServletInitialHandler.dispatchRequest(ServletInitialHandler.java:256) ~[undertow-servlet-2.3.13.Final.jar:2.3.13.Final]
	at io.undertow.servlet.handlers.ServletInitialHandler$1.handleRequest(ServletInitialHandler.java:101) ~[undertow-servlet-2.3.13.Final.jar:2.3.13.Final]
	at io.undertow.server.Connectors.executeRootHandler(Connectors.java:393) ~[undertow-core-2.3.13.Final.jar:2.3.13.Final]
	at io.undertow.server.HttpServerExchange$1.run(HttpServerExchange.java:859) ~[undertow-core-2.3.13.Final.jar:2.3.13.Final]
	at org.jboss.threads.ContextHandler$1.runWith(ContextHandler.java:18) ~[jboss-threads-3.5.0.Final.jar:3.5.0.Final]
	at org.jboss.threads.EnhancedQueueExecutor$Task.run(EnhancedQueueExecutor.java:2513) ~[jboss-threads-3.5.0.Final.jar:3.5.0.Final]
	at org.jboss.threads.EnhancedQueueExecutor$ThreadBody.run(EnhancedQueueExecutor.java:1538) ~[jboss-threads-3.5.0.Final.jar:3.5.0.Final]
	at org.xnio.XnioWorker$WorkerThreadFactory$1$1.run(XnioWorker.java:1282) ~[xnio-api-3.8.8.Final.jar:3.8.8.Final]
	at java.base/java.lang.Thread.run(Thread.java:1583) [?:?]
	Suppressed: org.springframework.web.context.request.async.AsyncRequestNotUsableException: Response not usable after response errors.
		at org.springframework.web.context.request.async.StandardServletAsyncWebRequest$LifecycleHttpServletResponse.obtainLockAndCheckState(StandardServletAsyncWebRequest.java:314) ~[spring-web-6.1.10.jar:6.1.10]
		at org.springframework.web.context.request.async.StandardServletAsyncWebRequest$LifecycleServletOutputStream.write(StandardServletAsyncWebRequest.java:373) ~[spring-web-6.1.10.jar:6.1.10]
		at org.springframework.util.StreamUtils$NonClosingOutputStream.write(StreamUtils.java:261) ~[spring-core-6.1.10.jar:6.1.10]
		at com.fasterxml.jackson.core.json.UTF8JsonGenerator._flushBuffer(UTF8JsonGenerator.java:2210) ~[jackson-core-2.17.1.jar:2.17.1]
		at com.fasterxml.jackson.core.json.UTF8JsonGenerator.close(UTF8JsonGenerator.java:1234) ~[jackson-core-2.17.1.jar:2.17.1]
		at org.springframework.http.converter.json.AbstractJackson2HttpMessageConverter.writeInternal(AbstractJackson2HttpMessageConverter.java:452) ~[spring-web-6.1.10.jar:6.1.10]
		at org.springframework.http.converter.AbstractGenericHttpMessageConverter.write(AbstractGenericHttpMessageConverter.java:114) ~[spring-web-6.1.10.jar:6.1.10]
		at org.springframework.web.servlet.mvc.method.annotation.AbstractMessageConverterMethodProcessor.writeWithMessageConverters(AbstractMessageConverterMethodProcessor.java:297) ~[spring-webmvc-6.1.10.jar:6.1.10]
		at org.springframework.web.servlet.mvc.method.annotation.RequestResponseBodyMethodProcessor.handleReturnValue(RequestResponseBodyMethodProcessor.java:192) ~[spring-webmvc-6.1.10.jar:6.1.10]
		at org.springframework.web.method.support.HandlerMethodReturnValueHandlerComposite.handleReturnValue(HandlerMethodReturnValueHandlerComposite.java:78) ~[spring-web-6.1.10.jar:6.1.10]
		at org.springframework.web.servlet.mvc.method.annotation.ServletInvocableHandlerMethod.invokeAndHandle(ServletInvocableHandlerMethod.java:136) ~[spring-webmvc-6.1.10.jar:6.1.10]
		at org.springframework.web.servlet.mvc.method.annotation.RequestMappingHandlerAdapter.invokeHandlerMethod(RequestMappingHandlerAdapter.java:926) ~[spring-webmvc-6.1.10.jar:6.1.10]
		at org.springframework.web.servlet.mvc.method.annotation.RequestMappingHandlerAdapter.handleInternal(RequestMappingHandlerAdapter.java:831) ~[spring-webmvc-6.1.10.jar:6.1.10]
		at org.springframework.web.servlet.mvc.method.AbstractHandlerMethodAdapter.handle(AbstractHandlerMethodAdapter.java:87) ~[spring-webmvc-6.1.10.jar:6.1.10]
		at org.springframework.web.servlet.DispatcherServlet.doDispatch(DispatcherServlet.java:1089) ~[spring-webmvc-6.1.10.jar:6.1.10]
		at org.springframework.web.servlet.DispatcherServlet.doService(DispatcherServlet.java:979) ~[spring-webmvc-6.1.10.jar:6.1.10]
		at org.springframework.web.servlet.FrameworkServlet.processRequest(FrameworkServlet.java:1014) ~[spring-webmvc-6.1.10.jar:6.1.10]
		at org.springframework.web.servlet.FrameworkServlet.doPost(FrameworkServlet.java:914) ~[spring-webmvc-6.1.10.jar:6.1.10]
		at jakarta.servlet.http.HttpServlet.service(HttpServlet.java:547) ~[jakarta.servlet-api-6.0.0.jar:6.0.0]
		at org.springframework.web.servlet.FrameworkServlet.service(FrameworkServlet.java:885) ~[spring-webmvc-6.1.10.jar:6.1.10]
		at jakarta.servlet.http.HttpServlet.service(HttpServlet.java:614) ~[jakarta.servlet-api-6.0.0.jar:6.0.0]
		at io.undertow.servlet.handlers.ServletHandler.handleRequest(ServletHandler.java:74) ~[undertow-servlet-2.3.13.Final.jar:2.3.13.Final]
		at io.undertow.servlet.handlers.FilterHandler$FilterChainImpl.doFilter(FilterHandler.java:129) ~[undertow-servlet-2.3.13.Final.jar:2.3.13.Final]
		at org.springframework.web.filter.CorsFilter.doFilterInternal(CorsFilter.java:91) ~[spring-web-6.1.10.jar:6.1.10]
		at org.springframework.web.filter.OncePerRequestFilter.doFilter(OncePerRequestFilter.java:116) ~[spring-web-6.1.10.jar:6.1.10]
		at io.undertow.servlet.core.ManagedFilter.doFilter(ManagedFilter.java:67) ~[undertow-servlet-2.3.13.Final.jar:2.3.13.Final]
		at io.undertow.servlet.handlers.FilterHandler$FilterChainImpl.doFilter(FilterHandler.java:131) ~[undertow-servlet-2.3.13.Final.jar:2.3.13.Final]
		at org.springframework.web.filter.RequestContextFilter.doFilterInternal(RequestContextFilter.java:100) ~[spring-web-6.1.10.jar:6.1.10]
		at org.springframework.web.filter.OncePerRequestFilter.doFilter(OncePerRequestFilter.java:116) ~[spring-web-6.1.10.jar:6.1.10]
		at io.undertow.servlet.core.ManagedFilter.doFilter(ManagedFilter.java:67) ~[undertow-servlet-2.3.13.Final.jar:2.3.13.Final]
		at io.undertow.servlet.handlers.FilterHandler$FilterChainImpl.doFilter(FilterHandler.java:131) ~[undertow-servlet-2.3.13.Final.jar:2.3.13.Final]
		at org.springframework.web.filter.FormContentFilter.doFilterInternal(FormContentFilter.java:93) ~[spring-web-6.1.10.jar:6.1.10]
		at org.springframework.web.filter.OncePerRequestFilter.doFilter(OncePerRequestFilter.java:116) ~[spring-web-6.1.10.jar:6.1.10]
		at io.undertow.servlet.core.ManagedFilter.doFilter(ManagedFilter.java:67) ~[undertow-servlet-2.3.13.Final.jar:2.3.13.Final]
		at io.undertow.servlet.handlers.FilterHandler$FilterChainImpl.doFilter(FilterHandler.java:131) ~[undertow-servlet-2.3.13.Final.jar:2.3.13.Final]
		at org.springframework.web.filter.CharacterEncodingFilter.doFilterInternal(CharacterEncodingFilter.java:201) ~[spring-web-6.1.10.jar:6.1.10]
		at org.springframework.web.filter.OncePerRequestFilter.doFilter(OncePerRequestFilter.java:116) ~[spring-web-6.1.10.jar:6.1.10]
		at io.undertow.servlet.core.ManagedFilter.doFilter(ManagedFilter.java:67) ~[undertow-servlet-2.3.13.Final.jar:2.3.13.Final]
		at io.undertow.servlet.handlers.FilterHandler$FilterChainImpl.doFilter(FilterHandler.java:131) ~[undertow-servlet-2.3.13.Final.jar:2.3.13.Final]
		at io.undertow.servlet.handlers.FilterHandler.handleRequest(FilterHandler.java:84) ~[undertow-servlet-2.3.13.Final.jar:2.3.13.Final]
		at io.undertow.servlet.handlers.security.ServletSecurityRoleHandler.handleRequest(ServletSecurityRoleHandler.java:62) ~[undertow-servlet-2.3.13.Final.jar:2.3.13.Final]
		at io.undertow.servlet.handlers.ServletChain$1.handleRequest(ServletChain.java:68) ~[undertow-servlet-2.3.13.Final.jar:2.3.13.Final]
		at io.undertow.servlet.handlers.ServletDispatchingHandler.handleRequest(ServletDispatchingHandler.java:36) ~[undertow-servlet-2.3.13.Final.jar:2.3.13.Final]
		at io.undertow.servlet.handlers.RedirectDirHandler.handleRequest(RedirectDirHandler.java:68) ~[undertow-servlet-2.3.13.Final.jar:2.3.13.Final]
		at io.undertow.servlet.handlers.security.SSLInformationAssociationHandler.handleRequest(SSLInformationAssociationHandler.java:117) ~[undertow-servlet-2.3.13.Final.jar:2.3.13.Final]
		at io.undertow.servlet.handlers.security.ServletAuthenticationCallHandler.handleRequest(ServletAuthenticationCallHandler.java:57) ~[undertow-servlet-2.3.13.Final.jar:2.3.13.Final]
		at io.undertow.server.handlers.PredicateHandler.handleRequest(PredicateHandler.java:43) ~[undertow-core-2.3.13.Final.jar:2.3.13.Final]
		at io.undertow.security.handlers.AbstractConfidentialityHandler.handleRequest(AbstractConfidentialityHandler.java:46) ~[undertow-core-2.3.13.Final.jar:2.3.13.Final]
		at io.undertow.servlet.handlers.security.ServletConfidentialityConstraintHandler.handleRequest(ServletConfidentialityConstraintHandler.java:64) ~[undertow-servlet-2.3.13.Final.jar:2.3.13.Final]
		at io.undertow.security.handlers.AuthenticationMechanismsHandler.handleRequest(AuthenticationMechanismsHandler.java:60) ~[undertow-core-2.3.13.Final.jar:2.3.13.Final]
		at io.undertow.servlet.handlers.security.CachedAuthenticatedSessionHandler.handleRequest(CachedAuthenticatedSessionHandler.java:77) ~[undertow-servlet-2.3.13.Final.jar:2.3.13.Final]
		at io.undertow.security.handlers.AbstractSecurityContextAssociationHandler.handleRequest(AbstractSecurityContextAssociationHandler.java:43) ~[undertow-core-2.3.13.Final.jar:2.3.13.Final]
		at io.undertow.server.handlers.PredicateHandler.handleRequest(PredicateHandler.java:43) ~[undertow-core-2.3.13.Final.jar:2.3.13.Final]
		at io.undertow.servlet.handlers.SendErrorPageHandler.handleRequest(SendErrorPageHandler.java:52) ~[undertow-servlet-2.3.13.Final.jar:2.3.13.Final]
		at io.undertow.server.handlers.PredicateHandler.handleRequest(PredicateHandler.java:43) ~[undertow-core-2.3.13.Final.jar:2.3.13.Final]
		at io.undertow.servlet.handlers.ServletInitialHandler.handleFirstRequest(ServletInitialHandler.java:276) ~[undertow-servlet-2.3.13.Final.jar:2.3.13.Final]
		at io.undertow.servlet.handlers.ServletInitialHandler$2.call(ServletInitialHandler.java:135) ~[undertow-servlet-2.3.13.Final.jar:2.3.13.Final]
		at io.undertow.servlet.handlers.ServletInitialHandler$2.call(ServletInitialHandler.java:132) ~[undertow-servlet-2.3.13.Final.jar:2.3.13.Final]
		at io.undertow.servlet.core.ServletRequestContextThreadSetupAction$1.call(ServletRequestContextThreadSetupAction.java:48) ~[undertow-servlet-2.3.13.Final.jar:2.3.13.Final]
		at io.undertow.servlet.core.ContextClassLoaderSetupAction$1.call(ContextClassLoaderSetupAction.java:43) ~[undertow-servlet-2.3.13.Final.jar:2.3.13.Final]
		at io.undertow.servlet.handlers.ServletInitialHandler.dispatchRequest(ServletInitialHandler.java:256) ~[undertow-servlet-2.3.13.Final.jar:2.3.13.Final]
		at io.undertow.servlet.handlers.ServletInitialHandler$1.handleRequest(ServletInitialHandler.java:101) ~[undertow-servlet-2.3.13.Final.jar:2.3.13.Final]
		at io.undertow.server.Connectors.executeRootHandler(Connectors.java:393) ~[undertow-core-2.3.13.Final.jar:2.3.13.Final]
		at io.undertow.server.HttpServerExchange$1.run(HttpServerExchange.java:859) ~[undertow-core-2.3.13.Final.jar:2.3.13.Final]
		at org.jboss.threads.ContextHandler$1.runWith(ContextHandler.java:18) ~[jboss-threads-3.5.0.Final.jar:3.5.0.Final]
		at org.jboss.threads.EnhancedQueueExecutor$Task.run(EnhancedQueueExecutor.java:2513) ~[jboss-threads-3.5.0.Final.jar:3.5.0.Final]
		at org.jboss.threads.EnhancedQueueExecutor$ThreadBody.run(EnhancedQueueExecutor.java:1538) ~[jboss-threads-3.5.0.Final.jar:3.5.0.Final]
		at org.xnio.XnioWorker$WorkerThreadFactory$1$1.run(XnioWorker.java:1282) ~[xnio-api-3.8.8.Final.jar:3.8.8.Final]
		at java.base/java.lang.Thread.run(Thread.java:1583) [?:?]
Caused by: java.io.IOException: Broken pipe
	at java.base/sun.nio.ch.SocketDispatcher.write0(Native Method) ~[?:?]
	at java.base/sun.nio.ch.SocketDispatcher.write(SocketDispatcher.java:62) ~[?:?]
	at java.base/sun.nio.ch.IOUtil.writeFromNativeBuffer(IOUtil.java:137) ~[?:?]
	at java.base/sun.nio.ch.IOUtil.write(IOUtil.java:81) ~[?:?]
	at java.base/sun.nio.ch.IOUtil.write(IOUtil.java:58) ~[?:?]
	at java.base/sun.nio.ch.SocketChannelImpl.write(SocketChannelImpl.java:542) ~[?:?]
	at org.xnio.nio.NioSocketConduit.write(NioSocketConduit.java:153) ~[xnio-nio-3.8.8.Final.jar:3.8.8.Final]
	at io.undertow.server.protocol.http.HttpResponseConduit.write(HttpResponseConduit.java:629) ~[undertow-core-2.3.13.Final.jar:2.3.13.Final]
	at org.xnio.conduits.AbstractStreamSinkConduit.write(AbstractStreamSinkConduit.java:51) ~[xnio-api-3.8.8.Final.jar:3.8.8.Final]
	at io.undertow.conduits.DeflatingStreamSinkConduit.performFlushIfRequiredSingleBuffer(DeflatingStreamSinkConduit.java:445) ~[undertow-core-2.3.13.Final.jar:2.3.13.Final]
	at io.undertow.conduits.DeflatingStreamSinkConduit.performFlushIfRequired(DeflatingStreamSinkConduit.java:432) ~[undertow-core-2.3.13.Final.jar:2.3.13.Final]
	at io.undertow.conduits.DeflatingStreamSinkConduit.deflateData(DeflatingStreamSinkConduit.java:522) ~[undertow-core-2.3.13.Final.jar:2.3.13.Final]
	at io.undertow.conduits.DeflatingStreamSinkConduit.write(DeflatingStreamSinkConduit.java:130) ~[undertow-core-2.3.13.Final.jar:2.3.13.Final]
	at io.undertow.conduits.DeflatingStreamSinkConduit.write(DeflatingStreamSinkConduit.java:165) ~[undertow-core-2.3.13.Final.jar:2.3.13.Final]
	at org.xnio.conduits.ConduitStreamSinkChannel.write(ConduitStreamSinkChannel.java:158) ~[xnio-api-3.8.8.Final.jar:3.8.8.Final]
	at io.undertow.channels.DetachableStreamSinkChannel.write(DetachableStreamSinkChannel.java:179) ~[undertow-core-2.3.13.Final.jar:2.3.13.Final]
	at io.undertow.server.HttpServerExchange$WriteDispatchChannel.write(HttpServerExchange.java:2172) ~[undertow-core-2.3.13.Final.jar:2.3.13.Final]
	at org.xnio.channels.Channels.writeBlocking(Channels.java:202) ~[xnio-api-3.8.8.Final.jar:3.8.8.Final]
	at io.undertow.servlet.spec.ServletOutputStreamImpl.writeTooLargeForBuffer(ServletOutputStreamImpl.java:201) ~[undertow-servlet-2.3.13.Final.jar:2.3.13.Final]
	at io.undertow.servlet.spec.ServletOutputStreamImpl.write(ServletOutputStreamImpl.java:149) ~[undertow-servlet-2.3.13.Final.jar:2.3.13.Final]
	at org.springframework.web.context.request.async.StandardServletAsyncWebRequest$LifecycleServletOutputStream.write(StandardServletAsyncWebRequest.java:375) ~[spring-web-6.1.10.jar:6.1.10]
	... 86 more
[2026-05-21 14:08:05.361] ERROR XNIO-1 task-3 com.jts.gjcxfzksh.exception.handler.GlobalExceptionHandler[63] - 请求地址'/pt/network/tile',发生系统异常. 
org.springframework.web.context.request.async.AsyncRequestNotUsableException: ServletOutputStream failed to write: Broken pipe
	at org.springframework.web.context.request.async.StandardServletAsyncWebRequest$LifecycleHttpServletResponse.handleIOException(StandardServletAsyncWebRequest.java:320) ~[spring-web-6.1.10.jar:6.1.10]
	at org.springframework.web.context.request.async.StandardServletAsyncWebRequest$LifecycleServletOutputStream.write(StandardServletAsyncWebRequest.java:378) ~[spring-web-6.1.10.jar:6.1.10]
	at org.springframework.util.StreamUtils$NonClosingOutputStream.write(StreamUtils.java:261) ~[spring-core-6.1.10.jar:6.1.10]
	at com.fasterxml.jackson.core.json.UTF8JsonGenerator._flushBuffer(UTF8JsonGenerator.java:2210) ~[jackson-core-2.17.1.jar:2.17.1]
	at com.fasterxml.jackson.core.json.UTF8JsonGenerator.writeRaw(UTF8JsonGenerator.java:764) ~[jackson-core-2.17.1.jar:2.17.1]
	at com.fasterxml.jackson.core.json.UTF8JsonGenerator.writeRaw(UTF8JsonGenerator.java:674) ~[jackson-core-2.17.1.jar:2.17.1]
	at com.fasterxml.jackson.core.json.UTF8JsonGenerator.writeNumber(UTF8JsonGenerator.java:1050) ~[jackson-core-2.17.1.jar:2.17.1]
	at com.fasterxml.jackson.databind.ser.std.NumberSerializers$DoubleSerializer.serialize(NumberSerializers.java:235) ~[jackson-databind-2.17.1.jar:2.17.1]
	at com.fasterxml.jackson.databind.ser.BeanPropertyWriter.serializeAsField(BeanPropertyWriter.java:732) ~[jackson-databind-2.17.1.jar:2.17.1]
	at com.fasterxml.jackson.databind.ser.std.BeanSerializerBase.serializeFields(BeanSerializerBase.java:770) ~[jackson-databind-2.17.1.jar:2.17.1]
	at com.fasterxml.jackson.databind.ser.BeanSerializer.serialize(BeanSerializer.java:183) ~[jackson-databind-2.17.1.jar:2.17.1]
	at com.fasterxml.jackson.databind.ser.impl.IndexedListSerializer.serializeContents(IndexedListSerializer.java:119) ~[jackson-databind-2.17.1.jar:2.17.1]
	at com.fasterxml.jackson.databind.ser.impl.IndexedListSerializer.serialize(IndexedListSerializer.java:79) ~[jackson-databind-2.17.1.jar:2.17.1]
	at com.fasterxml.jackson.databind.ser.impl.IndexedListSerializer.serialize(IndexedListSerializer.java:18) ~[jackson-databind-2.17.1.jar:2.17.1]
	at com.fasterxml.jackson.databind.ser.BeanPropertyWriter.serializeAsField(BeanPropertyWriter.java:732) ~[jackson-databind-2.17.1.jar:2.17.1]
	at com.fasterxml.jackson.databind.ser.std.BeanSerializerBase.serializeFields(BeanSerializerBase.java:770) ~[jackson-databind-2.17.1.jar:2.17.1]
	at com.fasterxml.jackson.databind.ser.BeanSerializer.serialize(BeanSerializer.java:183) ~[jackson-databind-2.17.1.jar:2.17.1]
	at com.fasterxml.jackson.databind.ser.DefaultSerializerProvider._serialize(DefaultSerializerProvider.java:502) ~[jackson-databind-2.17.1.jar:2.17.1]
	at com.fasterxml.jackson.databind.ser.DefaultSerializerProvider.serializeValue(DefaultSerializerProvider.java:341) ~[jackson-databind-2.17.1.jar:2.17.1]
	at com.fasterxml.jackson.databind.ObjectWriter$Prefetch.serialize(ObjectWriter.java:1574) ~[jackson-databind-2.17.1.jar:2.17.1]
	at com.fasterxml.jackson.databind.ObjectWriter.writeValue(ObjectWriter.java:1061) ~[jackson-databind-2.17.1.jar:2.17.1]
	at org.springframework.http.converter.json.AbstractJackson2HttpMessageConverter.writeInternal(AbstractJackson2HttpMessageConverter.java:483) ~[spring-web-6.1.10.jar:6.1.10]
	at org.springframework.http.converter.AbstractGenericHttpMessageConverter.write(AbstractGenericHttpMessageConverter.java:114) ~[spring-web-6.1.10.jar:6.1.10]
	at org.springframework.web.servlet.mvc.method.annotation.AbstractMessageConverterMethodProcessor.writeWithMessageConverters(AbstractMessageConverterMethodProcessor.java:297) ~[spring-webmvc-6.1.10.jar:6.1.10]
	at org.springframework.web.servlet.mvc.method.annotation.RequestResponseBodyMethodProcessor.handleReturnValue(RequestResponseBodyMethodProcessor.java:192) ~[spring-webmvc-6.1.10.jar:6.1.10]
	at org.springframework.web.method.support.HandlerMethodReturnValueHandlerComposite.handleReturnValue(HandlerMethodReturnValueHandlerComposite.java:78) ~[spring-web-6.1.10.jar:6.1.10]
	at org.springframework.web.servlet.mvc.method.annotation.ServletInvocableHandlerMethod.invokeAndHandle(ServletInvocableHandlerMethod.java:136) ~[spring-webmvc-6.1.10.jar:6.1.10]
	at org.springframework.web.servlet.mvc.method.annotation.RequestMappingHandlerAdapter.invokeHandlerMethod(RequestMappingHandlerAdapter.java:926) ~[spring-webmvc-6.1.10.jar:6.1.10]
	at org.springframework.web.servlet.mvc.method.annotation.RequestMappingHandlerAdapter.handleInternal(RequestMappingHandlerAdapter.java:831) ~[spring-webmvc-6.1.10.jar:6.1.10]
	at org.springframework.web.servlet.mvc.method.AbstractHandlerMethodAdapter.handle(AbstractHandlerMethodAdapter.java:87) ~[spring-webmvc-6.1.10.jar:6.1.10]
	at org.springframework.web.servlet.DispatcherServlet.doDispatch(DispatcherServlet.java:1089) ~[spring-webmvc-6.1.10.jar:6.1.10]
	at org.springframework.web.servlet.DispatcherServlet.doService(DispatcherServlet.java:979) ~[spring-webmvc-6.1.10.jar:6.1.10]
	at org.springframework.web.servlet.FrameworkServlet.processRequest(FrameworkServlet.java:1014) ~[spring-webmvc-6.1.10.jar:6.1.10]
	at org.springframework.web.servlet.FrameworkServlet.doPost(FrameworkServlet.java:914) ~[spring-webmvc-6.1.10.jar:6.1.10]
	at jakarta.servlet.http.HttpServlet.service(HttpServlet.java:547) ~[jakarta.servlet-api-6.0.0.jar:6.0.0]
	at org.springframework.web.servlet.FrameworkServlet.service(FrameworkServlet.java:885) ~[spring-webmvc-6.1.10.jar:6.1.10]
	at jakarta.servlet.http.HttpServlet.service(HttpServlet.java:614) ~[jakarta.servlet-api-6.0.0.jar:6.0.0]
	at io.undertow.servlet.handlers.ServletHandler.handleRequest(ServletHandler.java:74) ~[undertow-servlet-2.3.13.Final.jar:2.3.13.Final]
	at io.undertow.servlet.handlers.FilterHandler$FilterChainImpl.doFilter(FilterHandler.java:129) ~[undertow-servlet-2.3.13.Final.jar:2.3.13.Final]
	at org.springframework.web.filter.CorsFilter.doFilterInternal(CorsFilter.java:91) ~[spring-web-6.1.10.jar:6.1.10]
	at org.springframework.web.filter.OncePerRequestFilter.doFilter(OncePerRequestFilter.java:116) ~[spring-web-6.1.10.jar:6.1.10]
	at io.undertow.servlet.core.ManagedFilter.doFilter(ManagedFilter.java:67) ~[undertow-servlet-2.3.13.Final.jar:2.3.13.Final]
	at io.undertow.servlet.handlers.FilterHandler$FilterChainImpl.doFilter(FilterHandler.java:131) ~[undertow-servlet-2.3.13.Final.jar:2.3.13.Final]
	at org.springframework.web.filter.RequestContextFilter.doFilterInternal(RequestContextFilter.java:100) ~[spring-web-6.1.10.jar:6.1.10]
	at org.springframework.web.filter.OncePerRequestFilter.doFilter(OncePerRequestFilter.java:116) ~[spring-web-6.1.10.jar:6.1.10]
	at io.undertow.servlet.core.ManagedFilter.doFilter(ManagedFilter.java:67) ~[undertow-servlet-2.3.13.Final.jar:2.3.13.Final]
	at io.undertow.servlet.handlers.FilterHandler$FilterChainImpl.doFilter(FilterHandler.java:131) ~[undertow-servlet-2.3.13.Final.jar:2.3.13.Final]
	at org.springframework.web.filter.FormContentFilter.doFilterInternal(FormContentFilter.java:93) ~[spring-web-6.1.10.jar:6.1.10]
	at org.springframework.web.filter.OncePerRequestFilter.doFilter(OncePerRequestFilter.java:116) ~[spring-web-6.1.10.jar:6.1.10]
	at io.undertow.servlet.core.ManagedFilter.doFilter(ManagedFilter.java:67) ~[undertow-servlet-2.3.13.Final.jar:2.3.13.Final]
	at io.undertow.servlet.handlers.FilterHandler$FilterChainImpl.doFilter(FilterHandler.java:131) ~[undertow-servlet-2.3.13.Final.jar:2.3.13.Final]
	at org.springframework.web.filter.CharacterEncodingFilter.doFilterInternal(CharacterEncodingFilter.java:201) ~[spring-web-6.1.10.jar:6.1.10]
	at org.springframework.web.filter.OncePerRequestFilter.doFilter(OncePerRequestFilter.java:116) ~[spring-web-6.1.10.jar:6.1.10]
	at io.undertow.servlet.core.ManagedFilter.doFilter(ManagedFilter.java:67) ~[undertow-servlet-2.3.13.Final.jar:2.3.13.Final]
	at io.undertow.servlet.handlers.FilterHandler$FilterChainImpl.doFilter(FilterHandler.java:131) ~[undertow-servlet-2.3.13.Final.jar:2.3.13.Final]
	at io.undertow.servlet.handlers.FilterHandler.handleRequest(FilterHandler.java:84) ~[undertow-servlet-2.3.13.Final.jar:2.3.13.Final]
	at io.undertow.servlet.handlers.security.ServletSecurityRoleHandler.handleRequest(ServletSecurityRoleHandler.java:62) ~[undertow-servlet-2.3.13.Final.jar:2.3.13.Final]
	at io.undertow.servlet.handlers.ServletChain$1.handleRequest(ServletChain.java:68) ~[undertow-servlet-2.3.13.Final.jar:2.3.13.Final]
	at io.undertow.servlet.handlers.ServletDispatchingHandler.handleRequest(ServletDispatchingHandler.java:36) ~[undertow-servlet-2.3.13.Final.jar:2.3.13.Final]
	at io.undertow.servlet.handlers.RedirectDirHandler.handleRequest(RedirectDirHandler.java:68) ~[undertow-servlet-2.3.13.Final.jar:2.3.13.Final]
	at io.undertow.servlet.handlers.security.SSLInformationAssociationHandler.handleRequest(SSLInformationAssociationHandler.java:117) ~[undertow-servlet-2.3.13.Final.jar:2.3.13.Final]
	at io.undertow.servlet.handlers.security.ServletAuthenticationCallHandler.handleRequest(ServletAuthenticationCallHandler.java:57) ~[undertow-servlet-2.3.13.Final.jar:2.3.13.Final]
	at io.undertow.server.handlers.PredicateHandler.handleRequest(PredicateHandler.java:43) ~[undertow-core-2.3.13.Final.jar:2.3.13.Final]
	at io.undertow.security.handlers.AbstractConfidentialityHandler.handleRequest(AbstractConfidentialityHandler.java:46) ~[undertow-core-2.3.13.Final.jar:2.3.13.Final]
	at io.undertow.servlet.handlers.security.ServletConfidentialityConstraintHandler.handleRequest(ServletConfidentialityConstraintHandler.java:64) ~[undertow-servlet-2.3.13.Final.jar:2.3.13.Final]
	at io.undertow.security.handlers.AuthenticationMechanismsHandler.handleRequest(AuthenticationMechanismsHandler.java:60) ~[undertow-core-2.3.13.Final.jar:2.3.13.Final]
	at io.undertow.servlet.handlers.security.CachedAuthenticatedSessionHandler.handleRequest(CachedAuthenticatedSessionHandler.java:77) ~[undertow-servlet-2.3.13.Final.jar:2.3.13.Final]
	at io.undertow.security.handlers.AbstractSecurityContextAssociationHandler.handleRequest(AbstractSecurityContextAssociationHandler.java:43) ~[undertow-core-2.3.13.Final.jar:2.3.13.Final]
	at io.undertow.server.handlers.PredicateHandler.handleRequest(PredicateHandler.java:43) ~[undertow-core-2.3.13.Final.jar:2.3.13.Final]
	at io.undertow.servlet.handlers.SendErrorPageHandler.handleRequest(SendErrorPageHandler.java:52) ~[undertow-servlet-2.3.13.Final.jar:2.3.13.Final]
	at io.undertow.server.handlers.PredicateHandler.handleRequest(PredicateHandler.java:43) ~[undertow-core-2.3.13.Final.jar:2.3.13.Final]
	at io.undertow.servlet.handlers.ServletInitialHandler.handleFirstRequest(ServletInitialHandler.java:276) ~[undertow-servlet-2.3.13.Final.jar:2.3.13.Final]
	at io.undertow.servlet.handlers.ServletInitialHandler$2.call(ServletInitialHandler.java:135) ~[undertow-servlet-2.3.13.Final.jar:2.3.13.Final]
	at io.undertow.servlet.handlers.ServletInitialHandler$2.call(ServletInitialHandler.java:132) ~[undertow-servlet-2.3.13.Final.jar:2.3.13.Final]
	at io.undertow.servlet.core.ServletRequestContextThreadSetupAction$1.call(ServletRequestContextThreadSetupAction.java:48) ~[undertow-servlet-2.3.13.Final.jar:2.3.13.Final]
	at io.undertow.servlet.core.ContextClassLoaderSetupAction$1.call(ContextClassLoaderSetupAction.java:43) ~[undertow-servlet-2.3.13.Final.jar:2.3.13.Final]
	at io.undertow.servlet.handlers.ServletInitialHandler.dispatchRequest(ServletInitialHandler.java:256) ~[undertow-servlet-2.3.13.Final.jar:2.3.13.Final]
	at io.undertow.servlet.handlers.ServletInitialHandler$1.handleRequest(ServletInitialHandler.java:101) ~[undertow-servlet-2.3.13.Final.jar:2.3.13.Final]
	at io.undertow.server.Connectors.executeRootHandler(Connectors.java:393) ~[undertow-core-2.3.13.Final.jar:2.3.13.Final]
	at io.undertow.server.HttpServerExchange$1.run(HttpServerExchange.java:859) ~[undertow-core-2.3.13.Final.jar:2.3.13.Final]
	at org.jboss.threads.ContextHandler$1.runWith(ContextHandler.java:18) ~[jboss-threads-3.5.0.Final.jar:3.5.0.Final]
	at org.jboss.threads.EnhancedQueueExecutor$Task.run(EnhancedQueueExecutor.java:2513) ~[jboss-threads-3.5.0.Final.jar:3.5.0.Final]
	at org.jboss.threads.EnhancedQueueExecutor$ThreadBody.run(EnhancedQueueExecutor.java:1538) ~[jboss-threads-3.5.0.Final.jar:3.5.0.Final]
	at org.xnio.XnioWorker$WorkerThreadFactory$1$1.run(XnioWorker.java:1282) ~[xnio-api-3.8.8.Final.jar:3.8.8.Final]
	at java.base/java.lang.Thread.run(Thread.java:1583) [?:?]
	Suppressed: org.springframework.web.context.request.async.AsyncRequestNotUsableException: Response not usable after response errors.
		at org.springframework.web.context.request.async.StandardServletAsyncWebRequest$LifecycleHttpServletResponse.obtainLockAndCheckState(StandardServletAsyncWebRequest.java:314) ~[spring-web-6.1.10.jar:6.1.10]
		at org.springframework.web.context.request.async.StandardServletAsyncWebRequest$LifecycleServletOutputStream.write(StandardServletAsyncWebRequest.java:373) ~[spring-web-6.1.10.jar:6.1.10]
		at org.springframework.util.StreamUtils$NonClosingOutputStream.write(StreamUtils.java:261) ~[spring-core-6.1.10.jar:6.1.10]
		at com.fasterxml.jackson.core.json.UTF8JsonGenerator._flushBuffer(UTF8JsonGenerator.java:2210) ~[jackson-core-2.17.1.jar:2.17.1]
		at com.fasterxml.jackson.core.json.UTF8JsonGenerator.close(UTF8JsonGenerator.java:1234) ~[jackson-core-2.17.1.jar:2.17.1]
		at org.springframework.http.converter.json.AbstractJackson2HttpMessageConverter.writeInternal(AbstractJackson2HttpMessageConverter.java:452) ~[spring-web-6.1.10.jar:6.1.10]
		at org.springframework.http.converter.AbstractGenericHttpMessageConverter.write(AbstractGenericHttpMessageConverter.java:114) ~[spring-web-6.1.10.jar:6.1.10]
		at org.springframework.web.servlet.mvc.method.annotation.AbstractMessageConverterMethodProcessor.writeWithMessageConverters(AbstractMessageConverterMethodProcessor.java:297) ~[spring-webmvc-6.1.10.jar:6.1.10]
		at org.springframework.web.servlet.mvc.method.annotation.RequestResponseBodyMethodProcessor.handleReturnValue(RequestResponseBodyMethodProcessor.java:192) ~[spring-webmvc-6.1.10.jar:6.1.10]
		at org.springframework.web.method.support.HandlerMethodReturnValueHandlerComposite.handleReturnValue(HandlerMethodReturnValueHandlerComposite.java:78) ~[spring-web-6.1.10.jar:6.1.10]
		at org.springframework.web.servlet.mvc.method.annotation.ServletInvocableHandlerMethod.invokeAndHandle(ServletInvocableHandlerMethod.java:136) ~[spring-webmvc-6.1.10.jar:6.1.10]
		at org.springframework.web.servlet.mvc.method.annotation.RequestMappingHandlerAdapter.invokeHandlerMethod(RequestMappingHandlerAdapter.java:926) ~[spring-webmvc-6.1.10.jar:6.1.10]
		at org.springframework.web.servlet.mvc.method.annotation.RequestMappingHandlerAdapter.handleInternal(RequestMappingHandlerAdapter.java:831) ~[spring-webmvc-6.1.10.jar:6.1.10]
		at org.springframework.web.servlet.mvc.method.AbstractHandlerMethodAdapter.handle(AbstractHandlerMethodAdapter.java:87) ~[spring-webmvc-6.1.10.jar:6.1.10]
		at org.springframework.web.servlet.DispatcherServlet.doDispatch(DispatcherServlet.java:1089) ~[spring-webmvc-6.1.10.jar:6.1.10]
		at org.springframework.web.servlet.DispatcherServlet.doService(DispatcherServlet.java:979) ~[spring-webmvc-6.1.10.jar:6.1.10]
		at org.springframework.web.servlet.FrameworkServlet.processRequest(FrameworkServlet.java:1014) ~[spring-webmvc-6.1.10.jar:6.1.10]
		at org.springframework.web.servlet.FrameworkServlet.doPost(FrameworkServlet.java:914) ~[spring-webmvc-6.1.10.jar:6.1.10]
		at jakarta.servlet.http.HttpServlet.service(HttpServlet.java:547) ~[jakarta.servlet-api-6.0.0.jar:6.0.0]
		at org.springframework.web.servlet.FrameworkServlet.service(FrameworkServlet.java:885) ~[spring-webmvc-6.1.10.jar:6.1.10]
		at jakarta.servlet.http.HttpServlet.service(HttpServlet.java:614) ~[jakarta.servlet-api-6.0.0.jar:6.0.0]
		at io.undertow.servlet.handlers.ServletHandler.handleRequest(ServletHandler.java:74) ~[undertow-servlet-2.3.13.Final.jar:2.3.13.Final]
		at io.undertow.servlet.handlers.FilterHandler$FilterChainImpl.doFilter(FilterHandler.java:129) ~[undertow-servlet-2.3.13.Final.jar:2.3.13.Final]
		at org.springframework.web.filter.CorsFilter.doFilterInternal(CorsFilter.java:91) ~[spring-web-6.1.10.jar:6.1.10]
		at org.springframework.web.filter.OncePerRequestFilter.doFilter(OncePerRequestFilter.java:116) ~[spring-web-6.1.10.jar:6.1.10]
		at io.undertow.servlet.core.ManagedFilter.doFilter(ManagedFilter.java:67) ~[undertow-servlet-2.3.13.Final.jar:2.3.13.Final]
		at io.undertow.servlet.handlers.FilterHandler$FilterChainImpl.doFilter(FilterHandler.java:131) ~[undertow-servlet-2.3.13.Final.jar:2.3.13.Final]
		at org.springframework.web.filter.RequestContextFilter.doFilterInternal(RequestContextFilter.java:100) ~[spring-web-6.1.10.jar:6.1.10]
		at org.springframework.web.filter.OncePerRequestFilter.doFilter(OncePerRequestFilter.java:116) ~[spring-web-6.1.10.jar:6.1.10]
		at io.undertow.servlet.core.ManagedFilter.doFilter(ManagedFilter.java:67) ~[undertow-servlet-2.3.13.Final.jar:2.3.13.Final]
		at io.undertow.servlet.handlers.FilterHandler$FilterChainImpl.doFilter(FilterHandler.java:131) ~[undertow-servlet-2.3.13.Final.jar:2.3.13.Final]
		at org.springframework.web.filter.FormContentFilter.doFilterInternal(FormContentFilter.java:93) ~[spring-web-6.1.10.jar:6.1.10]
		at org.springframework.web.filter.OncePerRequestFilter.doFilter(OncePerRequestFilter.java:116) ~[spring-web-6.1.10.jar:6.1.10]
		at io.undertow.servlet.core.ManagedFilter.doFilter(ManagedFilter.java:67) ~[undertow-servlet-2.3.13.Final.jar:2.3.13.Final]
		at io.undertow.servlet.handlers.FilterHandler$FilterChainImpl.doFilter(FilterHandler.java:131) ~[undertow-servlet-2.3.13.Final.jar:2.3.13.Final]
		at org.springframework.web.filter.CharacterEncodingFilter.doFilterInternal(CharacterEncodingFilter.java:201) ~[spring-web-6.1.10.jar:6.1.10]
		at org.springframework.web.filter.OncePerRequestFilter.doFilter(OncePerRequestFilter.java:116) ~[spring-web-6.1.10.jar:6.1.10]
		at io.undertow.servlet.core.ManagedFilter.doFilter(ManagedFilter.java:67) ~[undertow-servlet-2.3.13.Final.jar:2.3.13.Final]
		at io.undertow.servlet.handlers.FilterHandler$FilterChainImpl.doFilter(FilterHandler.java:131) ~[undertow-servlet-2.3.13.Final.jar:2.3.13.Final]
		at io.undertow.servlet.handlers.FilterHandler.handleRequest(FilterHandler.java:84) ~[undertow-servlet-2.3.13.Final.jar:2.3.13.Final]
		at io.undertow.servlet.handlers.security.ServletSecurityRoleHandler.handleRequest(ServletSecurityRoleHandler.java:62) ~[undertow-servlet-2.3.13.Final.jar:2.3.13.Final]
		at io.undertow.servlet.handlers.ServletChain$1.handleRequest(ServletChain.java:68) ~[undertow-servlet-2.3.13.Final.jar:2.3.13.Final]
		at io.undertow.servlet.handlers.ServletDispatchingHandler.handleRequest(ServletDispatchingHandler.java:36) ~[undertow-servlet-2.3.13.Final.jar:2.3.13.Final]
		at io.undertow.servlet.handlers.RedirectDirHandler.handleRequest(RedirectDirHandler.java:68) ~[undertow-servlet-2.3.13.Final.jar:2.3.13.Final]
		at io.undertow.servlet.handlers.security.SSLInformationAssociationHandler.handleRequest(SSLInformationAssociationHandler.java:117) ~[undertow-servlet-2.3.13.Final.jar:2.3.13.Final]
		at io.undertow.servlet.handlers.security.ServletAuthenticationCallHandler.handleRequest(ServletAuthenticationCallHandler.java:57) ~[undertow-servlet-2.3.13.Final.jar:2.3.13.Final]
		at io.undertow.server.handlers.PredicateHandler.handleRequest(PredicateHandler.java:43) ~[undertow-core-2.3.13.Final.jar:2.3.13.Final]
		at io.undertow.security.handlers.AbstractConfidentialityHandler.handleRequest(AbstractConfidentialityHandler.java:46) ~[undertow-core-2.3.13.Final.jar:2.3.13.Final]
		at io.undertow.servlet.handlers.security.ServletConfidentialityConstraintHandler.handleRequest(ServletConfidentialityConstraintHandler.java:64) ~[undertow-servlet-2.3.13.Final.jar:2.3.13.Final]
		at io.undertow.security.handlers.AuthenticationMechanismsHandler.handleRequest(AuthenticationMechanismsHandler.java:60) ~[undertow-core-2.3.13.Final.jar:2.3.13.Final]
		at io.undertow.servlet.handlers.security.CachedAuthenticatedSessionHandler.handleRequest(CachedAuthenticatedSessionHandler.java:77) ~[undertow-servlet-2.3.13.Final.jar:2.3.13.Final]
		at io.undertow.security.handlers.AbstractSecurityContextAssociationHandler.handleRequest(AbstractSecurityContextAssociationHandler.java:43) ~[undertow-core-2.3.13.Final.jar:2.3.13.Final]
		at io.undertow.server.handlers.PredicateHandler.handleRequest(PredicateHandler.java:43) ~[undertow-core-2.3.13.Final.jar:2.3.13.Final]
		at io.undertow.servlet.handlers.SendErrorPageHandler.handleRequest(SendErrorPageHandler.java:52) ~[undertow-servlet-2.3.13.Final.jar:2.3.13.Final]
		at io.undertow.server.handlers.PredicateHandler.handleRequest(PredicateHandler.java:43) ~[undertow-core-2.3.13.Final.jar:2.3.13.Final]
		at io.undertow.servlet.handlers.ServletInitialHandler.handleFirstRequest(ServletInitialHandler.java:276) ~[undertow-servlet-2.3.13.Final.jar:2.3.13.Final]
		at io.undertow.servlet.handlers.ServletInitialHandler$2.call(ServletInitialHandler.java:135) ~[undertow-servlet-2.3.13.Final.jar:2.3.13.Final]
		at io.undertow.servlet.handlers.ServletInitialHandler$2.call(ServletInitialHandler.java:132) ~[undertow-servlet-2.3.13.Final.jar:2.3.13.Final]
		at io.undertow.servlet.core.ServletRequestContextThreadSetupAction$1.call(ServletRequestContextThreadSetupAction.java:48) ~[undertow-servlet-2.3.13.Final.jar:2.3.13.Final]
		at io.undertow.servlet.core.ContextClassLoaderSetupAction$1.call(ContextClassLoaderSetupAction.java:43) ~[undertow-servlet-2.3.13.Final.jar:2.3.13.Final]
		at io.undertow.servlet.handlers.ServletInitialHandler.dispatchRequest(ServletInitialHandler.java:256) ~[undertow-servlet-2.3.13.Final.jar:2.3.13.Final]
		at io.undertow.servlet.handlers.ServletInitialHandler$1.handleRequest(ServletInitialHandler.java:101) ~[undertow-servlet-2.3.13.Final.jar:2.3.13.Final]
		at io.undertow.server.Connectors.executeRootHandler(Connectors.java:393) ~[undertow-core-2.3.13.Final.jar:2.3.13.Final]
		at io.undertow.server.HttpServerExchange$1.run(HttpServerExchange.java:859) ~[undertow-core-2.3.13.Final.jar:2.3.13.Final]
		at org.jboss.threads.ContextHandler$1.runWith(ContextHandler.java:18) ~[jboss-threads-3.5.0.Final.jar:3.5.0.Final]
		at org.jboss.threads.EnhancedQueueExecutor$Task.run(EnhancedQueueExecutor.java:2513) ~[jboss-threads-3.5.0.Final.jar:3.5.0.Final]
		at org.jboss.threads.EnhancedQueueExecutor$ThreadBody.run(EnhancedQueueExecutor.java:1538) ~[jboss-threads-3.5.0.Final.jar:3.5.0.Final]
		at org.xnio.XnioWorker$WorkerThreadFactory$1$1.run(XnioWorker.java:1282) ~[xnio-api-3.8.8.Final.jar:3.8.8.Final]
		at java.base/java.lang.Thread.run(Thread.java:1583) [?:?]
Caused by: java.io.IOException: Broken pipe
	at java.base/sun.nio.ch.SocketDispatcher.write0(Native Method) ~[?:?]
	at java.base/sun.nio.ch.SocketDispatcher.write(SocketDispatcher.java:62) ~[?:?]
	at java.base/sun.nio.ch.IOUtil.writeFromNativeBuffer(IOUtil.java:137) ~[?:?]
	at java.base/sun.nio.ch.IOUtil.write(IOUtil.java:81) ~[?:?]
	at java.base/sun.nio.ch.IOUtil.write(IOUtil.java:58) ~[?:?]
	at java.base/sun.nio.ch.SocketChannelImpl.write(SocketChannelImpl.java:542) ~[?:?]
	at org.xnio.nio.NioSocketConduit.write(NioSocketConduit.java:153) ~[xnio-nio-3.8.8.Final.jar:3.8.8.Final]
	at io.undertow.server.protocol.http.HttpResponseConduit.write(HttpResponseConduit.java:629) ~[undertow-core-2.3.13.Final.jar:2.3.13.Final]
	at org.xnio.conduits.AbstractStreamSinkConduit.write(AbstractStreamSinkConduit.java:51) ~[xnio-api-3.8.8.Final.jar:3.8.8.Final]
	at io.undertow.conduits.DeflatingStreamSinkConduit.performFlushIfRequiredSingleBuffer(DeflatingStreamSinkConduit.java:445) ~[undertow-core-2.3.13.Final.jar:2.3.13.Final]
	at io.undertow.conduits.DeflatingStreamSinkConduit.performFlushIfRequired(DeflatingStreamSinkConduit.java:432) ~[undertow-core-2.3.13.Final.jar:2.3.13.Final]
	at io.undertow.conduits.DeflatingStreamSinkConduit.deflateData(DeflatingStreamSinkConduit.java:522) ~[undertow-core-2.3.13.Final.jar:2.3.13.Final]
	at io.undertow.conduits.DeflatingStreamSinkConduit.write(DeflatingStreamSinkConduit.java:130) ~[undertow-core-2.3.13.Final.jar:2.3.13.Final]
	at io.undertow.conduits.DeflatingStreamSinkConduit.write(DeflatingStreamSinkConduit.java:165) ~[undertow-core-2.3.13.Final.jar:2.3.13.Final]
	at org.xnio.conduits.ConduitStreamSinkChannel.write(ConduitStreamSinkChannel.java:158) ~[xnio-api-3.8.8.Final.jar:3.8.8.Final]
	at io.undertow.channels.DetachableStreamSinkChannel.write(DetachableStreamSinkChannel.java:179) ~[undertow-core-2.3.13.Final.jar:2.3.13.Final]
	at io.undertow.server.HttpServerExchange$WriteDispatchChannel.write(HttpServerExchange.java:2172) ~[undertow-core-2.3.13.Final.jar:2.3.13.Final]
	at org.xnio.channels.Channels.writeBlocking(Channels.java:202) ~[xnio-api-3.8.8.Final.jar:3.8.8.Final]
	at io.undertow.servlet.spec.ServletOutputStreamImpl.writeTooLargeForBuffer(ServletOutputStreamImpl.java:201) ~[undertow-servlet-2.3.13.Final.jar:2.3.13.Final]
	at io.undertow.servlet.spec.ServletOutputStreamImpl.write(ServletOutputStreamImpl.java:149) ~[undertow-servlet-2.3.13.Final.jar:2.3.13.Final]
	at org.springframework.web.context.request.async.StandardServletAsyncWebRequest$LifecycleServletOutputStream.write(StandardServletAsyncWebRequest.java:375) ~[spring-web-6.1.10.jar:6.1.10]
	... 83 more
[2026-05-21 14:08:05.360] ERROR XNIO-1 task-6 com.jts.gjcxfzksh.exception.handler.GlobalExceptionHandler[63] - 请求地址'/pt/network/tile',发生系统异常. 
org.springframework.web.context.request.async.AsyncRequestNotUsableException: ServletOutputStream failed to write: Broken pipe
	at org.springframework.web.context.request.async.StandardServletAsyncWebRequest$LifecycleHttpServletResponse.handleIOException(StandardServletAsyncWebRequest.java:320) ~[spring-web-6.1.10.jar:6.1.10]
	at org.springframework.web.context.request.async.StandardServletAsyncWebRequest$LifecycleServletOutputStream.write(StandardServletAsyncWebRequest.java:378) ~[spring-web-6.1.10.jar:6.1.10]
	at org.springframework.util.StreamUtils$NonClosingOutputStream.write(StreamUtils.java:261) ~[spring-core-6.1.10.jar:6.1.10]
	at com.fasterxml.jackson.core.json.UTF8JsonGenerator._flushBuffer(UTF8JsonGenerator.java:2210) ~[jackson-core-2.17.1.jar:2.17.1]
	at com.fasterxml.jackson.core.json.UTF8JsonGenerator._writeBytes(UTF8JsonGenerator.java:1297) ~[jackson-core-2.17.1.jar:2.17.1]
	at com.fasterxml.jackson.core.json.UTF8JsonGenerator.writeFieldName(UTF8JsonGenerator.java:287) ~[jackson-core-2.17.1.jar:2.17.1]
	at com.fasterxml.jackson.databind.ser.BeanPropertyWriter.serializeAsField(BeanPropertyWriter.java:730) ~[jackson-databind-2.17.1.jar:2.17.1]
	at com.fasterxml.jackson.databind.ser.std.BeanSerializerBase.serializeFields(BeanSerializerBase.java:770) ~[jackson-databind-2.17.1.jar:2.17.1]
	at com.fasterxml.jackson.databind.ser.BeanSerializer.serialize(BeanSerializer.java:183) ~[jackson-databind-2.17.1.jar:2.17.1]
	at com.fasterxml.jackson.databind.ser.impl.IndexedListSerializer.serializeContents(IndexedListSerializer.java:119) ~[jackson-databind-2.17.1.jar:2.17.1]
	at com.fasterxml.jackson.databind.ser.impl.IndexedListSerializer.serialize(IndexedListSerializer.java:79) ~[jackson-databind-2.17.1.jar:2.17.1]
	at com.fasterxml.jackson.databind.ser.impl.IndexedListSerializer.serialize(IndexedListSerializer.java:18) ~[jackson-databind-2.17.1.jar:2.17.1]
	at com.fasterxml.jackson.databind.ser.BeanPropertyWriter.serializeAsField(BeanPropertyWriter.java:732) ~[jackson-databind-2.17.1.jar:2.17.1]
	at com.fasterxml.jackson.databind.ser.std.BeanSerializerBase.serializeFields(BeanSerializerBase.java:770) ~[jackson-databind-2.17.1.jar:2.17.1]
	at com.fasterxml.jackson.databind.ser.BeanSerializer.serialize(BeanSerializer.java:183) ~[jackson-databind-2.17.1.jar:2.17.1]
	at com.fasterxml.jackson.databind.ser.DefaultSerializerProvider._serialize(DefaultSerializerProvider.java:502) ~[jackson-databind-2.17.1.jar:2.17.1]
	at com.fasterxml.jackson.databind.ser.DefaultSerializerProvider.serializeValue(DefaultSerializerProvider.java:341) ~[jackson-databind-2.17.1.jar:2.17.1]
	at com.fasterxml.jackson.databind.ObjectWriter$Prefetch.serialize(ObjectWriter.java:1574) ~[jackson-databind-2.17.1.jar:2.17.1]
	at com.fasterxml.jackson.databind.ObjectWriter.writeValue(ObjectWriter.java:1061) ~[jackson-databind-2.17.1.jar:2.17.1]
	at org.springframework.http.converter.json.AbstractJackson2HttpMessageConverter.writeInternal(AbstractJackson2HttpMessageConverter.java:483) ~[spring-web-6.1.10.jar:6.1.10]
	at org.springframework.http.converter.AbstractGenericHttpMessageConverter.write(AbstractGenericHttpMessageConverter.java:114) ~[spring-web-6.1.10.jar:6.1.10]
	at org.springframework.web.servlet.mvc.method.annotation.AbstractMessageConverterMethodProcessor.writeWithMessageConverters(AbstractMessageConverterMethodProcessor.java:297) ~[spring-webmvc-6.1.10.jar:6.1.10]
	at org.springframework.web.servlet.mvc.method.annotation.RequestResponseBodyMethodProcessor.handleReturnValue(RequestResponseBodyMethodProcessor.java:192) ~[spring-webmvc-6.1.10.jar:6.1.10]
	at org.springframework.web.method.support.HandlerMethodReturnValueHandlerComposite.handleReturnValue(HandlerMethodReturnValueHandlerComposite.java:78) ~[spring-web-6.1.10.jar:6.1.10]
	at org.springframework.web.servlet.mvc.method.annotation.ServletInvocableHandlerMethod.invokeAndHandle(ServletInvocableHandlerMethod.java:136) ~[spring-webmvc-6.1.10.jar:6.1.10]
	at org.springframework.web.servlet.mvc.method.annotation.RequestMappingHandlerAdapter.invokeHandlerMethod(RequestMappingHandlerAdapter.java:926) ~[spring-webmvc-6.1.10.jar:6.1.10]
	at org.springframework.web.servlet.mvc.method.annotation.RequestMappingHandlerAdapter.handleInternal(RequestMappingHandlerAdapter.java:831) ~[spring-webmvc-6.1.10.jar:6.1.10]
	at org.springframework.web.servlet.mvc.method.AbstractHandlerMethodAdapter.handle(AbstractHandlerMethodAdapter.java:87) ~[spring-webmvc-6.1.10.jar:6.1.10]
	at org.springframework.web.servlet.DispatcherServlet.doDispatch(DispatcherServlet.java:1089) ~[spring-webmvc-6.1.10.jar:6.1.10]
	at org.springframework.web.servlet.DispatcherServlet.doService(DispatcherServlet.java:979) ~[spring-webmvc-6.1.10.jar:6.1.10]
	at org.springframework.web.servlet.FrameworkServlet.processRequest(FrameworkServlet.java:1014) ~[spring-webmvc-6.1.10.jar:6.1.10]
	at org.springframework.web.servlet.FrameworkServlet.doPost(FrameworkServlet.java:914) ~[spring-webmvc-6.1.10.jar:6.1.10]
	at jakarta.servlet.http.HttpServlet.service(HttpServlet.java:547) ~[jakarta.servlet-api-6.0.0.jar:6.0.0]
	at org.springframework.web.servlet.FrameworkServlet.service(FrameworkServlet.java:885) ~[spring-webmvc-6.1.10.jar:6.1.10]
	at jakarta.servlet.http.HttpServlet.service(HttpServlet.java:614) ~[jakarta.servlet-api-6.0.0.jar:6.0.0]
	at io.undertow.servlet.handlers.ServletHandler.handleRequest(ServletHandler.java:74) ~[undertow-servlet-2.3.13.Final.jar:2.3.13.Final]
	at io.undertow.servlet.handlers.FilterHandler$FilterChainImpl.doFilter(FilterHandler.java:129) ~[undertow-servlet-2.3.13.Final.jar:2.3.13.Final]
	at org.springframework.web.filter.CorsFilter.doFilterInternal(CorsFilter.java:91) ~[spring-web-6.1.10.jar:6.1.10]
	at org.springframework.web.filter.OncePerRequestFilter.doFilter(OncePerRequestFilter.java:116) ~[spring-web-6.1.10.jar:6.1.10]
	at io.undertow.servlet.core.ManagedFilter.doFilter(ManagedFilter.java:67) ~[undertow-servlet-2.3.13.Final.jar:2.3.13.Final]
	at io.undertow.servlet.handlers.FilterHandler$FilterChainImpl.doFilter(FilterHandler.java:131) ~[undertow-servlet-2.3.13.Final.jar:2.3.13.Final]
	at org.springframework.web.filter.RequestContextFilter.doFilterInternal(RequestContextFilter.java:100) ~[spring-web-6.1.10.jar:6.1.10]
	at org.springframework.web.filter.OncePerRequestFilter.doFilter(OncePerRequestFilter.java:116) ~[spring-web-6.1.10.jar:6.1.10]
	at io.undertow.servlet.core.ManagedFilter.doFilter(ManagedFilter.java:67) ~[undertow-servlet-2.3.13.Final.jar:2.3.13.Final]
	at io.undertow.servlet.handlers.FilterHandler$FilterChainImpl.doFilter(FilterHandler.java:131) ~[undertow-servlet-2.3.13.Final.jar:2.3.13.Final]
	at org.springframework.web.filter.FormContentFilter.doFilterInternal(FormContentFilter.java:93) ~[spring-web-6.1.10.jar:6.1.10]
	at org.springframework.web.filter.OncePerRequestFilter.doFilter(OncePerRequestFilter.java:116) ~[spring-web-6.1.10.jar:6.1.10]
	at io.undertow.servlet.core.ManagedFilter.doFilter(ManagedFilter.java:67) ~[undertow-servlet-2.3.13.Final.jar:2.3.13.Final]
	at io.undertow.servlet.handlers.FilterHandler$FilterChainImpl.doFilter(FilterHandler.java:131) ~[undertow-servlet-2.3.13.Final.jar:2.3.13.Final]
	at org.springframework.web.filter.CharacterEncodingFilter.doFilterInternal(CharacterEncodingFilter.java:201) ~[spring-web-6.1.10.jar:6.1.10]
	at org.springframework.web.filter.OncePerRequestFilter.doFilter(OncePerRequestFilter.java:116) ~[spring-web-6.1.10.jar:6.1.10]
	at io.undertow.servlet.core.ManagedFilter.doFilter(ManagedFilter.java:67) ~[undertow-servlet-2.3.13.Final.jar:2.3.13.Final]
	at io.undertow.servlet.handlers.FilterHandler$FilterChainImpl.doFilter(FilterHandler.java:131) ~[undertow-servlet-2.3.13.Final.jar:2.3.13.Final]
	at io.undertow.servlet.handlers.FilterHandler.handleRequest(FilterHandler.java:84) ~[undertow-servlet-2.3.13.Final.jar:2.3.13.Final]
	at io.undertow.servlet.handlers.security.ServletSecurityRoleHandler.handleRequest(ServletSecurityRoleHandler.java:62) ~[undertow-servlet-2.3.13.Final.jar:2.3.13.Final]
	at io.undertow.servlet.handlers.ServletChain$1.handleRequest(ServletChain.java:68) ~[undertow-servlet-2.3.13.Final.jar:2.3.13.Final]
	at io.undertow.servlet.handlers.ServletDispatchingHandler.handleRequest(ServletDispatchingHandler.java:36) ~[undertow-servlet-2.3.13.Final.jar:2.3.13.Final]
	at io.undertow.servlet.handlers.RedirectDirHandler.handleRequest(RedirectDirHandler.java:68) ~[undertow-servlet-2.3.13.Final.jar:2.3.13.Final]
	at io.undertow.servlet.handlers.security.SSLInformationAssociationHandler.handleRequest(SSLInformationAssociationHandler.java:117) ~[undertow-servlet-2.3.13.Final.jar:2.3.13.Final]
	at io.undertow.servlet.handlers.security.ServletAuthenticationCallHandler.handleRequest(ServletAuthenticationCallHandler.java:57) ~[undertow-servlet-2.3.13.Final.jar:2.3.13.Final]
	at io.undertow.server.handlers.PredicateHandler.handleRequest(PredicateHandler.java:43) ~[undertow-core-2.3.13.Final.jar:2.3.13.Final]
	at io.undertow.security.handlers.AbstractConfidentialityHandler.handleRequest(AbstractConfidentialityHandler.java:46) ~[undertow-core-2.3.13.Final.jar:2.3.13.Final]
	at io.undertow.servlet.handlers.security.ServletConfidentialityConstraintHandler.handleRequest(ServletConfidentialityConstraintHandler.java:64) ~[undertow-servlet-2.3.13.Final.jar:2.3.13.Final]
	at io.undertow.security.handlers.AuthenticationMechanismsHandler.handleRequest(AuthenticationMechanismsHandler.java:60) ~[undertow-core-2.3.13.Final.jar:2.3.13.Final]
	at io.undertow.servlet.handlers.security.CachedAuthenticatedSessionHandler.handleRequest(CachedAuthenticatedSessionHandler.java:77) ~[undertow-servlet-2.3.13.Final.jar:2.3.13.Final]
	at io.undertow.security.handlers.AbstractSecurityContextAssociationHandler.handleRequest(AbstractSecurityContextAssociationHandler.java:43) ~[undertow-core-2.3.13.Final.jar:2.3.13.Final]
	at io.undertow.server.handlers.PredicateHandler.handleRequest(PredicateHandler.java:43) ~[undertow-core-2.3.13.Final.jar:2.3.13.Final]
	at io.undertow.servlet.handlers.SendErrorPageHandler.handleRequest(SendErrorPageHandler.java:52) ~[undertow-servlet-2.3.13.Final.jar:2.3.13.Final]
	at io.undertow.server.handlers.PredicateHandler.handleRequest(PredicateHandler.java:43) ~[undertow-core-2.3.13.Final.jar:2.3.13.Final]
	at io.undertow.servlet.handlers.ServletInitialHandler.handleFirstRequest(ServletInitialHandler.java:276) ~[undertow-servlet-2.3.13.Final.jar:2.3.13.Final]
	at io.undertow.servlet.handlers.ServletInitialHandler$2.call(ServletInitialHandler.java:135) ~[undertow-servlet-2.3.13.Final.jar:2.3.13.Final]
	at io.undertow.servlet.handlers.ServletInitialHandler$2.call(ServletInitialHandler.java:132) ~[undertow-servlet-2.3.13.Final.jar:2.3.13.Final]
	at io.undertow.servlet.core.ServletRequestContextThreadSetupAction$1.call(ServletRequestContextThreadSetupAction.java:48) ~[undertow-servlet-2.3.13.Final.jar:2.3.13.Final]
	at io.undertow.servlet.core.ContextClassLoaderSetupAction$1.call(ContextClassLoaderSetupAction.java:43) ~[undertow-servlet-2.3.13.Final.jar:2.3.13.Final]
	at io.undertow.servlet.handlers.ServletInitialHandler.dispatchRequest(ServletInitialHandler.java:256) ~[undertow-servlet-2.3.13.Final.jar:2.3.13.Final]
	at io.undertow.servlet.handlers.ServletInitialHandler$1.handleRequest(ServletInitialHandler.java:101) ~[undertow-servlet-2.3.13.Final.jar:2.3.13.Final]
	at io.undertow.server.Connectors.executeRootHandler(Connectors.java:393) ~[undertow-core-2.3.13.Final.jar:2.3.13.Final]
	at io.undertow.server.HttpServerExchange$1.run(HttpServerExchange.java:859) ~[undertow-core-2.3.13.Final.jar:2.3.13.Final]
	at org.jboss.threads.ContextHandler$1.runWith(ContextHandler.java:18) ~[jboss-threads-3.5.0.Final.jar:3.5.0.Final]
	at org.jboss.threads.EnhancedQueueExecutor$Task.run(EnhancedQueueExecutor.java:2513) ~[jboss-threads-3.5.0.Final.jar:3.5.0.Final]
	at org.jboss.threads.EnhancedQueueExecutor$ThreadBody.run(EnhancedQueueExecutor.java:1538) ~[jboss-threads-3.5.0.Final.jar:3.5.0.Final]
	at org.xnio.XnioWorker$WorkerThreadFactory$1$1.run(XnioWorker.java:1282) ~[xnio-api-3.8.8.Final.jar:3.8.8.Final]
	at java.base/java.lang.Thread.run(Thread.java:1583) [?:?]
	Suppressed: org.springframework.web.context.request.async.AsyncRequestNotUsableException: Response not usable after response errors.
		at org.springframework.web.context.request.async.StandardServletAsyncWebRequest$LifecycleHttpServletResponse.obtainLockAndCheckState(StandardServletAsyncWebRequest.java:314) ~[spring-web-6.1.10.jar:6.1.10]
		at org.springframework.web.context.request.async.StandardServletAsyncWebRequest$LifecycleServletOutputStream.write(StandardServletAsyncWebRequest.java:373) ~[spring-web-6.1.10.jar:6.1.10]
		at org.springframework.util.StreamUtils$NonClosingOutputStream.write(StreamUtils.java:261) ~[spring-core-6.1.10.jar:6.1.10]
		at com.fasterxml.jackson.core.json.UTF8JsonGenerator._flushBuffer(UTF8JsonGenerator.java:2210) ~[jackson-core-2.17.1.jar:2.17.1]
		at com.fasterxml.jackson.core.json.UTF8JsonGenerator.close(UTF8JsonGenerator.java:1234) ~[jackson-core-2.17.1.jar:2.17.1]
		at org.springframework.http.converter.json.AbstractJackson2HttpMessageConverter.writeInternal(AbstractJackson2HttpMessageConverter.java:452) ~[spring-web-6.1.10.jar:6.1.10]
		at org.springframework.http.converter.AbstractGenericHttpMessageConverter.write(AbstractGenericHttpMessageConverter.java:114) ~[spring-web-6.1.10.jar:6.1.10]
		at org.springframework.web.servlet.mvc.method.annotation.AbstractMessageConverterMethodProcessor.writeWithMessageConverters(AbstractMessageConverterMethodProcessor.java:297) ~[spring-webmvc-6.1.10.jar:6.1.10]
		at org.springframework.web.servlet.mvc.method.annotation.RequestResponseBodyMethodProcessor.handleReturnValue(RequestResponseBodyMethodProcessor.java:192) ~[spring-webmvc-6.1.10.jar:6.1.10]
		at org.springframework.web.method.support.HandlerMethodReturnValueHandlerComposite.handleReturnValue(HandlerMethodReturnValueHandlerComposite.java:78) ~[spring-web-6.1.10.jar:6.1.10]
		at org.springframework.web.servlet.mvc.method.annotation.ServletInvocableHandlerMethod.invokeAndHandle(ServletInvocableHandlerMethod.java:136) ~[spring-webmvc-6.1.10.jar:6.1.10]
		at org.springframework.web.servlet.mvc.method.annotation.RequestMappingHandlerAdapter.invokeHandlerMethod(RequestMappingHandlerAdapter.java:926) ~[spring-webmvc-6.1.10.jar:6.1.10]
		at org.springframework.web.servlet.mvc.method.annotation.RequestMappingHandlerAdapter.handleInternal(RequestMappingHandlerAdapter.java:831) ~[spring-webmvc-6.1.10.jar:6.1.10]
		at org.springframework.web.servlet.mvc.method.AbstractHandlerMethodAdapter.handle(AbstractHandlerMethodAdapter.java:87) ~[spring-webmvc-6.1.10.jar:6.1.10]
		at org.springframework.web.servlet.DispatcherServlet.doDispatch(DispatcherServlet.java:1089) ~[spring-webmvc-6.1.10.jar:6.1.10]
		at org.springframework.web.servlet.DispatcherServlet.doService(DispatcherServlet.java:979) ~[spring-webmvc-6.1.10.jar:6.1.10]
		at org.springframework.web.servlet.FrameworkServlet.processRequest(FrameworkServlet.java:1014) ~[spring-webmvc-6.1.10.jar:6.1.10]
		at org.springframework.web.servlet.FrameworkServlet.doPost(FrameworkServlet.java:914) ~[spring-webmvc-6.1.10.jar:6.1.10]
		at jakarta.servlet.http.HttpServlet.service(HttpServlet.java:547) ~[jakarta.servlet-api-6.0.0.jar:6.0.0]
		at org.springframework.web.servlet.FrameworkServlet.service(FrameworkServlet.java:885) ~[spring-webmvc-6.1.10.jar:6.1.10]
		at jakarta.servlet.http.HttpServlet.service(HttpServlet.java:614) ~[jakarta.servlet-api-6.0.0.jar:6.0.0]
		at io.undertow.servlet.handlers.ServletHandler.handleRequest(ServletHandler.java:74) ~[undertow-servlet-2.3.13.Final.jar:2.3.13.Final]
		at io.undertow.servlet.handlers.FilterHandler$FilterChainImpl.doFilter(FilterHandler.java:129) ~[undertow-servlet-2.3.13.Final.jar:2.3.13.Final]
		at org.springframework.web.filter.CorsFilter.doFilterInternal(CorsFilter.java:91) ~[spring-web-6.1.10.jar:6.1.10]
		at org.springframework.web.filter.OncePerRequestFilter.doFilter(OncePerRequestFilter.java:116) ~[spring-web-6.1.10.jar:6.1.10]
		at io.undertow.servlet.core.ManagedFilter.doFilter(ManagedFilter.java:67) ~[undertow-servlet-2.3.13.Final.jar:2.3.13.Final]
		at io.undertow.servlet.handlers.FilterHandler$FilterChainImpl.doFilter(FilterHandler.java:131) ~[undertow-servlet-2.3.13.Final.jar:2.3.13.Final]
		at org.springframework.web.filter.RequestContextFilter.doFilterInternal(RequestContextFilter.java:100) ~[spring-web-6.1.10.jar:6.1.10]
		at org.springframework.web.filter.OncePerRequestFilter.doFilter(OncePerRequestFilter.java:116) ~[spring-web-6.1.10.jar:6.1.10]
		at io.undertow.servlet.core.ManagedFilter.doFilter(ManagedFilter.java:67) ~[undertow-servlet-2.3.13.Final.jar:2.3.13.Final]
		at io.undertow.servlet.handlers.FilterHandler$FilterChainImpl.doFilter(FilterHandler.java:131) ~[undertow-servlet-2.3.13.Final.jar:2.3.13.Final]
		at org.springframework.web.filter.FormContentFilter.doFilterInternal(FormContentFilter.java:93) ~[spring-web-6.1.10.jar:6.1.10]
		at org.springframework.web.filter.OncePerRequestFilter.doFilter(OncePerRequestFilter.java:116) ~[spring-web-6.1.10.jar:6.1.10]
		at io.undertow.servlet.core.ManagedFilter.doFilter(ManagedFilter.java:67) ~[undertow-servlet-2.3.13.Final.jar:2.3.13.Final]
		at io.undertow.servlet.handlers.FilterHandler$FilterChainImpl.doFilter(FilterHandler.java:131) ~[undertow-servlet-2.3.13.Final.jar:2.3.13.Final]
		at org.springframework.web.filter.CharacterEncodingFilter.doFilterInternal(CharacterEncodingFilter.java:201) ~[spring-web-6.1.10.jar:6.1.10]
		at org.springframework.web.filter.OncePerRequestFilter.doFilter(OncePerRequestFilter.java:116) ~[spring-web-6.1.10.jar:6.1.10]
		at io.undertow.servlet.core.ManagedFilter.doFilter(ManagedFilter.java:67) ~[undertow-servlet-2.3.13.Final.jar:2.3.13.Final]
		at io.undertow.servlet.handlers.FilterHandler$FilterChainImpl.doFilter(FilterHandler.java:131) ~[undertow-servlet-2.3.13.Final.jar:2.3.13.Final]
		at io.undertow.servlet.handlers.FilterHandler.handleRequest(FilterHandler.java:84) ~[undertow-servlet-2.3.13.Final.jar:2.3.13.Final]
		at io.undertow.servlet.handlers.security.ServletSecurityRoleHandler.handleRequest(ServletSecurityRoleHandler.java:62) ~[undertow-servlet-2.3.13.Final.jar:2.3.13.Final]
		at io.undertow.servlet.handlers.ServletChain$1.handleRequest(ServletChain.java:68) ~[undertow-servlet-2.3.13.Final.jar:2.3.13.Final]
		at io.undertow.servlet.handlers.ServletDispatchingHandler.handleRequest(ServletDispatchingHandler.java:36) ~[undertow-servlet-2.3.13.Final.jar:2.3.13.Final]
		at io.undertow.servlet.handlers.RedirectDirHandler.handleRequest(RedirectDirHandler.java:68) ~[undertow-servlet-2.3.13.Final.jar:2.3.13.Final]
		at io.undertow.servlet.handlers.security.SSLInformationAssociationHandler.handleRequest(SSLInformationAssociationHandler.java:117) ~[undertow-servlet-2.3.13.Final.jar:2.3.13.Final]
		at io.undertow.servlet.handlers.security.ServletAuthenticationCallHandler.handleRequest(ServletAuthenticationCallHandler.java:57) ~[undertow-servlet-2.3.13.Final.jar:2.3.13.Final]
		at io.undertow.server.handlers.PredicateHandler.handleRequest(PredicateHandler.java:43) ~[undertow-core-2.3.13.Final.jar:2.3.13.Final]
		at io.undertow.security.handlers.AbstractConfidentialityHandler.handleRequest(AbstractConfidentialityHandler.java:46) ~[undertow-core-2.3.13.Final.jar:2.3.13.Final]
		at io.undertow.servlet.handlers.security.ServletConfidentialityConstraintHandler.handleRequest(ServletConfidentialityConstraintHandler.java:64) ~[undertow-servlet-2.3.13.Final.jar:2.3.13.Final]
		at io.undertow.security.handlers.AuthenticationMechanismsHandler.handleRequest(AuthenticationMechanismsHandler.java:60) ~[undertow-core-2.3.13.Final.jar:2.3.13.Final]
		at io.undertow.servlet.handlers.security.CachedAuthenticatedSessionHandler.handleRequest(CachedAuthenticatedSessionHandler.java:77) ~[undertow-servlet-2.3.13.Final.jar:2.3.13.Final]
		at io.undertow.security.handlers.AbstractSecurityContextAssociationHandler.handleRequest(AbstractSecurityContextAssociationHandler.java:43) ~[undertow-core-2.3.13.Final.jar:2.3.13.Final]
		at io.undertow.server.handlers.PredicateHandler.handleRequest(PredicateHandler.java:43) ~[undertow-core-2.3.13.Final.jar:2.3.13.Final]
		at io.undertow.servlet.handlers.SendErrorPageHandler.handleRequest(SendErrorPageHandler.java:52) ~[undertow-servlet-2.3.13.Final.jar:2.3.13.Final]
		at io.undertow.server.handlers.PredicateHandler.handleRequest(PredicateHandler.java:43) ~[undertow-core-2.3.13.Final.jar:2.3.13.Final]
		at io.undertow.servlet.handlers.ServletInitialHandler.handleFirstRequest(ServletInitialHandler.java:276) ~[undertow-servlet-2.3.13.Final.jar:2.3.13.Final]
		at io.undertow.servlet.handlers.ServletInitialHandler$2.call(ServletInitialHandler.java:135) ~[undertow-servlet-2.3.13.Final.jar:2.3.13.Final]
		at io.undertow.servlet.handlers.ServletInitialHandler$2.call(ServletInitialHandler.java:132) ~[undertow-servlet-2.3.13.Final.jar:2.3.13.Final]
		at io.undertow.servlet.core.ServletRequestContextThreadSetupAction$1.call(ServletRequestContextThreadSetupAction.java:48) ~[undertow-servlet-2.3.13.Final.jar:2.3.13.Final]
		at io.undertow.servlet.core.ContextClassLoaderSetupAction$1.call(ContextClassLoaderSetupAction.java:43) ~[undertow-servlet-2.3.13.Final.jar:2.3.13.Final]
		at io.undertow.servlet.handlers.ServletInitialHandler.dispatchRequest(ServletInitialHandler.java:256) ~[undertow-servlet-2.3.13.Final.jar:2.3.13.Final]
		at io.undertow.servlet.handlers.ServletInitialHandler$1.handleRequest(ServletInitialHandler.java:101) ~[undertow-servlet-2.3.13.Final.jar:2.3.13.Final]
		at io.undertow.server.Connectors.executeRootHandler(Connectors.java:393) ~[undertow-core-2.3.13.Final.jar:2.3.13.Final]
		at io.undertow.server.HttpServerExchange$1.run(HttpServerExchange.java:859) ~[undertow-core-2.3.13.Final.jar:2.3.13.Final]
		at org.jboss.threads.ContextHandler$1.runWith(ContextHandler.java:18) ~[jboss-threads-3.5.0.Final.jar:3.5.0.Final]
		at org.jboss.threads.EnhancedQueueExecutor$Task.run(EnhancedQueueExecutor.java:2513) ~[jboss-threads-3.5.0.Final.jar:3.5.0.Final]
		at org.jboss.threads.EnhancedQueueExecutor$ThreadBody.run(EnhancedQueueExecutor.java:1538) ~[jboss-threads-3.5.0.Final.jar:3.5.0.Final]
		at org.xnio.XnioWorker$WorkerThreadFactory$1$1.run(XnioWorker.java:1282) ~[xnio-api-3.8.8.Final.jar:3.8.8.Final]
		at java.base/java.lang.Thread.run(Thread.java:1583) [?:?]
Caused by: java.io.IOException: Broken pipe
	at java.base/sun.nio.ch.SocketDispatcher.write0(Native Method) ~[?:?]
	at java.base/sun.nio.ch.SocketDispatcher.write(SocketDispatcher.java:62) ~[?:?]
	at java.base/sun.nio.ch.IOUtil.writeFromNativeBuffer(IOUtil.java:137) ~[?:?]
	at java.base/sun.nio.ch.IOUtil.write(IOUtil.java:81) ~[?:?]
	at java.base/sun.nio.ch.IOUtil.write(IOUtil.java:58) ~[?:?]
	at java.base/sun.nio.ch.SocketChannelImpl.write(SocketChannelImpl.java:542) ~[?:?]
	at org.xnio.nio.NioSocketConduit.write(NioSocketConduit.java:153) ~[xnio-nio-3.8.8.Final.jar:3.8.8.Final]
	at io.undertow.server.protocol.http.HttpResponseConduit.write(HttpResponseConduit.java:629) ~[undertow-core-2.3.13.Final.jar:2.3.13.Final]
	at org.xnio.conduits.AbstractStreamSinkConduit.write(AbstractStreamSinkConduit.java:51) ~[xnio-api-3.8.8.Final.jar:3.8.8.Final]
	at io.undertow.conduits.DeflatingStreamSinkConduit.performFlushIfRequiredSingleBuffer(DeflatingStreamSinkConduit.java:445) ~[undertow-core-2.3.13.Final.jar:2.3.13.Final]
	at io.undertow.conduits.DeflatingStreamSinkConduit.performFlushIfRequired(DeflatingStreamSinkConduit.java:432) ~[undertow-core-2.3.13.Final.jar:2.3.13.Final]
	at io.undertow.conduits.DeflatingStreamSinkConduit.deflateData(DeflatingStreamSinkConduit.java:522) ~[undertow-core-2.3.13.Final.jar:2.3.13.Final]
	at io.undertow.conduits.DeflatingStreamSinkConduit.write(DeflatingStreamSinkConduit.java:130) ~[undertow-core-2.3.13.Final.jar:2.3.13.Final]
	at io.undertow.conduits.DeflatingStreamSinkConduit.write(DeflatingStreamSinkConduit.java:165) ~[undertow-core-2.3.13.Final.jar:2.3.13.Final]
	at org.xnio.conduits.ConduitStreamSinkChannel.write(ConduitStreamSinkChannel.java:158) ~[xnio-api-3.8.8.Final.jar:3.8.8.Final]
	at io.undertow.channels.DetachableStreamSinkChannel.write(DetachableStreamSinkChannel.java:179) ~[undertow-core-2.3.13.Final.jar:2.3.13.Final]
	at io.undertow.server.HttpServerExchange$WriteDispatchChannel.write(HttpServerExchange.java:2172) ~[undertow-core-2.3.13.Final.jar:2.3.13.Final]
	at org.xnio.channels.Channels.writeBlocking(Channels.java:202) ~[xnio-api-3.8.8.Final.jar:3.8.8.Final]
	at io.undertow.servlet.spec.ServletOutputStreamImpl.writeTooLargeForBuffer(ServletOutputStreamImpl.java:201) ~[undertow-servlet-2.3.13.Final.jar:2.3.13.Final]
	at io.undertow.servlet.spec.ServletOutputStreamImpl.write(ServletOutputStreamImpl.java:149) ~[undertow-servlet-2.3.13.Final.jar:2.3.13.Final]
	at org.springframework.web.context.request.async.StandardServletAsyncWebRequest$LifecycleServletOutputStream.write(StandardServletAsyncWebRequest.java:375) ~[spring-web-6.1.10.jar:6.1.10]
	... 81 more
[2026-05-21 14:08:05.691] ERROR XNIO-1 task-4 com.jts.gjcxfzksh.exception.handler.GlobalExceptionHandler[63] - 请求地址'/pt/network/tile',发生系统异常. 
org.springframework.web.context.request.async.AsyncRequestNotUsableException: ServletOutputStream failed to write: Broken pipe
	at org.springframework.web.context.request.async.StandardServletAsyncWebRequest$LifecycleHttpServletResponse.handleIOException(StandardServletAsyncWebRequest.java:320) ~[spring-web-6.1.10.jar:6.1.10]
	at org.springframework.web.context.request.async.StandardServletAsyncWebRequest$LifecycleServletOutputStream.write(StandardServletAsyncWebRequest.java:378) ~[spring-web-6.1.10.jar:6.1.10]
	at org.springframework.util.StreamUtils$NonClosingOutputStream.write(StreamUtils.java:261) ~[spring-core-6.1.10.jar:6.1.10]
	at com.fasterxml.jackson.core.json.UTF8JsonGenerator._flushBuffer(UTF8JsonGenerator.java:2210) ~[jackson-core-2.17.1.jar:2.17.1]
	at com.fasterxml.jackson.core.json.UTF8JsonGenerator.writeRaw(UTF8JsonGenerator.java:764) ~[jackson-core-2.17.1.jar:2.17.1]
	at com.fasterxml.jackson.core.json.UTF8JsonGenerator.writeRaw(UTF8JsonGenerator.java:674) ~[jackson-core-2.17.1.jar:2.17.1]
	at com.fasterxml.jackson.core.json.UTF8JsonGenerator.writeNumber(UTF8JsonGenerator.java:1065) ~[jackson-core-2.17.1.jar:2.17.1]
	at com.fasterxml.jackson.databind.ser.std.NumberSerializers$FloatSerializer.serialize(NumberSerializers.java:214) ~[jackson-databind-2.17.1.jar:2.17.1]
	at com.fasterxml.jackson.databind.ser.BeanPropertyWriter.serializeAsField(BeanPropertyWriter.java:732) ~[jackson-databind-2.17.1.jar:2.17.1]
	at com.fasterxml.jackson.databind.ser.std.BeanSerializerBase.serializeFields(BeanSerializerBase.java:770) ~[jackson-databind-2.17.1.jar:2.17.1]
	at com.fasterxml.jackson.databind.ser.BeanSerializer.serialize(BeanSerializer.java:183) ~[jackson-databind-2.17.1.jar:2.17.1]
	at com.fasterxml.jackson.databind.ser.BeanPropertyWriter.serializeAsField(BeanPropertyWriter.java:732) ~[jackson-databind-2.17.1.jar:2.17.1]
	at com.fasterxml.jackson.databind.ser.std.BeanSerializerBase.serializeFields(BeanSerializerBase.java:770) ~[jackson-databind-2.17.1.jar:2.17.1]
	at com.fasterxml.jackson.databind.ser.BeanSerializer.serialize(BeanSerializer.java:183) ~[jackson-databind-2.17.1.jar:2.17.1]
	at com.fasterxml.jackson.databind.ser.impl.IndexedListSerializer.serializeContents(IndexedListSerializer.java:119) ~[jackson-databind-2.17.1.jar:2.17.1]
	at com.fasterxml.jackson.databind.ser.impl.IndexedListSerializer.serialize(IndexedListSerializer.java:79) ~[jackson-databind-2.17.1.jar:2.17.1]
	at com.fasterxml.jackson.databind.ser.impl.IndexedListSerializer.serialize(IndexedListSerializer.java:18) ~[jackson-databind-2.17.1.jar:2.17.1]
	at com.fasterxml.jackson.databind.ser.BeanPropertyWriter.serializeAsField(BeanPropertyWriter.java:732) ~[jackson-databind-2.17.1.jar:2.17.1]
	at com.fasterxml.jackson.databind.ser.std.BeanSerializerBase.serializeFields(BeanSerializerBase.java:770) ~[jackson-databind-2.17.1.jar:2.17.1]
	at com.fasterxml.jackson.databind.ser.BeanSerializer.serialize(BeanSerializer.java:183) ~[jackson-databind-2.17.1.jar:2.17.1]
	at com.fasterxml.jackson.databind.ser.DefaultSerializerProvider._serialize(DefaultSerializerProvider.java:502) ~[jackson-databind-2.17.1.jar:2.17.1]
	at com.fasterxml.jackson.databind.ser.DefaultSerializerProvider.serializeValue(DefaultSerializerProvider.java:341) ~[jackson-databind-2.17.1.jar:2.17.1]
	at com.fasterxml.jackson.databind.ObjectWriter$Prefetch.serialize(ObjectWriter.java:1574) ~[jackson-databind-2.17.1.jar:2.17.1]
	at com.fasterxml.jackson.databind.ObjectWriter.writeValue(ObjectWriter.java:1061) ~[jackson-databind-2.17.1.jar:2.17.1]
	at org.springframework.http.converter.json.AbstractJackson2HttpMessageConverter.writeInternal(AbstractJackson2HttpMessageConverter.java:483) ~[spring-web-6.1.10.jar:6.1.10]
	at org.springframework.http.converter.AbstractGenericHttpMessageConverter.write(AbstractGenericHttpMessageConverter.java:114) ~[spring-web-6.1.10.jar:6.1.10]
	at org.springframework.web.servlet.mvc.method.annotation.AbstractMessageConverterMethodProcessor.writeWithMessageConverters(AbstractMessageConverterMethodProcessor.java:297) ~[spring-webmvc-6.1.10.jar:6.1.10]
	at org.springframework.web.servlet.mvc.method.annotation.RequestResponseBodyMethodProcessor.handleReturnValue(RequestResponseBodyMethodProcessor.java:192) ~[spring-webmvc-6.1.10.jar:6.1.10]
	at org.springframework.web.method.support.HandlerMethodReturnValueHandlerComposite.handleReturnValue(HandlerMethodReturnValueHandlerComposite.java:78) ~[spring-web-6.1.10.jar:6.1.10]
	at org.springframework.web.servlet.mvc.method.annotation.ServletInvocableHandlerMethod.invokeAndHandle(ServletInvocableHandlerMethod.java:136) ~[spring-webmvc-6.1.10.jar:6.1.10]
	at org.springframework.web.servlet.mvc.method.annotation.RequestMappingHandlerAdapter.invokeHandlerMethod(RequestMappingHandlerAdapter.java:926) ~[spring-webmvc-6.1.10.jar:6.1.10]
	at org.springframework.web.servlet.mvc.method.annotation.RequestMappingHandlerAdapter.handleInternal(RequestMappingHandlerAdapter.java:831) ~[spring-webmvc-6.1.10.jar:6.1.10]
	at org.springframework.web.servlet.mvc.method.AbstractHandlerMethodAdapter.handle(AbstractHandlerMethodAdapter.java:87) ~[spring-webmvc-6.1.10.jar:6.1.10]
	at org.springframework.web.servlet.DispatcherServlet.doDispatch(DispatcherServlet.java:1089) ~[spring-webmvc-6.1.10.jar:6.1.10]
	at org.springframework.web.servlet.DispatcherServlet.doService(DispatcherServlet.java:979) ~[spring-webmvc-6.1.10.jar:6.1.10]
	at org.springframework.web.servlet.FrameworkServlet.processRequest(FrameworkServlet.java:1014) ~[spring-webmvc-6.1.10.jar:6.1.10]
	at org.springframework.web.servlet.FrameworkServlet.doPost(FrameworkServlet.java:914) ~[spring-webmvc-6.1.10.jar:6.1.10]
	at jakarta.servlet.http.HttpServlet.service(HttpServlet.java:547) ~[jakarta.servlet-api-6.0.0.jar:6.0.0]
	at org.springframework.web.servlet.FrameworkServlet.service(FrameworkServlet.java:885) ~[spring-webmvc-6.1.10.jar:6.1.10]
	at jakarta.servlet.http.HttpServlet.service(HttpServlet.java:614) ~[jakarta.servlet-api-6.0.0.jar:6.0.0]
	at io.undertow.servlet.handlers.ServletHandler.handleRequest(ServletHandler.java:74) ~[undertow-servlet-2.3.13.Final.jar:2.3.13.Final]
	at io.undertow.servlet.handlers.FilterHandler$FilterChainImpl.doFilter(FilterHandler.java:129) ~[undertow-servlet-2.3.13.Final.jar:2.3.13.Final]
	at org.springframework.web.filter.CorsFilter.doFilterInternal(CorsFilter.java:91) ~[spring-web-6.1.10.jar:6.1.10]
	at org.springframework.web.filter.OncePerRequestFilter.doFilter(OncePerRequestFilter.java:116) ~[spring-web-6.1.10.jar:6.1.10]
	at io.undertow.servlet.core.ManagedFilter.doFilter(ManagedFilter.java:67) ~[undertow-servlet-2.3.13.Final.jar:2.3.13.Final]
	at io.undertow.servlet.handlers.FilterHandler$FilterChainImpl.doFilter(FilterHandler.java:131) ~[undertow-servlet-2.3.13.Final.jar:2.3.13.Final]
	at org.springframework.web.filter.RequestContextFilter.doFilterInternal(RequestContextFilter.java:100) ~[spring-web-6.1.10.jar:6.1.10]
	at org.springframework.web.filter.OncePerRequestFilter.doFilter(OncePerRequestFilter.java:116) ~[spring-web-6.1.10.jar:6.1.10]
	at io.undertow.servlet.core.ManagedFilter.doFilter(ManagedFilter.java:67) ~[undertow-servlet-2.3.13.Final.jar:2.3.13.Final]
	at io.undertow.servlet.handlers.FilterHandler$FilterChainImpl.doFilter(FilterHandler.java:131) ~[undertow-servlet-2.3.13.Final.jar:2.3.13.Final]
	at org.springframework.web.filter.FormContentFilter.doFilterInternal(FormContentFilter.java:93) ~[spring-web-6.1.10.jar:6.1.10]
	at org.springframework.web.filter.OncePerRequestFilter.doFilter(OncePerRequestFilter.java:116) ~[spring-web-6.1.10.jar:6.1.10]
	at io.undertow.servlet.core.ManagedFilter.doFilter(ManagedFilter.java:67) ~[undertow-servlet-2.3.13.Final.jar:2.3.13.Final]
	at io.undertow.servlet.handlers.FilterHandler$FilterChainImpl.doFilter(FilterHandler.java:131) ~[undertow-servlet-2.3.13.Final.jar:2.3.13.Final]
	at org.springframework.web.filter.CharacterEncodingFilter.doFilterInternal(CharacterEncodingFilter.java:201) ~[spring-web-6.1.10.jar:6.1.10]
	at org.springframework.web.filter.OncePerRequestFilter.doFilter(OncePerRequestFilter.java:116) ~[spring-web-6.1.10.jar:6.1.10]
	at io.undertow.servlet.core.ManagedFilter.doFilter(ManagedFilter.java:67) ~[undertow-servlet-2.3.13.Final.jar:2.3.13.Final]
	at io.undertow.servlet.handlers.FilterHandler$FilterChainImpl.doFilter(FilterHandler.java:131) ~[undertow-servlet-2.3.13.Final.jar:2.3.13.Final]
	at io.undertow.servlet.handlers.FilterHandler.handleRequest(FilterHandler.java:84) ~[undertow-servlet-2.3.13.Final.jar:2.3.13.Final]
	at io.undertow.servlet.handlers.security.ServletSecurityRoleHandler.handleRequest(ServletSecurityRoleHandler.java:62) ~[undertow-servlet-2.3.13.Final.jar:2.3.13.Final]
	at io.undertow.servlet.handlers.ServletChain$1.handleRequest(ServletChain.java:68) ~[undertow-servlet-2.3.13.Final.jar:2.3.13.Final]
	at io.undertow.servlet.handlers.ServletDispatchingHandler.handleRequest(ServletDispatchingHandler.java:36) ~[undertow-servlet-2.3.13.Final.jar:2.3.13.Final]
	at io.undertow.servlet.handlers.RedirectDirHandler.handleRequest(RedirectDirHandler.java:68) ~[undertow-servlet-2.3.13.Final.jar:2.3.13.Final]
	at io.undertow.servlet.handlers.security.SSLInformationAssociationHandler.handleRequest(SSLInformationAssociationHandler.java:117) ~[undertow-servlet-2.3.13.Final.jar:2.3.13.Final]
	at io.undertow.servlet.handlers.security.ServletAuthenticationCallHandler.handleRequest(ServletAuthenticationCallHandler.java:57) ~[undertow-servlet-2.3.13.Final.jar:2.3.13.Final]
	at io.undertow.server.handlers.PredicateHandler.handleRequest(PredicateHandler.java:43) ~[undertow-core-2.3.13.Final.jar:2.3.13.Final]
	at io.undertow.security.handlers.AbstractConfidentialityHandler.handleRequest(AbstractConfidentialityHandler.java:46) ~[undertow-core-2.3.13.Final.jar:2.3.13.Final]
	at io.undertow.servlet.handlers.security.ServletConfidentialityConstraintHandler.handleRequest(ServletConfidentialityConstraintHandler.java:64) ~[undertow-servlet-2.3.13.Final.jar:2.3.13.Final]
	at io.undertow.security.handlers.AuthenticationMechanismsHandler.handleRequest(AuthenticationMechanismsHandler.java:60) ~[undertow-core-2.3.13.Final.jar:2.3.13.Final]
	at io.undertow.servlet.handlers.security.CachedAuthenticatedSessionHandler.handleRequest(CachedAuthenticatedSessionHandler.java:77) ~[undertow-servlet-2.3.13.Final.jar:2.3.13.Final]
	at io.undertow.security.handlers.AbstractSecurityContextAssociationHandler.handleRequest(AbstractSecurityContextAssociationHandler.java:43) ~[undertow-core-2.3.13.Final.jar:2.3.13.Final]
	at io.undertow.server.handlers.PredicateHandler.handleRequest(PredicateHandler.java:43) ~[undertow-core-2.3.13.Final.jar:2.3.13.Final]
	at io.undertow.servlet.handlers.SendErrorPageHandler.handleRequest(SendErrorPageHandler.java:52) ~[undertow-servlet-2.3.13.Final.jar:2.3.13.Final]
	at io.undertow.server.handlers.PredicateHandler.handleRequest(PredicateHandler.java:43) ~[undertow-core-2.3.13.Final.jar:2.3.13.Final]
	at io.undertow.servlet.handlers.ServletInitialHandler.handleFirstRequest(ServletInitialHandler.java:276) ~[undertow-servlet-2.3.13.Final.jar:2.3.13.Final]
	at io.undertow.servlet.handlers.ServletInitialHandler$2.call(ServletInitialHandler.java:135) ~[undertow-servlet-2.3.13.Final.jar:2.3.13.Final]
	at io.undertow.servlet.handlers.ServletInitialHandler$2.call(ServletInitialHandler.java:132) ~[undertow-servlet-2.3.13.Final.jar:2.3.13.Final]
	at io.undertow.servlet.core.ServletRequestContextThreadSetupAction$1.call(ServletRequestContextThreadSetupAction.java:48) ~[undertow-servlet-2.3.13.Final.jar:2.3.13.Final]
	at io.undertow.servlet.core.ContextClassLoaderSetupAction$1.call(ContextClassLoaderSetupAction.java:43) ~[undertow-servlet-2.3.13.Final.jar:2.3.13.Final]
	at io.undertow.servlet.handlers.ServletInitialHandler.dispatchRequest(ServletInitialHandler.java:256) ~[undertow-servlet-2.3.13.Final.jar:2.3.13.Final]
	at io.undertow.servlet.handlers.ServletInitialHandler$1.handleRequest(ServletInitialHandler.java:101) ~[undertow-servlet-2.3.13.Final.jar:2.3.13.Final]
	at io.undertow.server.Connectors.executeRootHandler(Connectors.java:393) ~[undertow-core-2.3.13.Final.jar:2.3.13.Final]
	at io.undertow.server.HttpServerExchange$1.run(HttpServerExchange.java:859) ~[undertow-core-2.3.13.Final.jar:2.3.13.Final]
	at org.jboss.threads.ContextHandler$1.runWith(ContextHandler.java:18) ~[jboss-threads-3.5.0.Final.jar:3.5.0.Final]
	at org.jboss.threads.EnhancedQueueExecutor$Task.run(EnhancedQueueExecutor.java:2513) ~[jboss-threads-3.5.0.Final.jar:3.5.0.Final]
	at org.jboss.threads.EnhancedQueueExecutor$ThreadBody.run(EnhancedQueueExecutor.java:1538) ~[jboss-threads-3.5.0.Final.jar:3.5.0.Final]
	at org.xnio.XnioWorker$WorkerThreadFactory$1$1.run(XnioWorker.java:1282) ~[xnio-api-3.8.8.Final.jar:3.8.8.Final]
	at java.base/java.lang.Thread.run(Thread.java:1583) [?:?]
	Suppressed: org.springframework.web.context.request.async.AsyncRequestNotUsableException: Response not usable after response errors.
		at org.springframework.web.context.request.async.StandardServletAsyncWebRequest$LifecycleHttpServletResponse.obtainLockAndCheckState(StandardServletAsyncWebRequest.java:314) ~[spring-web-6.1.10.jar:6.1.10]
		at org.springframework.web.context.request.async.StandardServletAsyncWebRequest$LifecycleServletOutputStream.write(StandardServletAsyncWebRequest.java:373) ~[spring-web-6.1.10.jar:6.1.10]
		at org.springframework.util.StreamUtils$NonClosingOutputStream.write(StreamUtils.java:261) ~[spring-core-6.1.10.jar:6.1.10]
		at com.fasterxml.jackson.core.json.UTF8JsonGenerator._flushBuffer(UTF8JsonGenerator.java:2210) ~[jackson-core-2.17.1.jar:2.17.1]
		at com.fasterxml.jackson.core.json.UTF8JsonGenerator.close(UTF8JsonGenerator.java:1234) ~[jackson-core-2.17.1.jar:2.17.1]
		at org.springframework.http.converter.json.AbstractJackson2HttpMessageConverter.writeInternal(AbstractJackson2HttpMessageConverter.java:452) ~[spring-web-6.1.10.jar:6.1.10]
		at org.springframework.http.converter.AbstractGenericHttpMessageConverter.write(AbstractGenericHttpMessageConverter.java:114) ~[spring-web-6.1.10.jar:6.1.10]
		at org.springframework.web.servlet.mvc.method.annotation.AbstractMessageConverterMethodProcessor.writeWithMessageConverters(AbstractMessageConverterMethodProcessor.java:297) ~[spring-webmvc-6.1.10.jar:6.1.10]
		at org.springframework.web.servlet.mvc.method.annotation.RequestResponseBodyMethodProcessor.handleReturnValue(RequestResponseBodyMethodProcessor.java:192) ~[spring-webmvc-6.1.10.jar:6.1.10]
		at org.springframework.web.method.support.HandlerMethodReturnValueHandlerComposite.handleReturnValue(HandlerMethodReturnValueHandlerComposite.java:78) ~[spring-web-6.1.10.jar:6.1.10]
		at org.springframework.web.servlet.mvc.method.annotation.ServletInvocableHandlerMethod.invokeAndHandle(ServletInvocableHandlerMethod.java:136) ~[spring-webmvc-6.1.10.jar:6.1.10]
		at org.springframework.web.servlet.mvc.method.annotation.RequestMappingHandlerAdapter.invokeHandlerMethod(RequestMappingHandlerAdapter.java:926) ~[spring-webmvc-6.1.10.jar:6.1.10]
		at org.springframework.web.servlet.mvc.method.annotation.RequestMappingHandlerAdapter.handleInternal(RequestMappingHandlerAdapter.java:831) ~[spring-webmvc-6.1.10.jar:6.1.10]
		at org.springframework.web.servlet.mvc.method.AbstractHandlerMethodAdapter.handle(AbstractHandlerMethodAdapter.java:87) ~[spring-webmvc-6.1.10.jar:6.1.10]
		at org.springframework.web.servlet.DispatcherServlet.doDispatch(DispatcherServlet.java:1089) ~[spring-webmvc-6.1.10.jar:6.1.10]
		at org.springframework.web.servlet.DispatcherServlet.doService(DispatcherServlet.java:979) ~[spring-webmvc-6.1.10.jar:6.1.10]
		at org.springframework.web.servlet.FrameworkServlet.processRequest(FrameworkServlet.java:1014) ~[spring-webmvc-6.1.10.jar:6.1.10]
		at org.springframework.web.servlet.FrameworkServlet.doPost(FrameworkServlet.java:914) ~[spring-webmvc-6.1.10.jar:6.1.10]
		at jakarta.servlet.http.HttpServlet.service(HttpServlet.java:547) ~[jakarta.servlet-api-6.0.0.jar:6.0.0]
		at org.springframework.web.servlet.FrameworkServlet.service(FrameworkServlet.java:885) ~[spring-webmvc-6.1.10.jar:6.1.10]
		at jakarta.servlet.http.HttpServlet.service(HttpServlet.java:614) ~[jakarta.servlet-api-6.0.0.jar:6.0.0]
		at io.undertow.servlet.handlers.ServletHandler.handleRequest(ServletHandler.java:74) ~[undertow-servlet-2.3.13.Final.jar:2.3.13.Final]
		at io.undertow.servlet.handlers.FilterHandler$FilterChainImpl.doFilter(FilterHandler.java:129) ~[undertow-servlet-2.3.13.Final.jar:2.3.13.Final]
		at org.springframework.web.filter.CorsFilter.doFilterInternal(CorsFilter.java:91) ~[spring-web-6.1.10.jar:6.1.10]
		at org.springframework.web.filter.OncePerRequestFilter.doFilter(OncePerRequestFilter.java:116) ~[spring-web-6.1.10.jar:6.1.10]
		at io.undertow.servlet.core.ManagedFilter.doFilter(ManagedFilter.java:67) ~[undertow-servlet-2.3.13.Final.jar:2.3.13.Final]
		at io.undertow.servlet.handlers.FilterHandler$FilterChainImpl.doFilter(FilterHandler.java:131) ~[undertow-servlet-2.3.13.Final.jar:2.3.13.Final]
		at org.springframework.web.filter.RequestContextFilter.doFilterInternal(RequestContextFilter.java:100) ~[spring-web-6.1.10.jar:6.1.10]
		at org.springframework.web.filter.OncePerRequestFilter.doFilter(OncePerRequestFilter.java:116) ~[spring-web-6.1.10.jar:6.1.10]
		at io.undertow.servlet.core.ManagedFilter.doFilter(ManagedFilter.java:67) ~[undertow-servlet-2.3.13.Final.jar:2.3.13.Final]
		at io.undertow.servlet.handlers.FilterHandler$FilterChainImpl.doFilter(FilterHandler.java:131) ~[undertow-servlet-2.3.13.Final.jar:2.3.13.Final]
		at org.springframework.web.filter.FormContentFilter.doFilterInternal(FormContentFilter.java:93) ~[spring-web-6.1.10.jar:6.1.10]
		at org.springframework.web.filter.OncePerRequestFilter.doFilter(OncePerRequestFilter.java:116) ~[spring-web-6.1.10.jar:6.1.10]
		at io.undertow.servlet.core.ManagedFilter.doFilter(ManagedFilter.java:67) ~[undertow-servlet-2.3.13.Final.jar:2.3.13.Final]
		at io.undertow.servlet.handlers.FilterHandler$FilterChainImpl.doFilter(FilterHandler.java:131) ~[undertow-servlet-2.3.13.Final.jar:2.3.13.Final]
		at org.springframework.web.filter.CharacterEncodingFilter.doFilterInternal(CharacterEncodingFilter.java:201) ~[spring-web-6.1.10.jar:6.1.10]
		at org.springframework.web.filter.OncePerRequestFilter.doFilter(OncePerRequestFilter.java:116) ~[spring-web-6.1.10.jar:6.1.10]
		at io.undertow.servlet.core.ManagedFilter.doFilter(ManagedFilter.java:67) ~[undertow-servlet-2.3.13.Final.jar:2.3.13.Final]
		at io.undertow.servlet.handlers.FilterHandler$FilterChainImpl.doFilter(FilterHandler.java:131) ~[undertow-servlet-2.3.13.Final.jar:2.3.13.Final]
		at io.undertow.servlet.handlers.FilterHandler.handleRequest(FilterHandler.java:84) ~[undertow-servlet-2.3.13.Final.jar:2.3.13.Final]
		at io.undertow.servlet.handlers.security.ServletSecurityRoleHandler.handleRequest(ServletSecurityRoleHandler.java:62) ~[undertow-servlet-2.3.13.Final.jar:2.3.13.Final]
		at io.undertow.servlet.handlers.ServletChain$1.handleRequest(ServletChain.java:68) ~[undertow-servlet-2.3.13.Final.jar:2.3.13.Final]
		at io.undertow.servlet.handlers.ServletDispatchingHandler.handleRequest(ServletDispatchingHandler.java:36) ~[undertow-servlet-2.3.13.Final.jar:2.3.13.Final]
		at io.undertow.servlet.handlers.RedirectDirHandler.handleRequest(RedirectDirHandler.java:68) ~[undertow-servlet-2.3.13.Final.jar:2.3.13.Final]
		at io.undertow.servlet.handlers.security.SSLInformationAssociationHandler.handleRequest(SSLInformationAssociationHandler.java:117) ~[undertow-servlet-2.3.13.Final.jar:2.3.13.Final]
		at io.undertow.servlet.handlers.security.ServletAuthenticationCallHandler.handleRequest(ServletAuthenticationCallHandler.java:57) ~[undertow-servlet-2.3.13.Final.jar:2.3.13.Final]
		at io.undertow.server.handlers.PredicateHandler.handleRequest(PredicateHandler.java:43) ~[undertow-core-2.3.13.Final.jar:2.3.13.Final]
		at io.undertow.security.handlers.AbstractConfidentialityHandler.handleRequest(AbstractConfidentialityHandler.java:46) ~[undertow-core-2.3.13.Final.jar:2.3.13.Final]
		at io.undertow.servlet.handlers.security.ServletConfidentialityConstraintHandler.handleRequest(ServletConfidentialityConstraintHandler.java:64) ~[undertow-servlet-2.3.13.Final.jar:2.3.13.Final]
		at io.undertow.security.handlers.AuthenticationMechanismsHandler.handleRequest(AuthenticationMechanismsHandler.java:60) ~[undertow-core-2.3.13.Final.jar:2.3.13.Final]
		at io.undertow.servlet.handlers.security.CachedAuthenticatedSessionHandler.handleRequest(CachedAuthenticatedSessionHandler.java:77) ~[undertow-servlet-2.3.13.Final.jar:2.3.13.Final]
		at io.undertow.security.handlers.AbstractSecurityContextAssociationHandler.handleRequest(AbstractSecurityContextAssociationHandler.java:43) ~[undertow-core-2.3.13.Final.jar:2.3.13.Final]
		at io.undertow.server.handlers.PredicateHandler.handleRequest(PredicateHandler.java:43) ~[undertow-core-2.3.13.Final.jar:2.3.13.Final]
		at io.undertow.servlet.handlers.SendErrorPageHandler.handleRequest(SendErrorPageHandler.java:52) ~[undertow-servlet-2.3.13.Final.jar:2.3.13.Final]
		at io.undertow.server.handlers.PredicateHandler.handleRequest(PredicateHandler.java:43) ~[undertow-core-2.3.13.Final.jar:2.3.13.Final]
		at io.undertow.servlet.handlers.ServletInitialHandler.handleFirstRequest(ServletInitialHandler.java:276) ~[undertow-servlet-2.3.13.Final.jar:2.3.13.Final]
		at io.undertow.servlet.handlers.ServletInitialHandler$2.call(ServletInitialHandler.java:135) ~[undertow-servlet-2.3.13.Final.jar:2.3.13.Final]
		at io.undertow.servlet.handlers.ServletInitialHandler$2.call(ServletInitialHandler.java:132) ~[undertow-servlet-2.3.13.Final.jar:2.3.13.Final]
		at io.undertow.servlet.core.ServletRequestContextThreadSetupAction$1.call(ServletRequestContextThreadSetupAction.java:48) ~[undertow-servlet-2.3.13.Final.jar:2.3.13.Final]
		at io.undertow.servlet.core.ContextClassLoaderSetupAction$1.call(ContextClassLoaderSetupAction.java:43) ~[undertow-servlet-2.3.13.Final.jar:2.3.13.Final]
		at io.undertow.servlet.handlers.ServletInitialHandler.dispatchRequest(ServletInitialHandler.java:256) ~[undertow-servlet-2.3.13.Final.jar:2.3.13.Final]
		at io.undertow.servlet.handlers.ServletInitialHandler$1.handleRequest(ServletInitialHandler.java:101) ~[undertow-servlet-2.3.13.Final.jar:2.3.13.Final]
		at io.undertow.server.Connectors.executeRootHandler(Connectors.java:393) ~[undertow-core-2.3.13.Final.jar:2.3.13.Final]
		at io.undertow.server.HttpServerExchange$1.run(HttpServerExchange.java:859) ~[undertow-core-2.3.13.Final.jar:2.3.13.Final]
		at org.jboss.threads.ContextHandler$1.runWith(ContextHandler.java:18) ~[jboss-threads-3.5.0.Final.jar:3.5.0.Final]
		at org.jboss.threads.EnhancedQueueExecutor$Task.run(EnhancedQueueExecutor.java:2513) ~[jboss-threads-3.5.0.Final.jar:3.5.0.Final]
		at org.jboss.threads.EnhancedQueueExecutor$ThreadBody.run(EnhancedQueueExecutor.java:1538) ~[jboss-threads-3.5.0.Final.jar:3.5.0.Final]
		at org.xnio.XnioWorker$WorkerThreadFactory$1$1.run(XnioWorker.java:1282) ~[xnio-api-3.8.8.Final.jar:3.8.8.Final]
		at java.base/java.lang.Thread.run(Thread.java:1583) [?:?]
Caused by: java.io.IOException: Broken pipe
	at java.base/sun.nio.ch.SocketDispatcher.write0(Native Method) ~[?:?]
	at java.base/sun.nio.ch.SocketDispatcher.write(SocketDispatcher.java:62) ~[?:?]
	at java.base/sun.nio.ch.IOUtil.writeFromNativeBuffer(IOUtil.java:137) ~[?:?]
	at java.base/sun.nio.ch.IOUtil.write(IOUtil.java:81) ~[?:?]
	at java.base/sun.nio.ch.IOUtil.write(IOUtil.java:58) ~[?:?]
	at java.base/sun.nio.ch.SocketChannelImpl.write(SocketChannelImpl.java:542) ~[?:?]
	at org.xnio.nio.NioSocketConduit.write(NioSocketConduit.java:153) ~[xnio-nio-3.8.8.Final.jar:3.8.8.Final]
	at io.undertow.server.protocol.http.HttpResponseConduit.write(HttpResponseConduit.java:629) ~[undertow-core-2.3.13.Final.jar:2.3.13.Final]
	at org.xnio.conduits.AbstractStreamSinkConduit.write(AbstractStreamSinkConduit.java:51) ~[xnio-api-3.8.8.Final.jar:3.8.8.Final]
	at io.undertow.conduits.DeflatingStreamSinkConduit.performFlushIfRequiredSingleBuffer(DeflatingStreamSinkConduit.java:445) ~[undertow-core-2.3.13.Final.jar:2.3.13.Final]
	at io.undertow.conduits.DeflatingStreamSinkConduit.performFlushIfRequired(DeflatingStreamSinkConduit.java:432) ~[undertow-core-2.3.13.Final.jar:2.3.13.Final]
	at io.undertow.conduits.DeflatingStreamSinkConduit.deflateData(DeflatingStreamSinkConduit.java:522) ~[undertow-core-2.3.13.Final.jar:2.3.13.Final]
	at io.undertow.conduits.DeflatingStreamSinkConduit.write(DeflatingStreamSinkConduit.java:130) ~[undertow-core-2.3.13.Final.jar:2.3.13.Final]
	at io.undertow.conduits.DeflatingStreamSinkConduit.write(DeflatingStreamSinkConduit.java:165) ~[undertow-core-2.3.13.Final.jar:2.3.13.Final]
	at org.xnio.conduits.ConduitStreamSinkChannel.write(ConduitStreamSinkChannel.java:158) ~[xnio-api-3.8.8.Final.jar:3.8.8.Final]
	at io.undertow.channels.DetachableStreamSinkChannel.write(DetachableStreamSinkChannel.java:179) ~[undertow-core-2.3.13.Final.jar:2.3.13.Final]
	at io.undertow.server.HttpServerExchange$WriteDispatchChannel.write(HttpServerExchange.java:2172) ~[undertow-core-2.3.13.Final.jar:2.3.13.Final]
	at org.xnio.channels.Channels.writeBlocking(Channels.java:202) ~[xnio-api-3.8.8.Final.jar:3.8.8.Final]
	at io.undertow.servlet.spec.ServletOutputStreamImpl.writeTooLargeForBuffer(ServletOutputStreamImpl.java:201) ~[undertow-servlet-2.3.13.Final.jar:2.3.13.Final]
	at io.undertow.servlet.spec.ServletOutputStreamImpl.write(ServletOutputStreamImpl.java:149) ~[undertow-servlet-2.3.13.Final.jar:2.3.13.Final]
	at org.springframework.web.context.request.async.StandardServletAsyncWebRequest$LifecycleServletOutputStream.write(StandardServletAsyncWebRequest.java:375) ~[spring-web-6.1.10.jar:6.1.10]
	... 86 more
[2026-05-21 14:16:24.146] ERROR XNIO-1 task-8 com.jts.gjcxfzksh.exception.handler.GlobalExceptionHandler[63] - 请求地址'/pt/network/tile',发生系统异常. 
org.springframework.web.context.request.async.AsyncRequestNotUsableException: ServletOutputStream failed to write: null
	at org.springframework.web.context.request.async.StandardServletAsyncWebRequest$LifecycleHttpServletResponse.handleIOException(StandardServletAsyncWebRequest.java:320) ~[spring-web-6.1.10.jar:6.1.10]
	at org.springframework.web.context.request.async.StandardServletAsyncWebRequest$LifecycleServletOutputStream.write(StandardServletAsyncWebRequest.java:378) ~[spring-web-6.1.10.jar:6.1.10]
	at org.springframework.util.StreamUtils$NonClosingOutputStream.write(StreamUtils.java:261) ~[spring-core-6.1.10.jar:6.1.10]
	at com.fasterxml.jackson.core.json.UTF8JsonGenerator._flushBuffer(UTF8JsonGenerator.java:2210) ~[jackson-core-2.17.1.jar:2.17.1]
	at com.fasterxml.jackson.core.json.UTF8JsonGenerator.writeRaw(UTF8JsonGenerator.java:764) ~[jackson-core-2.17.1.jar:2.17.1]
	at com.fasterxml.jackson.core.json.UTF8JsonGenerator.writeRaw(UTF8JsonGenerator.java:674) ~[jackson-core-2.17.1.jar:2.17.1]
	at com.fasterxml.jackson.core.json.UTF8JsonGenerator.writeNumber(UTF8JsonGenerator.java:1050) ~[jackson-core-2.17.1.jar:2.17.1]
	at com.fasterxml.jackson.databind.ser.std.NumberSerializers$DoubleSerializer.serialize(NumberSerializers.java:235) ~[jackson-databind-2.17.1.jar:2.17.1]
	at com.fasterxml.jackson.databind.ser.BeanPropertyWriter.serializeAsField(BeanPropertyWriter.java:732) ~[jackson-databind-2.17.1.jar:2.17.1]
	at com.fasterxml.jackson.databind.ser.std.BeanSerializerBase.serializeFields(BeanSerializerBase.java:770) ~[jackson-databind-2.17.1.jar:2.17.1]
	at com.fasterxml.jackson.databind.ser.BeanSerializer.serialize(BeanSerializer.java:183) ~[jackson-databind-2.17.1.jar:2.17.1]
	at com.fasterxml.jackson.databind.ser.impl.IndexedListSerializer.serializeContents(IndexedListSerializer.java:119) ~[jackson-databind-2.17.1.jar:2.17.1]
	at com.fasterxml.jackson.databind.ser.impl.IndexedListSerializer.serialize(IndexedListSerializer.java:79) ~[jackson-databind-2.17.1.jar:2.17.1]
	at com.fasterxml.jackson.databind.ser.impl.IndexedListSerializer.serialize(IndexedListSerializer.java:18) ~[jackson-databind-2.17.1.jar:2.17.1]
	at com.fasterxml.jackson.databind.ser.BeanPropertyWriter.serializeAsField(BeanPropertyWriter.java:732) ~[jackson-databind-2.17.1.jar:2.17.1]
	at com.fasterxml.jackson.databind.ser.std.BeanSerializerBase.serializeFields(BeanSerializerBase.java:770) ~[jackson-databind-2.17.1.jar:2.17.1]
	at com.fasterxml.jackson.databind.ser.BeanSerializer.serialize(BeanSerializer.java:183) ~[jackson-databind-2.17.1.jar:2.17.1]
	at com.fasterxml.jackson.databind.ser.DefaultSerializerProvider._serialize(DefaultSerializerProvider.java:502) ~[jackson-databind-2.17.1.jar:2.17.1]
	at com.fasterxml.jackson.databind.ser.DefaultSerializerProvider.serializeValue(DefaultSerializerProvider.java:341) ~[jackson-databind-2.17.1.jar:2.17.1]
	at com.fasterxml.jackson.databind.ObjectWriter$Prefetch.serialize(ObjectWriter.java:1574) ~[jackson-databind-2.17.1.jar:2.17.1]
	at com.fasterxml.jackson.databind.ObjectWriter.writeValue(ObjectWriter.java:1061) ~[jackson-databind-2.17.1.jar:2.17.1]
	at org.springframework.http.converter.json.AbstractJackson2HttpMessageConverter.writeInternal(AbstractJackson2HttpMessageConverter.java:483) ~[spring-web-6.1.10.jar:6.1.10]
	at org.springframework.http.converter.AbstractGenericHttpMessageConverter.write(AbstractGenericHttpMessageConverter.java:114) ~[spring-web-6.1.10.jar:6.1.10]
	at org.springframework.web.servlet.mvc.method.annotation.AbstractMessageConverterMethodProcessor.writeWithMessageConverters(AbstractMessageConverterMethodProcessor.java:297) ~[spring-webmvc-6.1.10.jar:6.1.10]
	at org.springframework.web.servlet.mvc.method.annotation.RequestResponseBodyMethodProcessor.handleReturnValue(RequestResponseBodyMethodProcessor.java:192) ~[spring-webmvc-6.1.10.jar:6.1.10]
	at org.springframework.web.method.support.HandlerMethodReturnValueHandlerComposite.handleReturnValue(HandlerMethodReturnValueHandlerComposite.java:78) ~[spring-web-6.1.10.jar:6.1.10]
	at org.springframework.web.servlet.mvc.method.annotation.ServletInvocableHandlerMethod.invokeAndHandle(ServletInvocableHandlerMethod.java:136) ~[spring-webmvc-6.1.10.jar:6.1.10]
	at org.springframework.web.servlet.mvc.method.annotation.RequestMappingHandlerAdapter.invokeHandlerMethod(RequestMappingHandlerAdapter.java:926) ~[spring-webmvc-6.1.10.jar:6.1.10]
	at org.springframework.web.servlet.mvc.method.annotation.RequestMappingHandlerAdapter.handleInternal(RequestMappingHandlerAdapter.java:831) ~[spring-webmvc-6.1.10.jar:6.1.10]
	at org.springframework.web.servlet.mvc.method.AbstractHandlerMethodAdapter.handle(AbstractHandlerMethodAdapter.java:87) ~[spring-webmvc-6.1.10.jar:6.1.10]
	at org.springframework.web.servlet.DispatcherServlet.doDispatch(DispatcherServlet.java:1089) ~[spring-webmvc-6.1.10.jar:6.1.10]
	at org.springframework.web.servlet.DispatcherServlet.doService(DispatcherServlet.java:979) ~[spring-webmvc-6.1.10.jar:6.1.10]
	at org.springframework.web.servlet.FrameworkServlet.processRequest(FrameworkServlet.java:1014) ~[spring-webmvc-6.1.10.jar:6.1.10]
	at org.springframework.web.servlet.FrameworkServlet.doPost(FrameworkServlet.java:914) ~[spring-webmvc-6.1.10.jar:6.1.10]
	at jakarta.servlet.http.HttpServlet.service(HttpServlet.java:547) ~[jakarta.servlet-api-6.0.0.jar:6.0.0]
	at org.springframework.web.servlet.FrameworkServlet.service(FrameworkServlet.java:885) ~[spring-webmvc-6.1.10.jar:6.1.10]
	at jakarta.servlet.http.HttpServlet.service(HttpServlet.java:614) ~[jakarta.servlet-api-6.0.0.jar:6.0.0]
	at io.undertow.servlet.handlers.ServletHandler.handleRequest(ServletHandler.java:74) ~[undertow-servlet-2.3.13.Final.jar:2.3.13.Final]
	at io.undertow.servlet.handlers.FilterHandler$FilterChainImpl.doFilter(FilterHandler.java:129) ~[undertow-servlet-2.3.13.Final.jar:2.3.13.Final]
	at org.springframework.web.filter.CorsFilter.doFilterInternal(CorsFilter.java:91) ~[spring-web-6.1.10.jar:6.1.10]
	at org.springframework.web.filter.OncePerRequestFilter.doFilter(OncePerRequestFilter.java:116) ~[spring-web-6.1.10.jar:6.1.10]
	at io.undertow.servlet.core.ManagedFilter.doFilter(ManagedFilter.java:67) ~[undertow-servlet-2.3.13.Final.jar:2.3.13.Final]
	at io.undertow.servlet.handlers.FilterHandler$FilterChainImpl.doFilter(FilterHandler.java:131) ~[undertow-servlet-2.3.13.Final.jar:2.3.13.Final]
	at org.springframework.web.filter.RequestContextFilter.doFilterInternal(RequestContextFilter.java:100) ~[spring-web-6.1.10.jar:6.1.10]
	at org.springframework.web.filter.OncePerRequestFilter.doFilter(OncePerRequestFilter.java:116) ~[spring-web-6.1.10.jar:6.1.10]
	at io.undertow.servlet.core.ManagedFilter.doFilter(ManagedFilter.java:67) ~[undertow-servlet-2.3.13.Final.jar:2.3.13.Final]
	at io.undertow.servlet.handlers.FilterHandler$FilterChainImpl.doFilter(FilterHandler.java:131) ~[undertow-servlet-2.3.13.Final.jar:2.3.13.Final]
	at org.springframework.web.filter.FormContentFilter.doFilterInternal(FormContentFilter.java:93) ~[spring-web-6.1.10.jar:6.1.10]
	at org.springframework.web.filter.OncePerRequestFilter.doFilter(OncePerRequestFilter.java:116) ~[spring-web-6.1.10.jar:6.1.10]
	at io.undertow.servlet.core.ManagedFilter.doFilter(ManagedFilter.java:67) ~[undertow-servlet-2.3.13.Final.jar:2.3.13.Final]
	at io.undertow.servlet.handlers.FilterHandler$FilterChainImpl.doFilter(FilterHandler.java:131) ~[undertow-servlet-2.3.13.Final.jar:2.3.13.Final]
	at org.springframework.web.filter.CharacterEncodingFilter.doFilterInternal(CharacterEncodingFilter.java:201) ~[spring-web-6.1.10.jar:6.1.10]
	at org.springframework.web.filter.OncePerRequestFilter.doFilter(OncePerRequestFilter.java:116) ~[spring-web-6.1.10.jar:6.1.10]
	at io.undertow.servlet.core.ManagedFilter.doFilter(ManagedFilter.java:67) ~[undertow-servlet-2.3.13.Final.jar:2.3.13.Final]
	at io.undertow.servlet.handlers.FilterHandler$FilterChainImpl.doFilter(FilterHandler.java:131) ~[undertow-servlet-2.3.13.Final.jar:2.3.13.Final]
	at io.undertow.servlet.handlers.FilterHandler.handleRequest(FilterHandler.java:84) ~[undertow-servlet-2.3.13.Final.jar:2.3.13.Final]
	at io.undertow.servlet.handlers.security.ServletSecurityRoleHandler.handleRequest(ServletSecurityRoleHandler.java:62) ~[undertow-servlet-2.3.13.Final.jar:2.3.13.Final]
	at io.undertow.servlet.handlers.ServletChain$1.handleRequest(ServletChain.java:68) ~[undertow-servlet-2.3.13.Final.jar:2.3.13.Final]
	at io.undertow.servlet.handlers.ServletDispatchingHandler.handleRequest(ServletDispatchingHandler.java:36) ~[undertow-servlet-2.3.13.Final.jar:2.3.13.Final]
	at io.undertow.servlet.handlers.RedirectDirHandler.handleRequest(RedirectDirHandler.java:68) ~[undertow-servlet-2.3.13.Final.jar:2.3.13.Final]
	at io.undertow.servlet.handlers.security.SSLInformationAssociationHandler.handleRequest(SSLInformationAssociationHandler.java:117) ~[undertow-servlet-2.3.13.Final.jar:2.3.13.Final]
	at io.undertow.servlet.handlers.security.ServletAuthenticationCallHandler.handleRequest(ServletAuthenticationCallHandler.java:57) ~[undertow-servlet-2.3.13.Final.jar:2.3.13.Final]
	at io.undertow.server.handlers.PredicateHandler.handleRequest(PredicateHandler.java:43) ~[undertow-core-2.3.13.Final.jar:2.3.13.Final]
	at io.undertow.security.handlers.AbstractConfidentialityHandler.handleRequest(AbstractConfidentialityHandler.java:46) ~[undertow-core-2.3.13.Final.jar:2.3.13.Final]
	at io.undertow.servlet.handlers.security.ServletConfidentialityConstraintHandler.handleRequest(ServletConfidentialityConstraintHandler.java:64) ~[undertow-servlet-2.3.13.Final.jar:2.3.13.Final]
	at io.undertow.security.handlers.AuthenticationMechanismsHandler.handleRequest(AuthenticationMechanismsHandler.java:60) ~[undertow-core-2.3.13.Final.jar:2.3.13.Final]
	at io.undertow.servlet.handlers.security.CachedAuthenticatedSessionHandler.handleRequest(CachedAuthenticatedSessionHandler.java:77) ~[undertow-servlet-2.3.13.Final.jar:2.3.13.Final]
	at io.undertow.security.handlers.AbstractSecurityContextAssociationHandler.handleRequest(AbstractSecurityContextAssociationHandler.java:43) ~[undertow-core-2.3.13.Final.jar:2.3.13.Final]
	at io.undertow.server.handlers.PredicateHandler.handleRequest(PredicateHandler.java:43) ~[undertow-core-2.3.13.Final.jar:2.3.13.Final]
	at io.undertow.servlet.handlers.SendErrorPageHandler.handleRequest(SendErrorPageHandler.java:52) ~[undertow-servlet-2.3.13.Final.jar:2.3.13.Final]
	at io.undertow.server.handlers.PredicateHandler.handleRequest(PredicateHandler.java:43) ~[undertow-core-2.3.13.Final.jar:2.3.13.Final]
	at io.undertow.servlet.handlers.ServletInitialHandler.handleFirstRequest(ServletInitialHandler.java:276) ~[undertow-servlet-2.3.13.Final.jar:2.3.13.Final]
	at io.undertow.servlet.handlers.ServletInitialHandler$2.call(ServletInitialHandler.java:135) ~[undertow-servlet-2.3.13.Final.jar:2.3.13.Final]
	at io.undertow.servlet.handlers.ServletInitialHandler$2.call(ServletInitialHandler.java:132) ~[undertow-servlet-2.3.13.Final.jar:2.3.13.Final]
	at io.undertow.servlet.core.ServletRequestContextThreadSetupAction$1.call(ServletRequestContextThreadSetupAction.java:48) ~[undertow-servlet-2.3.13.Final.jar:2.3.13.Final]
	at io.undertow.servlet.core.ContextClassLoaderSetupAction$1.call(ContextClassLoaderSetupAction.java:43) ~[undertow-servlet-2.3.13.Final.jar:2.3.13.Final]
	at io.undertow.servlet.handlers.ServletInitialHandler.dispatchRequest(ServletInitialHandler.java:256) ~[undertow-servlet-2.3.13.Final.jar:2.3.13.Final]
	at io.undertow.servlet.handlers.ServletInitialHandler$1.handleRequest(ServletInitialHandler.java:101) ~[undertow-servlet-2.3.13.Final.jar:2.3.13.Final]
	at io.undertow.server.Connectors.executeRootHandler(Connectors.java:393) ~[undertow-core-2.3.13.Final.jar:2.3.13.Final]
	at io.undertow.server.HttpServerExchange$1.run(HttpServerExchange.java:859) ~[undertow-core-2.3.13.Final.jar:2.3.13.Final]
	at org.jboss.threads.ContextHandler$1.runWith(ContextHandler.java:18) ~[jboss-threads-3.5.0.Final.jar:3.5.0.Final]
	at org.jboss.threads.EnhancedQueueExecutor$Task.run(EnhancedQueueExecutor.java:2513) ~[jboss-threads-3.5.0.Final.jar:3.5.0.Final]
	at org.jboss.threads.EnhancedQueueExecutor$ThreadBody.run(EnhancedQueueExecutor.java:1538) ~[jboss-threads-3.5.0.Final.jar:3.5.0.Final]
	at org.xnio.XnioWorker$WorkerThreadFactory$1$1.run(XnioWorker.java:1282) ~[xnio-api-3.8.8.Final.jar:3.8.8.Final]
	at java.base/java.lang.Thread.run(Thread.java:1583) [?:?]
	Suppressed: org.springframework.web.context.request.async.AsyncRequestNotUsableException: Response not usable after response errors.
		at org.springframework.web.context.request.async.StandardServletAsyncWebRequest$LifecycleHttpServletResponse.obtainLockAndCheckState(StandardServletAsyncWebRequest.java:314) ~[spring-web-6.1.10.jar:6.1.10]
		at org.springframework.web.context.request.async.StandardServletAsyncWebRequest$LifecycleServletOutputStream.write(StandardServletAsyncWebRequest.java:373) ~[spring-web-6.1.10.jar:6.1.10]
		at org.springframework.util.StreamUtils$NonClosingOutputStream.write(StreamUtils.java:261) ~[spring-core-6.1.10.jar:6.1.10]
		at com.fasterxml.jackson.core.json.UTF8JsonGenerator._flushBuffer(UTF8JsonGenerator.java:2210) ~[jackson-core-2.17.1.jar:2.17.1]
		at com.fasterxml.jackson.core.json.UTF8JsonGenerator.close(UTF8JsonGenerator.java:1234) ~[jackson-core-2.17.1.jar:2.17.1]
		at org.springframework.http.converter.json.AbstractJackson2HttpMessageConverter.writeInternal(AbstractJackson2HttpMessageConverter.java:452) ~[spring-web-6.1.10.jar:6.1.10]
		at org.springframework.http.converter.AbstractGenericHttpMessageConverter.write(AbstractGenericHttpMessageConverter.java:114) ~[spring-web-6.1.10.jar:6.1.10]
		at org.springframework.web.servlet.mvc.method.annotation.AbstractMessageConverterMethodProcessor.writeWithMessageConverters(AbstractMessageConverterMethodProcessor.java:297) ~[spring-webmvc-6.1.10.jar:6.1.10]
		at org.springframework.web.servlet.mvc.method.annotation.RequestResponseBodyMethodProcessor.handleReturnValue(RequestResponseBodyMethodProcessor.java:192) ~[spring-webmvc-6.1.10.jar:6.1.10]
		at org.springframework.web.method.support.HandlerMethodReturnValueHandlerComposite.handleReturnValue(HandlerMethodReturnValueHandlerComposite.java:78) ~[spring-web-6.1.10.jar:6.1.10]
		at org.springframework.web.servlet.mvc.method.annotation.ServletInvocableHandlerMethod.invokeAndHandle(ServletInvocableHandlerMethod.java:136) ~[spring-webmvc-6.1.10.jar:6.1.10]
		at org.springframework.web.servlet.mvc.method.annotation.RequestMappingHandlerAdapter.invokeHandlerMethod(RequestMappingHandlerAdapter.java:926) ~[spring-webmvc-6.1.10.jar:6.1.10]
		at org.springframework.web.servlet.mvc.method.annotation.RequestMappingHandlerAdapter.handleInternal(RequestMappingHandlerAdapter.java:831) ~[spring-webmvc-6.1.10.jar:6.1.10]
		at org.springframework.web.servlet.mvc.method.AbstractHandlerMethodAdapter.handle(AbstractHandlerMethodAdapter.java:87) ~[spring-webmvc-6.1.10.jar:6.1.10]
		at org.springframework.web.servlet.DispatcherServlet.doDispatch(DispatcherServlet.java:1089) ~[spring-webmvc-6.1.10.jar:6.1.10]
		at org.springframework.web.servlet.DispatcherServlet.doService(DispatcherServlet.java:979) ~[spring-webmvc-6.1.10.jar:6.1.10]
		at org.springframework.web.servlet.FrameworkServlet.processRequest(FrameworkServlet.java:1014) ~[spring-webmvc-6.1.10.jar:6.1.10]
		at org.springframework.web.servlet.FrameworkServlet.doPost(FrameworkServlet.java:914) ~[spring-webmvc-6.1.10.jar:6.1.10]
		at jakarta.servlet.http.HttpServlet.service(HttpServlet.java:547) ~[jakarta.servlet-api-6.0.0.jar:6.0.0]
		at org.springframework.web.servlet.FrameworkServlet.service(FrameworkServlet.java:885) ~[spring-webmvc-6.1.10.jar:6.1.10]
		at jakarta.servlet.http.HttpServlet.service(HttpServlet.java:614) ~[jakarta.servlet-api-6.0.0.jar:6.0.0]
		at io.undertow.servlet.handlers.ServletHandler.handleRequest(ServletHandler.java:74) ~[undertow-servlet-2.3.13.Final.jar:2.3.13.Final]
		at io.undertow.servlet.handlers.FilterHandler$FilterChainImpl.doFilter(FilterHandler.java:129) ~[undertow-servlet-2.3.13.Final.jar:2.3.13.Final]
		at org.springframework.web.filter.CorsFilter.doFilterInternal(CorsFilter.java:91) ~[spring-web-6.1.10.jar:6.1.10]
		at org.springframework.web.filter.OncePerRequestFilter.doFilter(OncePerRequestFilter.java:116) ~[spring-web-6.1.10.jar:6.1.10]
		at io.undertow.servlet.core.ManagedFilter.doFilter(ManagedFilter.java:67) ~[undertow-servlet-2.3.13.Final.jar:2.3.13.Final]
		at io.undertow.servlet.handlers.FilterHandler$FilterChainImpl.doFilter(FilterHandler.java:131) ~[undertow-servlet-2.3.13.Final.jar:2.3.13.Final]
		at org.springframework.web.filter.RequestContextFilter.doFilterInternal(RequestContextFilter.java:100) ~[spring-web-6.1.10.jar:6.1.10]
		at org.springframework.web.filter.OncePerRequestFilter.doFilter(OncePerRequestFilter.java:116) ~[spring-web-6.1.10.jar:6.1.10]
		at io.undertow.servlet.core.ManagedFilter.doFilter(ManagedFilter.java:67) ~[undertow-servlet-2.3.13.Final.jar:2.3.13.Final]
		at io.undertow.servlet.handlers.FilterHandler$FilterChainImpl.doFilter(FilterHandler.java:131) ~[undertow-servlet-2.3.13.Final.jar:2.3.13.Final]
		at org.springframework.web.filter.FormContentFilter.doFilterInternal(FormContentFilter.java:93) ~[spring-web-6.1.10.jar:6.1.10]
		at org.springframework.web.filter.OncePerRequestFilter.doFilter(OncePerRequestFilter.java:116) ~[spring-web-6.1.10.jar:6.1.10]
		at io.undertow.servlet.core.ManagedFilter.doFilter(ManagedFilter.java:67) ~[undertow-servlet-2.3.13.Final.jar:2.3.13.Final]
		at io.undertow.servlet.handlers.FilterHandler$FilterChainImpl.doFilter(FilterHandler.java:131) ~[undertow-servlet-2.3.13.Final.jar:2.3.13.Final]
		at org.springframework.web.filter.CharacterEncodingFilter.doFilterInternal(CharacterEncodingFilter.java:201) ~[spring-web-6.1.10.jar:6.1.10]
		at org.springframework.web.filter.OncePerRequestFilter.doFilter(OncePerRequestFilter.java:116) ~[spring-web-6.1.10.jar:6.1.10]
		at io.undertow.servlet.core.ManagedFilter.doFilter(ManagedFilter.java:67) ~[undertow-servlet-2.3.13.Final.jar:2.3.13.Final]
		at io.undertow.servlet.handlers.FilterHandler$FilterChainImpl.doFilter(FilterHandler.java:131) ~[undertow-servlet-2.3.13.Final.jar:2.3.13.Final]
		at io.undertow.servlet.handlers.FilterHandler.handleRequest(FilterHandler.java:84) ~[undertow-servlet-2.3.13.Final.jar:2.3.13.Final]
		at io.undertow.servlet.handlers.security.ServletSecurityRoleHandler.handleRequest(ServletSecurityRoleHandler.java:62) ~[undertow-servlet-2.3.13.Final.jar:2.3.13.Final]
		at io.undertow.servlet.handlers.ServletChain$1.handleRequest(ServletChain.java:68) ~[undertow-servlet-2.3.13.Final.jar:2.3.13.Final]
		at io.undertow.servlet.handlers.ServletDispatchingHandler.handleRequest(ServletDispatchingHandler.java:36) ~[undertow-servlet-2.3.13.Final.jar:2.3.13.Final]
		at io.undertow.servlet.handlers.RedirectDirHandler.handleRequest(RedirectDirHandler.java:68) ~[undertow-servlet-2.3.13.Final.jar:2.3.13.Final]
		at io.undertow.servlet.handlers.security.SSLInformationAssociationHandler.handleRequest(SSLInformationAssociationHandler.java:117) ~[undertow-servlet-2.3.13.Final.jar:2.3.13.Final]
		at io.undertow.servlet.handlers.security.ServletAuthenticationCallHandler.handleRequest(ServletAuthenticationCallHandler.java:57) ~[undertow-servlet-2.3.13.Final.jar:2.3.13.Final]
		at io.undertow.server.handlers.PredicateHandler.handleRequest(PredicateHandler.java:43) ~[undertow-core-2.3.13.Final.jar:2.3.13.Final]
		at io.undertow.security.handlers.AbstractConfidentialityHandler.handleRequest(AbstractConfidentialityHandler.java:46) ~[undertow-core-2.3.13.Final.jar:2.3.13.Final]
		at io.undertow.servlet.handlers.security.ServletConfidentialityConstraintHandler.handleRequest(ServletConfidentialityConstraintHandler.java:64) ~[undertow-servlet-2.3.13.Final.jar:2.3.13.Final]
		at io.undertow.security.handlers.AuthenticationMechanismsHandler.handleRequest(AuthenticationMechanismsHandler.java:60) ~[undertow-core-2.3.13.Final.jar:2.3.13.Final]
		at io.undertow.servlet.handlers.security.CachedAuthenticatedSessionHandler.handleRequest(CachedAuthenticatedSessionHandler.java:77) ~[undertow-servlet-2.3.13.Final.jar:2.3.13.Final]
		at io.undertow.security.handlers.AbstractSecurityContextAssociationHandler.handleRequest(AbstractSecurityContextAssociationHandler.java:43) ~[undertow-core-2.3.13.Final.jar:2.3.13.Final]
		at io.undertow.server.handlers.PredicateHandler.handleRequest(PredicateHandler.java:43) ~[undertow-core-2.3.13.Final.jar:2.3.13.Final]
		at io.undertow.servlet.handlers.SendErrorPageHandler.handleRequest(SendErrorPageHandler.java:52) ~[undertow-servlet-2.3.13.Final.jar:2.3.13.Final]
		at io.undertow.server.handlers.PredicateHandler.handleRequest(PredicateHandler.java:43) ~[undertow-core-2.3.13.Final.jar:2.3.13.Final]
		at io.undertow.servlet.handlers.ServletInitialHandler.handleFirstRequest(ServletInitialHandler.java:276) ~[undertow-servlet-2.3.13.Final.jar:2.3.13.Final]
		at io.undertow.servlet.handlers.ServletInitialHandler$2.call(ServletInitialHandler.java:135) ~[undertow-servlet-2.3.13.Final.jar:2.3.13.Final]
		at io.undertow.servlet.handlers.ServletInitialHandler$2.call(ServletInitialHandler.java:132) ~[undertow-servlet-2.3.13.Final.jar:2.3.13.Final]
		at io.undertow.servlet.core.ServletRequestContextThreadSetupAction$1.call(ServletRequestContextThreadSetupAction.java:48) ~[undertow-servlet-2.3.13.Final.jar:2.3.13.Final]
		at io.undertow.servlet.core.ContextClassLoaderSetupAction$1.call(ContextClassLoaderSetupAction.java:43) ~[undertow-servlet-2.3.13.Final.jar:2.3.13.Final]
		at io.undertow.servlet.handlers.ServletInitialHandler.dispatchRequest(ServletInitialHandler.java:256) ~[undertow-servlet-2.3.13.Final.jar:2.3.13.Final]
		at io.undertow.servlet.handlers.ServletInitialHandler$1.handleRequest(ServletInitialHandler.java:101) ~[undertow-servlet-2.3.13.Final.jar:2.3.13.Final]
		at io.undertow.server.Connectors.executeRootHandler(Connectors.java:393) ~[undertow-core-2.3.13.Final.jar:2.3.13.Final]
		at io.undertow.server.HttpServerExchange$1.run(HttpServerExchange.java:859) ~[undertow-core-2.3.13.Final.jar:2.3.13.Final]
		at org.jboss.threads.ContextHandler$1.runWith(ContextHandler.java:18) ~[jboss-threads-3.5.0.Final.jar:3.5.0.Final]
		at org.jboss.threads.EnhancedQueueExecutor$Task.run(EnhancedQueueExecutor.java:2513) ~[jboss-threads-3.5.0.Final.jar:3.5.0.Final]
		at org.jboss.threads.EnhancedQueueExecutor$ThreadBody.run(EnhancedQueueExecutor.java:1538) ~[jboss-threads-3.5.0.Final.jar:3.5.0.Final]
		at org.xnio.XnioWorker$WorkerThreadFactory$1$1.run(XnioWorker.java:1282) ~[xnio-api-3.8.8.Final.jar:3.8.8.Final]
		at java.base/java.lang.Thread.run(Thread.java:1583) [?:?]
Caused by: java.nio.channels.ClosedChannelException
	at io.undertow.conduits.DeflatingStreamSinkConduit.write(DeflatingStreamSinkConduit.java:158) ~[undertow-core-2.3.13.Final.jar:2.3.13.Final]
	at org.xnio.conduits.ConduitStreamSinkChannel.write(ConduitStreamSinkChannel.java:158) ~[xnio-api-3.8.8.Final.jar:3.8.8.Final]
	at io.undertow.channels.DetachableStreamSinkChannel.write(DetachableStreamSinkChannel.java:179) ~[undertow-core-2.3.13.Final.jar:2.3.13.Final]
	at io.undertow.server.HttpServerExchange$WriteDispatchChannel.write(HttpServerExchange.java:2172) ~[undertow-core-2.3.13.Final.jar:2.3.13.Final]
	at org.xnio.channels.Channels.writeBlocking(Channels.java:202) ~[xnio-api-3.8.8.Final.jar:3.8.8.Final]
	at io.undertow.servlet.spec.ServletOutputStreamImpl.writeTooLargeForBuffer(ServletOutputStreamImpl.java:201) ~[undertow-servlet-2.3.13.Final.jar:2.3.13.Final]
	at io.undertow.servlet.spec.ServletOutputStreamImpl.write(ServletOutputStreamImpl.java:149) ~[undertow-servlet-2.3.13.Final.jar:2.3.13.Final]
	at org.springframework.web.context.request.async.StandardServletAsyncWebRequest$LifecycleServletOutputStream.write(StandardServletAsyncWebRequest.java:375) ~[spring-web-6.1.10.jar:6.1.10]
	... 83 more
[2026-05-21 14:16:24.146] ERROR XNIO-1 task-10 com.jts.gjcxfzksh.exception.handler.GlobalExceptionHandler[63] - 请求地址'/pt/network/tile',发生系统异常. 
org.springframework.web.context.request.async.AsyncRequestNotUsableException: ServletOutputStream failed to write: null
	at org.springframework.web.context.request.async.StandardServletAsyncWebRequest$LifecycleHttpServletResponse.handleIOException(StandardServletAsyncWebRequest.java:320) ~[spring-web-6.1.10.jar:6.1.10]
	at org.springframework.web.context.request.async.StandardServletAsyncWebRequest$LifecycleServletOutputStream.write(StandardServletAsyncWebRequest.java:378) ~[spring-web-6.1.10.jar:6.1.10]
	at org.springframework.util.StreamUtils$NonClosingOutputStream.write(StreamUtils.java:261) ~[spring-core-6.1.10.jar:6.1.10]
	at com.fasterxml.jackson.core.json.UTF8JsonGenerator._flushBuffer(UTF8JsonGenerator.java:2210) ~[jackson-core-2.17.1.jar:2.17.1]
	at com.fasterxml.jackson.core.json.UTF8JsonGenerator.writeRaw(UTF8JsonGenerator.java:764) ~[jackson-core-2.17.1.jar:2.17.1]
	at com.fasterxml.jackson.core.json.UTF8JsonGenerator.writeRaw(UTF8JsonGenerator.java:674) ~[jackson-core-2.17.1.jar:2.17.1]
	at com.fasterxml.jackson.core.json.UTF8JsonGenerator.writeNumber(UTF8JsonGenerator.java:1065) ~[jackson-core-2.17.1.jar:2.17.1]
	at com.fasterxml.jackson.databind.ser.std.NumberSerializers$FloatSerializer.serialize(NumberSerializers.java:214) ~[jackson-databind-2.17.1.jar:2.17.1]
	at com.fasterxml.jackson.databind.ser.BeanPropertyWriter.serializeAsField(BeanPropertyWriter.java:732) ~[jackson-databind-2.17.1.jar:2.17.1]
	at com.fasterxml.jackson.databind.ser.std.BeanSerializerBase.serializeFields(BeanSerializerBase.java:770) ~[jackson-databind-2.17.1.jar:2.17.1]
	at com.fasterxml.jackson.databind.ser.BeanSerializer.serialize(BeanSerializer.java:183) ~[jackson-databind-2.17.1.jar:2.17.1]
	at com.fasterxml.jackson.databind.ser.BeanPropertyWriter.serializeAsField(BeanPropertyWriter.java:732) ~[jackson-databind-2.17.1.jar:2.17.1]
	at com.fasterxml.jackson.databind.ser.std.BeanSerializerBase.serializeFields(BeanSerializerBase.java:770) ~[jackson-databind-2.17.1.jar:2.17.1]
	at com.fasterxml.jackson.databind.ser.BeanSerializer.serialize(BeanSerializer.java:183) ~[jackson-databind-2.17.1.jar:2.17.1]
	at com.fasterxml.jackson.databind.ser.impl.IndexedListSerializer.serializeContents(IndexedListSerializer.java:119) ~[jackson-databind-2.17.1.jar:2.17.1]
	at com.fasterxml.jackson.databind.ser.impl.IndexedListSerializer.serialize(IndexedListSerializer.java:79) ~[jackson-databind-2.17.1.jar:2.17.1]
	at com.fasterxml.jackson.databind.ser.impl.IndexedListSerializer.serialize(IndexedListSerializer.java:18) ~[jackson-databind-2.17.1.jar:2.17.1]
	at com.fasterxml.jackson.databind.ser.BeanPropertyWriter.serializeAsField(BeanPropertyWriter.java:732) ~[jackson-databind-2.17.1.jar:2.17.1]
	at com.fasterxml.jackson.databind.ser.std.BeanSerializerBase.serializeFields(BeanSerializerBase.java:770) ~[jackson-databind-2.17.1.jar:2.17.1]
	at com.fasterxml.jackson.databind.ser.BeanSerializer.serialize(BeanSerializer.java:183) ~[jackson-databind-2.17.1.jar:2.17.1]
	at com.fasterxml.jackson.databind.ser.DefaultSerializerProvider._serialize(DefaultSerializerProvider.java:502) ~[jackson-databind-2.17.1.jar:2.17.1]
	at com.fasterxml.jackson.databind.ser.DefaultSerializerProvider.serializeValue(DefaultSerializerProvider.java:341) ~[jackson-databind-2.17.1.jar:2.17.1]
	at com.fasterxml.jackson.databind.ObjectWriter$Prefetch.serialize(ObjectWriter.java:1574) ~[jackson-databind-2.17.1.jar:2.17.1]
	at com.fasterxml.jackson.databind.ObjectWriter.writeValue(ObjectWriter.java:1061) ~[jackson-databind-2.17.1.jar:2.17.1]
	at org.springframework.http.converter.json.AbstractJackson2HttpMessageConverter.writeInternal(AbstractJackson2HttpMessageConverter.java:483) ~[spring-web-6.1.10.jar:6.1.10]
	at org.springframework.http.converter.AbstractGenericHttpMessageConverter.write(AbstractGenericHttpMessageConverter.java:114) ~[spring-web-6.1.10.jar:6.1.10]
	at org.springframework.web.servlet.mvc.method.annotation.AbstractMessageConverterMethodProcessor.writeWithMessageConverters(AbstractMessageConverterMethodProcessor.java:297) ~[spring-webmvc-6.1.10.jar:6.1.10]
	at org.springframework.web.servlet.mvc.method.annotation.RequestResponseBodyMethodProcessor.handleReturnValue(RequestResponseBodyMethodProcessor.java:192) ~[spring-webmvc-6.1.10.jar:6.1.10]
	at org.springframework.web.method.support.HandlerMethodReturnValueHandlerComposite.handleReturnValue(HandlerMethodReturnValueHandlerComposite.java:78) ~[spring-web-6.1.10.jar:6.1.10]
	at org.springframework.web.servlet.mvc.method.annotation.ServletInvocableHandlerMethod.invokeAndHandle(ServletInvocableHandlerMethod.java:136) ~[spring-webmvc-6.1.10.jar:6.1.10]
	at org.springframework.web.servlet.mvc.method.annotation.RequestMappingHandlerAdapter.invokeHandlerMethod(RequestMappingHandlerAdapter.java:926) ~[spring-webmvc-6.1.10.jar:6.1.10]
	at org.springframework.web.servlet.mvc.method.annotation.RequestMappingHandlerAdapter.handleInternal(RequestMappingHandlerAdapter.java:831) ~[spring-webmvc-6.1.10.jar:6.1.10]
	at org.springframework.web.servlet.mvc.method.AbstractHandlerMethodAdapter.handle(AbstractHandlerMethodAdapter.java:87) ~[spring-webmvc-6.1.10.jar:6.1.10]
	at org.springframework.web.servlet.DispatcherServlet.doDispatch(DispatcherServlet.java:1089) ~[spring-webmvc-6.1.10.jar:6.1.10]
	at org.springframework.web.servlet.DispatcherServlet.doService(DispatcherServlet.java:979) ~[spring-webmvc-6.1.10.jar:6.1.10]
	at org.springframework.web.servlet.FrameworkServlet.processRequest(FrameworkServlet.java:1014) ~[spring-webmvc-6.1.10.jar:6.1.10]
	at org.springframework.web.servlet.FrameworkServlet.doPost(FrameworkServlet.java:914) ~[spring-webmvc-6.1.10.jar:6.1.10]
	at jakarta.servlet.http.HttpServlet.service(HttpServlet.java:547) ~[jakarta.servlet-api-6.0.0.jar:6.0.0]
	at org.springframework.web.servlet.FrameworkServlet.service(FrameworkServlet.java:885) ~[spring-webmvc-6.1.10.jar:6.1.10]
	at jakarta.servlet.http.HttpServlet.service(HttpServlet.java:614) ~[jakarta.servlet-api-6.0.0.jar:6.0.0]
	at io.undertow.servlet.handlers.ServletHandler.handleRequest(ServletHandler.java:74) ~[undertow-servlet-2.3.13.Final.jar:2.3.13.Final]
	at io.undertow.servlet.handlers.FilterHandler$FilterChainImpl.doFilter(FilterHandler.java:129) ~[undertow-servlet-2.3.13.Final.jar:2.3.13.Final]
	at org.springframework.web.filter.CorsFilter.doFilterInternal(CorsFilter.java:91) ~[spring-web-6.1.10.jar:6.1.10]
	at org.springframework.web.filter.OncePerRequestFilter.doFilter(OncePerRequestFilter.java:116) ~[spring-web-6.1.10.jar:6.1.10]
	at io.undertow.servlet.core.ManagedFilter.doFilter(ManagedFilter.java:67) ~[undertow-servlet-2.3.13.Final.jar:2.3.13.Final]
	at io.undertow.servlet.handlers.FilterHandler$FilterChainImpl.doFilter(FilterHandler.java:131) ~[undertow-servlet-2.3.13.Final.jar:2.3.13.Final]
	at org.springframework.web.filter.RequestContextFilter.doFilterInternal(RequestContextFilter.java:100) ~[spring-web-6.1.10.jar:6.1.10]
	at org.springframework.web.filter.OncePerRequestFilter.doFilter(OncePerRequestFilter.java:116) ~[spring-web-6.1.10.jar:6.1.10]
	at io.undertow.servlet.core.ManagedFilter.doFilter(ManagedFilter.java:67) ~[undertow-servlet-2.3.13.Final.jar:2.3.13.Final]
	at io.undertow.servlet.handlers.FilterHandler$FilterChainImpl.doFilter(FilterHandler.java:131) ~[undertow-servlet-2.3.13.Final.jar:2.3.13.Final]
	at org.springframework.web.filter.FormContentFilter.doFilterInternal(FormContentFilter.java:93) ~[spring-web-6.1.10.jar:6.1.10]
	at org.springframework.web.filter.OncePerRequestFilter.doFilter(OncePerRequestFilter.java:116) ~[spring-web-6.1.10.jar:6.1.10]
	at io.undertow.servlet.core.ManagedFilter.doFilter(ManagedFilter.java:67) ~[undertow-servlet-2.3.13.Final.jar:2.3.13.Final]
	at io.undertow.servlet.handlers.FilterHandler$FilterChainImpl.doFilter(FilterHandler.java:131) ~[undertow-servlet-2.3.13.Final.jar:2.3.13.Final]
	at org.springframework.web.filter.CharacterEncodingFilter.doFilterInternal(CharacterEncodingFilter.java:201) ~[spring-web-6.1.10.jar:6.1.10]
	at org.springframework.web.filter.OncePerRequestFilter.doFilter(OncePerRequestFilter.java:116) ~[spring-web-6.1.10.jar:6.1.10]
	at io.undertow.servlet.core.ManagedFilter.doFilter(ManagedFilter.java:67) ~[undertow-servlet-2.3.13.Final.jar:2.3.13.Final]
	at io.undertow.servlet.handlers.FilterHandler$FilterChainImpl.doFilter(FilterHandler.java:131) ~[undertow-servlet-2.3.13.Final.jar:2.3.13.Final]
	at io.undertow.servlet.handlers.FilterHandler.handleRequest(FilterHandler.java:84) ~[undertow-servlet-2.3.13.Final.jar:2.3.13.Final]
	at io.undertow.servlet.handlers.security.ServletSecurityRoleHandler.handleRequest(ServletSecurityRoleHandler.java:62) ~[undertow-servlet-2.3.13.Final.jar:2.3.13.Final]
	at io.undertow.servlet.handlers.ServletChain$1.handleRequest(ServletChain.java:68) ~[undertow-servlet-2.3.13.Final.jar:2.3.13.Final]
	at io.undertow.servlet.handlers.ServletDispatchingHandler.handleRequest(ServletDispatchingHandler.java:36) ~[undertow-servlet-2.3.13.Final.jar:2.3.13.Final]
	at io.undertow.servlet.handlers.RedirectDirHandler.handleRequest(RedirectDirHandler.java:68) ~[undertow-servlet-2.3.13.Final.jar:2.3.13.Final]
	at io.undertow.servlet.handlers.security.SSLInformationAssociationHandler.handleRequest(SSLInformationAssociationHandler.java:117) ~[undertow-servlet-2.3.13.Final.jar:2.3.13.Final]
	at io.undertow.servlet.handlers.security.ServletAuthenticationCallHandler.handleRequest(ServletAuthenticationCallHandler.java:57) ~[undertow-servlet-2.3.13.Final.jar:2.3.13.Final]
	at io.undertow.server.handlers.PredicateHandler.handleRequest(PredicateHandler.java:43) ~[undertow-core-2.3.13.Final.jar:2.3.13.Final]
	at io.undertow.security.handlers.AbstractConfidentialityHandler.handleRequest(AbstractConfidentialityHandler.java:46) ~[undertow-core-2.3.13.Final.jar:2.3.13.Final]
	at io.undertow.servlet.handlers.security.ServletConfidentialityConstraintHandler.handleRequest(ServletConfidentialityConstraintHandler.java:64) ~[undertow-servlet-2.3.13.Final.jar:2.3.13.Final]
	at io.undertow.security.handlers.AuthenticationMechanismsHandler.handleRequest(AuthenticationMechanismsHandler.java:60) ~[undertow-core-2.3.13.Final.jar:2.3.13.Final]
	at io.undertow.servlet.handlers.security.CachedAuthenticatedSessionHandler.handleRequest(CachedAuthenticatedSessionHandler.java:77) ~[undertow-servlet-2.3.13.Final.jar:2.3.13.Final]
	at io.undertow.security.handlers.AbstractSecurityContextAssociationHandler.handleRequest(AbstractSecurityContextAssociationHandler.java:43) ~[undertow-core-2.3.13.Final.jar:2.3.13.Final]
	at io.undertow.server.handlers.PredicateHandler.handleRequest(PredicateHandler.java:43) ~[undertow-core-2.3.13.Final.jar:2.3.13.Final]
	at io.undertow.servlet.handlers.SendErrorPageHandler.handleRequest(SendErrorPageHandler.java:52) ~[undertow-servlet-2.3.13.Final.jar:2.3.13.Final]
	at io.undertow.server.handlers.PredicateHandler.handleRequest(PredicateHandler.java:43) ~[undertow-core-2.3.13.Final.jar:2.3.13.Final]
	at io.undertow.servlet.handlers.ServletInitialHandler.handleFirstRequest(ServletInitialHandler.java:276) ~[undertow-servlet-2.3.13.Final.jar:2.3.13.Final]
	at io.undertow.servlet.handlers.ServletInitialHandler$2.call(ServletInitialHandler.java:135) ~[undertow-servlet-2.3.13.Final.jar:2.3.13.Final]
	at io.undertow.servlet.handlers.ServletInitialHandler$2.call(ServletInitialHandler.java:132) ~[undertow-servlet-2.3.13.Final.jar:2.3.13.Final]
	at io.undertow.servlet.core.ServletRequestContextThreadSetupAction$1.call(ServletRequestContextThreadSetupAction.java:48) ~[undertow-servlet-2.3.13.Final.jar:2.3.13.Final]
	at io.undertow.servlet.core.ContextClassLoaderSetupAction$1.call(ContextClassLoaderSetupAction.java:43) ~[undertow-servlet-2.3.13.Final.jar:2.3.13.Final]
	at io.undertow.servlet.handlers.ServletInitialHandler.dispatchRequest(ServletInitialHandler.java:256) ~[undertow-servlet-2.3.13.Final.jar:2.3.13.Final]
	at io.undertow.servlet.handlers.ServletInitialHandler$1.handleRequest(ServletInitialHandler.java:101) ~[undertow-servlet-2.3.13.Final.jar:2.3.13.Final]
	at io.undertow.server.Connectors.executeRootHandler(Connectors.java:393) ~[undertow-core-2.3.13.Final.jar:2.3.13.Final]
	at io.undertow.server.HttpServerExchange$1.run(HttpServerExchange.java:859) ~[undertow-core-2.3.13.Final.jar:2.3.13.Final]
	at org.jboss.threads.ContextHandler$1.runWith(ContextHandler.java:18) ~[jboss-threads-3.5.0.Final.jar:3.5.0.Final]
	at org.jboss.threads.EnhancedQueueExecutor$Task.run(EnhancedQueueExecutor.java:2513) ~[jboss-threads-3.5.0.Final.jar:3.5.0.Final]
	at org.jboss.threads.EnhancedQueueExecutor$ThreadBody.run(EnhancedQueueExecutor.java:1538) ~[jboss-threads-3.5.0.Final.jar:3.5.0.Final]
	at org.xnio.XnioWorker$WorkerThreadFactory$1$1.run(XnioWorker.java:1282) ~[xnio-api-3.8.8.Final.jar:3.8.8.Final]
	at java.base/java.lang.Thread.run(Thread.java:1583) [?:?]
	Suppressed: org.springframework.web.context.request.async.AsyncRequestNotUsableException: Response not usable after response errors.
		at org.springframework.web.context.request.async.StandardServletAsyncWebRequest$LifecycleHttpServletResponse.obtainLockAndCheckState(StandardServletAsyncWebRequest.java:314) ~[spring-web-6.1.10.jar:6.1.10]
		at org.springframework.web.context.request.async.StandardServletAsyncWebRequest$LifecycleServletOutputStream.write(StandardServletAsyncWebRequest.java:373) ~[spring-web-6.1.10.jar:6.1.10]
		at org.springframework.util.StreamUtils$NonClosingOutputStream.write(StreamUtils.java:261) ~[spring-core-6.1.10.jar:6.1.10]
		at com.fasterxml.jackson.core.json.UTF8JsonGenerator._flushBuffer(UTF8JsonGenerator.java:2210) ~[jackson-core-2.17.1.jar:2.17.1]
		at com.fasterxml.jackson.core.json.UTF8JsonGenerator.close(UTF8JsonGenerator.java:1234) ~[jackson-core-2.17.1.jar:2.17.1]
		at org.springframework.http.converter.json.AbstractJackson2HttpMessageConverter.writeInternal(AbstractJackson2HttpMessageConverter.java:452) ~[spring-web-6.1.10.jar:6.1.10]
		at org.springframework.http.converter.AbstractGenericHttpMessageConverter.write(AbstractGenericHttpMessageConverter.java:114) ~[spring-web-6.1.10.jar:6.1.10]
		at org.springframework.web.servlet.mvc.method.annotation.AbstractMessageConverterMethodProcessor.writeWithMessageConverters(AbstractMessageConverterMethodProcessor.java:297) ~[spring-webmvc-6.1.10.jar:6.1.10]
		at org.springframework.web.servlet.mvc.method.annotation.RequestResponseBodyMethodProcessor.handleReturnValue(RequestResponseBodyMethodProcessor.java:192) ~[spring-webmvc-6.1.10.jar:6.1.10]
		at org.springframework.web.method.support.HandlerMethodReturnValueHandlerComposite.handleReturnValue(HandlerMethodReturnValueHandlerComposite.java:78) ~[spring-web-6.1.10.jar:6.1.10]
		at org.springframework.web.servlet.mvc.method.annotation.ServletInvocableHandlerMethod.invokeAndHandle(ServletInvocableHandlerMethod.java:136) ~[spring-webmvc-6.1.10.jar:6.1.10]
		at org.springframework.web.servlet.mvc.method.annotation.RequestMappingHandlerAdapter.invokeHandlerMethod(RequestMappingHandlerAdapter.java:926) ~[spring-webmvc-6.1.10.jar:6.1.10]
		at org.springframework.web.servlet.mvc.method.annotation.RequestMappingHandlerAdapter.handleInternal(RequestMappingHandlerAdapter.java:831) ~[spring-webmvc-6.1.10.jar:6.1.10]
		at org.springframework.web.servlet.mvc.method.AbstractHandlerMethodAdapter.handle(AbstractHandlerMethodAdapter.java:87) ~[spring-webmvc-6.1.10.jar:6.1.10]
		at org.springframework.web.servlet.DispatcherServlet.doDispatch(DispatcherServlet.java:1089) ~[spring-webmvc-6.1.10.jar:6.1.10]
		at org.springframework.web.servlet.DispatcherServlet.doService(DispatcherServlet.java:979) ~[spring-webmvc-6.1.10.jar:6.1.10]
		at org.springframework.web.servlet.FrameworkServlet.processRequest(FrameworkServlet.java:1014) ~[spring-webmvc-6.1.10.jar:6.1.10]
		at org.springframework.web.servlet.FrameworkServlet.doPost(FrameworkServlet.java:914) ~[spring-webmvc-6.1.10.jar:6.1.10]
		at jakarta.servlet.http.HttpServlet.service(HttpServlet.java:547) ~[jakarta.servlet-api-6.0.0.jar:6.0.0]
		at org.springframework.web.servlet.FrameworkServlet.service(FrameworkServlet.java:885) ~[spring-webmvc-6.1.10.jar:6.1.10]
		at jakarta.servlet.http.HttpServlet.service(HttpServlet.java:614) ~[jakarta.servlet-api-6.0.0.jar:6.0.0]
		at io.undertow.servlet.handlers.ServletHandler.handleRequest(ServletHandler.java:74) ~[undertow-servlet-2.3.13.Final.jar:2.3.13.Final]
		at io.undertow.servlet.handlers.FilterHandler$FilterChainImpl.doFilter(FilterHandler.java:129) ~[undertow-servlet-2.3.13.Final.jar:2.3.13.Final]
		at org.springframework.web.filter.CorsFilter.doFilterInternal(CorsFilter.java:91) ~[spring-web-6.1.10.jar:6.1.10]
		at org.springframework.web.filter.OncePerRequestFilter.doFilter(OncePerRequestFilter.java:116) ~[spring-web-6.1.10.jar:6.1.10]
		at io.undertow.servlet.core.ManagedFilter.doFilter(ManagedFilter.java:67) ~[undertow-servlet-2.3.13.Final.jar:2.3.13.Final]
		at io.undertow.servlet.handlers.FilterHandler$FilterChainImpl.doFilter(FilterHandler.java:131) ~[undertow-servlet-2.3.13.Final.jar:2.3.13.Final]
		at org.springframework.web.filter.RequestContextFilter.doFilterInternal(RequestContextFilter.java:100) ~[spring-web-6.1.10.jar:6.1.10]
		at org.springframework.web.filter.OncePerRequestFilter.doFilter(OncePerRequestFilter.java:116) ~[spring-web-6.1.10.jar:6.1.10]
		at io.undertow.servlet.core.ManagedFilter.doFilter(ManagedFilter.java:67) ~[undertow-servlet-2.3.13.Final.jar:2.3.13.Final]
		at io.undertow.servlet.handlers.FilterHandler$FilterChainImpl.doFilter(FilterHandler.java:131) ~[undertow-servlet-2.3.13.Final.jar:2.3.13.Final]
		at org.springframework.web.filter.FormContentFilter.doFilterInternal(FormContentFilter.java:93) ~[spring-web-6.1.10.jar:6.1.10]
		at org.springframework.web.filter.OncePerRequestFilter.doFilter(OncePerRequestFilter.java:116) ~[spring-web-6.1.10.jar:6.1.10]
		at io.undertow.servlet.core.ManagedFilter.doFilter(ManagedFilter.java:67) ~[undertow-servlet-2.3.13.Final.jar:2.3.13.Final]
		at io.undertow.servlet.handlers.FilterHandler$FilterChainImpl.doFilter(FilterHandler.java:131) ~[undertow-servlet-2.3.13.Final.jar:2.3.13.Final]
		at org.springframework.web.filter.CharacterEncodingFilter.doFilterInternal(CharacterEncodingFilter.java:201) ~[spring-web-6.1.10.jar:6.1.10]
		at org.springframework.web.filter.OncePerRequestFilter.doFilter(OncePerRequestFilter.java:116) ~[spring-web-6.1.10.jar:6.1.10]
		at io.undertow.servlet.core.ManagedFilter.doFilter(ManagedFilter.java:67) ~[undertow-servlet-2.3.13.Final.jar:2.3.13.Final]
		at io.undertow.servlet.handlers.FilterHandler$FilterChainImpl.doFilter(FilterHandler.java:131) ~[undertow-servlet-2.3.13.Final.jar:2.3.13.Final]
		at io.undertow.servlet.handlers.FilterHandler.handleRequest(FilterHandler.java:84) ~[undertow-servlet-2.3.13.Final.jar:2.3.13.Final]
		at io.undertow.servlet.handlers.security.ServletSecurityRoleHandler.handleRequest(ServletSecurityRoleHandler.java:62) ~[undertow-servlet-2.3.13.Final.jar:2.3.13.Final]
		at io.undertow.servlet.handlers.ServletChain$1.handleRequest(ServletChain.java:68) ~[undertow-servlet-2.3.13.Final.jar:2.3.13.Final]
		at io.undertow.servlet.handlers.ServletDispatchingHandler.handleRequest(ServletDispatchingHandler.java:36) ~[undertow-servlet-2.3.13.Final.jar:2.3.13.Final]
		at io.undertow.servlet.handlers.RedirectDirHandler.handleRequest(RedirectDirHandler.java:68) ~[undertow-servlet-2.3.13.Final.jar:2.3.13.Final]
		at io.undertow.servlet.handlers.security.SSLInformationAssociationHandler.handleRequest(SSLInformationAssociationHandler.java:117) ~[undertow-servlet-2.3.13.Final.jar:2.3.13.Final]
		at io.undertow.servlet.handlers.security.ServletAuthenticationCallHandler.handleRequest(ServletAuthenticationCallHandler.java:57) ~[undertow-servlet-2.3.13.Final.jar:2.3.13.Final]
		at io.undertow.server.handlers.PredicateHandler.handleRequest(PredicateHandler.java:43) ~[undertow-core-2.3.13.Final.jar:2.3.13.Final]
		at io.undertow.security.handlers.AbstractConfidentialityHandler.handleRequest(AbstractConfidentialityHandler.java:46) ~[undertow-core-2.3.13.Final.jar:2.3.13.Final]
		at io.undertow.servlet.handlers.security.ServletConfidentialityConstraintHandler.handleRequest(ServletConfidentialityConstraintHandler.java:64) ~[undertow-servlet-2.3.13.Final.jar:2.3.13.Final]
		at io.undertow.security.handlers.AuthenticationMechanismsHandler.handleRequest(AuthenticationMechanismsHandler.java:60) ~[undertow-core-2.3.13.Final.jar:2.3.13.Final]
		at io.undertow.servlet.handlers.security.CachedAuthenticatedSessionHandler.handleRequest(CachedAuthenticatedSessionHandler.java:77) ~[undertow-servlet-2.3.13.Final.jar:2.3.13.Final]
		at io.undertow.security.handlers.AbstractSecurityContextAssociationHandler.handleRequest(AbstractSecurityContextAssociationHandler.java:43) ~[undertow-core-2.3.13.Final.jar:2.3.13.Final]
		at io.undertow.server.handlers.PredicateHandler.handleRequest(PredicateHandler.java:43) ~[undertow-core-2.3.13.Final.jar:2.3.13.Final]
		at io.undertow.servlet.handlers.SendErrorPageHandler.handleRequest(SendErrorPageHandler.java:52) ~[undertow-servlet-2.3.13.Final.jar:2.3.13.Final]
		at io.undertow.server.handlers.PredicateHandler.handleRequest(PredicateHandler.java:43) ~[undertow-core-2.3.13.Final.jar:2.3.13.Final]
		at io.undertow.servlet.handlers.ServletInitialHandler.handleFirstRequest(ServletInitialHandler.java:276) ~[undertow-servlet-2.3.13.Final.jar:2.3.13.Final]
		at io.undertow.servlet.handlers.ServletInitialHandler$2.call(ServletInitialHandler.java:135) ~[undertow-servlet-2.3.13.Final.jar:2.3.13.Final]
		at io.undertow.servlet.handlers.ServletInitialHandler$2.call(ServletInitialHandler.java:132) ~[undertow-servlet-2.3.13.Final.jar:2.3.13.Final]
		at io.undertow.servlet.core.ServletRequestContextThreadSetupAction$1.call(ServletRequestContextThreadSetupAction.java:48) ~[undertow-servlet-2.3.13.Final.jar:2.3.13.Final]
		at io.undertow.servlet.core.ContextClassLoaderSetupAction$1.call(ContextClassLoaderSetupAction.java:43) ~[undertow-servlet-2.3.13.Final.jar:2.3.13.Final]
		at io.undertow.servlet.handlers.ServletInitialHandler.dispatchRequest(ServletInitialHandler.java:256) ~[undertow-servlet-2.3.13.Final.jar:2.3.13.Final]
		at io.undertow.servlet.handlers.ServletInitialHandler$1.handleRequest(ServletInitialHandler.java:101) ~[undertow-servlet-2.3.13.Final.jar:2.3.13.Final]
		at io.undertow.server.Connectors.executeRootHandler(Connectors.java:393) ~[undertow-core-2.3.13.Final.jar:2.3.13.Final]
		at io.undertow.server.HttpServerExchange$1.run(HttpServerExchange.java:859) ~[undertow-core-2.3.13.Final.jar:2.3.13.Final]
		at org.jboss.threads.ContextHandler$1.runWith(ContextHandler.java:18) ~[jboss-threads-3.5.0.Final.jar:3.5.0.Final]
		at org.jboss.threads.EnhancedQueueExecutor$Task.run(EnhancedQueueExecutor.java:2513) ~[jboss-threads-3.5.0.Final.jar:3.5.0.Final]
		at org.jboss.threads.EnhancedQueueExecutor$ThreadBody.run(EnhancedQueueExecutor.java:1538) ~[jboss-threads-3.5.0.Final.jar:3.5.0.Final]
		at org.xnio.XnioWorker$WorkerThreadFactory$1$1.run(XnioWorker.java:1282) ~[xnio-api-3.8.8.Final.jar:3.8.8.Final]
		at java.base/java.lang.Thread.run(Thread.java:1583) [?:?]
Caused by: java.nio.channels.ClosedChannelException
	at io.undertow.conduits.DeflatingStreamSinkConduit.write(DeflatingStreamSinkConduit.java:158) ~[undertow-core-2.3.13.Final.jar:2.3.13.Final]
	at org.xnio.conduits.ConduitStreamSinkChannel.write(ConduitStreamSinkChannel.java:158) ~[xnio-api-3.8.8.Final.jar:3.8.8.Final]
	at io.undertow.channels.DetachableStreamSinkChannel.write(DetachableStreamSinkChannel.java:179) ~[undertow-core-2.3.13.Final.jar:2.3.13.Final]
	at io.undertow.server.HttpServerExchange$WriteDispatchChannel.write(HttpServerExchange.java:2172) ~[undertow-core-2.3.13.Final.jar:2.3.13.Final]
	at org.xnio.channels.Channels.writeBlocking(Channels.java:202) ~[xnio-api-3.8.8.Final.jar:3.8.8.Final]
	at io.undertow.servlet.spec.ServletOutputStreamImpl.writeTooLargeForBuffer(ServletOutputStreamImpl.java:201) ~[undertow-servlet-2.3.13.Final.jar:2.3.13.Final]
	at io.undertow.servlet.spec.ServletOutputStreamImpl.write(ServletOutputStreamImpl.java:149) ~[undertow-servlet-2.3.13.Final.jar:2.3.13.Final]
	at org.springframework.web.context.request.async.StandardServletAsyncWebRequest$LifecycleServletOutputStream.write(StandardServletAsyncWebRequest.java:375) ~[spring-web-6.1.10.jar:6.1.10]
	... 86 more
[2026-05-21 14:16:24.173] ERROR XNIO-1 task-5 com.jts.gjcxfzksh.exception.handler.GlobalExceptionHandler[63] - 请求地址'/pt/network/tile',发生系统异常. 
org.springframework.web.context.request.async.AsyncRequestNotUsableException: ServletOutputStream failed to write: null
	at org.springframework.web.context.request.async.StandardServletAsyncWebRequest$LifecycleHttpServletResponse.handleIOException(StandardServletAsyncWebRequest.java:320) ~[spring-web-6.1.10.jar:6.1.10]
	at org.springframework.web.context.request.async.StandardServletAsyncWebRequest$LifecycleServletOutputStream.write(StandardServletAsyncWebRequest.java:378) ~[spring-web-6.1.10.jar:6.1.10]
	at org.springframework.util.StreamUtils$NonClosingOutputStream.write(StreamUtils.java:261) ~[spring-core-6.1.10.jar:6.1.10]
	at com.fasterxml.jackson.core.json.UTF8JsonGenerator._flushBuffer(UTF8JsonGenerator.java:2210) ~[jackson-core-2.17.1.jar:2.17.1]
	at com.fasterxml.jackson.core.json.UTF8JsonGenerator._verifyValueWrite(UTF8JsonGenerator.java:1190) ~[jackson-core-2.17.1.jar:2.17.1]
	at com.fasterxml.jackson.core.json.UTF8JsonGenerator.writeStartObject(UTF8JsonGenerator.java:396) ~[jackson-core-2.17.1.jar:2.17.1]
	at com.fasterxml.jackson.databind.ser.BeanSerializer.serialize(BeanSerializer.java:179) ~[jackson-databind-2.17.1.jar:2.17.1]
	at com.fasterxml.jackson.databind.ser.BeanPropertyWriter.serializeAsField(BeanPropertyWriter.java:732) ~[jackson-databind-2.17.1.jar:2.17.1]
	at com.fasterxml.jackson.databind.ser.std.BeanSerializerBase.serializeFields(BeanSerializerBase.java:770) ~[jackson-databind-2.17.1.jar:2.17.1]
	at com.fasterxml.jackson.databind.ser.BeanSerializer.serialize(BeanSerializer.java:183) ~[jackson-databind-2.17.1.jar:2.17.1]
	at com.fasterxml.jackson.databind.ser.impl.IndexedListSerializer.serializeContents(IndexedListSerializer.java:119) ~[jackson-databind-2.17.1.jar:2.17.1]
	at com.fasterxml.jackson.databind.ser.impl.IndexedListSerializer.serialize(IndexedListSerializer.java:79) ~[jackson-databind-2.17.1.jar:2.17.1]
	at com.fasterxml.jackson.databind.ser.impl.IndexedListSerializer.serialize(IndexedListSerializer.java:18) ~[jackson-databind-2.17.1.jar:2.17.1]
	at com.fasterxml.jackson.databind.ser.BeanPropertyWriter.serializeAsField(BeanPropertyWriter.java:732) ~[jackson-databind-2.17.1.jar:2.17.1]
	at com.fasterxml.jackson.databind.ser.std.BeanSerializerBase.serializeFields(BeanSerializerBase.java:770) ~[jackson-databind-2.17.1.jar:2.17.1]
	at com.fasterxml.jackson.databind.ser.BeanSerializer.serialize(BeanSerializer.java:183) ~[jackson-databind-2.17.1.jar:2.17.1]
	at com.fasterxml.jackson.databind.ser.DefaultSerializerProvider._serialize(DefaultSerializerProvider.java:502) ~[jackson-databind-2.17.1.jar:2.17.1]
	at com.fasterxml.jackson.databind.ser.DefaultSerializerProvider.serializeValue(DefaultSerializerProvider.java:341) ~[jackson-databind-2.17.1.jar:2.17.1]
	at com.fasterxml.jackson.databind.ObjectWriter$Prefetch.serialize(ObjectWriter.java:1574) ~[jackson-databind-2.17.1.jar:2.17.1]
	at com.fasterxml.jackson.databind.ObjectWriter.writeValue(ObjectWriter.java:1061) ~[jackson-databind-2.17.1.jar:2.17.1]
	at org.springframework.http.converter.json.AbstractJackson2HttpMessageConverter.writeInternal(AbstractJackson2HttpMessageConverter.java:483) ~[spring-web-6.1.10.jar:6.1.10]
	at org.springframework.http.converter.AbstractGenericHttpMessageConverter.write(AbstractGenericHttpMessageConverter.java:114) ~[spring-web-6.1.10.jar:6.1.10]
	at org.springframework.web.servlet.mvc.method.annotation.AbstractMessageConverterMethodProcessor.writeWithMessageConverters(AbstractMessageConverterMethodProcessor.java:297) ~[spring-webmvc-6.1.10.jar:6.1.10]
	at org.springframework.web.servlet.mvc.method.annotation.RequestResponseBodyMethodProcessor.handleReturnValue(RequestResponseBodyMethodProcessor.java:192) ~[spring-webmvc-6.1.10.jar:6.1.10]
	at org.springframework.web.method.support.HandlerMethodReturnValueHandlerComposite.handleReturnValue(HandlerMethodReturnValueHandlerComposite.java:78) ~[spring-web-6.1.10.jar:6.1.10]
	at org.springframework.web.servlet.mvc.method.annotation.ServletInvocableHandlerMethod.invokeAndHandle(ServletInvocableHandlerMethod.java:136) ~[spring-webmvc-6.1.10.jar:6.1.10]
	at org.springframework.web.servlet.mvc.method.annotation.RequestMappingHandlerAdapter.invokeHandlerMethod(RequestMappingHandlerAdapter.java:926) ~[spring-webmvc-6.1.10.jar:6.1.10]
	at org.springframework.web.servlet.mvc.method.annotation.RequestMappingHandlerAdapter.handleInternal(RequestMappingHandlerAdapter.java:831) ~[spring-webmvc-6.1.10.jar:6.1.10]
	at org.springframework.web.servlet.mvc.method.AbstractHandlerMethodAdapter.handle(AbstractHandlerMethodAdapter.java:87) ~[spring-webmvc-6.1.10.jar:6.1.10]
	at org.springframework.web.servlet.DispatcherServlet.doDispatch(DispatcherServlet.java:1089) ~[spring-webmvc-6.1.10.jar:6.1.10]
	at org.springframework.web.servlet.DispatcherServlet.doService(DispatcherServlet.java:979) ~[spring-webmvc-6.1.10.jar:6.1.10]
	at org.springframework.web.servlet.FrameworkServlet.processRequest(FrameworkServlet.java:1014) ~[spring-webmvc-6.1.10.jar:6.1.10]
	at org.springframework.web.servlet.FrameworkServlet.doPost(FrameworkServlet.java:914) ~[spring-webmvc-6.1.10.jar:6.1.10]
	at jakarta.servlet.http.HttpServlet.service(HttpServlet.java:547) ~[jakarta.servlet-api-6.0.0.jar:6.0.0]
	at org.springframework.web.servlet.FrameworkServlet.service(FrameworkServlet.java:885) ~[spring-webmvc-6.1.10.jar:6.1.10]
	at jakarta.servlet.http.HttpServlet.service(HttpServlet.java:614) ~[jakarta.servlet-api-6.0.0.jar:6.0.0]
	at io.undertow.servlet.handlers.ServletHandler.handleRequest(ServletHandler.java:74) ~[undertow-servlet-2.3.13.Final.jar:2.3.13.Final]
	at io.undertow.servlet.handlers.FilterHandler$FilterChainImpl.doFilter(FilterHandler.java:129) ~[undertow-servlet-2.3.13.Final.jar:2.3.13.Final]
	at org.springframework.web.filter.CorsFilter.doFilterInternal(CorsFilter.java:91) ~[spring-web-6.1.10.jar:6.1.10]
	at org.springframework.web.filter.OncePerRequestFilter.doFilter(OncePerRequestFilter.java:116) ~[spring-web-6.1.10.jar:6.1.10]
	at io.undertow.servlet.core.ManagedFilter.doFilter(ManagedFilter.java:67) ~[undertow-servlet-2.3.13.Final.jar:2.3.13.Final]
	at io.undertow.servlet.handlers.FilterHandler$FilterChainImpl.doFilter(FilterHandler.java:131) ~[undertow-servlet-2.3.13.Final.jar:2.3.13.Final]
	at org.springframework.web.filter.RequestContextFilter.doFilterInternal(RequestContextFilter.java:100) ~[spring-web-6.1.10.jar:6.1.10]
	at org.springframework.web.filter.OncePerRequestFilter.doFilter(OncePerRequestFilter.java:116) ~[spring-web-6.1.10.jar:6.1.10]
	at io.undertow.servlet.core.ManagedFilter.doFilter(ManagedFilter.java:67) ~[undertow-servlet-2.3.13.Final.jar:2.3.13.Final]
	at io.undertow.servlet.handlers.FilterHandler$FilterChainImpl.doFilter(FilterHandler.java:131) ~[undertow-servlet-2.3.13.Final.jar:2.3.13.Final]
	at org.springframework.web.filter.FormContentFilter.doFilterInternal(FormContentFilter.java:93) ~[spring-web-6.1.10.jar:6.1.10]
	at org.springframework.web.filter.OncePerRequestFilter.doFilter(OncePerRequestFilter.java:116) ~[spring-web-6.1.10.jar:6.1.10]
	at io.undertow.servlet.core.ManagedFilter.doFilter(ManagedFilter.java:67) ~[undertow-servlet-2.3.13.Final.jar:2.3.13.Final]
	at io.undertow.servlet.handlers.FilterHandler$FilterChainImpl.doFilter(FilterHandler.java:131) ~[undertow-servlet-2.3.13.Final.jar:2.3.13.Final]
	at org.springframework.web.filter.CharacterEncodingFilter.doFilterInternal(CharacterEncodingFilter.java:201) ~[spring-web-6.1.10.jar:6.1.10]
	at org.springframework.web.filter.OncePerRequestFilter.doFilter(OncePerRequestFilter.java:116) ~[spring-web-6.1.10.jar:6.1.10]
	at io.undertow.servlet.core.ManagedFilter.doFilter(ManagedFilter.java:67) ~[undertow-servlet-2.3.13.Final.jar:2.3.13.Final]
	at io.undertow.servlet.handlers.FilterHandler$FilterChainImpl.doFilter(FilterHandler.java:131) ~[undertow-servlet-2.3.13.Final.jar:2.3.13.Final]
	at io.undertow.servlet.handlers.FilterHandler.handleRequest(FilterHandler.java:84) ~[undertow-servlet-2.3.13.Final.jar:2.3.13.Final]
	at io.undertow.servlet.handlers.security.ServletSecurityRoleHandler.handleRequest(ServletSecurityRoleHandler.java:62) ~[undertow-servlet-2.3.13.Final.jar:2.3.13.Final]
	at io.undertow.servlet.handlers.ServletChain$1.handleRequest(ServletChain.java:68) ~[undertow-servlet-2.3.13.Final.jar:2.3.13.Final]
	at io.undertow.servlet.handlers.ServletDispatchingHandler.handleRequest(ServletDispatchingHandler.java:36) ~[undertow-servlet-2.3.13.Final.jar:2.3.13.Final]
	at io.undertow.servlet.handlers.RedirectDirHandler.handleRequest(RedirectDirHandler.java:68) ~[undertow-servlet-2.3.13.Final.jar:2.3.13.Final]
	at io.undertow.servlet.handlers.security.SSLInformationAssociationHandler.handleRequest(SSLInformationAssociationHandler.java:117) ~[undertow-servlet-2.3.13.Final.jar:2.3.13.Final]
	at io.undertow.servlet.handlers.security.ServletAuthenticationCallHandler.handleRequest(ServletAuthenticationCallHandler.java:57) ~[undertow-servlet-2.3.13.Final.jar:2.3.13.Final]
	at io.undertow.server.handlers.PredicateHandler.handleRequest(PredicateHandler.java:43) ~[undertow-core-2.3.13.Final.jar:2.3.13.Final]
	at io.undertow.security.handlers.AbstractConfidentialityHandler.handleRequest(AbstractConfidentialityHandler.java:46) ~[undertow-core-2.3.13.Final.jar:2.3.13.Final]
	at io.undertow.servlet.handlers.security.ServletConfidentialityConstraintHandler.handleRequest(ServletConfidentialityConstraintHandler.java:64) ~[undertow-servlet-2.3.13.Final.jar:2.3.13.Final]
	at io.undertow.security.handlers.AuthenticationMechanismsHandler.handleRequest(AuthenticationMechanismsHandler.java:60) ~[undertow-core-2.3.13.Final.jar:2.3.13.Final]
	at io.undertow.servlet.handlers.security.CachedAuthenticatedSessionHandler.handleRequest(CachedAuthenticatedSessionHandler.java:77) ~[undertow-servlet-2.3.13.Final.jar:2.3.13.Final]
	at io.undertow.security.handlers.AbstractSecurityContextAssociationHandler.handleRequest(AbstractSecurityContextAssociationHandler.java:43) ~[undertow-core-2.3.13.Final.jar:2.3.13.Final]
	at io.undertow.server.handlers.PredicateHandler.handleRequest(PredicateHandler.java:43) ~[undertow-core-2.3.13.Final.jar:2.3.13.Final]
	at io.undertow.servlet.handlers.SendErrorPageHandler.handleRequest(SendErrorPageHandler.java:52) ~[undertow-servlet-2.3.13.Final.jar:2.3.13.Final]
	at io.undertow.server.handlers.PredicateHandler.handleRequest(PredicateHandler.java:43) ~[undertow-core-2.3.13.Final.jar:2.3.13.Final]
	at io.undertow.servlet.handlers.ServletInitialHandler.handleFirstRequest(ServletInitialHandler.java:276) ~[undertow-servlet-2.3.13.Final.jar:2.3.13.Final]
	at io.undertow.servlet.handlers.ServletInitialHandler$2.call(ServletInitialHandler.java:135) ~[undertow-servlet-2.3.13.Final.jar:2.3.13.Final]
	at io.undertow.servlet.handlers.ServletInitialHandler$2.call(ServletInitialHandler.java:132) ~[undertow-servlet-2.3.13.Final.jar:2.3.13.Final]
	at io.undertow.servlet.core.ServletRequestContextThreadSetupAction$1.call(ServletRequestContextThreadSetupAction.java:48) ~[undertow-servlet-2.3.13.Final.jar:2.3.13.Final]
	at io.undertow.servlet.core.ContextClassLoaderSetupAction$1.call(ContextClassLoaderSetupAction.java:43) ~[undertow-servlet-2.3.13.Final.jar:2.3.13.Final]
	at io.undertow.servlet.handlers.ServletInitialHandler.dispatchRequest(ServletInitialHandler.java:256) ~[undertow-servlet-2.3.13.Final.jar:2.3.13.Final]
	at io.undertow.servlet.handlers.ServletInitialHandler$1.handleRequest(ServletInitialHandler.java:101) ~[undertow-servlet-2.3.13.Final.jar:2.3.13.Final]
	at io.undertow.server.Connectors.executeRootHandler(Connectors.java:393) ~[undertow-core-2.3.13.Final.jar:2.3.13.Final]
	at io.undertow.server.HttpServerExchange$1.run(HttpServerExchange.java:859) ~[undertow-core-2.3.13.Final.jar:2.3.13.Final]
	at org.jboss.threads.ContextHandler$1.runWith(ContextHandler.java:18) ~[jboss-threads-3.5.0.Final.jar:3.5.0.Final]
	at org.jboss.threads.EnhancedQueueExecutor$Task.run(EnhancedQueueExecutor.java:2513) ~[jboss-threads-3.5.0.Final.jar:3.5.0.Final]
	at org.jboss.threads.EnhancedQueueExecutor$ThreadBody.run(EnhancedQueueExecutor.java:1538) ~[jboss-threads-3.5.0.Final.jar:3.5.0.Final]
	at org.xnio.XnioWorker$WorkerThreadFactory$1$1.run(XnioWorker.java:1282) ~[xnio-api-3.8.8.Final.jar:3.8.8.Final]
	at java.base/java.lang.Thread.run(Thread.java:1583) [?:?]
	Suppressed: org.springframework.web.context.request.async.AsyncRequestNotUsableException: Response not usable after response errors.
		at org.springframework.web.context.request.async.StandardServletAsyncWebRequest$LifecycleHttpServletResponse.obtainLockAndCheckState(StandardServletAsyncWebRequest.java:314) ~[spring-web-6.1.10.jar:6.1.10]
		at org.springframework.web.context.request.async.StandardServletAsyncWebRequest$LifecycleServletOutputStream.write(StandardServletAsyncWebRequest.java:373) ~[spring-web-6.1.10.jar:6.1.10]
		at org.springframework.util.StreamUtils$NonClosingOutputStream.write(StreamUtils.java:261) ~[spring-core-6.1.10.jar:6.1.10]
		at com.fasterxml.jackson.core.json.UTF8JsonGenerator._flushBuffer(UTF8JsonGenerator.java:2210) ~[jackson-core-2.17.1.jar:2.17.1]
		at com.fasterxml.jackson.core.json.UTF8JsonGenerator.close(UTF8JsonGenerator.java:1234) ~[jackson-core-2.17.1.jar:2.17.1]
		at org.springframework.http.converter.json.AbstractJackson2HttpMessageConverter.writeInternal(AbstractJackson2HttpMessageConverter.java:452) ~[spring-web-6.1.10.jar:6.1.10]
		at org.springframework.http.converter.AbstractGenericHttpMessageConverter.write(AbstractGenericHttpMessageConverter.java:114) ~[spring-web-6.1.10.jar:6.1.10]
		at org.springframework.web.servlet.mvc.method.annotation.AbstractMessageConverterMethodProcessor.writeWithMessageConverters(AbstractMessageConverterMethodProcessor.java:297) ~[spring-webmvc-6.1.10.jar:6.1.10]
		at org.springframework.web.servlet.mvc.method.annotation.RequestResponseBodyMethodProcessor.handleReturnValue(RequestResponseBodyMethodProcessor.java:192) ~[spring-webmvc-6.1.10.jar:6.1.10]
		at org.springframework.web.method.support.HandlerMethodReturnValueHandlerComposite.handleReturnValue(HandlerMethodReturnValueHandlerComposite.java:78) ~[spring-web-6.1.10.jar:6.1.10]
		at org.springframework.web.servlet.mvc.method.annotation.ServletInvocableHandlerMethod.invokeAndHandle(ServletInvocableHandlerMethod.java:136) ~[spring-webmvc-6.1.10.jar:6.1.10]
		at org.springframework.web.servlet.mvc.method.annotation.RequestMappingHandlerAdapter.invokeHandlerMethod(RequestMappingHandlerAdapter.java:926) ~[spring-webmvc-6.1.10.jar:6.1.10]
		at org.springframework.web.servlet.mvc.method.annotation.RequestMappingHandlerAdapter.handleInternal(RequestMappingHandlerAdapter.java:831) ~[spring-webmvc-6.1.10.jar:6.1.10]
		at org.springframework.web.servlet.mvc.method.AbstractHandlerMethodAdapter.handle(AbstractHandlerMethodAdapter.java:87) ~[spring-webmvc-6.1.10.jar:6.1.10]
		at org.springframework.web.servlet.DispatcherServlet.doDispatch(DispatcherServlet.java:1089) ~[spring-webmvc-6.1.10.jar:6.1.10]
		at org.springframework.web.servlet.DispatcherServlet.doService(DispatcherServlet.java:979) ~[spring-webmvc-6.1.10.jar:6.1.10]
		at org.springframework.web.servlet.FrameworkServlet.processRequest(FrameworkServlet.java:1014) ~[spring-webmvc-6.1.10.jar:6.1.10]
		at org.springframework.web.servlet.FrameworkServlet.doPost(FrameworkServlet.java:914) ~[spring-webmvc-6.1.10.jar:6.1.10]
		at jakarta.servlet.http.HttpServlet.service(HttpServlet.java:547) ~[jakarta.servlet-api-6.0.0.jar:6.0.0]
		at org.springframework.web.servlet.FrameworkServlet.service(FrameworkServlet.java:885) ~[spring-webmvc-6.1.10.jar:6.1.10]
		at jakarta.servlet.http.HttpServlet.service(HttpServlet.java:614) ~[jakarta.servlet-api-6.0.0.jar:6.0.0]
		at io.undertow.servlet.handlers.ServletHandler.handleRequest(ServletHandler.java:74) ~[undertow-servlet-2.3.13.Final.jar:2.3.13.Final]
		at io.undertow.servlet.handlers.FilterHandler$FilterChainImpl.doFilter(FilterHandler.java:129) ~[undertow-servlet-2.3.13.Final.jar:2.3.13.Final]
		at org.springframework.web.filter.CorsFilter.doFilterInternal(CorsFilter.java:91) ~[spring-web-6.1.10.jar:6.1.10]
		at org.springframework.web.filter.OncePerRequestFilter.doFilter(OncePerRequestFilter.java:116) ~[spring-web-6.1.10.jar:6.1.10]
		at io.undertow.servlet.core.ManagedFilter.doFilter(ManagedFilter.java:67) ~[undertow-servlet-2.3.13.Final.jar:2.3.13.Final]
		at io.undertow.servlet.handlers.FilterHandler$FilterChainImpl.doFilter(FilterHandler.java:131) ~[undertow-servlet-2.3.13.Final.jar:2.3.13.Final]
		at org.springframework.web.filter.RequestContextFilter.doFilterInternal(RequestContextFilter.java:100) ~[spring-web-6.1.10.jar:6.1.10]
		at org.springframework.web.filter.OncePerRequestFilter.doFilter(OncePerRequestFilter.java:116) ~[spring-web-6.1.10.jar:6.1.10]
		at io.undertow.servlet.core.ManagedFilter.doFilter(ManagedFilter.java:67) ~[undertow-servlet-2.3.13.Final.jar:2.3.13.Final]
		at io.undertow.servlet.handlers.FilterHandler$FilterChainImpl.doFilter(FilterHandler.java:131) ~[undertow-servlet-2.3.13.Final.jar:2.3.13.Final]
		at org.springframework.web.filter.FormContentFilter.doFilterInternal(FormContentFilter.java:93) ~[spring-web-6.1.10.jar:6.1.10]
		at org.springframework.web.filter.OncePerRequestFilter.doFilter(OncePerRequestFilter.java:116) ~[spring-web-6.1.10.jar:6.1.10]
		at io.undertow.servlet.core.ManagedFilter.doFilter(ManagedFilter.java:67) ~[undertow-servlet-2.3.13.Final.jar:2.3.13.Final]
		at io.undertow.servlet.handlers.FilterHandler$FilterChainImpl.doFilter(FilterHandler.java:131) ~[undertow-servlet-2.3.13.Final.jar:2.3.13.Final]
		at org.springframework.web.filter.CharacterEncodingFilter.doFilterInternal(CharacterEncodingFilter.java:201) ~[spring-web-6.1.10.jar:6.1.10]
		at org.springframework.web.filter.OncePerRequestFilter.doFilter(OncePerRequestFilter.java:116) ~[spring-web-6.1.10.jar:6.1.10]
		at io.undertow.servlet.core.ManagedFilter.doFilter(ManagedFilter.java:67) ~[undertow-servlet-2.3.13.Final.jar:2.3.13.Final]
		at io.undertow.servlet.handlers.FilterHandler$FilterChainImpl.doFilter(FilterHandler.java:131) ~[undertow-servlet-2.3.13.Final.jar:2.3.13.Final]
		at io.undertow.servlet.handlers.FilterHandler.handleRequest(FilterHandler.java:84) ~[undertow-servlet-2.3.13.Final.jar:2.3.13.Final]
		at io.undertow.servlet.handlers.security.ServletSecurityRoleHandler.handleRequest(ServletSecurityRoleHandler.java:62) ~[undertow-servlet-2.3.13.Final.jar:2.3.13.Final]
		at io.undertow.servlet.handlers.ServletChain$1.handleRequest(ServletChain.java:68) ~[undertow-servlet-2.3.13.Final.jar:2.3.13.Final]
		at io.undertow.servlet.handlers.ServletDispatchingHandler.handleRequest(ServletDispatchingHandler.java:36) ~[undertow-servlet-2.3.13.Final.jar:2.3.13.Final]
		at io.undertow.servlet.handlers.RedirectDirHandler.handleRequest(RedirectDirHandler.java:68) ~[undertow-servlet-2.3.13.Final.jar:2.3.13.Final]
		at io.undertow.servlet.handlers.security.SSLInformationAssociationHandler.handleRequest(SSLInformationAssociationHandler.java:117) ~[undertow-servlet-2.3.13.Final.jar:2.3.13.Final]
		at io.undertow.servlet.handlers.security.ServletAuthenticationCallHandler.handleRequest(ServletAuthenticationCallHandler.java:57) ~[undertow-servlet-2.3.13.Final.jar:2.3.13.Final]
		at io.undertow.server.handlers.PredicateHandler.handleRequest(PredicateHandler.java:43) ~[undertow-core-2.3.13.Final.jar:2.3.13.Final]
		at io.undertow.security.handlers.AbstractConfidentialityHandler.handleRequest(AbstractConfidentialityHandler.java:46) ~[undertow-core-2.3.13.Final.jar:2.3.13.Final]
		at io.undertow.servlet.handlers.security.ServletConfidentialityConstraintHandler.handleRequest(ServletConfidentialityConstraintHandler.java:64) ~[undertow-servlet-2.3.13.Final.jar:2.3.13.Final]
		at io.undertow.security.handlers.AuthenticationMechanismsHandler.handleRequest(AuthenticationMechanismsHandler.java:60) ~[undertow-core-2.3.13.Final.jar:2.3.13.Final]
		at io.undertow.servlet.handlers.security.CachedAuthenticatedSessionHandler.handleRequest(CachedAuthenticatedSessionHandler.java:77) ~[undertow-servlet-2.3.13.Final.jar:2.3.13.Final]
		at io.undertow.security.handlers.AbstractSecurityContextAssociationHandler.handleRequest(AbstractSecurityContextAssociationHandler.java:43) ~[undertow-core-2.3.13.Final.jar:2.3.13.Final]
		at io.undertow.server.handlers.PredicateHandler.handleRequest(PredicateHandler.java:43) ~[undertow-core-2.3.13.Final.jar:2.3.13.Final]
		at io.undertow.servlet.handlers.SendErrorPageHandler.handleRequest(SendErrorPageHandler.java:52) ~[undertow-servlet-2.3.13.Final.jar:2.3.13.Final]
		at io.undertow.server.handlers.PredicateHandler.handleRequest(PredicateHandler.java:43) ~[undertow-core-2.3.13.Final.jar:2.3.13.Final]
		at io.undertow.servlet.handlers.ServletInitialHandler.handleFirstRequest(ServletInitialHandler.java:276) ~[undertow-servlet-2.3.13.Final.jar:2.3.13.Final]
		at io.undertow.servlet.handlers.ServletInitialHandler$2.call(ServletInitialHandler.java:135) ~[undertow-servlet-2.3.13.Final.jar:2.3.13.Final]
		at io.undertow.servlet.handlers.ServletInitialHandler$2.call(ServletInitialHandler.java:132) ~[undertow-servlet-2.3.13.Final.jar:2.3.13.Final]
		at io.undertow.servlet.core.ServletRequestContextThreadSetupAction$1.call(ServletRequestContextThreadSetupAction.java:48) ~[undertow-servlet-2.3.13.Final.jar:2.3.13.Final]
		at io.undertow.servlet.core.ContextClassLoaderSetupAction$1.call(ContextClassLoaderSetupAction.java:43) ~[undertow-servlet-2.3.13.Final.jar:2.3.13.Final]
		at io.undertow.servlet.handlers.ServletInitialHandler.dispatchRequest(ServletInitialHandler.java:256) ~[undertow-servlet-2.3.13.Final.jar:2.3.13.Final]
		at io.undertow.servlet.handlers.ServletInitialHandler$1.handleRequest(ServletInitialHandler.java:101) ~[undertow-servlet-2.3.13.Final.jar:2.3.13.Final]
		at io.undertow.server.Connectors.executeRootHandler(Connectors.java:393) ~[undertow-core-2.3.13.Final.jar:2.3.13.Final]
		at io.undertow.server.HttpServerExchange$1.run(HttpServerExchange.java:859) ~[undertow-core-2.3.13.Final.jar:2.3.13.Final]
		at org.jboss.threads.ContextHandler$1.runWith(ContextHandler.java:18) ~[jboss-threads-3.5.0.Final.jar:3.5.0.Final]
		at org.jboss.threads.EnhancedQueueExecutor$Task.run(EnhancedQueueExecutor.java:2513) ~[jboss-threads-3.5.0.Final.jar:3.5.0.Final]
		at org.jboss.threads.EnhancedQueueExecutor$ThreadBody.run(EnhancedQueueExecutor.java:1538) ~[jboss-threads-3.5.0.Final.jar:3.5.0.Final]
		at org.xnio.XnioWorker$WorkerThreadFactory$1$1.run(XnioWorker.java:1282) ~[xnio-api-3.8.8.Final.jar:3.8.8.Final]
		at java.base/java.lang.Thread.run(Thread.java:1583) [?:?]
Caused by: java.nio.channels.ClosedChannelException
	at io.undertow.channels.DetachableStreamSinkChannel.write(DetachableStreamSinkChannel.java:177) ~[undertow-core-2.3.13.Final.jar:2.3.13.Final]
	at io.undertow.server.HttpServerExchange$WriteDispatchChannel.write(HttpServerExchange.java:2172) ~[undertow-core-2.3.13.Final.jar:2.3.13.Final]
	at org.xnio.channels.Channels.writeBlocking(Channels.java:202) ~[xnio-api-3.8.8.Final.jar:3.8.8.Final]
	at io.undertow.servlet.spec.ServletOutputStreamImpl.writeTooLargeForBuffer(ServletOutputStreamImpl.java:201) ~[undertow-servlet-2.3.13.Final.jar:2.3.13.Final]
	at io.undertow.servlet.spec.ServletOutputStreamImpl.write(ServletOutputStreamImpl.java:149) ~[undertow-servlet-2.3.13.Final.jar:2.3.13.Final]
	at org.springframework.web.context.request.async.StandardServletAsyncWebRequest$LifecycleServletOutputStream.write(StandardServletAsyncWebRequest.java:375) ~[spring-web-6.1.10.jar:6.1.10]
	... 82 more
[2026-05-21 14:16:24.173] ERROR XNIO-1 task-14 com.jts.gjcxfzksh.exception.handler.GlobalExceptionHandler[63] - 请求地址'/pt/network/tile',发生系统异常. 
org.springframework.web.context.request.async.AsyncRequestNotUsableException: ServletOutputStream failed to write: null
	at org.springframework.web.context.request.async.StandardServletAsyncWebRequest$LifecycleHttpServletResponse.handleIOException(StandardServletAsyncWebRequest.java:320) ~[spring-web-6.1.10.jar:6.1.10]
	at org.springframework.web.context.request.async.StandardServletAsyncWebRequest$LifecycleServletOutputStream.write(StandardServletAsyncWebRequest.java:378) ~[spring-web-6.1.10.jar:6.1.10]
	at org.springframework.util.StreamUtils$NonClosingOutputStream.write(StreamUtils.java:261) ~[spring-core-6.1.10.jar:6.1.10]
	at com.fasterxml.jackson.core.json.UTF8JsonGenerator._flushBuffer(UTF8JsonGenerator.java:2210) ~[jackson-core-2.17.1.jar:2.17.1]
	at com.fasterxml.jackson.core.json.UTF8JsonGenerator.writeRaw(UTF8JsonGenerator.java:764) ~[jackson-core-2.17.1.jar:2.17.1]
	at com.fasterxml.jackson.core.json.UTF8JsonGenerator.writeRaw(UTF8JsonGenerator.java:674) ~[jackson-core-2.17.1.jar:2.17.1]
	at com.fasterxml.jackson.core.json.UTF8JsonGenerator.writeNumber(UTF8JsonGenerator.java:1065) ~[jackson-core-2.17.1.jar:2.17.1]
	at com.fasterxml.jackson.databind.ser.std.NumberSerializers$FloatSerializer.serialize(NumberSerializers.java:214) ~[jackson-databind-2.17.1.jar:2.17.1]
	at com.fasterxml.jackson.databind.ser.BeanPropertyWriter.serializeAsField(BeanPropertyWriter.java:732) ~[jackson-databind-2.17.1.jar:2.17.1]
	at com.fasterxml.jackson.databind.ser.std.BeanSerializerBase.serializeFields(BeanSerializerBase.java:770) ~[jackson-databind-2.17.1.jar:2.17.1]
	at com.fasterxml.jackson.databind.ser.BeanSerializer.serialize(BeanSerializer.java:183) ~[jackson-databind-2.17.1.jar:2.17.1]
	at com.fasterxml.jackson.databind.ser.BeanPropertyWriter.serializeAsField(BeanPropertyWriter.java:732) ~[jackson-databind-2.17.1.jar:2.17.1]
	at com.fasterxml.jackson.databind.ser.std.BeanSerializerBase.serializeFields(BeanSerializerBase.java:770) ~[jackson-databind-2.17.1.jar:2.17.1]
	at com.fasterxml.jackson.databind.ser.BeanSerializer.serialize(BeanSerializer.java:183) ~[jackson-databind-2.17.1.jar:2.17.1]
	at com.fasterxml.jackson.databind.ser.impl.IndexedListSerializer.serializeContents(IndexedListSerializer.java:119) ~[jackson-databind-2.17.1.jar:2.17.1]
	at com.fasterxml.jackson.databind.ser.impl.IndexedListSerializer.serialize(IndexedListSerializer.java:79) ~[jackson-databind-2.17.1.jar:2.17.1]
	at com.fasterxml.jackson.databind.ser.impl.IndexedListSerializer.serialize(IndexedListSerializer.java:18) ~[jackson-databind-2.17.1.jar:2.17.1]
	at com.fasterxml.jackson.databind.ser.BeanPropertyWriter.serializeAsField(BeanPropertyWriter.java:732) ~[jackson-databind-2.17.1.jar:2.17.1]
	at com.fasterxml.jackson.databind.ser.std.BeanSerializerBase.serializeFields(BeanSerializerBase.java:770) ~[jackson-databind-2.17.1.jar:2.17.1]
	at com.fasterxml.jackson.databind.ser.BeanSerializer.serialize(BeanSerializer.java:183) ~[jackson-databind-2.17.1.jar:2.17.1]
	at com.fasterxml.jackson.databind.ser.DefaultSerializerProvider._serialize(DefaultSerializerProvider.java:502) ~[jackson-databind-2.17.1.jar:2.17.1]
	at com.fasterxml.jackson.databind.ser.DefaultSerializerProvider.serializeValue(DefaultSerializerProvider.java:341) ~[jackson-databind-2.17.1.jar:2.17.1]
	at com.fasterxml.jackson.databind.ObjectWriter$Prefetch.serialize(ObjectWriter.java:1574) ~[jackson-databind-2.17.1.jar:2.17.1]
	at com.fasterxml.jackson.databind.ObjectWriter.writeValue(ObjectWriter.java:1061) ~[jackson-databind-2.17.1.jar:2.17.1]
	at org.springframework.http.converter.json.AbstractJackson2HttpMessageConverter.writeInternal(AbstractJackson2HttpMessageConverter.java:483) ~[spring-web-6.1.10.jar:6.1.10]
	at org.springframework.http.converter.AbstractGenericHttpMessageConverter.write(AbstractGenericHttpMessageConverter.java:114) ~[spring-web-6.1.10.jar:6.1.10]
	at org.springframework.web.servlet.mvc.method.annotation.AbstractMessageConverterMethodProcessor.writeWithMessageConverters(AbstractMessageConverterMethodProcessor.java:297) ~[spring-webmvc-6.1.10.jar:6.1.10]
	at org.springframework.web.servlet.mvc.method.annotation.RequestResponseBodyMethodProcessor.handleReturnValue(RequestResponseBodyMethodProcessor.java:192) ~[spring-webmvc-6.1.10.jar:6.1.10]
	at org.springframework.web.method.support.HandlerMethodReturnValueHandlerComposite.handleReturnValue(HandlerMethodReturnValueHandlerComposite.java:78) ~[spring-web-6.1.10.jar:6.1.10]
	at org.springframework.web.servlet.mvc.method.annotation.ServletInvocableHandlerMethod.invokeAndHandle(ServletInvocableHandlerMethod.java:136) ~[spring-webmvc-6.1.10.jar:6.1.10]
	at org.springframework.web.servlet.mvc.method.annotation.RequestMappingHandlerAdapter.invokeHandlerMethod(RequestMappingHandlerAdapter.java:926) ~[spring-webmvc-6.1.10.jar:6.1.10]
	at org.springframework.web.servlet.mvc.method.annotation.RequestMappingHandlerAdapter.handleInternal(RequestMappingHandlerAdapter.java:831) ~[spring-webmvc-6.1.10.jar:6.1.10]
	at org.springframework.web.servlet.mvc.method.AbstractHandlerMethodAdapter.handle(AbstractHandlerMethodAdapter.java:87) ~[spring-webmvc-6.1.10.jar:6.1.10]
	at org.springframework.web.servlet.DispatcherServlet.doDispatch(DispatcherServlet.java:1089) ~[spring-webmvc-6.1.10.jar:6.1.10]
	at org.springframework.web.servlet.DispatcherServlet.doService(DispatcherServlet.java:979) ~[spring-webmvc-6.1.10.jar:6.1.10]
	at org.springframework.web.servlet.FrameworkServlet.processRequest(FrameworkServlet.java:1014) ~[spring-webmvc-6.1.10.jar:6.1.10]
	at org.springframework.web.servlet.FrameworkServlet.doPost(FrameworkServlet.java:914) ~[spring-webmvc-6.1.10.jar:6.1.10]
	at jakarta.servlet.http.HttpServlet.service(HttpServlet.java:547) ~[jakarta.servlet-api-6.0.0.jar:6.0.0]
	at org.springframework.web.servlet.FrameworkServlet.service(FrameworkServlet.java:885) ~[spring-webmvc-6.1.10.jar:6.1.10]
	at jakarta.servlet.http.HttpServlet.service(HttpServlet.java:614) ~[jakarta.servlet-api-6.0.0.jar:6.0.0]
	at io.undertow.servlet.handlers.ServletHandler.handleRequest(ServletHandler.java:74) ~[undertow-servlet-2.3.13.Final.jar:2.3.13.Final]
	at io.undertow.servlet.handlers.FilterHandler$FilterChainImpl.doFilter(FilterHandler.java:129) ~[undertow-servlet-2.3.13.Final.jar:2.3.13.Final]
	at org.springframework.web.filter.CorsFilter.doFilterInternal(CorsFilter.java:91) ~[spring-web-6.1.10.jar:6.1.10]
	at org.springframework.web.filter.OncePerRequestFilter.doFilter(OncePerRequestFilter.java:116) ~[spring-web-6.1.10.jar:6.1.10]
	at io.undertow.servlet.core.ManagedFilter.doFilter(ManagedFilter.java:67) ~[undertow-servlet-2.3.13.Final.jar:2.3.13.Final]
	at io.undertow.servlet.handlers.FilterHandler$FilterChainImpl.doFilter(FilterHandler.java:131) ~[undertow-servlet-2.3.13.Final.jar:2.3.13.Final]
	at org.springframework.web.filter.RequestContextFilter.doFilterInternal(RequestContextFilter.java:100) ~[spring-web-6.1.10.jar:6.1.10]
	at org.springframework.web.filter.OncePerRequestFilter.doFilter(OncePerRequestFilter.java:116) ~[spring-web-6.1.10.jar:6.1.10]
	at io.undertow.servlet.core.ManagedFilter.doFilter(ManagedFilter.java:67) ~[undertow-servlet-2.3.13.Final.jar:2.3.13.Final]
	at io.undertow.servlet.handlers.FilterHandler$FilterChainImpl.doFilter(FilterHandler.java:131) ~[undertow-servlet-2.3.13.Final.jar:2.3.13.Final]
	at org.springframework.web.filter.FormContentFilter.doFilterInternal(FormContentFilter.java:93) ~[spring-web-6.1.10.jar:6.1.10]
	at org.springframework.web.filter.OncePerRequestFilter.doFilter(OncePerRequestFilter.java:116) ~[spring-web-6.1.10.jar:6.1.10]
	at io.undertow.servlet.core.ManagedFilter.doFilter(ManagedFilter.java:67) ~[undertow-servlet-2.3.13.Final.jar:2.3.13.Final]
	at io.undertow.servlet.handlers.FilterHandler$FilterChainImpl.doFilter(FilterHandler.java:131) ~[undertow-servlet-2.3.13.Final.jar:2.3.13.Final]
	at org.springframework.web.filter.CharacterEncodingFilter.doFilterInternal(CharacterEncodingFilter.java:201) ~[spring-web-6.1.10.jar:6.1.10]
	at org.springframework.web.filter.OncePerRequestFilter.doFilter(OncePerRequestFilter.java:116) ~[spring-web-6.1.10.jar:6.1.10]
	at io.undertow.servlet.core.ManagedFilter.doFilter(ManagedFilter.java:67) ~[undertow-servlet-2.3.13.Final.jar:2.3.13.Final]
	at io.undertow.servlet.handlers.FilterHandler$FilterChainImpl.doFilter(FilterHandler.java:131) ~[undertow-servlet-2.3.13.Final.jar:2.3.13.Final]
	at io.undertow.servlet.handlers.FilterHandler.handleRequest(FilterHandler.java:84) ~[undertow-servlet-2.3.13.Final.jar:2.3.13.Final]
	at io.undertow.servlet.handlers.security.ServletSecurityRoleHandler.handleRequest(ServletSecurityRoleHandler.java:62) ~[undertow-servlet-2.3.13.Final.jar:2.3.13.Final]
	at io.undertow.servlet.handlers.ServletChain$1.handleRequest(ServletChain.java:68) ~[undertow-servlet-2.3.13.Final.jar:2.3.13.Final]
	at io.undertow.servlet.handlers.ServletDispatchingHandler.handleRequest(ServletDispatchingHandler.java:36) ~[undertow-servlet-2.3.13.Final.jar:2.3.13.Final]
	at io.undertow.servlet.handlers.RedirectDirHandler.handleRequest(RedirectDirHandler.java:68) ~[undertow-servlet-2.3.13.Final.jar:2.3.13.Final]
	at io.undertow.servlet.handlers.security.SSLInformationAssociationHandler.handleRequest(SSLInformationAssociationHandler.java:117) ~[undertow-servlet-2.3.13.Final.jar:2.3.13.Final]
	at io.undertow.servlet.handlers.security.ServletAuthenticationCallHandler.handleRequest(ServletAuthenticationCallHandler.java:57) ~[undertow-servlet-2.3.13.Final.jar:2.3.13.Final]
	at io.undertow.server.handlers.PredicateHandler.handleRequest(PredicateHandler.java:43) ~[undertow-core-2.3.13.Final.jar:2.3.13.Final]
	at io.undertow.security.handlers.AbstractConfidentialityHandler.handleRequest(AbstractConfidentialityHandler.java:46) ~[undertow-core-2.3.13.Final.jar:2.3.13.Final]
	at io.undertow.servlet.handlers.security.ServletConfidentialityConstraintHandler.handleRequest(ServletConfidentialityConstraintHandler.java:64) ~[undertow-servlet-2.3.13.Final.jar:2.3.13.Final]
	at io.undertow.security.handlers.AuthenticationMechanismsHandler.handleRequest(AuthenticationMechanismsHandler.java:60) ~[undertow-core-2.3.13.Final.jar:2.3.13.Final]
	at io.undertow.servlet.handlers.security.CachedAuthenticatedSessionHandler.handleRequest(CachedAuthenticatedSessionHandler.java:77) ~[undertow-servlet-2.3.13.Final.jar:2.3.13.Final]
	at io.undertow.security.handlers.AbstractSecurityContextAssociationHandler.handleRequest(AbstractSecurityContextAssociationHandler.java:43) ~[undertow-core-2.3.13.Final.jar:2.3.13.Final]
	at io.undertow.server.handlers.PredicateHandler.handleRequest(PredicateHandler.java:43) ~[undertow-core-2.3.13.Final.jar:2.3.13.Final]
	at io.undertow.servlet.handlers.SendErrorPageHandler.handleRequest(SendErrorPageHandler.java:52) ~[undertow-servlet-2.3.13.Final.jar:2.3.13.Final]
	at io.undertow.server.handlers.PredicateHandler.handleRequest(PredicateHandler.java:43) ~[undertow-core-2.3.13.Final.jar:2.3.13.Final]
	at io.undertow.servlet.handlers.ServletInitialHandler.handleFirstRequest(ServletInitialHandler.java:276) ~[undertow-servlet-2.3.13.Final.jar:2.3.13.Final]
	at io.undertow.servlet.handlers.ServletInitialHandler$2.call(ServletInitialHandler.java:135) ~[undertow-servlet-2.3.13.Final.jar:2.3.13.Final]
	at io.undertow.servlet.handlers.ServletInitialHandler$2.call(ServletInitialHandler.java:132) ~[undertow-servlet-2.3.13.Final.jar:2.3.13.Final]
	at io.undertow.servlet.core.ServletRequestContextThreadSetupAction$1.call(ServletRequestContextThreadSetupAction.java:48) ~[undertow-servlet-2.3.13.Final.jar:2.3.13.Final]
	at io.undertow.servlet.core.ContextClassLoaderSetupAction$1.call(ContextClassLoaderSetupAction.java:43) ~[undertow-servlet-2.3.13.Final.jar:2.3.13.Final]
	at io.undertow.servlet.handlers.ServletInitialHandler.dispatchRequest(ServletInitialHandler.java:256) ~[undertow-servlet-2.3.13.Final.jar:2.3.13.Final]
	at io.undertow.servlet.handlers.ServletInitialHandler$1.handleRequest(ServletInitialHandler.java:101) ~[undertow-servlet-2.3.13.Final.jar:2.3.13.Final]
	at io.undertow.server.Connectors.executeRootHandler(Connectors.java:393) ~[undertow-core-2.3.13.Final.jar:2.3.13.Final]
	at io.undertow.server.HttpServerExchange$1.run(HttpServerExchange.java:859) ~[undertow-core-2.3.13.Final.jar:2.3.13.Final]
	at org.jboss.threads.ContextHandler$1.runWith(ContextHandler.java:18) ~[jboss-threads-3.5.0.Final.jar:3.5.0.Final]
	at org.jboss.threads.EnhancedQueueExecutor$Task.run(EnhancedQueueExecutor.java:2513) ~[jboss-threads-3.5.0.Final.jar:3.5.0.Final]
	at org.jboss.threads.EnhancedQueueExecutor$ThreadBody.run(EnhancedQueueExecutor.java:1538) ~[jboss-threads-3.5.0.Final.jar:3.5.0.Final]
	at org.xnio.XnioWorker$WorkerThreadFactory$1$1.run(XnioWorker.java:1282) ~[xnio-api-3.8.8.Final.jar:3.8.8.Final]
	at java.base/java.lang.Thread.run(Thread.java:1583) [?:?]
	Suppressed: org.springframework.web.context.request.async.AsyncRequestNotUsableException: Response not usable after response errors.
		at org.springframework.web.context.request.async.StandardServletAsyncWebRequest$LifecycleHttpServletResponse.obtainLockAndCheckState(StandardServletAsyncWebRequest.java:314) ~[spring-web-6.1.10.jar:6.1.10]
		at org.springframework.web.context.request.async.StandardServletAsyncWebRequest$LifecycleServletOutputStream.write(StandardServletAsyncWebRequest.java:373) ~[spring-web-6.1.10.jar:6.1.10]
		at org.springframework.util.StreamUtils$NonClosingOutputStream.write(StreamUtils.java:261) ~[spring-core-6.1.10.jar:6.1.10]
		at com.fasterxml.jackson.core.json.UTF8JsonGenerator._flushBuffer(UTF8JsonGenerator.java:2210) ~[jackson-core-2.17.1.jar:2.17.1]
		at com.fasterxml.jackson.core.json.UTF8JsonGenerator.close(UTF8JsonGenerator.java:1234) ~[jackson-core-2.17.1.jar:2.17.1]
		at org.springframework.http.converter.json.AbstractJackson2HttpMessageConverter.writeInternal(AbstractJackson2HttpMessageConverter.java:452) ~[spring-web-6.1.10.jar:6.1.10]
		at org.springframework.http.converter.AbstractGenericHttpMessageConverter.write(AbstractGenericHttpMessageConverter.java:114) ~[spring-web-6.1.10.jar:6.1.10]
		at org.springframework.web.servlet.mvc.method.annotation.AbstractMessageConverterMethodProcessor.writeWithMessageConverters(AbstractMessageConverterMethodProcessor.java:297) ~[spring-webmvc-6.1.10.jar:6.1.10]
		at org.springframework.web.servlet.mvc.method.annotation.RequestResponseBodyMethodProcessor.handleReturnValue(RequestResponseBodyMethodProcessor.java:192) ~[spring-webmvc-6.1.10.jar:6.1.10]
		at org.springframework.web.method.support.HandlerMethodReturnValueHandlerComposite.handleReturnValue(HandlerMethodReturnValueHandlerComposite.java:78) ~[spring-web-6.1.10.jar:6.1.10]
		at org.springframework.web.servlet.mvc.method.annotation.ServletInvocableHandlerMethod.invokeAndHandle(ServletInvocableHandlerMethod.java:136) ~[spring-webmvc-6.1.10.jar:6.1.10]
		at org.springframework.web.servlet.mvc.method.annotation.RequestMappingHandlerAdapter.invokeHandlerMethod(RequestMappingHandlerAdapter.java:926) ~[spring-webmvc-6.1.10.jar:6.1.10]
		at org.springframework.web.servlet.mvc.method.annotation.RequestMappingHandlerAdapter.handleInternal(RequestMappingHandlerAdapter.java:831) ~[spring-webmvc-6.1.10.jar:6.1.10]
		at org.springframework.web.servlet.mvc.method.AbstractHandlerMethodAdapter.handle(AbstractHandlerMethodAdapter.java:87) ~[spring-webmvc-6.1.10.jar:6.1.10]
		at org.springframework.web.servlet.DispatcherServlet.doDispatch(DispatcherServlet.java:1089) ~[spring-webmvc-6.1.10.jar:6.1.10]
		at org.springframework.web.servlet.DispatcherServlet.doService(DispatcherServlet.java:979) ~[spring-webmvc-6.1.10.jar:6.1.10]
		at org.springframework.web.servlet.FrameworkServlet.processRequest(FrameworkServlet.java:1014) ~[spring-webmvc-6.1.10.jar:6.1.10]
		at org.springframework.web.servlet.FrameworkServlet.doPost(FrameworkServlet.java:914) ~[spring-webmvc-6.1.10.jar:6.1.10]
		at jakarta.servlet.http.HttpServlet.service(HttpServlet.java:547) ~[jakarta.servlet-api-6.0.0.jar:6.0.0]
		at org.springframework.web.servlet.FrameworkServlet.service(FrameworkServlet.java:885) ~[spring-webmvc-6.1.10.jar:6.1.10]
		at jakarta.servlet.http.HttpServlet.service(HttpServlet.java:614) ~[jakarta.servlet-api-6.0.0.jar:6.0.0]
		at io.undertow.servlet.handlers.ServletHandler.handleRequest(ServletHandler.java:74) ~[undertow-servlet-2.3.13.Final.jar:2.3.13.Final]
		at io.undertow.servlet.handlers.FilterHandler$FilterChainImpl.doFilter(FilterHandler.java:129) ~[undertow-servlet-2.3.13.Final.jar:2.3.13.Final]
		at org.springframework.web.filter.CorsFilter.doFilterInternal(CorsFilter.java:91) ~[spring-web-6.1.10.jar:6.1.10]
		at org.springframework.web.filter.OncePerRequestFilter.doFilter(OncePerRequestFilter.java:116) ~[spring-web-6.1.10.jar:6.1.10]
		at io.undertow.servlet.core.ManagedFilter.doFilter(ManagedFilter.java:67) ~[undertow-servlet-2.3.13.Final.jar:2.3.13.Final]
		at io.undertow.servlet.handlers.FilterHandler$FilterChainImpl.doFilter(FilterHandler.java:131) ~[undertow-servlet-2.3.13.Final.jar:2.3.13.Final]
		at org.springframework.web.filter.RequestContextFilter.doFilterInternal(RequestContextFilter.java:100) ~[spring-web-6.1.10.jar:6.1.10]
		at org.springframework.web.filter.OncePerRequestFilter.doFilter(OncePerRequestFilter.java:116) ~[spring-web-6.1.10.jar:6.1.10]
		at io.undertow.servlet.core.ManagedFilter.doFilter(ManagedFilter.java:67) ~[undertow-servlet-2.3.13.Final.jar:2.3.13.Final]
		at io.undertow.servlet.handlers.FilterHandler$FilterChainImpl.doFilter(FilterHandler.java:131) ~[undertow-servlet-2.3.13.Final.jar:2.3.13.Final]
		at org.springframework.web.filter.FormContentFilter.doFilterInternal(FormContentFilter.java:93) ~[spring-web-6.1.10.jar:6.1.10]
		at org.springframework.web.filter.OncePerRequestFilter.doFilter(OncePerRequestFilter.java:116) ~[spring-web-6.1.10.jar:6.1.10]
		at io.undertow.servlet.core.ManagedFilter.doFilter(ManagedFilter.java:67) ~[undertow-servlet-2.3.13.Final.jar:2.3.13.Final]
		at io.undertow.servlet.handlers.FilterHandler$FilterChainImpl.doFilter(FilterHandler.java:131) ~[undertow-servlet-2.3.13.Final.jar:2.3.13.Final]
		at org.springframework.web.filter.CharacterEncodingFilter.doFilterInternal(CharacterEncodingFilter.java:201) ~[spring-web-6.1.10.jar:6.1.10]
		at org.springframework.web.filter.OncePerRequestFilter.doFilter(OncePerRequestFilter.java:116) ~[spring-web-6.1.10.jar:6.1.10]
		at io.undertow.servlet.core.ManagedFilter.doFilter(ManagedFilter.java:67) ~[undertow-servlet-2.3.13.Final.jar:2.3.13.Final]
		at io.undertow.servlet.handlers.FilterHandler$FilterChainImpl.doFilter(FilterHandler.java:131) ~[undertow-servlet-2.3.13.Final.jar:2.3.13.Final]
		at io.undertow.servlet.handlers.FilterHandler.handleRequest(FilterHandler.java:84) ~[undertow-servlet-2.3.13.Final.jar:2.3.13.Final]
		at io.undertow.servlet.handlers.security.ServletSecurityRoleHandler.handleRequest(ServletSecurityRoleHandler.java:62) ~[undertow-servlet-2.3.13.Final.jar:2.3.13.Final]
		at io.undertow.servlet.handlers.ServletChain$1.handleRequest(ServletChain.java:68) ~[undertow-servlet-2.3.13.Final.jar:2.3.13.Final]
		at io.undertow.servlet.handlers.ServletDispatchingHandler.handleRequest(ServletDispatchingHandler.java:36) ~[undertow-servlet-2.3.13.Final.jar:2.3.13.Final]
		at io.undertow.servlet.handlers.RedirectDirHandler.handleRequest(RedirectDirHandler.java:68) ~[undertow-servlet-2.3.13.Final.jar:2.3.13.Final]
		at io.undertow.servlet.handlers.security.SSLInformationAssociationHandler.handleRequest(SSLInformationAssociationHandler.java:117) ~[undertow-servlet-2.3.13.Final.jar:2.3.13.Final]
		at io.undertow.servlet.handlers.security.ServletAuthenticationCallHandler.handleRequest(ServletAuthenticationCallHandler.java:57) ~[undertow-servlet-2.3.13.Final.jar:2.3.13.Final]
		at io.undertow.server.handlers.PredicateHandler.handleRequest(PredicateHandler.java:43) ~[undertow-core-2.3.13.Final.jar:2.3.13.Final]
		at io.undertow.security.handlers.AbstractConfidentialityHandler.handleRequest(AbstractConfidentialityHandler.java:46) ~[undertow-core-2.3.13.Final.jar:2.3.13.Final]
		at io.undertow.servlet.handlers.security.ServletConfidentialityConstraintHandler.handleRequest(ServletConfidentialityConstraintHandler.java:64) ~[undertow-servlet-2.3.13.Final.jar:2.3.13.Final]
		at io.undertow.security.handlers.AuthenticationMechanismsHandler.handleRequest(AuthenticationMechanismsHandler.java:60) ~[undertow-core-2.3.13.Final.jar:2.3.13.Final]
		at io.undertow.servlet.handlers.security.CachedAuthenticatedSessionHandler.handleRequest(CachedAuthenticatedSessionHandler.java:77) ~[undertow-servlet-2.3.13.Final.jar:2.3.13.Final]
		at io.undertow.security.handlers.AbstractSecurityContextAssociationHandler.handleRequest(AbstractSecurityContextAssociationHandler.java:43) ~[undertow-core-2.3.13.Final.jar:2.3.13.Final]
		at io.undertow.server.handlers.PredicateHandler.handleRequest(PredicateHandler.java:43) ~[undertow-core-2.3.13.Final.jar:2.3.13.Final]
		at io.undertow.servlet.handlers.SendErrorPageHandler.handleRequest(SendErrorPageHandler.java:52) ~[undertow-servlet-2.3.13.Final.jar:2.3.13.Final]
		at io.undertow.server.handlers.PredicateHandler.handleRequest(PredicateHandler.java:43) ~[undertow-core-2.3.13.Final.jar:2.3.13.Final]
		at io.undertow.servlet.handlers.ServletInitialHandler.handleFirstRequest(ServletInitialHandler.java:276) ~[undertow-servlet-2.3.13.Final.jar:2.3.13.Final]
		at io.undertow.servlet.handlers.ServletInitialHandler$2.call(ServletInitialHandler.java:135) ~[undertow-servlet-2.3.13.Final.jar:2.3.13.Final]
		at io.undertow.servlet.handlers.ServletInitialHandler$2.call(ServletInitialHandler.java:132) ~[undertow-servlet-2.3.13.Final.jar:2.3.13.Final]
		at io.undertow.servlet.core.ServletRequestContextThreadSetupAction$1.call(ServletRequestContextThreadSetupAction.java:48) ~[undertow-servlet-2.3.13.Final.jar:2.3.13.Final]
		at io.undertow.servlet.core.ContextClassLoaderSetupAction$1.call(ContextClassLoaderSetupAction.java:43) ~[undertow-servlet-2.3.13.Final.jar:2.3.13.Final]
		at io.undertow.servlet.handlers.ServletInitialHandler.dispatchRequest(ServletInitialHandler.java:256) ~[undertow-servlet-2.3.13.Final.jar:2.3.13.Final]
		at io.undertow.servlet.handlers.ServletInitialHandler$1.handleRequest(ServletInitialHandler.java:101) ~[undertow-servlet-2.3.13.Final.jar:2.3.13.Final]
		at io.undertow.server.Connectors.executeRootHandler(Connectors.java:393) ~[undertow-core-2.3.13.Final.jar:2.3.13.Final]
		at io.undertow.server.HttpServerExchange$1.run(HttpServerExchange.java:859) ~[undertow-core-2.3.13.Final.jar:2.3.13.Final]
		at org.jboss.threads.ContextHandler$1.runWith(ContextHandler.java:18) ~[jboss-threads-3.5.0.Final.jar:3.5.0.Final]
		at org.jboss.threads.EnhancedQueueExecutor$Task.run(EnhancedQueueExecutor.java:2513) ~[jboss-threads-3.5.0.Final.jar:3.5.0.Final]
		at org.jboss.threads.EnhancedQueueExecutor$ThreadBody.run(EnhancedQueueExecutor.java:1538) ~[jboss-threads-3.5.0.Final.jar:3.5.0.Final]
		at org.xnio.XnioWorker$WorkerThreadFactory$1$1.run(XnioWorker.java:1282) ~[xnio-api-3.8.8.Final.jar:3.8.8.Final]
		at java.base/java.lang.Thread.run(Thread.java:1583) [?:?]
Caused by: java.nio.channels.ClosedChannelException
	at java.base/sun.nio.ch.SocketChannelImpl.ensureOpenAndConnected(SocketChannelImpl.java:222) ~[?:?]
	at java.base/sun.nio.ch.SocketChannelImpl.write(SocketChannelImpl.java:536) ~[?:?]
	at org.xnio.nio.NioSocketConduit.write(NioSocketConduit.java:153) ~[xnio-nio-3.8.8.Final.jar:3.8.8.Final]
	at io.undertow.server.protocol.http.HttpResponseConduit.write(HttpResponseConduit.java:629) ~[undertow-core-2.3.13.Final.jar:2.3.13.Final]
	at org.xnio.conduits.AbstractStreamSinkConduit.write(AbstractStreamSinkConduit.java:51) ~[xnio-api-3.8.8.Final.jar:3.8.8.Final]
	at io.undertow.conduits.DeflatingStreamSinkConduit.performFlushIfRequiredSingleBuffer(DeflatingStreamSinkConduit.java:445) ~[undertow-core-2.3.13.Final.jar:2.3.13.Final]
	at io.undertow.conduits.DeflatingStreamSinkConduit.performFlushIfRequired(DeflatingStreamSinkConduit.java:432) ~[undertow-core-2.3.13.Final.jar:2.3.13.Final]
	at io.undertow.conduits.DeflatingStreamSinkConduit.deflateData(DeflatingStreamSinkConduit.java:522) ~[undertow-core-2.3.13.Final.jar:2.3.13.Final]
	at io.undertow.conduits.DeflatingStreamSinkConduit.write(DeflatingStreamSinkConduit.java:130) ~[undertow-core-2.3.13.Final.jar:2.3.13.Final]
	at io.undertow.conduits.DeflatingStreamSinkConduit.write(DeflatingStreamSinkConduit.java:165) ~[undertow-core-2.3.13.Final.jar:2.3.13.Final]
	at org.xnio.conduits.ConduitStreamSinkChannel.write(ConduitStreamSinkChannel.java:158) ~[xnio-api-3.8.8.Final.jar:3.8.8.Final]
	at io.undertow.channels.DetachableStreamSinkChannel.write(DetachableStreamSinkChannel.java:179) ~[undertow-core-2.3.13.Final.jar:2.3.13.Final]
	at io.undertow.server.HttpServerExchange$WriteDispatchChannel.write(HttpServerExchange.java:2172) ~[undertow-core-2.3.13.Final.jar:2.3.13.Final]
	at org.xnio.channels.Channels.writeBlocking(Channels.java:202) ~[xnio-api-3.8.8.Final.jar:3.8.8.Final]
	at io.undertow.servlet.spec.ServletOutputStreamImpl.writeTooLargeForBuffer(ServletOutputStreamImpl.java:201) ~[undertow-servlet-2.3.13.Final.jar:2.3.13.Final]
	at io.undertow.servlet.spec.ServletOutputStreamImpl.write(ServletOutputStreamImpl.java:149) ~[undertow-servlet-2.3.13.Final.jar:2.3.13.Final]
	at org.springframework.web.context.request.async.StandardServletAsyncWebRequest$LifecycleServletOutputStream.write(StandardServletAsyncWebRequest.java:375) ~[spring-web-6.1.10.jar:6.1.10]
	... 86 more
[2026-05-21 14:16:24.188] ERROR XNIO-1 task-3 com.jts.gjcxfzksh.exception.handler.GlobalExceptionHandler[53] - 请求地址'/pt/network/tile',发生未知异常. 
org.springframework.http.converter.HttpMessageNotWritableException: Could not write JSON: Cannot invoke "java.util.zip.Deflater.needsInput()" because "this.deflater" is null
	at org.springframework.http.converter.json.AbstractJackson2HttpMessageConverter.writeInternal(AbstractJackson2HttpMessageConverter.java:492) ~[spring-web-6.1.10.jar:6.1.10]
	at org.springframework.http.converter.AbstractGenericHttpMessageConverter.write(AbstractGenericHttpMessageConverter.java:114) ~[spring-web-6.1.10.jar:6.1.10]
	at org.springframework.web.servlet.mvc.method.annotation.AbstractMessageConverterMethodProcessor.writeWithMessageConverters(AbstractMessageConverterMethodProcessor.java:297) ~[spring-webmvc-6.1.10.jar:6.1.10]
	at org.springframework.web.servlet.mvc.method.annotation.RequestResponseBodyMethodProcessor.handleReturnValue(RequestResponseBodyMethodProcessor.java:192) ~[spring-webmvc-6.1.10.jar:6.1.10]
	at org.springframework.web.method.support.HandlerMethodReturnValueHandlerComposite.handleReturnValue(HandlerMethodReturnValueHandlerComposite.java:78) ~[spring-web-6.1.10.jar:6.1.10]
	at org.springframework.web.servlet.mvc.method.annotation.ServletInvocableHandlerMethod.invokeAndHandle(ServletInvocableHandlerMethod.java:136) ~[spring-webmvc-6.1.10.jar:6.1.10]
	at org.springframework.web.servlet.mvc.method.annotation.RequestMappingHandlerAdapter.invokeHandlerMethod(RequestMappingHandlerAdapter.java:926) ~[spring-webmvc-6.1.10.jar:6.1.10]
	at org.springframework.web.servlet.mvc.method.annotation.RequestMappingHandlerAdapter.handleInternal(RequestMappingHandlerAdapter.java:831) ~[spring-webmvc-6.1.10.jar:6.1.10]
	at org.springframework.web.servlet.mvc.method.AbstractHandlerMethodAdapter.handle(AbstractHandlerMethodAdapter.java:87) ~[spring-webmvc-6.1.10.jar:6.1.10]
	at org.springframework.web.servlet.DispatcherServlet.doDispatch(DispatcherServlet.java:1089) ~[spring-webmvc-6.1.10.jar:6.1.10]
	at org.springframework.web.servlet.DispatcherServlet.doService(DispatcherServlet.java:979) ~[spring-webmvc-6.1.10.jar:6.1.10]
	at org.springframework.web.servlet.FrameworkServlet.processRequest(FrameworkServlet.java:1014) ~[spring-webmvc-6.1.10.jar:6.1.10]
	at org.springframework.web.servlet.FrameworkServlet.doPost(FrameworkServlet.java:914) ~[spring-webmvc-6.1.10.jar:6.1.10]
	at jakarta.servlet.http.HttpServlet.service(HttpServlet.java:547) ~[jakarta.servlet-api-6.0.0.jar:6.0.0]
	at org.springframework.web.servlet.FrameworkServlet.service(FrameworkServlet.java:885) ~[spring-webmvc-6.1.10.jar:6.1.10]
	at jakarta.servlet.http.HttpServlet.service(HttpServlet.java:614) ~[jakarta.servlet-api-6.0.0.jar:6.0.0]
	at io.undertow.servlet.handlers.ServletHandler.handleRequest(ServletHandler.java:74) ~[undertow-servlet-2.3.13.Final.jar:2.3.13.Final]
	at io.undertow.servlet.handlers.FilterHandler$FilterChainImpl.doFilter(FilterHandler.java:129) ~[undertow-servlet-2.3.13.Final.jar:2.3.13.Final]
	at org.springframework.web.filter.CorsFilter.doFilterInternal(CorsFilter.java:91) ~[spring-web-6.1.10.jar:6.1.10]
	at org.springframework.web.filter.OncePerRequestFilter.doFilter(OncePerRequestFilter.java:116) ~[spring-web-6.1.10.jar:6.1.10]
	at io.undertow.servlet.core.ManagedFilter.doFilter(ManagedFilter.java:67) ~[undertow-servlet-2.3.13.Final.jar:2.3.13.Final]
	at io.undertow.servlet.handlers.FilterHandler$FilterChainImpl.doFilter(FilterHandler.java:131) ~[undertow-servlet-2.3.13.Final.jar:2.3.13.Final]
	at org.springframework.web.filter.RequestContextFilter.doFilterInternal(RequestContextFilter.java:100) ~[spring-web-6.1.10.jar:6.1.10]
	at org.springframework.web.filter.OncePerRequestFilter.doFilter(OncePerRequestFilter.java:116) ~[spring-web-6.1.10.jar:6.1.10]
	at io.undertow.servlet.core.ManagedFilter.doFilter(ManagedFilter.java:67) ~[undertow-servlet-2.3.13.Final.jar:2.3.13.Final]
	at io.undertow.servlet.handlers.FilterHandler$FilterChainImpl.doFilter(FilterHandler.java:131) ~[undertow-servlet-2.3.13.Final.jar:2.3.13.Final]
	at org.springframework.web.filter.FormContentFilter.doFilterInternal(FormContentFilter.java:93) ~[spring-web-6.1.10.jar:6.1.10]
	at org.springframework.web.filter.OncePerRequestFilter.doFilter(OncePerRequestFilter.java:116) ~[spring-web-6.1.10.jar:6.1.10]
	at io.undertow.servlet.core.ManagedFilter.doFilter(ManagedFilter.java:67) ~[undertow-servlet-2.3.13.Final.jar:2.3.13.Final]
	at io.undertow.servlet.handlers.FilterHandler$FilterChainImpl.doFilter(FilterHandler.java:131) ~[undertow-servlet-2.3.13.Final.jar:2.3.13.Final]
	at org.springframework.web.filter.CharacterEncodingFilter.doFilterInternal(CharacterEncodingFilter.java:201) ~[spring-web-6.1.10.jar:6.1.10]
	at org.springframework.web.filter.OncePerRequestFilter.doFilter(OncePerRequestFilter.java:116) ~[spring-web-6.1.10.jar:6.1.10]
	at io.undertow.servlet.core.ManagedFilter.doFilter(ManagedFilter.java:67) ~[undertow-servlet-2.3.13.Final.jar:2.3.13.Final]
	at io.undertow.servlet.handlers.FilterHandler$FilterChainImpl.doFilter(FilterHandler.java:131) ~[undertow-servlet-2.3.13.Final.jar:2.3.13.Final]
	at io.undertow.servlet.handlers.FilterHandler.handleRequest(FilterHandler.java:84) ~[undertow-servlet-2.3.13.Final.jar:2.3.13.Final]
	at io.undertow.servlet.handlers.security.ServletSecurityRoleHandler.handleRequest(ServletSecurityRoleHandler.java:62) ~[undertow-servlet-2.3.13.Final.jar:2.3.13.Final]
	at io.undertow.servlet.handlers.ServletChain$1.handleRequest(ServletChain.java:68) ~[undertow-servlet-2.3.13.Final.jar:2.3.13.Final]
	at io.undertow.servlet.handlers.ServletDispatchingHandler.handleRequest(ServletDispatchingHandler.java:36) ~[undertow-servlet-2.3.13.Final.jar:2.3.13.Final]
	at io.undertow.servlet.handlers.RedirectDirHandler.handleRequest(RedirectDirHandler.java:68) ~[undertow-servlet-2.3.13.Final.jar:2.3.13.Final]
	at io.undertow.servlet.handlers.security.SSLInformationAssociationHandler.handleRequest(SSLInformationAssociationHandler.java:117) ~[undertow-servlet-2.3.13.Final.jar:2.3.13.Final]
	at io.undertow.servlet.handlers.security.ServletAuthenticationCallHandler.handleRequest(ServletAuthenticationCallHandler.java:57) ~[undertow-servlet-2.3.13.Final.jar:2.3.13.Final]
	at io.undertow.server.handlers.PredicateHandler.handleRequest(PredicateHandler.java:43) ~[undertow-core-2.3.13.Final.jar:2.3.13.Final]
	at io.undertow.security.handlers.AbstractConfidentialityHandler.handleRequest(AbstractConfidentialityHandler.java:46) ~[undertow-core-2.3.13.Final.jar:2.3.13.Final]
	at io.undertow.servlet.handlers.security.ServletConfidentialityConstraintHandler.handleRequest(ServletConfidentialityConstraintHandler.java:64) ~[undertow-servlet-2.3.13.Final.jar:2.3.13.Final]
	at io.undertow.security.handlers.AuthenticationMechanismsHandler.handleRequest(AuthenticationMechanismsHandler.java:60) ~[undertow-core-2.3.13.Final.jar:2.3.13.Final]
	at io.undertow.servlet.handlers.security.CachedAuthenticatedSessionHandler.handleRequest(CachedAuthenticatedSessionHandler.java:77) ~[undertow-servlet-2.3.13.Final.jar:2.3.13.Final]
	at io.undertow.security.handlers.AbstractSecurityContextAssociationHandler.handleRequest(AbstractSecurityContextAssociationHandler.java:43) ~[undertow-core-2.3.13.Final.jar:2.3.13.Final]
	at io.undertow.server.handlers.PredicateHandler.handleRequest(PredicateHandler.java:43) ~[undertow-core-2.3.13.Final.jar:2.3.13.Final]
	at io.undertow.servlet.handlers.SendErrorPageHandler.handleRequest(SendErrorPageHandler.java:52) ~[undertow-servlet-2.3.13.Final.jar:2.3.13.Final]
	at io.undertow.server.handlers.PredicateHandler.handleRequest(PredicateHandler.java:43) ~[undertow-core-2.3.13.Final.jar:2.3.13.Final]
	at io.undertow.servlet.handlers.ServletInitialHandler.handleFirstRequest(ServletInitialHandler.java:276) ~[undertow-servlet-2.3.13.Final.jar:2.3.13.Final]
	at io.undertow.servlet.handlers.ServletInitialHandler$2.call(ServletInitialHandler.java:135) ~[undertow-servlet-2.3.13.Final.jar:2.3.13.Final]
	at io.undertow.servlet.handlers.ServletInitialHandler$2.call(ServletInitialHandler.java:132) ~[undertow-servlet-2.3.13.Final.jar:2.3.13.Final]
	at io.undertow.servlet.core.ServletRequestContextThreadSetupAction$1.call(ServletRequestContextThreadSetupAction.java:48) ~[undertow-servlet-2.3.13.Final.jar:2.3.13.Final]
	at io.undertow.servlet.core.ContextClassLoaderSetupAction$1.call(ContextClassLoaderSetupAction.java:43) ~[undertow-servlet-2.3.13.Final.jar:2.3.13.Final]
	at io.undertow.servlet.handlers.ServletInitialHandler.dispatchRequest(ServletInitialHandler.java:256) ~[undertow-servlet-2.3.13.Final.jar:2.3.13.Final]
	at io.undertow.servlet.handlers.ServletInitialHandler$1.handleRequest(ServletInitialHandler.java:101) ~[undertow-servlet-2.3.13.Final.jar:2.3.13.Final]
	at io.undertow.server.Connectors.executeRootHandler(Connectors.java:393) ~[undertow-core-2.3.13.Final.jar:2.3.13.Final]
	at io.undertow.server.HttpServerExchange$1.run(HttpServerExchange.java:859) ~[undertow-core-2.3.13.Final.jar:2.3.13.Final]
	at org.jboss.threads.ContextHandler$1.runWith(ContextHandler.java:18) ~[jboss-threads-3.5.0.Final.jar:3.5.0.Final]
	at org.jboss.threads.EnhancedQueueExecutor$Task.run(EnhancedQueueExecutor.java:2513) ~[jboss-threads-3.5.0.Final.jar:3.5.0.Final]
	at org.jboss.threads.EnhancedQueueExecutor$ThreadBody.run(EnhancedQueueExecutor.java:1538) ~[jboss-threads-3.5.0.Final.jar:3.5.0.Final]
	at org.xnio.XnioWorker$WorkerThreadFactory$1$1.run(XnioWorker.java:1282) ~[xnio-api-3.8.8.Final.jar:3.8.8.Final]
	at java.base/java.lang.Thread.run(Thread.java:1583) [?:?]
Caused by: com.fasterxml.jackson.databind.JsonMappingException: Cannot invoke "java.util.zip.Deflater.needsInput()" because "this.deflater" is null (through reference chain: com.jts.gjcxfzksh.api.common.AjaxResult["data"]->java.util.ArrayList[431689]->com.jts.gjcxfzksh.api.model.pt.PTLink["length"])
	at com.fasterxml.jackson.databind.JsonMappingException.wrapWithPath(JsonMappingException.java:402) ~[jackson-databind-2.17.1.jar:2.17.1]
	at com.fasterxml.jackson.databind.JsonMappingException.wrapWithPath(JsonMappingException.java:361) ~[jackson-databind-2.17.1.jar:2.17.1]
	at com.fasterxml.jackson.databind.ser.std.StdSerializer.wrapAndThrow(StdSerializer.java:323) ~[jackson-databind-2.17.1.jar:2.17.1]
	at com.fasterxml.jackson.databind.ser.std.BeanSerializerBase.serializeFields(BeanSerializerBase.java:778) ~[jackson-databind-2.17.1.jar:2.17.1]
	at com.fasterxml.jackson.databind.ser.BeanSerializer.serialize(BeanSerializer.java:183) ~[jackson-databind-2.17.1.jar:2.17.1]
	at com.fasterxml.jackson.databind.ser.impl.IndexedListSerializer.serializeContents(IndexedListSerializer.java:119) ~[jackson-databind-2.17.1.jar:2.17.1]
	at com.fasterxml.jackson.databind.ser.impl.IndexedListSerializer.serialize(IndexedListSerializer.java:79) ~[jackson-databind-2.17.1.jar:2.17.1]
	at com.fasterxml.jackson.databind.ser.impl.IndexedListSerializer.serialize(IndexedListSerializer.java:18) ~[jackson-databind-2.17.1.jar:2.17.1]
	at com.fasterxml.jackson.databind.ser.BeanPropertyWriter.serializeAsField(BeanPropertyWriter.java:732) ~[jackson-databind-2.17.1.jar:2.17.1]
	at com.fasterxml.jackson.databind.ser.std.BeanSerializerBase.serializeFields(BeanSerializerBase.java:770) ~[jackson-databind-2.17.1.jar:2.17.1]
	at com.fasterxml.jackson.databind.ser.BeanSerializer.serialize(BeanSerializer.java:183) ~[jackson-databind-2.17.1.jar:2.17.1]
	at com.fasterxml.jackson.databind.ser.DefaultSerializerProvider._serialize(DefaultSerializerProvider.java:502) ~[jackson-databind-2.17.1.jar:2.17.1]
	at com.fasterxml.jackson.databind.ser.DefaultSerializerProvider.serializeValue(DefaultSerializerProvider.java:341) ~[jackson-databind-2.17.1.jar:2.17.1]
	at com.fasterxml.jackson.databind.ObjectWriter$Prefetch.serialize(ObjectWriter.java:1574) ~[jackson-databind-2.17.1.jar:2.17.1]
	at com.fasterxml.jackson.databind.ObjectWriter.writeValue(ObjectWriter.java:1061) ~[jackson-databind-2.17.1.jar:2.17.1]
	at org.springframework.http.converter.json.AbstractJackson2HttpMessageConverter.writeInternal(AbstractJackson2HttpMessageConverter.java:483) ~[spring-web-6.1.10.jar:6.1.10]
	... 63 more
	Suppressed: org.springframework.web.context.request.async.AsyncRequestNotUsableException: ServletOutputStream failed to write: null
		at org.springframework.web.context.request.async.StandardServletAsyncWebRequest$LifecycleHttpServletResponse.handleIOException(StandardServletAsyncWebRequest.java:320) ~[spring-web-6.1.10.jar:6.1.10]
		at org.springframework.web.context.request.async.StandardServletAsyncWebRequest$LifecycleServletOutputStream.write(StandardServletAsyncWebRequest.java:378) ~[spring-web-6.1.10.jar:6.1.10]
		at org.springframework.util.StreamUtils$NonClosingOutputStream.write(StreamUtils.java:261) ~[spring-core-6.1.10.jar:6.1.10]
		at com.fasterxml.jackson.core.json.UTF8JsonGenerator._flushBuffer(UTF8JsonGenerator.java:2210) ~[jackson-core-2.17.1.jar:2.17.1]
		at com.fasterxml.jackson.core.json.UTF8JsonGenerator.close(UTF8JsonGenerator.java:1234) ~[jackson-core-2.17.1.jar:2.17.1]
		at org.springframework.http.converter.json.AbstractJackson2HttpMessageConverter.writeInternal(AbstractJackson2HttpMessageConverter.java:452) ~[spring-web-6.1.10.jar:6.1.10]
		at org.springframework.http.converter.AbstractGenericHttpMessageConverter.write(AbstractGenericHttpMessageConverter.java:114) ~[spring-web-6.1.10.jar:6.1.10]
		at org.springframework.web.servlet.mvc.method.annotation.AbstractMessageConverterMethodProcessor.writeWithMessageConverters(AbstractMessageConverterMethodProcessor.java:297) ~[spring-webmvc-6.1.10.jar:6.1.10]
		at org.springframework.web.servlet.mvc.method.annotation.RequestResponseBodyMethodProcessor.handleReturnValue(RequestResponseBodyMethodProcessor.java:192) ~[spring-webmvc-6.1.10.jar:6.1.10]
		at org.springframework.web.method.support.HandlerMethodReturnValueHandlerComposite.handleReturnValue(HandlerMethodReturnValueHandlerComposite.java:78) ~[spring-web-6.1.10.jar:6.1.10]
		at org.springframework.web.servlet.mvc.method.annotation.ServletInvocableHandlerMethod.invokeAndHandle(ServletInvocableHandlerMethod.java:136) ~[spring-webmvc-6.1.10.jar:6.1.10]
		at org.springframework.web.servlet.mvc.method.annotation.RequestMappingHandlerAdapter.invokeHandlerMethod(RequestMappingHandlerAdapter.java:926) ~[spring-webmvc-6.1.10.jar:6.1.10]
		at org.springframework.web.servlet.mvc.method.annotation.RequestMappingHandlerAdapter.handleInternal(RequestMappingHandlerAdapter.java:831) ~[spring-webmvc-6.1.10.jar:6.1.10]
		at org.springframework.web.servlet.mvc.method.AbstractHandlerMethodAdapter.handle(AbstractHandlerMethodAdapter.java:87) ~[spring-webmvc-6.1.10.jar:6.1.10]
		at org.springframework.web.servlet.DispatcherServlet.doDispatch(DispatcherServlet.java:1089) ~[spring-webmvc-6.1.10.jar:6.1.10]
		at org.springframework.web.servlet.DispatcherServlet.doService(DispatcherServlet.java:979) ~[spring-webmvc-6.1.10.jar:6.1.10]
		at org.springframework.web.servlet.FrameworkServlet.processRequest(FrameworkServlet.java:1014) ~[spring-webmvc-6.1.10.jar:6.1.10]
		at org.springframework.web.servlet.FrameworkServlet.doPost(FrameworkServlet.java:914) ~[spring-webmvc-6.1.10.jar:6.1.10]
		at jakarta.servlet.http.HttpServlet.service(HttpServlet.java:547) ~[jakarta.servlet-api-6.0.0.jar:6.0.0]
		at org.springframework.web.servlet.FrameworkServlet.service(FrameworkServlet.java:885) ~[spring-webmvc-6.1.10.jar:6.1.10]
		at jakarta.servlet.http.HttpServlet.service(HttpServlet.java:614) ~[jakarta.servlet-api-6.0.0.jar:6.0.0]
		at io.undertow.servlet.handlers.ServletHandler.handleRequest(ServletHandler.java:74) ~[undertow-servlet-2.3.13.Final.jar:2.3.13.Final]
		at io.undertow.servlet.handlers.FilterHandler$FilterChainImpl.doFilter(FilterHandler.java:129) ~[undertow-servlet-2.3.13.Final.jar:2.3.13.Final]
		at org.springframework.web.filter.CorsFilter.doFilterInternal(CorsFilter.java:91) ~[spring-web-6.1.10.jar:6.1.10]
		at org.springframework.web.filter.OncePerRequestFilter.doFilter(OncePerRequestFilter.java:116) ~[spring-web-6.1.10.jar:6.1.10]
		at io.undertow.servlet.core.ManagedFilter.doFilter(ManagedFilter.java:67) ~[undertow-servlet-2.3.13.Final.jar:2.3.13.Final]
		at io.undertow.servlet.handlers.FilterHandler$FilterChainImpl.doFilter(FilterHandler.java:131) ~[undertow-servlet-2.3.13.Final.jar:2.3.13.Final]
		at org.springframework.web.filter.RequestContextFilter.doFilterInternal(RequestContextFilter.java:100) ~[spring-web-6.1.10.jar:6.1.10]
		at org.springframework.web.filter.OncePerRequestFilter.doFilter(OncePerRequestFilter.java:116) ~[spring-web-6.1.10.jar:6.1.10]
		at io.undertow.servlet.core.ManagedFilter.doFilter(ManagedFilter.java:67) ~[undertow-servlet-2.3.13.Final.jar:2.3.13.Final]
		at io.undertow.servlet.handlers.FilterHandler$FilterChainImpl.doFilter(FilterHandler.java:131) ~[undertow-servlet-2.3.13.Final.jar:2.3.13.Final]
		at org.springframework.web.filter.FormContentFilter.doFilterInternal(FormContentFilter.java:93) ~[spring-web-6.1.10.jar:6.1.10]
		at org.springframework.web.filter.OncePerRequestFilter.doFilter(OncePerRequestFilter.java:116) ~[spring-web-6.1.10.jar:6.1.10]
		at io.undertow.servlet.core.ManagedFilter.doFilter(ManagedFilter.java:67) ~[undertow-servlet-2.3.13.Final.jar:2.3.13.Final]
		at io.undertow.servlet.handlers.FilterHandler$FilterChainImpl.doFilter(FilterHandler.java:131) ~[undertow-servlet-2.3.13.Final.jar:2.3.13.Final]
		at org.springframework.web.filter.CharacterEncodingFilter.doFilterInternal(CharacterEncodingFilter.java:201) ~[spring-web-6.1.10.jar:6.1.10]
		at org.springframework.web.filter.OncePerRequestFilter.doFilter(OncePerRequestFilter.java:116) ~[spring-web-6.1.10.jar:6.1.10]
		at io.undertow.servlet.core.ManagedFilter.doFilter(ManagedFilter.java:67) ~[undertow-servlet-2.3.13.Final.jar:2.3.13.Final]
		at io.undertow.servlet.handlers.FilterHandler$FilterChainImpl.doFilter(FilterHandler.java:131) ~[undertow-servlet-2.3.13.Final.jar:2.3.13.Final]
		at io.undertow.servlet.handlers.FilterHandler.handleRequest(FilterHandler.java:84) ~[undertow-servlet-2.3.13.Final.jar:2.3.13.Final]
		at io.undertow.servlet.handlers.security.ServletSecurityRoleHandler.handleRequest(ServletSecurityRoleHandler.java:62) ~[undertow-servlet-2.3.13.Final.jar:2.3.13.Final]
		at io.undertow.servlet.handlers.ServletChain$1.handleRequest(ServletChain.java:68) ~[undertow-servlet-2.3.13.Final.jar:2.3.13.Final]
		at io.undertow.servlet.handlers.ServletDispatchingHandler.handleRequest(ServletDispatchingHandler.java:36) ~[undertow-servlet-2.3.13.Final.jar:2.3.13.Final]
		at io.undertow.servlet.handlers.RedirectDirHandler.handleRequest(RedirectDirHandler.java:68) ~[undertow-servlet-2.3.13.Final.jar:2.3.13.Final]
		at io.undertow.servlet.handlers.security.SSLInformationAssociationHandler.handleRequest(SSLInformationAssociationHandler.java:117) ~[undertow-servlet-2.3.13.Final.jar:2.3.13.Final]
		at io.undertow.servlet.handlers.security.ServletAuthenticationCallHandler.handleRequest(ServletAuthenticationCallHandler.java:57) ~[undertow-servlet-2.3.13.Final.jar:2.3.13.Final]
		at io.undertow.server.handlers.PredicateHandler.handleRequest(PredicateHandler.java:43) ~[undertow-core-2.3.13.Final.jar:2.3.13.Final]
		at io.undertow.security.handlers.AbstractConfidentialityHandler.handleRequest(AbstractConfidentialityHandler.java:46) ~[undertow-core-2.3.13.Final.jar:2.3.13.Final]
		at io.undertow.servlet.handlers.security.ServletConfidentialityConstraintHandler.handleRequest(ServletConfidentialityConstraintHandler.java:64) ~[undertow-servlet-2.3.13.Final.jar:2.3.13.Final]
		at io.undertow.security.handlers.AuthenticationMechanismsHandler.handleRequest(AuthenticationMechanismsHandler.java:60) ~[undertow-core-2.3.13.Final.jar:2.3.13.Final]
		at io.undertow.servlet.handlers.security.CachedAuthenticatedSessionHandler.handleRequest(CachedAuthenticatedSessionHandler.java:77) ~[undertow-servlet-2.3.13.Final.jar:2.3.13.Final]
		at io.undertow.security.handlers.AbstractSecurityContextAssociationHandler.handleRequest(AbstractSecurityContextAssociationHandler.java:43) ~[undertow-core-2.3.13.Final.jar:2.3.13.Final]
		at io.undertow.server.handlers.PredicateHandler.handleRequest(PredicateHandler.java:43) ~[undertow-core-2.3.13.Final.jar:2.3.13.Final]
		at io.undertow.servlet.handlers.SendErrorPageHandler.handleRequest(SendErrorPageHandler.java:52) ~[undertow-servlet-2.3.13.Final.jar:2.3.13.Final]
		at io.undertow.server.handlers.PredicateHandler.handleRequest(PredicateHandler.java:43) ~[undertow-core-2.3.13.Final.jar:2.3.13.Final]
		at io.undertow.servlet.handlers.ServletInitialHandler.handleFirstRequest(ServletInitialHandler.java:276) ~[undertow-servlet-2.3.13.Final.jar:2.3.13.Final]
		at io.undertow.servlet.handlers.ServletInitialHandler$2.call(ServletInitialHandler.java:135) ~[undertow-servlet-2.3.13.Final.jar:2.3.13.Final]
		at io.undertow.servlet.handlers.ServletInitialHandler$2.call(ServletInitialHandler.java:132) ~[undertow-servlet-2.3.13.Final.jar:2.3.13.Final]
		at io.undertow.servlet.core.ServletRequestContextThreadSetupAction$1.call(ServletRequestContextThreadSetupAction.java:48) ~[undertow-servlet-2.3.13.Final.jar:2.3.13.Final]
		at io.undertow.servlet.core.ContextClassLoaderSetupAction$1.call(ContextClassLoaderSetupAction.java:43) ~[undertow-servlet-2.3.13.Final.jar:2.3.13.Final]
		at io.undertow.servlet.handlers.ServletInitialHandler.dispatchRequest(ServletInitialHandler.java:256) ~[undertow-servlet-2.3.13.Final.jar:2.3.13.Final]
		at io.undertow.servlet.handlers.ServletInitialHandler$1.handleRequest(ServletInitialHandler.java:101) ~[undertow-servlet-2.3.13.Final.jar:2.3.13.Final]
		at io.undertow.server.Connectors.executeRootHandler(Connectors.java:393) ~[undertow-core-2.3.13.Final.jar:2.3.13.Final]
		at io.undertow.server.HttpServerExchange$1.run(HttpServerExchange.java:859) ~[undertow-core-2.3.13.Final.jar:2.3.13.Final]
		at org.jboss.threads.ContextHandler$1.runWith(ContextHandler.java:18) ~[jboss-threads-3.5.0.Final.jar:3.5.0.Final]
		at org.jboss.threads.EnhancedQueueExecutor$Task.run(EnhancedQueueExecutor.java:2513) ~[jboss-threads-3.5.0.Final.jar:3.5.0.Final]
		at org.jboss.threads.EnhancedQueueExecutor$ThreadBody.run(EnhancedQueueExecutor.java:1538) ~[jboss-threads-3.5.0.Final.jar:3.5.0.Final]
		at org.xnio.XnioWorker$WorkerThreadFactory$1$1.run(XnioWorker.java:1282) ~[xnio-api-3.8.8.Final.jar:3.8.8.Final]
		at java.base/java.lang.Thread.run(Thread.java:1583) [?:?]
	Caused by: java.nio.channels.ClosedChannelException
		at io.undertow.channels.DetachableStreamSinkChannel.write(DetachableStreamSinkChannel.java:177) ~[undertow-core-2.3.13.Final.jar:2.3.13.Final]
		at io.undertow.server.HttpServerExchange$WriteDispatchChannel.write(HttpServerExchange.java:2172) ~[undertow-core-2.3.13.Final.jar:2.3.13.Final]
		at org.xnio.channels.Channels.writeBlocking(Channels.java:202) ~[xnio-api-3.8.8.Final.jar:3.8.8.Final]
		at io.undertow.servlet.spec.ServletOutputStreamImpl.writeTooLargeForBuffer(ServletOutputStreamImpl.java:201) ~[undertow-servlet-2.3.13.Final.jar:2.3.13.Final]
		at io.undertow.servlet.spec.ServletOutputStreamImpl.write(ServletOutputStreamImpl.java:149) ~[undertow-servlet-2.3.13.Final.jar:2.3.13.Final]
		at org.springframework.web.context.request.async.StandardServletAsyncWebRequest$LifecycleServletOutputStream.write(StandardServletAsyncWebRequest.java:375) ~[spring-web-6.1.10.jar:6.1.10]
		... 67 more
Caused by: java.lang.NullPointerException: Cannot invoke "java.util.zip.Deflater.needsInput()" because "this.deflater" is null
	at io.undertow.conduits.DeflatingStreamSinkConduit.deflateData(DeflatingStreamSinkConduit.java:511) ~[undertow-core-2.3.13.Final.jar:2.3.13.Final]
	at io.undertow.conduits.DeflatingStreamSinkConduit.write(DeflatingStreamSinkConduit.java:130) ~[undertow-core-2.3.13.Final.jar:2.3.13.Final]
	at io.undertow.conduits.DeflatingStreamSinkConduit.write(DeflatingStreamSinkConduit.java:165) ~[undertow-core-2.3.13.Final.jar:2.3.13.Final]
	at org.xnio.conduits.ConduitStreamSinkChannel.write(ConduitStreamSinkChannel.java:158) ~[xnio-api-3.8.8.Final.jar:3.8.8.Final]
	at io.undertow.channels.DetachableStreamSinkChannel.write(DetachableStreamSinkChannel.java:179) ~[undertow-core-2.3.13.Final.jar:2.3.13.Final]
	at io.undertow.server.HttpServerExchange$WriteDispatchChannel.write(HttpServerExchange.java:2172) ~[undertow-core-2.3.13.Final.jar:2.3.13.Final]
	at org.xnio.channels.Channels.writeBlocking(Channels.java:202) ~[xnio-api-3.8.8.Final.jar:3.8.8.Final]
	at io.undertow.servlet.spec.ServletOutputStreamImpl.writeTooLargeForBuffer(ServletOutputStreamImpl.java:201) ~[undertow-servlet-2.3.13.Final.jar:2.3.13.Final]
	at io.undertow.servlet.spec.ServletOutputStreamImpl.write(ServletOutputStreamImpl.java:149) ~[undertow-servlet-2.3.13.Final.jar:2.3.13.Final]
	at org.springframework.web.context.request.async.StandardServletAsyncWebRequest$LifecycleServletOutputStream.write(StandardServletAsyncWebRequest.java:375) ~[spring-web-6.1.10.jar:6.1.10]
	at org.springframework.util.StreamUtils$NonClosingOutputStream.write(StreamUtils.java:261) ~[spring-core-6.1.10.jar:6.1.10]
	at com.fasterxml.jackson.core.json.UTF8JsonGenerator._flushBuffer(UTF8JsonGenerator.java:2210) ~[jackson-core-2.17.1.jar:2.17.1]
	at com.fasterxml.jackson.core.json.UTF8JsonGenerator.writeRaw(UTF8JsonGenerator.java:764) ~[jackson-core-2.17.1.jar:2.17.1]
	at com.fasterxml.jackson.core.json.UTF8JsonGenerator.writeRaw(UTF8JsonGenerator.java:674) ~[jackson-core-2.17.1.jar:2.17.1]
	at com.fasterxml.jackson.core.json.UTF8JsonGenerator.writeNumber(UTF8JsonGenerator.java:1050) ~[jackson-core-2.17.1.jar:2.17.1]
	at com.fasterxml.jackson.databind.ser.std.NumberSerializers$DoubleSerializer.serialize(NumberSerializers.java:235) ~[jackson-databind-2.17.1.jar:2.17.1]
	at com.fasterxml.jackson.databind.ser.BeanPropertyWriter.serializeAsField(BeanPropertyWriter.java:732) ~[jackson-databind-2.17.1.jar:2.17.1]
	at com.fasterxml.jackson.databind.ser.std.BeanSerializerBase.serializeFields(BeanSerializerBase.java:770) ~[jackson-databind-2.17.1.jar:2.17.1]
	at com.fasterxml.jackson.databind.ser.BeanSerializer.serialize(BeanSerializer.java:183) ~[jackson-databind-2.17.1.jar:2.17.1]
	at com.fasterxml.jackson.databind.ser.impl.IndexedListSerializer.serializeContents(IndexedListSerializer.java:119) ~[jackson-databind-2.17.1.jar:2.17.1]
	at com.fasterxml.jackson.databind.ser.impl.IndexedListSerializer.serialize(IndexedListSerializer.java:79) ~[jackson-databind-2.17.1.jar:2.17.1]
	at com.fasterxml.jackson.databind.ser.impl.IndexedListSerializer.serialize(IndexedListSerializer.java:18) ~[jackson-databind-2.17.1.jar:2.17.1]
	at com.fasterxml.jackson.databind.ser.BeanPropertyWriter.serializeAsField(BeanPropertyWriter.java:732) ~[jackson-databind-2.17.1.jar:2.17.1]
	at com.fasterxml.jackson.databind.ser.std.BeanSerializerBase.serializeFields(BeanSerializerBase.java:770) ~[jackson-databind-2.17.1.jar:2.17.1]
	at com.fasterxml.jackson.databind.ser.BeanSerializer.serialize(BeanSerializer.java:183) ~[jackson-databind-2.17.1.jar:2.17.1]
	at com.fasterxml.jackson.databind.ser.DefaultSerializerProvider._serialize(DefaultSerializerProvider.java:502) ~[jackson-databind-2.17.1.jar:2.17.1]
	at com.fasterxml.jackson.databind.ser.DefaultSerializerProvider.serializeValue(DefaultSerializerProvider.java:341) ~[jackson-databind-2.17.1.jar:2.17.1]
	at com.fasterxml.jackson.databind.ObjectWriter$Prefetch.serialize(ObjectWriter.java:1574) ~[jackson-databind-2.17.1.jar:2.17.1]
	at com.fasterxml.jackson.databind.ObjectWriter.writeValue(ObjectWriter.java:1061) ~[jackson-databind-2.17.1.jar:2.17.1]
	at org.springframework.http.converter.json.AbstractJackson2HttpMessageConverter.writeInternal(AbstractJackson2HttpMessageConverter.java:483) ~[spring-web-6.1.10.jar:6.1.10]
	... 63 more
[2026-05-21 14:16:24.173] ERROR XNIO-1 task-4 com.jts.gjcxfzksh.exception.handler.GlobalExceptionHandler[63] - 请求地址'/pt/network/tile',发生系统异常. 
org.springframework.web.context.request.async.AsyncRequestNotUsableException: ServletOutputStream failed to write: null
	at org.springframework.web.context.request.async.StandardServletAsyncWebRequest$LifecycleHttpServletResponse.handleIOException(StandardServletAsyncWebRequest.java:320) ~[spring-web-6.1.10.jar:6.1.10]
	at org.springframework.web.context.request.async.StandardServletAsyncWebRequest$LifecycleServletOutputStream.write(StandardServletAsyncWebRequest.java:378) ~[spring-web-6.1.10.jar:6.1.10]
	at org.springframework.util.StreamUtils$NonClosingOutputStream.write(StreamUtils.java:261) ~[spring-core-6.1.10.jar:6.1.10]
	at com.fasterxml.jackson.core.json.UTF8JsonGenerator._flushBuffer(UTF8JsonGenerator.java:2210) ~[jackson-core-2.17.1.jar:2.17.1]
	at com.fasterxml.jackson.core.json.UTF8JsonGenerator.writeRaw(UTF8JsonGenerator.java:764) ~[jackson-core-2.17.1.jar:2.17.1]
	at com.fasterxml.jackson.core.json.UTF8JsonGenerator.writeRaw(UTF8JsonGenerator.java:674) ~[jackson-core-2.17.1.jar:2.17.1]
	at com.fasterxml.jackson.core.json.UTF8JsonGenerator.writeNumber(UTF8JsonGenerator.java:1065) ~[jackson-core-2.17.1.jar:2.17.1]
	at com.fasterxml.jackson.databind.ser.std.NumberSerializers$FloatSerializer.serialize(NumberSerializers.java:214) ~[jackson-databind-2.17.1.jar:2.17.1]
	at com.fasterxml.jackson.databind.ser.BeanPropertyWriter.serializeAsField(BeanPropertyWriter.java:732) ~[jackson-databind-2.17.1.jar:2.17.1]
	at com.fasterxml.jackson.databind.ser.std.BeanSerializerBase.serializeFields(BeanSerializerBase.java:770) ~[jackson-databind-2.17.1.jar:2.17.1]
	at com.fasterxml.jackson.databind.ser.BeanSerializer.serialize(BeanSerializer.java:183) ~[jackson-databind-2.17.1.jar:2.17.1]
	at com.fasterxml.jackson.databind.ser.BeanPropertyWriter.serializeAsField(BeanPropertyWriter.java:732) ~[jackson-databind-2.17.1.jar:2.17.1]
	at com.fasterxml.jackson.databind.ser.std.BeanSerializerBase.serializeFields(BeanSerializerBase.java:770) ~[jackson-databind-2.17.1.jar:2.17.1]
	at com.fasterxml.jackson.databind.ser.BeanSerializer.serialize(BeanSerializer.java:183) ~[jackson-databind-2.17.1.jar:2.17.1]
	at com.fasterxml.jackson.databind.ser.impl.IndexedListSerializer.serializeContents(IndexedListSerializer.java:119) ~[jackson-databind-2.17.1.jar:2.17.1]
	at com.fasterxml.jackson.databind.ser.impl.IndexedListSerializer.serialize(IndexedListSerializer.java:79) ~[jackson-databind-2.17.1.jar:2.17.1]
	at com.fasterxml.jackson.databind.ser.impl.IndexedListSerializer.serialize(IndexedListSerializer.java:18) ~[jackson-databind-2.17.1.jar:2.17.1]
	at com.fasterxml.jackson.databind.ser.BeanPropertyWriter.serializeAsField(BeanPropertyWriter.java:732) ~[jackson-databind-2.17.1.jar:2.17.1]
	at com.fasterxml.jackson.databind.ser.std.BeanSerializerBase.serializeFields(BeanSerializerBase.java:770) ~[jackson-databind-2.17.1.jar:2.17.1]
	at com.fasterxml.jackson.databind.ser.BeanSerializer.serialize(BeanSerializer.java:183) ~[jackson-databind-2.17.1.jar:2.17.1]
	at com.fasterxml.jackson.databind.ser.DefaultSerializerProvider._serialize(DefaultSerializerProvider.java:502) ~[jackson-databind-2.17.1.jar:2.17.1]
	at com.fasterxml.jackson.databind.ser.DefaultSerializerProvider.serializeValue(DefaultSerializerProvider.java:341) ~[jackson-databind-2.17.1.jar:2.17.1]
	at com.fasterxml.jackson.databind.ObjectWriter$Prefetch.serialize(ObjectWriter.java:1574) ~[jackson-databind-2.17.1.jar:2.17.1]
	at com.fasterxml.jackson.databind.ObjectWriter.writeValue(ObjectWriter.java:1061) ~[jackson-databind-2.17.1.jar:2.17.1]
	at org.springframework.http.converter.json.AbstractJackson2HttpMessageConverter.writeInternal(AbstractJackson2HttpMessageConverter.java:483) ~[spring-web-6.1.10.jar:6.1.10]
	at org.springframework.http.converter.AbstractGenericHttpMessageConverter.write(AbstractGenericHttpMessageConverter.java:114) ~[spring-web-6.1.10.jar:6.1.10]
	at org.springframework.web.servlet.mvc.method.annotation.AbstractMessageConverterMethodProcessor.writeWithMessageConverters(AbstractMessageConverterMethodProcessor.java:297) ~[spring-webmvc-6.1.10.jar:6.1.10]
	at org.springframework.web.servlet.mvc.method.annotation.RequestResponseBodyMethodProcessor.handleReturnValue(RequestResponseBodyMethodProcessor.java:192) ~[spring-webmvc-6.1.10.jar:6.1.10]
	at org.springframework.web.method.support.HandlerMethodReturnValueHandlerComposite.handleReturnValue(HandlerMethodReturnValueHandlerComposite.java:78) ~[spring-web-6.1.10.jar:6.1.10]
	at org.springframework.web.servlet.mvc.method.annotation.ServletInvocableHandlerMethod.invokeAndHandle(ServletInvocableHandlerMethod.java:136) ~[spring-webmvc-6.1.10.jar:6.1.10]
	at org.springframework.web.servlet.mvc.method.annotation.RequestMappingHandlerAdapter.invokeHandlerMethod(RequestMappingHandlerAdapter.java:926) ~[spring-webmvc-6.1.10.jar:6.1.10]
	at org.springframework.web.servlet.mvc.method.annotation.RequestMappingHandlerAdapter.handleInternal(RequestMappingHandlerAdapter.java:831) ~[spring-webmvc-6.1.10.jar:6.1.10]
	at org.springframework.web.servlet.mvc.method.AbstractHandlerMethodAdapter.handle(AbstractHandlerMethodAdapter.java:87) ~[spring-webmvc-6.1.10.jar:6.1.10]
	at org.springframework.web.servlet.DispatcherServlet.doDispatch(DispatcherServlet.java:1089) ~[spring-webmvc-6.1.10.jar:6.1.10]
	at org.springframework.web.servlet.DispatcherServlet.doService(DispatcherServlet.java:979) ~[spring-webmvc-6.1.10.jar:6.1.10]
	at org.springframework.web.servlet.FrameworkServlet.processRequest(FrameworkServlet.java:1014) ~[spring-webmvc-6.1.10.jar:6.1.10]
	at org.springframework.web.servlet.FrameworkServlet.doPost(FrameworkServlet.java:914) ~[spring-webmvc-6.1.10.jar:6.1.10]
	at jakarta.servlet.http.HttpServlet.service(HttpServlet.java:547) ~[jakarta.servlet-api-6.0.0.jar:6.0.0]
	at org.springframework.web.servlet.FrameworkServlet.service(FrameworkServlet.java:885) ~[spring-webmvc-6.1.10.jar:6.1.10]
	at jakarta.servlet.http.HttpServlet.service(HttpServlet.java:614) ~[jakarta.servlet-api-6.0.0.jar:6.0.0]
	at io.undertow.servlet.handlers.ServletHandler.handleRequest(ServletHandler.java:74) ~[undertow-servlet-2.3.13.Final.jar:2.3.13.Final]
	at io.undertow.servlet.handlers.FilterHandler$FilterChainImpl.doFilter(FilterHandler.java:129) ~[undertow-servlet-2.3.13.Final.jar:2.3.13.Final]
	at org.springframework.web.filter.CorsFilter.doFilterInternal(CorsFilter.java:91) ~[spring-web-6.1.10.jar:6.1.10]
	at org.springframework.web.filter.OncePerRequestFilter.doFilter(OncePerRequestFilter.java:116) ~[spring-web-6.1.10.jar:6.1.10]
	at io.undertow.servlet.core.ManagedFilter.doFilter(ManagedFilter.java:67) ~[undertow-servlet-2.3.13.Final.jar:2.3.13.Final]
	at io.undertow.servlet.handlers.FilterHandler$FilterChainImpl.doFilter(FilterHandler.java:131) ~[undertow-servlet-2.3.13.Final.jar:2.3.13.Final]
	at org.springframework.web.filter.RequestContextFilter.doFilterInternal(RequestContextFilter.java:100) ~[spring-web-6.1.10.jar:6.1.10]
	at org.springframework.web.filter.OncePerRequestFilter.doFilter(OncePerRequestFilter.java:116) ~[spring-web-6.1.10.jar:6.1.10]
	at io.undertow.servlet.core.ManagedFilter.doFilter(ManagedFilter.java:67) ~[undertow-servlet-2.3.13.Final.jar:2.3.13.Final]
	at io.undertow.servlet.handlers.FilterHandler$FilterChainImpl.doFilter(FilterHandler.java:131) ~[undertow-servlet-2.3.13.Final.jar:2.3.13.Final]
	at org.springframework.web.filter.FormContentFilter.doFilterInternal(FormContentFilter.java:93) ~[spring-web-6.1.10.jar:6.1.10]
	at org.springframework.web.filter.OncePerRequestFilter.doFilter(OncePerRequestFilter.java:116) ~[spring-web-6.1.10.jar:6.1.10]
	at io.undertow.servlet.core.ManagedFilter.doFilter(ManagedFilter.java:67) ~[undertow-servlet-2.3.13.Final.jar:2.3.13.Final]
	at io.undertow.servlet.handlers.FilterHandler$FilterChainImpl.doFilter(FilterHandler.java:131) ~[undertow-servlet-2.3.13.Final.jar:2.3.13.Final]
	at org.springframework.web.filter.CharacterEncodingFilter.doFilterInternal(CharacterEncodingFilter.java:201) ~[spring-web-6.1.10.jar:6.1.10]
	at org.springframework.web.filter.OncePerRequestFilter.doFilter(OncePerRequestFilter.java:116) ~[spring-web-6.1.10.jar:6.1.10]
	at io.undertow.servlet.core.ManagedFilter.doFilter(ManagedFilter.java:67) ~[undertow-servlet-2.3.13.Final.jar:2.3.13.Final]
	at io.undertow.servlet.handlers.FilterHandler$FilterChainImpl.doFilter(FilterHandler.java:131) ~[undertow-servlet-2.3.13.Final.jar:2.3.13.Final]
	at io.undertow.servlet.handlers.FilterHandler.handleRequest(FilterHandler.java:84) ~[undertow-servlet-2.3.13.Final.jar:2.3.13.Final]
	at io.undertow.servlet.handlers.security.ServletSecurityRoleHandler.handleRequest(ServletSecurityRoleHandler.java:62) ~[undertow-servlet-2.3.13.Final.jar:2.3.13.Final]
	at io.undertow.servlet.handlers.ServletChain$1.handleRequest(ServletChain.java:68) ~[undertow-servlet-2.3.13.Final.jar:2.3.13.Final]
	at io.undertow.servlet.handlers.ServletDispatchingHandler.handleRequest(ServletDispatchingHandler.java:36) ~[undertow-servlet-2.3.13.Final.jar:2.3.13.Final]
	at io.undertow.servlet.handlers.RedirectDirHandler.handleRequest(RedirectDirHandler.java:68) ~[undertow-servlet-2.3.13.Final.jar:2.3.13.Final]
	at io.undertow.servlet.handlers.security.SSLInformationAssociationHandler.handleRequest(SSLInformationAssociationHandler.java:117) ~[undertow-servlet-2.3.13.Final.jar:2.3.13.Final]
	at io.undertow.servlet.handlers.security.ServletAuthenticationCallHandler.handleRequest(ServletAuthenticationCallHandler.java:57) ~[undertow-servlet-2.3.13.Final.jar:2.3.13.Final]
	at io.undertow.server.handlers.PredicateHandler.handleRequest(PredicateHandler.java:43) ~[undertow-core-2.3.13.Final.jar:2.3.13.Final]
	at io.undertow.security.handlers.AbstractConfidentialityHandler.handleRequest(AbstractConfidentialityHandler.java:46) ~[undertow-core-2.3.13.Final.jar:2.3.13.Final]
	at io.undertow.servlet.handlers.security.ServletConfidentialityConstraintHandler.handleRequest(ServletConfidentialityConstraintHandler.java:64) ~[undertow-servlet-2.3.13.Final.jar:2.3.13.Final]
	at io.undertow.security.handlers.AuthenticationMechanismsHandler.handleRequest(AuthenticationMechanismsHandler.java:60) ~[undertow-core-2.3.13.Final.jar:2.3.13.Final]
	at io.undertow.servlet.handlers.security.CachedAuthenticatedSessionHandler.handleRequest(CachedAuthenticatedSessionHandler.java:77) ~[undertow-servlet-2.3.13.Final.jar:2.3.13.Final]
	at io.undertow.security.handlers.AbstractSecurityContextAssociationHandler.handleRequest(AbstractSecurityContextAssociationHandler.java:43) ~[undertow-core-2.3.13.Final.jar:2.3.13.Final]
	at io.undertow.server.handlers.PredicateHandler.handleRequest(PredicateHandler.java:43) ~[undertow-core-2.3.13.Final.jar:2.3.13.Final]
	at io.undertow.servlet.handlers.SendErrorPageHandler.handleRequest(SendErrorPageHandler.java:52) ~[undertow-servlet-2.3.13.Final.jar:2.3.13.Final]
	at io.undertow.server.handlers.PredicateHandler.handleRequest(PredicateHandler.java:43) ~[undertow-core-2.3.13.Final.jar:2.3.13.Final]
	at io.undertow.servlet.handlers.ServletInitialHandler.handleFirstRequest(ServletInitialHandler.java:276) ~[undertow-servlet-2.3.13.Final.jar:2.3.13.Final]
	at io.undertow.servlet.handlers.ServletInitialHandler$2.call(ServletInitialHandler.java:135) ~[undertow-servlet-2.3.13.Final.jar:2.3.13.Final]
	at io.undertow.servlet.handlers.ServletInitialHandler$2.call(ServletInitialHandler.java:132) ~[undertow-servlet-2.3.13.Final.jar:2.3.13.Final]
	at io.undertow.servlet.core.ServletRequestContextThreadSetupAction$1.call(ServletRequestContextThreadSetupAction.java:48) ~[undertow-servlet-2.3.13.Final.jar:2.3.13.Final]
	at io.undertow.servlet.core.ContextClassLoaderSetupAction$1.call(ContextClassLoaderSetupAction.java:43) ~[undertow-servlet-2.3.13.Final.jar:2.3.13.Final]
	at io.undertow.servlet.handlers.ServletInitialHandler.dispatchRequest(ServletInitialHandler.java:256) ~[undertow-servlet-2.3.13.Final.jar:2.3.13.Final]
	at io.undertow.servlet.handlers.ServletInitialHandler$1.handleRequest(ServletInitialHandler.java:101) ~[undertow-servlet-2.3.13.Final.jar:2.3.13.Final]
	at io.undertow.server.Connectors.executeRootHandler(Connectors.java:393) ~[undertow-core-2.3.13.Final.jar:2.3.13.Final]
	at io.undertow.server.HttpServerExchange$1.run(HttpServerExchange.java:859) ~[undertow-core-2.3.13.Final.jar:2.3.13.Final]
	at org.jboss.threads.ContextHandler$1.runWith(ContextHandler.java:18) ~[jboss-threads-3.5.0.Final.jar:3.5.0.Final]
	at org.jboss.threads.EnhancedQueueExecutor$Task.run(EnhancedQueueExecutor.java:2513) ~[jboss-threads-3.5.0.Final.jar:3.5.0.Final]
	at org.jboss.threads.EnhancedQueueExecutor$ThreadBody.run(EnhancedQueueExecutor.java:1538) ~[jboss-threads-3.5.0.Final.jar:3.5.0.Final]
	at org.xnio.XnioWorker$WorkerThreadFactory$1$1.run(XnioWorker.java:1282) ~[xnio-api-3.8.8.Final.jar:3.8.8.Final]
	at java.base/java.lang.Thread.run(Thread.java:1583) [?:?]
	Suppressed: org.springframework.web.context.request.async.AsyncRequestNotUsableException: Response not usable after response errors.
		at org.springframework.web.context.request.async.StandardServletAsyncWebRequest$LifecycleHttpServletResponse.obtainLockAndCheckState(StandardServletAsyncWebRequest.java:314) ~[spring-web-6.1.10.jar:6.1.10]
		at org.springframework.web.context.request.async.StandardServletAsyncWebRequest$LifecycleServletOutputStream.write(StandardServletAsyncWebRequest.java:373) ~[spring-web-6.1.10.jar:6.1.10]
		at org.springframework.util.StreamUtils$NonClosingOutputStream.write(StreamUtils.java:261) ~[spring-core-6.1.10.jar:6.1.10]
		at com.fasterxml.jackson.core.json.UTF8JsonGenerator._flushBuffer(UTF8JsonGenerator.java:2210) ~[jackson-core-2.17.1.jar:2.17.1]
		at com.fasterxml.jackson.core.json.UTF8JsonGenerator.close(UTF8JsonGenerator.java:1234) ~[jackson-core-2.17.1.jar:2.17.1]
		at org.springframework.http.converter.json.AbstractJackson2HttpMessageConverter.writeInternal(AbstractJackson2HttpMessageConverter.java:452) ~[spring-web-6.1.10.jar:6.1.10]
		at org.springframework.http.converter.AbstractGenericHttpMessageConverter.write(AbstractGenericHttpMessageConverter.java:114) ~[spring-web-6.1.10.jar:6.1.10]
		at org.springframework.web.servlet.mvc.method.annotation.AbstractMessageConverterMethodProcessor.writeWithMessageConverters(AbstractMessageConverterMethodProcessor.java:297) ~[spring-webmvc-6.1.10.jar:6.1.10]
		at org.springframework.web.servlet.mvc.method.annotation.RequestResponseBodyMethodProcessor.handleReturnValue(RequestResponseBodyMethodProcessor.java:192) ~[spring-webmvc-6.1.10.jar:6.1.10]
		at org.springframework.web.method.support.HandlerMethodReturnValueHandlerComposite.handleReturnValue(HandlerMethodReturnValueHandlerComposite.java:78) ~[spring-web-6.1.10.jar:6.1.10]
		at org.springframework.web.servlet.mvc.method.annotation.ServletInvocableHandlerMethod.invokeAndHandle(ServletInvocableHandlerMethod.java:136) ~[spring-webmvc-6.1.10.jar:6.1.10]
		at org.springframework.web.servlet.mvc.method.annotation.RequestMappingHandlerAdapter.invokeHandlerMethod(RequestMappingHandlerAdapter.java:926) ~[spring-webmvc-6.1.10.jar:6.1.10]
		at org.springframework.web.servlet.mvc.method.annotation.RequestMappingHandlerAdapter.handleInternal(RequestMappingHandlerAdapter.java:831) ~[spring-webmvc-6.1.10.jar:6.1.10]
		at org.springframework.web.servlet.mvc.method.AbstractHandlerMethodAdapter.handle(AbstractHandlerMethodAdapter.java:87) ~[spring-webmvc-6.1.10.jar:6.1.10]
		at org.springframework.web.servlet.DispatcherServlet.doDispatch(DispatcherServlet.java:1089) ~[spring-webmvc-6.1.10.jar:6.1.10]
		at org.springframework.web.servlet.DispatcherServlet.doService(DispatcherServlet.java:979) ~[spring-webmvc-6.1.10.jar:6.1.10]
		at org.springframework.web.servlet.FrameworkServlet.processRequest(FrameworkServlet.java:1014) ~[spring-webmvc-6.1.10.jar:6.1.10]
		at org.springframework.web.servlet.FrameworkServlet.doPost(FrameworkServlet.java:914) ~[spring-webmvc-6.1.10.jar:6.1.10]
		at jakarta.servlet.http.HttpServlet.service(HttpServlet.java:547) ~[jakarta.servlet-api-6.0.0.jar:6.0.0]
		at org.springframework.web.servlet.FrameworkServlet.service(FrameworkServlet.java:885) ~[spring-webmvc-6.1.10.jar:6.1.10]
		at jakarta.servlet.http.HttpServlet.service(HttpServlet.java:614) ~[jakarta.servlet-api-6.0.0.jar:6.0.0]
		at io.undertow.servlet.handlers.ServletHandler.handleRequest(ServletHandler.java:74) ~[undertow-servlet-2.3.13.Final.jar:2.3.13.Final]
		at io.undertow.servlet.handlers.FilterHandler$FilterChainImpl.doFilter(FilterHandler.java:129) ~[undertow-servlet-2.3.13.Final.jar:2.3.13.Final]
		at org.springframework.web.filter.CorsFilter.doFilterInternal(CorsFilter.java:91) ~[spring-web-6.1.10.jar:6.1.10]
		at org.springframework.web.filter.OncePerRequestFilter.doFilter(OncePerRequestFilter.java:116) ~[spring-web-6.1.10.jar:6.1.10]
		at io.undertow.servlet.core.ManagedFilter.doFilter(ManagedFilter.java:67) ~[undertow-servlet-2.3.13.Final.jar:2.3.13.Final]
		at io.undertow.servlet.handlers.FilterHandler$FilterChainImpl.doFilter(FilterHandler.java:131) ~[undertow-servlet-2.3.13.Final.jar:2.3.13.Final]
		at org.springframework.web.filter.RequestContextFilter.doFilterInternal(RequestContextFilter.java:100) ~[spring-web-6.1.10.jar:6.1.10]
		at org.springframework.web.filter.OncePerRequestFilter.doFilter(OncePerRequestFilter.java:116) ~[spring-web-6.1.10.jar:6.1.10]
		at io.undertow.servlet.core.ManagedFilter.doFilter(ManagedFilter.java:67) ~[undertow-servlet-2.3.13.Final.jar:2.3.13.Final]
		at io.undertow.servlet.handlers.FilterHandler$FilterChainImpl.doFilter(FilterHandler.java:131) ~[undertow-servlet-2.3.13.Final.jar:2.3.13.Final]
		at org.springframework.web.filter.FormContentFilter.doFilterInternal(FormContentFilter.java:93) ~[spring-web-6.1.10.jar:6.1.10]
		at org.springframework.web.filter.OncePerRequestFilter.doFilter(OncePerRequestFilter.java:116) ~[spring-web-6.1.10.jar:6.1.10]
		at io.undertow.servlet.core.ManagedFilter.doFilter(ManagedFilter.java:67) ~[undertow-servlet-2.3.13.Final.jar:2.3.13.Final]
		at io.undertow.servlet.handlers.FilterHandler$FilterChainImpl.doFilter(FilterHandler.java:131) ~[undertow-servlet-2.3.13.Final.jar:2.3.13.Final]
		at org.springframework.web.filter.CharacterEncodingFilter.doFilterInternal(CharacterEncodingFilter.java:201) ~[spring-web-6.1.10.jar:6.1.10]
		at org.springframework.web.filter.OncePerRequestFilter.doFilter(OncePerRequestFilter.java:116) ~[spring-web-6.1.10.jar:6.1.10]
		at io.undertow.servlet.core.ManagedFilter.doFilter(ManagedFilter.java:67) ~[undertow-servlet-2.3.13.Final.jar:2.3.13.Final]
		at io.undertow.servlet.handlers.FilterHandler$FilterChainImpl.doFilter(FilterHandler.java:131) ~[undertow-servlet-2.3.13.Final.jar:2.3.13.Final]
		at io.undertow.servlet.handlers.FilterHandler.handleRequest(FilterHandler.java:84) ~[undertow-servlet-2.3.13.Final.jar:2.3.13.Final]
		at io.undertow.servlet.handlers.security.ServletSecurityRoleHandler.handleRequest(ServletSecurityRoleHandler.java:62) ~[undertow-servlet-2.3.13.Final.jar:2.3.13.Final]
		at io.undertow.servlet.handlers.ServletChain$1.handleRequest(ServletChain.java:68) ~[undertow-servlet-2.3.13.Final.jar:2.3.13.Final]
		at io.undertow.servlet.handlers.ServletDispatchingHandler.handleRequest(ServletDispatchingHandler.java:36) ~[undertow-servlet-2.3.13.Final.jar:2.3.13.Final]
		at io.undertow.servlet.handlers.RedirectDirHandler.handleRequest(RedirectDirHandler.java:68) ~[undertow-servlet-2.3.13.Final.jar:2.3.13.Final]
		at io.undertow.servlet.handlers.security.SSLInformationAssociationHandler.handleRequest(SSLInformationAssociationHandler.java:117) ~[undertow-servlet-2.3.13.Final.jar:2.3.13.Final]
		at io.undertow.servlet.handlers.security.ServletAuthenticationCallHandler.handleRequest(ServletAuthenticationCallHandler.java:57) ~[undertow-servlet-2.3.13.Final.jar:2.3.13.Final]
		at io.undertow.server.handlers.PredicateHandler.handleRequest(PredicateHandler.java:43) ~[undertow-core-2.3.13.Final.jar:2.3.13.Final]
		at io.undertow.security.handlers.AbstractConfidentialityHandler.handleRequest(AbstractConfidentialityHandler.java:46) ~[undertow-core-2.3.13.Final.jar:2.3.13.Final]
		at io.undertow.servlet.handlers.security.ServletConfidentialityConstraintHandler.handleRequest(ServletConfidentialityConstraintHandler.java:64) ~[undertow-servlet-2.3.13.Final.jar:2.3.13.Final]
		at io.undertow.security.handlers.AuthenticationMechanismsHandler.handleRequest(AuthenticationMechanismsHandler.java:60) ~[undertow-core-2.3.13.Final.jar:2.3.13.Final]
		at io.undertow.servlet.handlers.security.CachedAuthenticatedSessionHandler.handleRequest(CachedAuthenticatedSessionHandler.java:77) ~[undertow-servlet-2.3.13.Final.jar:2.3.13.Final]
		at io.undertow.security.handlers.AbstractSecurityContextAssociationHandler.handleRequest(AbstractSecurityContextAssociationHandler.java:43) ~[undertow-core-2.3.13.Final.jar:2.3.13.Final]
		at io.undertow.server.handlers.PredicateHandler.handleRequest(PredicateHandler.java:43) ~[undertow-core-2.3.13.Final.jar:2.3.13.Final]
		at io.undertow.servlet.handlers.SendErrorPageHandler.handleRequest(SendErrorPageHandler.java:52) ~[undertow-servlet-2.3.13.Final.jar:2.3.13.Final]
		at io.undertow.server.handlers.PredicateHandler.handleRequest(PredicateHandler.java:43) ~[undertow-core-2.3.13.Final.jar:2.3.13.Final]
		at io.undertow.servlet.handlers.ServletInitialHandler.handleFirstRequest(ServletInitialHandler.java:276) ~[undertow-servlet-2.3.13.Final.jar:2.3.13.Final]
		at io.undertow.servlet.handlers.ServletInitialHandler$2.call(ServletInitialHandler.java:135) ~[undertow-servlet-2.3.13.Final.jar:2.3.13.Final]
		at io.undertow.servlet.handlers.ServletInitialHandler$2.call(ServletInitialHandler.java:132) ~[undertow-servlet-2.3.13.Final.jar:2.3.13.Final]
		at io.undertow.servlet.core.ServletRequestContextThreadSetupAction$1.call(ServletRequestContextThreadSetupAction.java:48) ~[undertow-servlet-2.3.13.Final.jar:2.3.13.Final]
		at io.undertow.servlet.core.ContextClassLoaderSetupAction$1.call(ContextClassLoaderSetupAction.java:43) ~[undertow-servlet-2.3.13.Final.jar:2.3.13.Final]
		at io.undertow.servlet.handlers.ServletInitialHandler.dispatchRequest(ServletInitialHandler.java:256) ~[undertow-servlet-2.3.13.Final.jar:2.3.13.Final]
		at io.undertow.servlet.handlers.ServletInitialHandler$1.handleRequest(ServletInitialHandler.java:101) ~[undertow-servlet-2.3.13.Final.jar:2.3.13.Final]
		at io.undertow.server.Connectors.executeRootHandler(Connectors.java:393) ~[undertow-core-2.3.13.Final.jar:2.3.13.Final]
		at io.undertow.server.HttpServerExchange$1.run(HttpServerExchange.java:859) ~[undertow-core-2.3.13.Final.jar:2.3.13.Final]
		at org.jboss.threads.ContextHandler$1.runWith(ContextHandler.java:18) ~[jboss-threads-3.5.0.Final.jar:3.5.0.Final]
		at org.jboss.threads.EnhancedQueueExecutor$Task.run(EnhancedQueueExecutor.java:2513) ~[jboss-threads-3.5.0.Final.jar:3.5.0.Final]
		at org.jboss.threads.EnhancedQueueExecutor$ThreadBody.run(EnhancedQueueExecutor.java:1538) ~[jboss-threads-3.5.0.Final.jar:3.5.0.Final]
		at org.xnio.XnioWorker$WorkerThreadFactory$1$1.run(XnioWorker.java:1282) ~[xnio-api-3.8.8.Final.jar:3.8.8.Final]
		at java.base/java.lang.Thread.run(Thread.java:1583) [?:?]
Caused by: java.nio.channels.ClosedChannelException
	at io.undertow.channels.DetachableStreamSinkChannel.write(DetachableStreamSinkChannel.java:177) ~[undertow-core-2.3.13.Final.jar:2.3.13.Final]
	at io.undertow.server.HttpServerExchange$WriteDispatchChannel.write(HttpServerExchange.java:2172) ~[undertow-core-2.3.13.Final.jar:2.3.13.Final]
	at org.xnio.channels.Channels.writeBlocking(Channels.java:202) ~[xnio-api-3.8.8.Final.jar:3.8.8.Final]
	at io.undertow.servlet.spec.ServletOutputStreamImpl.writeTooLargeForBuffer(ServletOutputStreamImpl.java:201) ~[undertow-servlet-2.3.13.Final.jar:2.3.13.Final]
	at io.undertow.servlet.spec.ServletOutputStreamImpl.write(ServletOutputStreamImpl.java:149) ~[undertow-servlet-2.3.13.Final.jar:2.3.13.Final]
	at org.springframework.web.context.request.async.StandardServletAsyncWebRequest$LifecycleServletOutputStream.write(StandardServletAsyncWebRequest.java:375) ~[spring-web-6.1.10.jar:6.1.10]
	... 86 more
