[2026-05-21 00:00:03.247] INFO scheduling-1 com.jts.gjcxfzksh.task.RemoveLoadTask[37] - 执行定时清理任务... 
[2026-05-21 01:00:00.161] INFO scheduling-1 com.jts.gjcxfzksh.task.RemoveLoadTask[37] - 执行定时清理任务... 
[2026-05-21 01:40:58.333] INFO SpringApplicationShutdownHook io.undertow[259] - stopping server: Undertow - 2.3.13.Final 
[2026-05-21 01:40:58.341] INFO SpringApplicationShutdownHook io.undertow.servlet[372] - Destroying Spring FrameworkServlet 'dispatcherServlet' 
[2026-05-21 01:41:23.881] INFO background-preinit org.hibernate.validator.internal.util.Version[21] - HV000001: Hibernate Validator 8.0.1.Final 
[2026-05-21 01:41:23.931] INFO main com.jts.gjcxfzksh.Application[50] - Starting Application using Java 21.0.9 with PID 17615 (/Users/a../模型算法/新公交平台/backend/target/classes started by a.. in /Users/a../模型算法/新公交平台/backend) 
[2026-05-21 01:41:23.935] INFO main com.jts.gjcxfzksh.Application[654] - No active profile set, falling back to 1 default profile: "default" 
[2026-05-21 01:41:25.009] INFO main io.undertow.servlet[372] - Initializing Spring embedded WebApplicationContext 
[2026-05-21 01:41:25.119] INFO main com.jts.gjcxfzksh.config.MatsimConfig[93] - 共找到1个方案 
[2026-05-21 01:41:26.022] INFO main io.undertow[120] - starting server: Undertow - 2.3.13.Final 
[2026-05-21 01:41:26.030] INFO main org.xnio[95] - XNIO version 3.8.8.Final 
[2026-05-21 01:41:26.039] INFO main org.xnio.nio[58] - XNIO NIO Implementation Version 3.8.8.Final 
[2026-05-21 01:41:26.070] INFO main org.jboss.threads[55] - JBoss Threads version 3.5.0.Final 
[2026-05-21 01:41:26.158] INFO main com.jts.gjcxfzksh.Application[56] - Started Application in 2.607 seconds (process running for 3.511) 
[2026-05-21 01:41:28.670] INFO XNIO-1 task-3 io.undertow.servlet[372] - Initializing Spring DispatcherServlet 'dispatcherServlet' 
[2026-05-21 01:41:56.805] INFO XNIO-1 task-3 com.jts.gjcxfzksh.api.service.impl.SchemeServiceImpl[57] - [广州市/广州市抽样模型]已加载，无需重复加载 
[2026-05-21 01:41:56.823] INFO XNIO-1 task-3 org.matsim.core.utils.io.IOUtils[224] - Resolved /Volumes/USB DISK/pt_data/广州市/广州市抽样模型/output/output_config_reduced.xml to /Volumes/USB DISK/pt_data/广州市/广州市抽样模型/output/output_config_reduced.xml 
[2026-05-21 01:41:56.824] INFO XNIO-1 task-3 org.matsim.core.config.Config[550] - setting context to [file:/Users/a../%E6%A8%A1%E5%9E%8B%E7%AE%97%E6%B3%95/%E6%96%B0%E5%85%AC%E4%BA%A4%E5%B9%B3%E5%8F%B0/backend/] 
[2026-05-21 01:41:56.850] INFO XNIO-1 task-3 org.matsim.core.utils.io.MatsimXmlParser[170] - starting to parse xml from url file:/Volumes/USB%20DISK/pt_data/广州市/广州市抽样模型/output/output_config_reduced.xml ... 
[2026-05-21 01:41:56.876] INFO XNIO-1 task-3 org.matsim.core.config.ConfigReader[105] - using config_v2-reader 
[2026-05-21 01:41:56.876] INFO XNIO-1 task-3 org.matsim.core.utils.io.MatsimXmlParser[296] - Trying to load http://www.matsim.org/files/dtd/config_v2.dtd. In some cases (e.g. network interface up but no connection), this may take a bit. 
[2026-05-21 01:41:58.304] INFO XNIO-1 task-3 org.matsim.core.config.groups.GlobalConfigGroup[93] - setting number of threads to: 8 
[2026-05-21 01:41:58.308] WARN XNIO-1 task-3 org.matsim.core.config.groups.RoutingConfigGroup[403] - The first mode routing (= teleported mode) params that are explicitly defined clear the default mode routing (= teleported mode) params.  If you want to avoid this  
[2026-05-21 01:41:58.312] WARN XNIO-1 task-3 org.matsim.core.config.groups.RoutingConfigGroup[404] -     warning, use clearTeleportedModeParams(true) in code, and "clearDefaultTeleportedModeParams"=true in xml config. 
[2026-05-21 01:41:58.317] INFO XNIO-1 task-3 org.matsim.core.config.groups.ScoringConfigGroup[560] - scoring parameters for subpopulation null were just replaced. 
[2026-05-21 01:41:58.318] INFO XNIO-1 task-3 org.matsim.core.config.Config[550] - setting context to [file:/Volumes/USB%20DISK/pt_data/广州市/广州市抽样模型/output/output_config_reduced.xml] 
[2026-05-21 01:41:58.322] INFO XNIO-1 task-3 org.matsim.core.config.Config[550] - setting context to [file:/Users/a../%E6%A8%A1%E5%9E%8B%E7%AE%97%E6%B3%95/%E6%96%B0%E5%85%AC%E4%BA%A4%E5%B9%B3%E5%8F%B0/backend/] 
[2026-05-21 01:41:58.324] INFO XNIO-1 task-3 org.matsim.core.utils.io.MatsimXmlParser[153] - starting to parse xml from file /Volumes/USB DISK/pt_data/广州市/广州市抽样模型/output/output_config_reduced.xml ... 
[2026-05-21 01:41:58.324] INFO XNIO-1 task-3 org.matsim.core.utils.io.IOUtils[224] - Resolved /Volumes/USB DISK/pt_data/广州市/广州市抽样模型/output/output_config_reduced.xml to /Volumes/USB DISK/pt_data/广州市/广州市抽样模型/output/output_config_reduced.xml 
[2026-05-21 01:41:58.325] INFO XNIO-1 task-3 org.matsim.core.config.ConfigReader[105] - using config_v2-reader 
[2026-05-21 01:41:58.325] INFO XNIO-1 task-3 org.matsim.core.utils.io.MatsimXmlParser[296] - Trying to load http://www.matsim.org/files/dtd/config_v2.dtd. In some cases (e.g. network interface up but no connection), this may take a bit. 
[2026-05-21 01:41:58.546] INFO XNIO-1 task-3 org.matsim.core.config.groups.GlobalConfigGroup[93] - setting number of threads to: 8 
[2026-05-21 01:41:58.547] WARN XNIO-1 task-3 org.matsim.core.config.groups.RoutingConfigGroup[403] - The first mode routing (= teleported mode) params that are explicitly defined clear the default mode routing (= teleported mode) params.  If you want to avoid this  
[2026-05-21 01:41:58.547] WARN XNIO-1 task-3 org.matsim.core.config.groups.RoutingConfigGroup[404] -     warning, use clearTeleportedModeParams(true) in code, and "clearDefaultTeleportedModeParams"=true in xml config. 
[2026-05-21 01:41:58.548] INFO XNIO-1 task-3 org.matsim.core.config.groups.ScoringConfigGroup[560] - scoring parameters for subpopulation null were just replaced. 
[2026-05-21 01:41:58.563] INFO XNIO-1 task-3 org.matsim.core.scenario.ScenarioLoaderImpl[135] - loading network from file:/Volumes/USB%20DISK/pt_data/广州市/广州市抽样模型/output/output_network.xml.gz 
[2026-05-21 01:41:58.564] INFO XNIO-1 task-3 org.matsim.core.utils.io.MatsimXmlParser[170] - starting to parse xml from url file:/Volumes/USB%20DISK/pt_data/广州市/广州市抽样模型/output/output_network.xml.gz ... 
[2026-05-21 01:41:58.572] INFO XNIO-1 task-3 org.matsim.core.network.io.MatsimNetworkReader[122] - using network_v2-reader. 
[2026-05-21 01:41:58.572] INFO XNIO-1 task-3 org.matsim.core.utils.io.MatsimXmlParser[296] - Trying to load http://www.matsim.org/files/dtd/network_v2.dtd. In some cases (e.g. network interface up but no connection), this may take a bit. 
[2026-05-21 01:41:58.795] INFO XNIO-1 task-3 org.matsim.core.network.NetworkImpl[165] -  node # 1 
[2026-05-21 01:41:58.796] INFO XNIO-1 task-3 org.matsim.core.network.NetworkImpl[165] -  node # 4 
[2026-05-21 01:41:58.796] INFO XNIO-1 task-3 org.matsim.core.network.NetworkImpl[165] -  node # 16 
[2026-05-21 01:41:58.798] INFO XNIO-1 task-3 org.matsim.core.network.NetworkImpl[165] -  node # 64 
[2026-05-21 01:41:58.800] INFO XNIO-1 task-3 org.matsim.core.network.NetworkImpl[165] -  node # 256 
[2026-05-21 01:41:58.802] INFO XNIO-1 task-3 org.matsim.core.network.NetworkImpl[165] -  node # 1024 
[2026-05-21 01:41:58.808] INFO XNIO-1 task-3 org.matsim.core.network.NetworkImpl[165] -  node # 4096 
[2026-05-21 01:41:58.831] INFO XNIO-1 task-3 org.matsim.core.network.NetworkImpl[165] -  node # 16384 
[2026-05-21 01:41:58.925] INFO XNIO-1 task-3 org.matsim.core.network.NetworkImpl[165] -  node # 65536 
[2026-05-21 01:41:59.274] INFO XNIO-1 task-3 org.matsim.core.network.NetworkImpl[165] -  node # 262144 
[2026-05-21 01:42:00.243] INFO XNIO-1 task-3 org.matsim.core.network.NetworkImpl[161] -  link # 1 
[2026-05-21 01:42:00.244] INFO XNIO-1 task-3 org.matsim.core.network.NetworkImpl[161] -  link # 4 
[2026-05-21 01:42:00.244] INFO XNIO-1 task-3 org.matsim.core.network.NetworkImpl[161] -  link # 16 
[2026-05-21 01:42:00.244] INFO XNIO-1 task-3 org.matsim.core.network.NetworkImpl[161] -  link # 64 
[2026-05-21 01:42:00.246] INFO XNIO-1 task-3 org.matsim.core.network.NetworkImpl[161] -  link # 256 
[2026-05-21 01:42:00.250] INFO XNIO-1 task-3 org.matsim.core.network.NetworkImpl[161] -  link # 1024 
[2026-05-21 01:42:00.263] INFO XNIO-1 task-3 org.matsim.core.network.NetworkImpl[161] -  link # 4096 
[2026-05-21 01:42:00.316] INFO XNIO-1 task-3 org.matsim.core.network.NetworkImpl[161] -  link # 16384 
[2026-05-21 01:42:00.534] INFO XNIO-1 task-3 org.matsim.core.network.NetworkImpl[161] -  link # 65536 
[2026-05-21 01:42:01.531] INFO XNIO-1 task-3 org.matsim.core.network.NetworkImpl[161] -  link # 262144 
[2026-05-21 01:42:06.544] INFO XNIO-1 task-3 org.matsim.core.scenario.ScenarioLoaderImpl[160] - loading facilities from file:/Volumes/USB%20DISK/pt_data/广州市/广州市抽样模型/output/output_facilities.xml.gz 
[2026-05-21 01:42:06.546] INFO XNIO-1 task-3 org.matsim.core.utils.io.MatsimXmlParser[170] - starting to parse xml from url file:/Volumes/USB%20DISK/pt_data/广州市/广州市抽样模型/output/output_facilities.xml.gz ... 
[2026-05-21 01:42:06.547] INFO XNIO-1 task-3 org.matsim.facilities.MatsimFacilitiesReader[143] - using facilities_v2-reader. 
[2026-05-21 01:42:06.548] INFO XNIO-1 task-3 org.matsim.core.utils.io.MatsimXmlParser[296] - Trying to load http://www.matsim.org/files/dtd/facilities_v2.dtd. In some cases (e.g. network interface up but no connection), this may take a bit. 
[2026-05-21 01:42:06.899] INFO XNIO-1 task-3 org.matsim.core.scenario.ScenarioLoaderImpl[169] - loaded 0 facilities from file:/Volumes/USB%20DISK/pt_data/广州市/广州市抽样模型/output/output_facilities.xml.gz 
[2026-05-21 01:42:06.900] INFO XNIO-1 task-3 org.matsim.core.scenario.ScenarioLoaderImpl[188] - no facility-attributes file set in config, not loading any facility attributes 
[2026-05-21 01:42:06.901] INFO XNIO-1 task-3 org.matsim.core.scenario.ScenarioLoaderImpl[196] - loading population from file:/Volumes/USB%20DISK/pt_data/广州市/广州市抽样模型/output/output_plans.xml.gz 
[2026-05-21 01:42:06.907] INFO XNIO-1 task-3 org.matsim.core.utils.io.MatsimXmlParser[170] - starting to parse xml from url file:/Volumes/USB%20DISK/pt_data/广州市/广州市抽样模型/output/output_plans.xml.gz ... 
[2026-05-21 01:42:06.909] INFO XNIO-1 task-3 org.matsim.core.population.io.PopulationReader[135] - using population_v6-reader. 
[2026-05-21 01:42:06.909] INFO XNIO-1 task-3 org.matsim.core.utils.io.MatsimXmlParser[296] - Trying to load http://www.matsim.org/files/dtd/population_v6.dtd. In some cases (e.g. network interface up but no connection), this may take a bit. 
[2026-05-21 01:42:07.125] WARN XNIO-1 task-3 org.matsim.core.population.io.PopulationReaderMatsimV6[227] - coordinate transformation defined both in config and in input file: setting from input file will be used 
[2026-05-21 01:42:07.125] INFO XNIO-1 task-3 org.matsim.core.population.io.ParallelPopulationReaderMatsimV6[168] - Start parallel population reading... 
[2026-05-21 01:42:07.128] INFO XNIO-1 task-3 org.matsim.core.population.PopulationImpl[107] -  person # 1 
[2026-05-21 01:42:07.131] INFO XNIO-1 task-3 org.matsim.core.population.PopulationImpl[107] -  person # 4 
[2026-05-21 01:42:07.133] INFO XNIO-1 task-3 org.matsim.core.population.PopulationImpl[107] -  person # 16 
[2026-05-21 01:42:07.141] INFO XNIO-1 task-3 org.matsim.core.population.PopulationImpl[107] -  person # 64 
[2026-05-21 01:42:07.165] INFO XNIO-1 task-3 org.matsim.core.population.PopulationImpl[107] -  person # 256 
[2026-05-21 01:42:07.266] INFO XNIO-1 task-3 org.matsim.core.population.PopulationImpl[107] -  person # 1024 
[2026-05-21 01:42:07.725] INFO XNIO-1 task-3 org.matsim.core.population.PopulationImpl[107] -  person # 4096 
[2026-05-21 01:42:09.896] INFO XNIO-1 task-3 org.matsim.core.population.PopulationImpl[107] -  person # 16384 
[2026-05-21 01:42:20.973] INFO XNIO-1 task-3 org.matsim.core.population.PopulationImpl[107] -  person # 65536 
[2026-05-21 01:42:50.558] INFO XNIO-1 task-3 org.matsim.core.population.io.ParallelPopulationReaderMatsimV6[238] - Finished parallel population reading... 
[2026-05-21 01:42:50.559] INFO XNIO-1 task-3 org.matsim.core.population.PopulationUtils[1122] -  person # 199488 
[2026-05-21 01:42:50.559] INFO XNIO-1 task-3 org.matsim.core.scenario.ScenarioLoaderImpl[244] - no person-attributes file set in config, not loading any person attributes 
[2026-05-21 01:42:50.560] INFO XNIO-1 task-3 org.matsim.core.scenario.ScenarioLoaderImpl[258] - no households file set in config, not loading households 
[2026-05-21 01:42:50.564] INFO XNIO-1 task-3 org.matsim.core.utils.io.MatsimXmlParser[170] - starting to parse xml from url file:/Volumes/USB%20DISK/pt_data/广州市/广州市抽样模型/output/output_transitSchedule.xml.gz ... 
[2026-05-21 01:42:50.567] INFO XNIO-1 task-3 org.matsim.core.utils.io.MatsimXmlParser[296] - Trying to load http://www.matsim.org/files/dtd/transitSchedule_v2.dtd. In some cases (e.g. network interface up but no connection), this may take a bit. 
[2026-05-21 01:42:54.572] INFO XNIO-1 task-3 org.matsim.core.scenario.ScenarioLoaderImpl[329] - loading transit vehicles from /Volumes/USB DISK/pt_data/广州市/广州市抽样模型/output/output_transitVehicles.xml.gz 
[2026-05-21 01:42:54.576] INFO XNIO-1 task-3 org.matsim.core.utils.io.MatsimXmlParser[170] - starting to parse xml from url file:/Volumes/USB%20DISK/pt_data/广州市/广州市抽样模型/output/output_transitVehicles.xml.gz ... 
[2026-05-21 01:42:54.608] INFO XNIO-1 task-3 org.matsim.core.utils.io.MatsimXmlParser[296] - Trying to load http://www.matsim.org/files/dtd/vehicleDefinitions_v2.0.xsd. In some cases (e.g. network interface up but no connection), this may take a bit. 
[2026-05-21 01:42:54.862] INFO XNIO-1 task-3 org.matsim.core.utils.io.MatsimXmlParser[296] - Trying to load http://www.matsim.org/files/dtd/matsimCommon.xsd. In some cases (e.g. network interface up but no connection), this may take a bit. 
[2026-05-21 01:42:55.080] INFO XNIO-1 task-3 org.matsim.core.utils.io.MatsimXmlParser[296] - Trying to load http://www.matsim.org/files/dtd/vehicleDefinitionsEnumTypes.xsd. In some cases (e.g. network interface up but no connection), this may take a bit. 
[2026-05-21 01:42:55.527] INFO XNIO-1 task-3 org.matsim.vehicles.MatsimVehicleReader[77] - Found following schemaLocation in vehicle definition file: http://www.matsim.org/files/dtd http://www.matsim.org/files/dtd/vehicleDefinitions_v2.0.xsd 
[2026-05-21 01:42:55.528] INFO XNIO-1 task-3 org.matsim.vehicles.VehicleReaderV2[24] - Using org.matsim.vehicles.VehicleReaderV2 
[2026-05-21 01:42:55.536] INFO XNIO-1 task-3 org.matsim.core.utils.misc.Counter[70] - [VehiclesImpl] added vehicle # 1 
[2026-05-21 01:42:55.536] INFO XNIO-1 task-3 org.matsim.core.utils.misc.Counter[70] - [VehiclesImpl] added vehicle # 2 
[2026-05-21 01:42:55.536] INFO XNIO-1 task-3 org.matsim.core.utils.misc.Counter[70] - [VehiclesImpl] added vehicle # 4 
[2026-05-21 01:42:55.537] INFO XNIO-1 task-3 org.matsim.core.utils.misc.Counter[70] - [VehiclesImpl] added vehicle # 8 
[2026-05-21 01:42:55.537] INFO XNIO-1 task-3 org.matsim.core.utils.misc.Counter[70] - [VehiclesImpl] added vehicle # 16 
[2026-05-21 01:42:55.537] INFO XNIO-1 task-3 org.matsim.core.utils.misc.Counter[70] - [VehiclesImpl] added vehicle # 32 
[2026-05-21 01:42:55.538] INFO XNIO-1 task-3 org.matsim.core.utils.misc.Counter[70] - [VehiclesImpl] added vehicle # 64 
[2026-05-21 01:42:55.540] INFO XNIO-1 task-3 org.matsim.core.utils.misc.Counter[70] - [VehiclesImpl] added vehicle # 128 
[2026-05-21 01:42:55.541] INFO XNIO-1 task-3 org.matsim.core.utils.misc.Counter[70] - [VehiclesImpl] added vehicle # 256 
[2026-05-21 01:42:55.543] INFO XNIO-1 task-3 org.matsim.core.utils.misc.Counter[70] - [VehiclesImpl] added vehicle # 512 
[2026-05-21 01:42:55.546] INFO XNIO-1 task-3 org.matsim.core.utils.misc.Counter[70] - [VehiclesImpl] added vehicle # 1024 
[2026-05-21 01:42:55.550] INFO XNIO-1 task-3 org.matsim.core.utils.misc.Counter[70] - [VehiclesImpl] added vehicle # 2048 
[2026-05-21 01:42:55.555] INFO XNIO-1 task-3 org.matsim.core.utils.misc.Counter[70] - [VehiclesImpl] added vehicle # 4096 
[2026-05-21 01:42:55.565] INFO XNIO-1 task-3 org.matsim.core.utils.misc.Counter[70] - [VehiclesImpl] added vehicle # 8192 
[2026-05-21 01:42:55.583] INFO XNIO-1 task-3 org.matsim.core.utils.misc.Counter[70] - [VehiclesImpl] added vehicle # 16384 
[2026-05-21 01:42:55.618] INFO XNIO-1 task-3 org.matsim.core.utils.misc.Counter[70] - [VehiclesImpl] added vehicle # 32768 
[2026-05-21 01:42:55.686] INFO XNIO-1 task-3 org.matsim.core.utils.misc.Counter[70] - [VehiclesImpl] added vehicle # 65536 
[2026-05-21 01:42:55.822] INFO XNIO-1 task-3 org.matsim.core.utils.misc.Counter[70] - [VehiclesImpl] added vehicle # 131072 
[2026-05-21 01:42:55.860] INFO XNIO-1 task-3 org.matsim.core.scenario.ScenarioLoaderImpl[339] - loading vehicles from /Volumes/USB DISK/pt_data/广州市/广州市抽样模型/output/output_vehicles.xml.gz 
[2026-05-21 01:42:55.860] INFO XNIO-1 task-3 org.matsim.core.utils.io.MatsimXmlParser[170] - starting to parse xml from url file:/Volumes/USB DISK/pt_data/广州市/广州市抽样模型/output/output_vehicles.xml.gz ... 
[2026-05-21 01:42:55.865] INFO XNIO-1 task-3 org.matsim.core.utils.io.MatsimXmlParser[296] - Trying to load http://www.matsim.org/files/dtd/vehicleDefinitions_v2.0.xsd. In some cases (e.g. network interface up but no connection), this may take a bit. 
[2026-05-21 01:42:56.101] INFO XNIO-1 task-3 org.matsim.core.utils.io.MatsimXmlParser[296] - Trying to load http://www.matsim.org/files/dtd/matsimCommon.xsd. In some cases (e.g. network interface up but no connection), this may take a bit. 
[2026-05-21 01:42:56.543] INFO XNIO-1 task-3 org.matsim.core.utils.io.MatsimXmlParser[296] - Trying to load http://www.matsim.org/files/dtd/vehicleDefinitionsEnumTypes.xsd. In some cases (e.g. network interface up but no connection), this may take a bit. 
[2026-05-21 01:42:56.760] INFO XNIO-1 task-3 org.matsim.vehicles.MatsimVehicleReader[77] - Found following schemaLocation in vehicle definition file: http://www.matsim.org/files/dtd http://www.matsim.org/files/dtd/vehicleDefinitions_v2.0.xsd 
[2026-05-21 01:42:56.761] INFO XNIO-1 task-3 org.matsim.vehicles.VehicleReaderV2[24] - Using org.matsim.vehicles.VehicleReaderV2 
[2026-05-21 01:42:56.762] INFO XNIO-1 task-3 org.matsim.core.utils.misc.Counter[70] - [VehiclesImpl] added vehicle # 1 
[2026-05-21 01:42:56.762] INFO XNIO-1 task-3 org.matsim.core.utils.misc.Counter[70] - [VehiclesImpl] added vehicle # 2 
[2026-05-21 01:42:56.763] INFO XNIO-1 task-3 org.matsim.core.utils.misc.Counter[70] - [VehiclesImpl] added vehicle # 4 
[2026-05-21 01:42:56.763] INFO XNIO-1 task-3 org.matsim.core.utils.misc.Counter[70] - [VehiclesImpl] added vehicle # 8 
[2026-05-21 01:42:56.763] INFO XNIO-1 task-3 org.matsim.core.utils.misc.Counter[70] - [VehiclesImpl] added vehicle # 16 
[2026-05-21 01:42:56.763] INFO XNIO-1 task-3 org.matsim.core.utils.misc.Counter[70] - [VehiclesImpl] added vehicle # 32 
[2026-05-21 01:42:56.763] INFO XNIO-1 task-3 org.matsim.core.utils.misc.Counter[70] - [VehiclesImpl] added vehicle # 64 
[2026-05-21 01:42:56.763] INFO XNIO-1 task-3 org.matsim.core.utils.misc.Counter[70] - [VehiclesImpl] added vehicle # 128 
[2026-05-21 01:42:56.764] INFO XNIO-1 task-3 org.matsim.core.utils.misc.Counter[70] - [VehiclesImpl] added vehicle # 256 
[2026-05-21 01:42:56.765] INFO XNIO-1 task-3 org.matsim.core.utils.misc.Counter[70] - [VehiclesImpl] added vehicle # 512 
[2026-05-21 01:42:56.766] INFO XNIO-1 task-3 org.matsim.core.utils.misc.Counter[70] - [VehiclesImpl] added vehicle # 1024 
[2026-05-21 01:42:56.768] INFO XNIO-1 task-3 org.matsim.core.utils.misc.Counter[70] - [VehiclesImpl] added vehicle # 2048 
[2026-05-21 01:42:56.772] INFO XNIO-1 task-3 org.matsim.core.utils.misc.Counter[70] - [VehiclesImpl] added vehicle # 4096 
[2026-05-21 01:42:56.781] INFO XNIO-1 task-3 org.matsim.core.utils.misc.Counter[70] - [VehiclesImpl] added vehicle # 8192 
[2026-05-21 01:42:56.798] INFO XNIO-1 task-3 org.matsim.core.utils.misc.Counter[70] - [VehiclesImpl] added vehicle # 16384 
[2026-05-21 01:42:56.835] INFO XNIO-1 task-3 org.matsim.core.utils.misc.Counter[70] - [VehiclesImpl] added vehicle # 32768 
[2026-05-21 01:42:56.907] INFO XNIO-1 task-3 org.matsim.core.utils.misc.Counter[70] - [VehiclesImpl] added vehicle # 65536 
[2026-05-21 01:42:57.050] INFO XNIO-1 task-3 org.matsim.core.utils.misc.Counter[70] - [VehiclesImpl] added vehicle # 131072 
[2026-05-21 01:42:57.358] INFO XNIO-1 task-3 org.matsim.core.utils.misc.Counter[70] - [VehiclesImpl] added vehicle # 262144 
[2026-05-21 01:42:57.908] INFO XNIO-1 task-3 org.matsim.core.utils.io.IOUtils[224] - Resolved /Volumes/USB DISK/pt_data/广州市/广州市抽样模型/output/output_events.xml.gz to /Volumes/USB DISK/pt_data/广州市/广州市抽样模型/output/output_events.xml.gz 
[2026-05-21 01:42:57.910] INFO XNIO-1 task-3 com.jts.gjcxfzksh.data.read.EventReader[92] - 开始解析：/Volumes/USB DISK/pt_data/广州市/广州市抽样模型/output/output_events.xml.gz 
[2026-05-21 01:42:57.910] INFO XNIO-1 task-3 com.jts.gjcxfzksh.data.read.EventReader[106] -  event # 1 
[2026-05-21 01:42:57.911] INFO XNIO-1 task-3 com.jts.gjcxfzksh.data.read.EventReader[106] -  event # 4 
[2026-05-21 01:42:57.912] INFO XNIO-1 task-3 com.jts.gjcxfzksh.data.read.EventReader[106] -  event # 16 
[2026-05-21 01:42:57.912] INFO XNIO-1 task-3 com.jts.gjcxfzksh.data.read.EventReader[106] -  event # 64 
[2026-05-21 01:42:57.913] INFO XNIO-1 task-3 com.jts.gjcxfzksh.data.read.EventReader[106] -  event # 256 
[2026-05-21 01:42:57.916] INFO XNIO-1 task-3 com.jts.gjcxfzksh.data.read.EventReader[106] -  event # 1024 
[2026-05-21 01:42:57.922] INFO XNIO-1 task-3 com.jts.gjcxfzksh.data.read.EventReader[106] -  event # 4096 
[2026-05-21 01:42:57.943] INFO XNIO-1 task-3 com.jts.gjcxfzksh.data.read.EventReader[106] -  event # 16384 
[2026-05-21 01:42:58.024] INFO XNIO-1 task-3 com.jts.gjcxfzksh.data.read.EventReader[106] -  event # 65536 
[2026-05-21 01:42:58.416] INFO XNIO-1 task-3 com.jts.gjcxfzksh.data.read.EventReader[106] -  event # 262144 
[2026-05-21 01:42:59.779] INFO XNIO-1 task-3 com.jts.gjcxfzksh.data.read.EventReader[106] -  event # 1048576 
[2026-05-21 01:43:06.867] INFO XNIO-1 task-3 com.jts.gjcxfzksh.data.read.EventReader[106] -  event # 4194304 
[2026-05-21 01:43:38.141] INFO XNIO-1 task-3 com.jts.gjcxfzksh.data.read.EventReader[106] -  event # 16777216 
[2026-05-21 01:43:41.743] INFO XNIO-1 task-4 com.jts.gjcxfzksh.api.service.impl.SchemeServiceImpl[52] - [广州市/广州市抽样模型]正在加载中，等待加载完成 
[2026-05-21 01:45:04.479] INFO XNIO-1 task-3 com.jts.gjcxfzksh.data.read.EventReader[106] -  event # 67108864 
[2026-05-21 01:47:27.594] INFO XNIO-1 task-3 com.jts.gjcxfzksh.data.read.EventReader[98] - 完成解析，耗时 269683ms 
[2026-05-21 01:47:27.596] INFO XNIO-1 task-3 com.jts.gjcxfzksh.data.read.EventReader[86] - 解析耗时:269690ms 
[2026-05-21 01:47:27.948] INFO XNIO-1 task-3 com.jts.gjcxfzksh.data.Datasource[97] - 加载[广州市/广州市抽样模型]耗时: 331142ms 
[2026-05-21 01:47:54.307] INFO XNIO-1 task-2 com.jts.gjcxfzksh.api.service.impl.NetworkServiceImpl[120] - 读取 link 流量 1015617 条: /Volumes/USB DISK/pt_data/广州市/广州市抽样模型/output/output_links.csv.gz 
[2026-05-21 02:00:00.022] INFO scheduling-1 com.jts.gjcxfzksh.task.RemoveLoadTask[37] - 执行定时清理任务... 
[2026-05-21 02:59:59.697] INFO scheduling-1 com.jts.gjcxfzksh.task.RemoveLoadTask[37] - 执行定时清理任务... 
[2026-05-21 03:59:59.895] INFO scheduling-1 com.jts.gjcxfzksh.task.RemoveLoadTask[37] - 执行定时清理任务... 
[2026-05-21 05:00:00.112] INFO scheduling-1 com.jts.gjcxfzksh.task.RemoveLoadTask[37] - 执行定时清理任务... 
[2026-05-21 06:00:00.613] INFO scheduling-1 com.jts.gjcxfzksh.task.RemoveLoadTask[37] - 执行定时清理任务... 
[2026-05-21 07:00:00.205] INFO scheduling-1 com.jts.gjcxfzksh.task.RemoveLoadTask[37] - 执行定时清理任务... 
[2026-05-21 08:10:22.418] INFO scheduling-1 com.jts.gjcxfzksh.task.RemoveLoadTask[37] - 执行定时清理任务... 
[2026-05-21 09:37:34.592] INFO scheduling-1 com.jts.gjcxfzksh.task.RemoveLoadTask[37] - 执行定时清理任务... 
[2026-05-21 09:59:59.581] INFO scheduling-1 com.jts.gjcxfzksh.task.RemoveLoadTask[37] - 执行定时清理任务... 
[2026-05-21 10:22:36.182] ERROR XNIO-1 task-3 com.jts.gjcxfzksh.exception.handler.GlobalExceptionHandler[63] - 请求地址'/pt/network/tile',发生系统异常. 
org.springframework.web.context.request.async.AsyncRequestNotUsableException: ServletOutputStream failed to write: Broken pipe
	at org.springframework.web.context.request.async.StandardServletAsyncWebRequest$LifecycleHttpServletResponse.handleIOException(StandardServletAsyncWebRequest.java:320) ~[spring-web-6.1.10.jar:6.1.10]
	at org.springframework.web.context.request.async.StandardServletAsyncWebRequest$LifecycleServletOutputStream.write(StandardServletAsyncWebRequest.java:378) ~[spring-web-6.1.10.jar:6.1.10]
	at org.springframework.util.StreamUtils$NonClosingOutputStream.write(StreamUtils.java:261) ~[spring-core-6.1.10.jar:6.1.10]
	at com.fasterxml.jackson.core.json.UTF8JsonGenerator._flushBuffer(UTF8JsonGenerator.java:2210) ~[jackson-core-2.17.1.jar:2.17.1]
	at com.fasterxml.jackson.core.json.UTF8JsonGenerator.writeRaw(UTF8JsonGenerator.java:764) ~[jackson-core-2.17.1.jar:2.17.1]
	at com.fasterxml.jackson.core.json.UTF8JsonGenerator.writeRaw(UTF8JsonGenerator.java:674) ~[jackson-core-2.17.1.jar:2.17.1]
	at com.fasterxml.jackson.core.json.UTF8JsonGenerator.writeNumber(UTF8JsonGenerator.java:1065) ~[jackson-core-2.17.1.jar:2.17.1]
	at com.fasterxml.jackson.databind.ser.std.NumberSerializers$FloatSerializer.serialize(NumberSerializers.java:214) ~[jackson-databind-2.17.1.jar:2.17.1]
	at com.fasterxml.jackson.databind.ser.BeanPropertyWriter.serializeAsField(BeanPropertyWriter.java:732) ~[jackson-databind-2.17.1.jar:2.17.1]
	at com.fasterxml.jackson.databind.ser.std.BeanSerializerBase.serializeFields(BeanSerializerBase.java:770) ~[jackson-databind-2.17.1.jar:2.17.1]
	at com.fasterxml.jackson.databind.ser.BeanSerializer.serialize(BeanSerializer.java:183) ~[jackson-databind-2.17.1.jar:2.17.1]
	at com.fasterxml.jackson.databind.ser.BeanPropertyWriter.serializeAsField(BeanPropertyWriter.java:732) ~[jackson-databind-2.17.1.jar:2.17.1]
	at com.fasterxml.jackson.databind.ser.std.BeanSerializerBase.serializeFields(BeanSerializerBase.java:770) ~[jackson-databind-2.17.1.jar:2.17.1]
	at com.fasterxml.jackson.databind.ser.BeanSerializer.serialize(BeanSerializer.java:183) ~[jackson-databind-2.17.1.jar:2.17.1]
	at com.fasterxml.jackson.databind.ser.impl.IndexedListSerializer.serializeContents(IndexedListSerializer.java:119) ~[jackson-databind-2.17.1.jar:2.17.1]
	at com.fasterxml.jackson.databind.ser.impl.IndexedListSerializer.serialize(IndexedListSerializer.java:79) ~[jackson-databind-2.17.1.jar:2.17.1]
	at com.fasterxml.jackson.databind.ser.impl.IndexedListSerializer.serialize(IndexedListSerializer.java:18) ~[jackson-databind-2.17.1.jar:2.17.1]
	at com.fasterxml.jackson.databind.ser.BeanPropertyWriter.serializeAsField(BeanPropertyWriter.java:732) ~[jackson-databind-2.17.1.jar:2.17.1]
	at com.fasterxml.jackson.databind.ser.std.BeanSerializerBase.serializeFields(BeanSerializerBase.java:770) ~[jackson-databind-2.17.1.jar:2.17.1]
	at com.fasterxml.jackson.databind.ser.BeanSerializer.serialize(BeanSerializer.java:183) ~[jackson-databind-2.17.1.jar:2.17.1]
	at com.fasterxml.jackson.databind.ser.DefaultSerializerProvider._serialize(DefaultSerializerProvider.java:502) ~[jackson-databind-2.17.1.jar:2.17.1]
	at com.fasterxml.jackson.databind.ser.DefaultSerializerProvider.serializeValue(DefaultSerializerProvider.java:341) ~[jackson-databind-2.17.1.jar:2.17.1]
	at com.fasterxml.jackson.databind.ObjectWriter$Prefetch.serialize(ObjectWriter.java:1574) ~[jackson-databind-2.17.1.jar:2.17.1]
	at com.fasterxml.jackson.databind.ObjectWriter.writeValue(ObjectWriter.java:1061) ~[jackson-databind-2.17.1.jar:2.17.1]
	at org.springframework.http.converter.json.AbstractJackson2HttpMessageConverter.writeInternal(AbstractJackson2HttpMessageConverter.java:483) ~[spring-web-6.1.10.jar:6.1.10]
	at org.springframework.http.converter.AbstractGenericHttpMessageConverter.write(AbstractGenericHttpMessageConverter.java:114) ~[spring-web-6.1.10.jar:6.1.10]
	at org.springframework.web.servlet.mvc.method.annotation.AbstractMessageConverterMethodProcessor.writeWithMessageConverters(AbstractMessageConverterMethodProcessor.java:297) ~[spring-webmvc-6.1.10.jar:6.1.10]
	at org.springframework.web.servlet.mvc.method.annotation.RequestResponseBodyMethodProcessor.handleReturnValue(RequestResponseBodyMethodProcessor.java:192) ~[spring-webmvc-6.1.10.jar:6.1.10]
	at org.springframework.web.method.support.HandlerMethodReturnValueHandlerComposite.handleReturnValue(HandlerMethodReturnValueHandlerComposite.java:78) ~[spring-web-6.1.10.jar:6.1.10]
	at org.springframework.web.servlet.mvc.method.annotation.ServletInvocableHandlerMethod.invokeAndHandle(ServletInvocableHandlerMethod.java:136) ~[spring-webmvc-6.1.10.jar:6.1.10]
	at org.springframework.web.servlet.mvc.method.annotation.RequestMappingHandlerAdapter.invokeHandlerMethod(RequestMappingHandlerAdapter.java:926) ~[spring-webmvc-6.1.10.jar:6.1.10]
	at org.springframework.web.servlet.mvc.method.annotation.RequestMappingHandlerAdapter.handleInternal(RequestMappingHandlerAdapter.java:831) ~[spring-webmvc-6.1.10.jar:6.1.10]
	at org.springframework.web.servlet.mvc.method.AbstractHandlerMethodAdapter.handle(AbstractHandlerMethodAdapter.java:87) ~[spring-webmvc-6.1.10.jar:6.1.10]
	at org.springframework.web.servlet.DispatcherServlet.doDispatch(DispatcherServlet.java:1089) ~[spring-webmvc-6.1.10.jar:6.1.10]
	at org.springframework.web.servlet.DispatcherServlet.doService(DispatcherServlet.java:979) ~[spring-webmvc-6.1.10.jar:6.1.10]
	at org.springframework.web.servlet.FrameworkServlet.processRequest(FrameworkServlet.java:1014) ~[spring-webmvc-6.1.10.jar:6.1.10]
	at org.springframework.web.servlet.FrameworkServlet.doPost(FrameworkServlet.java:914) ~[spring-webmvc-6.1.10.jar:6.1.10]
	at jakarta.servlet.http.HttpServlet.service(HttpServlet.java:547) ~[jakarta.servlet-api-6.0.0.jar:6.0.0]
	at org.springframework.web.servlet.FrameworkServlet.service(FrameworkServlet.java:885) ~[spring-webmvc-6.1.10.jar:6.1.10]
	at jakarta.servlet.http.HttpServlet.service(HttpServlet.java:614) ~[jakarta.servlet-api-6.0.0.jar:6.0.0]
	at io.undertow.servlet.handlers.ServletHandler.handleRequest(ServletHandler.java:74) ~[undertow-servlet-2.3.13.Final.jar:2.3.13.Final]
	at io.undertow.servlet.handlers.FilterHandler$FilterChainImpl.doFilter(FilterHandler.java:129) ~[undertow-servlet-2.3.13.Final.jar:2.3.13.Final]
	at org.springframework.web.filter.CorsFilter.doFilterInternal(CorsFilter.java:91) ~[spring-web-6.1.10.jar:6.1.10]
	at org.springframework.web.filter.OncePerRequestFilter.doFilter(OncePerRequestFilter.java:116) ~[spring-web-6.1.10.jar:6.1.10]
	at io.undertow.servlet.core.ManagedFilter.doFilter(ManagedFilter.java:67) ~[undertow-servlet-2.3.13.Final.jar:2.3.13.Final]
	at io.undertow.servlet.handlers.FilterHandler$FilterChainImpl.doFilter(FilterHandler.java:131) ~[undertow-servlet-2.3.13.Final.jar:2.3.13.Final]
	at org.springframework.web.filter.RequestContextFilter.doFilterInternal(RequestContextFilter.java:100) ~[spring-web-6.1.10.jar:6.1.10]
	at org.springframework.web.filter.OncePerRequestFilter.doFilter(OncePerRequestFilter.java:116) ~[spring-web-6.1.10.jar:6.1.10]
	at io.undertow.servlet.core.ManagedFilter.doFilter(ManagedFilter.java:67) ~[undertow-servlet-2.3.13.Final.jar:2.3.13.Final]
	at io.undertow.servlet.handlers.FilterHandler$FilterChainImpl.doFilter(FilterHandler.java:131) ~[undertow-servlet-2.3.13.Final.jar:2.3.13.Final]
	at org.springframework.web.filter.FormContentFilter.doFilterInternal(FormContentFilter.java:93) ~[spring-web-6.1.10.jar:6.1.10]
	at org.springframework.web.filter.OncePerRequestFilter.doFilter(OncePerRequestFilter.java:116) ~[spring-web-6.1.10.jar:6.1.10]
	at io.undertow.servlet.core.ManagedFilter.doFilter(ManagedFilter.java:67) ~[undertow-servlet-2.3.13.Final.jar:2.3.13.Final]
	at io.undertow.servlet.handlers.FilterHandler$FilterChainImpl.doFilter(FilterHandler.java:131) ~[undertow-servlet-2.3.13.Final.jar:2.3.13.Final]
	at org.springframework.web.filter.CharacterEncodingFilter.doFilterInternal(CharacterEncodingFilter.java:201) ~[spring-web-6.1.10.jar:6.1.10]
	at org.springframework.web.filter.OncePerRequestFilter.doFilter(OncePerRequestFilter.java:116) ~[spring-web-6.1.10.jar:6.1.10]
	at io.undertow.servlet.core.ManagedFilter.doFilter(ManagedFilter.java:67) ~[undertow-servlet-2.3.13.Final.jar:2.3.13.Final]
	at io.undertow.servlet.handlers.FilterHandler$FilterChainImpl.doFilter(FilterHandler.java:131) ~[undertow-servlet-2.3.13.Final.jar:2.3.13.Final]
	at io.undertow.servlet.handlers.FilterHandler.handleRequest(FilterHandler.java:84) ~[undertow-servlet-2.3.13.Final.jar:2.3.13.Final]
	at io.undertow.servlet.handlers.security.ServletSecurityRoleHandler.handleRequest(ServletSecurityRoleHandler.java:62) ~[undertow-servlet-2.3.13.Final.jar:2.3.13.Final]
	at io.undertow.servlet.handlers.ServletChain$1.handleRequest(ServletChain.java:68) ~[undertow-servlet-2.3.13.Final.jar:2.3.13.Final]
	at io.undertow.servlet.handlers.ServletDispatchingHandler.handleRequest(ServletDispatchingHandler.java:36) ~[undertow-servlet-2.3.13.Final.jar:2.3.13.Final]
	at io.undertow.servlet.handlers.RedirectDirHandler.handleRequest(RedirectDirHandler.java:68) ~[undertow-servlet-2.3.13.Final.jar:2.3.13.Final]
	at io.undertow.servlet.handlers.security.SSLInformationAssociationHandler.handleRequest(SSLInformationAssociationHandler.java:117) ~[undertow-servlet-2.3.13.Final.jar:2.3.13.Final]
	at io.undertow.servlet.handlers.security.ServletAuthenticationCallHandler.handleRequest(ServletAuthenticationCallHandler.java:57) ~[undertow-servlet-2.3.13.Final.jar:2.3.13.Final]
	at io.undertow.server.handlers.PredicateHandler.handleRequest(PredicateHandler.java:43) ~[undertow-core-2.3.13.Final.jar:2.3.13.Final]
	at io.undertow.security.handlers.AbstractConfidentialityHandler.handleRequest(AbstractConfidentialityHandler.java:46) ~[undertow-core-2.3.13.Final.jar:2.3.13.Final]
	at io.undertow.servlet.handlers.security.ServletConfidentialityConstraintHandler.handleRequest(ServletConfidentialityConstraintHandler.java:64) ~[undertow-servlet-2.3.13.Final.jar:2.3.13.Final]
	at io.undertow.security.handlers.AuthenticationMechanismsHandler.handleRequest(AuthenticationMechanismsHandler.java:60) ~[undertow-core-2.3.13.Final.jar:2.3.13.Final]
	at io.undertow.servlet.handlers.security.CachedAuthenticatedSessionHandler.handleRequest(CachedAuthenticatedSessionHandler.java:77) ~[undertow-servlet-2.3.13.Final.jar:2.3.13.Final]
	at io.undertow.security.handlers.AbstractSecurityContextAssociationHandler.handleRequest(AbstractSecurityContextAssociationHandler.java:43) ~[undertow-core-2.3.13.Final.jar:2.3.13.Final]
	at io.undertow.server.handlers.PredicateHandler.handleRequest(PredicateHandler.java:43) ~[undertow-core-2.3.13.Final.jar:2.3.13.Final]
	at io.undertow.servlet.handlers.SendErrorPageHandler.handleRequest(SendErrorPageHandler.java:52) ~[undertow-servlet-2.3.13.Final.jar:2.3.13.Final]
	at io.undertow.server.handlers.PredicateHandler.handleRequest(PredicateHandler.java:43) ~[undertow-core-2.3.13.Final.jar:2.3.13.Final]
	at io.undertow.servlet.handlers.ServletInitialHandler.handleFirstRequest(ServletInitialHandler.java:276) ~[undertow-servlet-2.3.13.Final.jar:2.3.13.Final]
	at io.undertow.servlet.handlers.ServletInitialHandler$2.call(ServletInitialHandler.java:135) ~[undertow-servlet-2.3.13.Final.jar:2.3.13.Final]
	at io.undertow.servlet.handlers.ServletInitialHandler$2.call(ServletInitialHandler.java:132) ~[undertow-servlet-2.3.13.Final.jar:2.3.13.Final]
	at io.undertow.servlet.core.ServletRequestContextThreadSetupAction$1.call(ServletRequestContextThreadSetupAction.java:48) ~[undertow-servlet-2.3.13.Final.jar:2.3.13.Final]
	at io.undertow.servlet.core.ContextClassLoaderSetupAction$1.call(ContextClassLoaderSetupAction.java:43) ~[undertow-servlet-2.3.13.Final.jar:2.3.13.Final]
	at io.undertow.servlet.handlers.ServletInitialHandler.dispatchRequest(ServletInitialHandler.java:256) ~[undertow-servlet-2.3.13.Final.jar:2.3.13.Final]
	at io.undertow.servlet.handlers.ServletInitialHandler$1.handleRequest(ServletInitialHandler.java:101) ~[undertow-servlet-2.3.13.Final.jar:2.3.13.Final]
	at io.undertow.server.Connectors.executeRootHandler(Connectors.java:393) ~[undertow-core-2.3.13.Final.jar:2.3.13.Final]
	at io.undertow.server.HttpServerExchange$1.run(HttpServerExchange.java:859) ~[undertow-core-2.3.13.Final.jar:2.3.13.Final]
	at org.jboss.threads.ContextHandler$1.runWith(ContextHandler.java:18) ~[jboss-threads-3.5.0.Final.jar:3.5.0.Final]
	at org.jboss.threads.EnhancedQueueExecutor$Task.run(EnhancedQueueExecutor.java:2513) ~[jboss-threads-3.5.0.Final.jar:3.5.0.Final]
	at org.jboss.threads.EnhancedQueueExecutor$ThreadBody.run(EnhancedQueueExecutor.java:1538) ~[jboss-threads-3.5.0.Final.jar:3.5.0.Final]
	at org.xnio.XnioWorker$WorkerThreadFactory$1$1.run(XnioWorker.java:1282) ~[xnio-api-3.8.8.Final.jar:3.8.8.Final]
	at java.base/java.lang.Thread.run(Thread.java:1583) [?:?]
	Suppressed: org.springframework.web.context.request.async.AsyncRequestNotUsableException: Response not usable after response errors.
		at org.springframework.web.context.request.async.StandardServletAsyncWebRequest$LifecycleHttpServletResponse.obtainLockAndCheckState(StandardServletAsyncWebRequest.java:314) ~[spring-web-6.1.10.jar:6.1.10]
		at org.springframework.web.context.request.async.StandardServletAsyncWebRequest$LifecycleServletOutputStream.write(StandardServletAsyncWebRequest.java:373) ~[spring-web-6.1.10.jar:6.1.10]
		at org.springframework.util.StreamUtils$NonClosingOutputStream.write(StreamUtils.java:261) ~[spring-core-6.1.10.jar:6.1.10]
		at com.fasterxml.jackson.core.json.UTF8JsonGenerator._flushBuffer(UTF8JsonGenerator.java:2210) ~[jackson-core-2.17.1.jar:2.17.1]
		at com.fasterxml.jackson.core.json.UTF8JsonGenerator.close(UTF8JsonGenerator.java:1234) ~[jackson-core-2.17.1.jar:2.17.1]
		at org.springframework.http.converter.json.AbstractJackson2HttpMessageConverter.writeInternal(AbstractJackson2HttpMessageConverter.java:452) ~[spring-web-6.1.10.jar:6.1.10]
		at org.springframework.http.converter.AbstractGenericHttpMessageConverter.write(AbstractGenericHttpMessageConverter.java:114) ~[spring-web-6.1.10.jar:6.1.10]
		at org.springframework.web.servlet.mvc.method.annotation.AbstractMessageConverterMethodProcessor.writeWithMessageConverters(AbstractMessageConverterMethodProcessor.java:297) ~[spring-webmvc-6.1.10.jar:6.1.10]
		at org.springframework.web.servlet.mvc.method.annotation.RequestResponseBodyMethodProcessor.handleReturnValue(RequestResponseBodyMethodProcessor.java:192) ~[spring-webmvc-6.1.10.jar:6.1.10]
		at org.springframework.web.method.support.HandlerMethodReturnValueHandlerComposite.handleReturnValue(HandlerMethodReturnValueHandlerComposite.java:78) ~[spring-web-6.1.10.jar:6.1.10]
		at org.springframework.web.servlet.mvc.method.annotation.ServletInvocableHandlerMethod.invokeAndHandle(ServletInvocableHandlerMethod.java:136) ~[spring-webmvc-6.1.10.jar:6.1.10]
		at org.springframework.web.servlet.mvc.method.annotation.RequestMappingHandlerAdapter.invokeHandlerMethod(RequestMappingHandlerAdapter.java:926) ~[spring-webmvc-6.1.10.jar:6.1.10]
		at org.springframework.web.servlet.mvc.method.annotation.RequestMappingHandlerAdapter.handleInternal(RequestMappingHandlerAdapter.java:831) ~[spring-webmvc-6.1.10.jar:6.1.10]
		at org.springframework.web.servlet.mvc.method.AbstractHandlerMethodAdapter.handle(AbstractHandlerMethodAdapter.java:87) ~[spring-webmvc-6.1.10.jar:6.1.10]
		at org.springframework.web.servlet.DispatcherServlet.doDispatch(DispatcherServlet.java:1089) ~[spring-webmvc-6.1.10.jar:6.1.10]
		at org.springframework.web.servlet.DispatcherServlet.doService(DispatcherServlet.java:979) ~[spring-webmvc-6.1.10.jar:6.1.10]
		at org.springframework.web.servlet.FrameworkServlet.processRequest(FrameworkServlet.java:1014) ~[spring-webmvc-6.1.10.jar:6.1.10]
		at org.springframework.web.servlet.FrameworkServlet.doPost(FrameworkServlet.java:914) ~[spring-webmvc-6.1.10.jar:6.1.10]
		at jakarta.servlet.http.HttpServlet.service(HttpServlet.java:547) ~[jakarta.servlet-api-6.0.0.jar:6.0.0]
		at org.springframework.web.servlet.FrameworkServlet.service(FrameworkServlet.java:885) ~[spring-webmvc-6.1.10.jar:6.1.10]
		at jakarta.servlet.http.HttpServlet.service(HttpServlet.java:614) ~[jakarta.servlet-api-6.0.0.jar:6.0.0]
		at io.undertow.servlet.handlers.ServletHandler.handleRequest(ServletHandler.java:74) ~[undertow-servlet-2.3.13.Final.jar:2.3.13.Final]
		at io.undertow.servlet.handlers.FilterHandler$FilterChainImpl.doFilter(FilterHandler.java:129) ~[undertow-servlet-2.3.13.Final.jar:2.3.13.Final]
		at org.springframework.web.filter.CorsFilter.doFilterInternal(CorsFilter.java:91) ~[spring-web-6.1.10.jar:6.1.10]
		at org.springframework.web.filter.OncePerRequestFilter.doFilter(OncePerRequestFilter.java:116) ~[spring-web-6.1.10.jar:6.1.10]
		at io.undertow.servlet.core.ManagedFilter.doFilter(ManagedFilter.java:67) ~[undertow-servlet-2.3.13.Final.jar:2.3.13.Final]
		at io.undertow.servlet.handlers.FilterHandler$FilterChainImpl.doFilter(FilterHandler.java:131) ~[undertow-servlet-2.3.13.Final.jar:2.3.13.Final]
		at org.springframework.web.filter.RequestContextFilter.doFilterInternal(RequestContextFilter.java:100) ~[spring-web-6.1.10.jar:6.1.10]
		at org.springframework.web.filter.OncePerRequestFilter.doFilter(OncePerRequestFilter.java:116) ~[spring-web-6.1.10.jar:6.1.10]
		at io.undertow.servlet.core.ManagedFilter.doFilter(ManagedFilter.java:67) ~[undertow-servlet-2.3.13.Final.jar:2.3.13.Final]
		at io.undertow.servlet.handlers.FilterHandler$FilterChainImpl.doFilter(FilterHandler.java:131) ~[undertow-servlet-2.3.13.Final.jar:2.3.13.Final]
		at org.springframework.web.filter.FormContentFilter.doFilterInternal(FormContentFilter.java:93) ~[spring-web-6.1.10.jar:6.1.10]
		at org.springframework.web.filter.OncePerRequestFilter.doFilter(OncePerRequestFilter.java:116) ~[spring-web-6.1.10.jar:6.1.10]
		at io.undertow.servlet.core.ManagedFilter.doFilter(ManagedFilter.java:67) ~[undertow-servlet-2.3.13.Final.jar:2.3.13.Final]
		at io.undertow.servlet.handlers.FilterHandler$FilterChainImpl.doFilter(FilterHandler.java:131) ~[undertow-servlet-2.3.13.Final.jar:2.3.13.Final]
		at org.springframework.web.filter.CharacterEncodingFilter.doFilterInternal(CharacterEncodingFilter.java:201) ~[spring-web-6.1.10.jar:6.1.10]
		at org.springframework.web.filter.OncePerRequestFilter.doFilter(OncePerRequestFilter.java:116) ~[spring-web-6.1.10.jar:6.1.10]
		at io.undertow.servlet.core.ManagedFilter.doFilter(ManagedFilter.java:67) ~[undertow-servlet-2.3.13.Final.jar:2.3.13.Final]
		at io.undertow.servlet.handlers.FilterHandler$FilterChainImpl.doFilter(FilterHandler.java:131) ~[undertow-servlet-2.3.13.Final.jar:2.3.13.Final]
		at io.undertow.servlet.handlers.FilterHandler.handleRequest(FilterHandler.java:84) ~[undertow-servlet-2.3.13.Final.jar:2.3.13.Final]
		at io.undertow.servlet.handlers.security.ServletSecurityRoleHandler.handleRequest(ServletSecurityRoleHandler.java:62) ~[undertow-servlet-2.3.13.Final.jar:2.3.13.Final]
		at io.undertow.servlet.handlers.ServletChain$1.handleRequest(ServletChain.java:68) ~[undertow-servlet-2.3.13.Final.jar:2.3.13.Final]
		at io.undertow.servlet.handlers.ServletDispatchingHandler.handleRequest(ServletDispatchingHandler.java:36) ~[undertow-servlet-2.3.13.Final.jar:2.3.13.Final]
		at io.undertow.servlet.handlers.RedirectDirHandler.handleRequest(RedirectDirHandler.java:68) ~[undertow-servlet-2.3.13.Final.jar:2.3.13.Final]
		at io.undertow.servlet.handlers.security.SSLInformationAssociationHandler.handleRequest(SSLInformationAssociationHandler.java:117) ~[undertow-servlet-2.3.13.Final.jar:2.3.13.Final]
		at io.undertow.servlet.handlers.security.ServletAuthenticationCallHandler.handleRequest(ServletAuthenticationCallHandler.java:57) ~[undertow-servlet-2.3.13.Final.jar:2.3.13.Final]
		at io.undertow.server.handlers.PredicateHandler.handleRequest(PredicateHandler.java:43) ~[undertow-core-2.3.13.Final.jar:2.3.13.Final]
		at io.undertow.security.handlers.AbstractConfidentialityHandler.handleRequest(AbstractConfidentialityHandler.java:46) ~[undertow-core-2.3.13.Final.jar:2.3.13.Final]
		at io.undertow.servlet.handlers.security.ServletConfidentialityConstraintHandler.handleRequest(ServletConfidentialityConstraintHandler.java:64) ~[undertow-servlet-2.3.13.Final.jar:2.3.13.Final]
		at io.undertow.security.handlers.AuthenticationMechanismsHandler.handleRequest(AuthenticationMechanismsHandler.java:60) ~[undertow-core-2.3.13.Final.jar:2.3.13.Final]
		at io.undertow.servlet.handlers.security.CachedAuthenticatedSessionHandler.handleRequest(CachedAuthenticatedSessionHandler.java:77) ~[undertow-servlet-2.3.13.Final.jar:2.3.13.Final]
		at io.undertow.security.handlers.AbstractSecurityContextAssociationHandler.handleRequest(AbstractSecurityContextAssociationHandler.java:43) ~[undertow-core-2.3.13.Final.jar:2.3.13.Final]
		at io.undertow.server.handlers.PredicateHandler.handleRequest(PredicateHandler.java:43) ~[undertow-core-2.3.13.Final.jar:2.3.13.Final]
		at io.undertow.servlet.handlers.SendErrorPageHandler.handleRequest(SendErrorPageHandler.java:52) ~[undertow-servlet-2.3.13.Final.jar:2.3.13.Final]
		at io.undertow.server.handlers.PredicateHandler.handleRequest(PredicateHandler.java:43) ~[undertow-core-2.3.13.Final.jar:2.3.13.Final]
		at io.undertow.servlet.handlers.ServletInitialHandler.handleFirstRequest(ServletInitialHandler.java:276) ~[undertow-servlet-2.3.13.Final.jar:2.3.13.Final]
		at io.undertow.servlet.handlers.ServletInitialHandler$2.call(ServletInitialHandler.java:135) ~[undertow-servlet-2.3.13.Final.jar:2.3.13.Final]
		at io.undertow.servlet.handlers.ServletInitialHandler$2.call(ServletInitialHandler.java:132) ~[undertow-servlet-2.3.13.Final.jar:2.3.13.Final]
		at io.undertow.servlet.core.ServletRequestContextThreadSetupAction$1.call(ServletRequestContextThreadSetupAction.java:48) ~[undertow-servlet-2.3.13.Final.jar:2.3.13.Final]
		at io.undertow.servlet.core.ContextClassLoaderSetupAction$1.call(ContextClassLoaderSetupAction.java:43) ~[undertow-servlet-2.3.13.Final.jar:2.3.13.Final]
		at io.undertow.servlet.handlers.ServletInitialHandler.dispatchRequest(ServletInitialHandler.java:256) ~[undertow-servlet-2.3.13.Final.jar:2.3.13.Final]
		at io.undertow.servlet.handlers.ServletInitialHandler$1.handleRequest(ServletInitialHandler.java:101) ~[undertow-servlet-2.3.13.Final.jar:2.3.13.Final]
		at io.undertow.server.Connectors.executeRootHandler(Connectors.java:393) ~[undertow-core-2.3.13.Final.jar:2.3.13.Final]
		at io.undertow.server.HttpServerExchange$1.run(HttpServerExchange.java:859) ~[undertow-core-2.3.13.Final.jar:2.3.13.Final]
		at org.jboss.threads.ContextHandler$1.runWith(ContextHandler.java:18) ~[jboss-threads-3.5.0.Final.jar:3.5.0.Final]
		at org.jboss.threads.EnhancedQueueExecutor$Task.run(EnhancedQueueExecutor.java:2513) ~[jboss-threads-3.5.0.Final.jar:3.5.0.Final]
		at org.jboss.threads.EnhancedQueueExecutor$ThreadBody.run(EnhancedQueueExecutor.java:1538) ~[jboss-threads-3.5.0.Final.jar:3.5.0.Final]
		at org.xnio.XnioWorker$WorkerThreadFactory$1$1.run(XnioWorker.java:1282) ~[xnio-api-3.8.8.Final.jar:3.8.8.Final]
		at java.base/java.lang.Thread.run(Thread.java:1583) [?:?]
Caused by: java.io.IOException: Broken pipe
	at java.base/sun.nio.ch.SocketDispatcher.write0(Native Method) ~[?:?]
	at java.base/sun.nio.ch.SocketDispatcher.write(SocketDispatcher.java:62) ~[?:?]
	at java.base/sun.nio.ch.IOUtil.writeFromNativeBuffer(IOUtil.java:137) ~[?:?]
	at java.base/sun.nio.ch.IOUtil.write(IOUtil.java:81) ~[?:?]
	at java.base/sun.nio.ch.IOUtil.write(IOUtil.java:58) ~[?:?]
	at java.base/sun.nio.ch.SocketChannelImpl.write(SocketChannelImpl.java:542) ~[?:?]
	at org.xnio.nio.NioSocketConduit.write(NioSocketConduit.java:153) ~[xnio-nio-3.8.8.Final.jar:3.8.8.Final]
	at io.undertow.server.protocol.http.HttpResponseConduit.write(HttpResponseConduit.java:629) ~[undertow-core-2.3.13.Final.jar:2.3.13.Final]
	at org.xnio.conduits.AbstractStreamSinkConduit.write(AbstractStreamSinkConduit.java:51) ~[xnio-api-3.8.8.Final.jar:3.8.8.Final]
	at io.undertow.conduits.DeflatingStreamSinkConduit.performFlushIfRequiredSingleBuffer(DeflatingStreamSinkConduit.java:445) ~[undertow-core-2.3.13.Final.jar:2.3.13.Final]
	at io.undertow.conduits.DeflatingStreamSinkConduit.performFlushIfRequired(DeflatingStreamSinkConduit.java:432) ~[undertow-core-2.3.13.Final.jar:2.3.13.Final]
	at io.undertow.conduits.DeflatingStreamSinkConduit.deflateData(DeflatingStreamSinkConduit.java:522) ~[undertow-core-2.3.13.Final.jar:2.3.13.Final]
	at io.undertow.conduits.DeflatingStreamSinkConduit.write(DeflatingStreamSinkConduit.java:130) ~[undertow-core-2.3.13.Final.jar:2.3.13.Final]
	at io.undertow.conduits.DeflatingStreamSinkConduit.write(DeflatingStreamSinkConduit.java:165) ~[undertow-core-2.3.13.Final.jar:2.3.13.Final]
	at org.xnio.conduits.ConduitStreamSinkChannel.write(ConduitStreamSinkChannel.java:158) ~[xnio-api-3.8.8.Final.jar:3.8.8.Final]
	at io.undertow.channels.DetachableStreamSinkChannel.write(DetachableStreamSinkChannel.java:179) ~[undertow-core-2.3.13.Final.jar:2.3.13.Final]
	at io.undertow.server.HttpServerExchange$WriteDispatchChannel.write(HttpServerExchange.java:2172) ~[undertow-core-2.3.13.Final.jar:2.3.13.Final]
	at org.xnio.channels.Channels.writeBlocking(Channels.java:202) ~[xnio-api-3.8.8.Final.jar:3.8.8.Final]
	at io.undertow.servlet.spec.ServletOutputStreamImpl.writeTooLargeForBuffer(ServletOutputStreamImpl.java:201) ~[undertow-servlet-2.3.13.Final.jar:2.3.13.Final]
	at io.undertow.servlet.spec.ServletOutputStreamImpl.write(ServletOutputStreamImpl.java:149) ~[undertow-servlet-2.3.13.Final.jar:2.3.13.Final]
	at org.springframework.web.context.request.async.StandardServletAsyncWebRequest$LifecycleServletOutputStream.write(StandardServletAsyncWebRequest.java:375) ~[spring-web-6.1.10.jar:6.1.10]
	... 86 more
[2026-05-21 10:35:41.067] ERROR XNIO-1 task-4 com.jts.gjcxfzksh.exception.handler.GlobalExceptionHandler[63] - 请求地址'/pt/network/tile',发生系统异常. 
org.springframework.web.context.request.async.AsyncRequestNotUsableException: ServletOutputStream failed to write: Broken pipe
	at org.springframework.web.context.request.async.StandardServletAsyncWebRequest$LifecycleHttpServletResponse.handleIOException(StandardServletAsyncWebRequest.java:320) ~[spring-web-6.1.10.jar:6.1.10]
	at org.springframework.web.context.request.async.StandardServletAsyncWebRequest$LifecycleServletOutputStream.write(StandardServletAsyncWebRequest.java:378) ~[spring-web-6.1.10.jar:6.1.10]
	at org.springframework.util.StreamUtils$NonClosingOutputStream.write(StreamUtils.java:261) ~[spring-core-6.1.10.jar:6.1.10]
	at com.fasterxml.jackson.core.json.UTF8JsonGenerator._flushBuffer(UTF8JsonGenerator.java:2210) ~[jackson-core-2.17.1.jar:2.17.1]
	at com.fasterxml.jackson.core.json.UTF8JsonGenerator.writeRaw(UTF8JsonGenerator.java:764) ~[jackson-core-2.17.1.jar:2.17.1]
	at com.fasterxml.jackson.core.json.UTF8JsonGenerator.writeRaw(UTF8JsonGenerator.java:674) ~[jackson-core-2.17.1.jar:2.17.1]
	at com.fasterxml.jackson.core.json.UTF8JsonGenerator.writeNumber(UTF8JsonGenerator.java:1065) ~[jackson-core-2.17.1.jar:2.17.1]
	at com.fasterxml.jackson.databind.ser.std.NumberSerializers$FloatSerializer.serialize(NumberSerializers.java:214) ~[jackson-databind-2.17.1.jar:2.17.1]
	at com.fasterxml.jackson.databind.ser.BeanPropertyWriter.serializeAsField(BeanPropertyWriter.java:732) ~[jackson-databind-2.17.1.jar:2.17.1]
	at com.fasterxml.jackson.databind.ser.std.BeanSerializerBase.serializeFields(BeanSerializerBase.java:770) ~[jackson-databind-2.17.1.jar:2.17.1]
	at com.fasterxml.jackson.databind.ser.BeanSerializer.serialize(BeanSerializer.java:183) ~[jackson-databind-2.17.1.jar:2.17.1]
	at com.fasterxml.jackson.databind.ser.BeanPropertyWriter.serializeAsField(BeanPropertyWriter.java:732) ~[jackson-databind-2.17.1.jar:2.17.1]
	at com.fasterxml.jackson.databind.ser.std.BeanSerializerBase.serializeFields(BeanSerializerBase.java:770) ~[jackson-databind-2.17.1.jar:2.17.1]
	at com.fasterxml.jackson.databind.ser.BeanSerializer.serialize(BeanSerializer.java:183) ~[jackson-databind-2.17.1.jar:2.17.1]
	at com.fasterxml.jackson.databind.ser.impl.IndexedListSerializer.serializeContents(IndexedListSerializer.java:119) ~[jackson-databind-2.17.1.jar:2.17.1]
	at com.fasterxml.jackson.databind.ser.impl.IndexedListSerializer.serialize(IndexedListSerializer.java:79) ~[jackson-databind-2.17.1.jar:2.17.1]
	at com.fasterxml.jackson.databind.ser.impl.IndexedListSerializer.serialize(IndexedListSerializer.java:18) ~[jackson-databind-2.17.1.jar:2.17.1]
	at com.fasterxml.jackson.databind.ser.BeanPropertyWriter.serializeAsField(BeanPropertyWriter.java:732) ~[jackson-databind-2.17.1.jar:2.17.1]
	at com.fasterxml.jackson.databind.ser.std.BeanSerializerBase.serializeFields(BeanSerializerBase.java:770) ~[jackson-databind-2.17.1.jar:2.17.1]
	at com.fasterxml.jackson.databind.ser.BeanSerializer.serialize(BeanSerializer.java:183) ~[jackson-databind-2.17.1.jar:2.17.1]
	at com.fasterxml.jackson.databind.ser.DefaultSerializerProvider._serialize(DefaultSerializerProvider.java:502) ~[jackson-databind-2.17.1.jar:2.17.1]
	at com.fasterxml.jackson.databind.ser.DefaultSerializerProvider.serializeValue(DefaultSerializerProvider.java:341) ~[jackson-databind-2.17.1.jar:2.17.1]
	at com.fasterxml.jackson.databind.ObjectWriter$Prefetch.serialize(ObjectWriter.java:1574) ~[jackson-databind-2.17.1.jar:2.17.1]
	at com.fasterxml.jackson.databind.ObjectWriter.writeValue(ObjectWriter.java:1061) ~[jackson-databind-2.17.1.jar:2.17.1]
	at org.springframework.http.converter.json.AbstractJackson2HttpMessageConverter.writeInternal(AbstractJackson2HttpMessageConverter.java:483) ~[spring-web-6.1.10.jar:6.1.10]
	at org.springframework.http.converter.AbstractGenericHttpMessageConverter.write(AbstractGenericHttpMessageConverter.java:114) ~[spring-web-6.1.10.jar:6.1.10]
	at org.springframework.web.servlet.mvc.method.annotation.AbstractMessageConverterMethodProcessor.writeWithMessageConverters(AbstractMessageConverterMethodProcessor.java:297) ~[spring-webmvc-6.1.10.jar:6.1.10]
	at org.springframework.web.servlet.mvc.method.annotation.RequestResponseBodyMethodProcessor.handleReturnValue(RequestResponseBodyMethodProcessor.java:192) ~[spring-webmvc-6.1.10.jar:6.1.10]
	at org.springframework.web.method.support.HandlerMethodReturnValueHandlerComposite.handleReturnValue(HandlerMethodReturnValueHandlerComposite.java:78) ~[spring-web-6.1.10.jar:6.1.10]
	at org.springframework.web.servlet.mvc.method.annotation.ServletInvocableHandlerMethod.invokeAndHandle(ServletInvocableHandlerMethod.java:136) ~[spring-webmvc-6.1.10.jar:6.1.10]
	at org.springframework.web.servlet.mvc.method.annotation.RequestMappingHandlerAdapter.invokeHandlerMethod(RequestMappingHandlerAdapter.java:926) ~[spring-webmvc-6.1.10.jar:6.1.10]
	at org.springframework.web.servlet.mvc.method.annotation.RequestMappingHandlerAdapter.handleInternal(RequestMappingHandlerAdapter.java:831) ~[spring-webmvc-6.1.10.jar:6.1.10]
	at org.springframework.web.servlet.mvc.method.AbstractHandlerMethodAdapter.handle(AbstractHandlerMethodAdapter.java:87) ~[spring-webmvc-6.1.10.jar:6.1.10]
	at org.springframework.web.servlet.DispatcherServlet.doDispatch(DispatcherServlet.java:1089) ~[spring-webmvc-6.1.10.jar:6.1.10]
	at org.springframework.web.servlet.DispatcherServlet.doService(DispatcherServlet.java:979) ~[spring-webmvc-6.1.10.jar:6.1.10]
	at org.springframework.web.servlet.FrameworkServlet.processRequest(FrameworkServlet.java:1014) ~[spring-webmvc-6.1.10.jar:6.1.10]
	at org.springframework.web.servlet.FrameworkServlet.doPost(FrameworkServlet.java:914) ~[spring-webmvc-6.1.10.jar:6.1.10]
	at jakarta.servlet.http.HttpServlet.service(HttpServlet.java:547) ~[jakarta.servlet-api-6.0.0.jar:6.0.0]
	at org.springframework.web.servlet.FrameworkServlet.service(FrameworkServlet.java:885) ~[spring-webmvc-6.1.10.jar:6.1.10]
	at jakarta.servlet.http.HttpServlet.service(HttpServlet.java:614) ~[jakarta.servlet-api-6.0.0.jar:6.0.0]
	at io.undertow.servlet.handlers.ServletHandler.handleRequest(ServletHandler.java:74) ~[undertow-servlet-2.3.13.Final.jar:2.3.13.Final]
	at io.undertow.servlet.handlers.FilterHandler$FilterChainImpl.doFilter(FilterHandler.java:129) ~[undertow-servlet-2.3.13.Final.jar:2.3.13.Final]
	at org.springframework.web.filter.CorsFilter.doFilterInternal(CorsFilter.java:91) ~[spring-web-6.1.10.jar:6.1.10]
	at org.springframework.web.filter.OncePerRequestFilter.doFilter(OncePerRequestFilter.java:116) ~[spring-web-6.1.10.jar:6.1.10]
	at io.undertow.servlet.core.ManagedFilter.doFilter(ManagedFilter.java:67) ~[undertow-servlet-2.3.13.Final.jar:2.3.13.Final]
	at io.undertow.servlet.handlers.FilterHandler$FilterChainImpl.doFilter(FilterHandler.java:131) ~[undertow-servlet-2.3.13.Final.jar:2.3.13.Final]
	at org.springframework.web.filter.RequestContextFilter.doFilterInternal(RequestContextFilter.java:100) ~[spring-web-6.1.10.jar:6.1.10]
	at org.springframework.web.filter.OncePerRequestFilter.doFilter(OncePerRequestFilter.java:116) ~[spring-web-6.1.10.jar:6.1.10]
	at io.undertow.servlet.core.ManagedFilter.doFilter(ManagedFilter.java:67) ~[undertow-servlet-2.3.13.Final.jar:2.3.13.Final]
	at io.undertow.servlet.handlers.FilterHandler$FilterChainImpl.doFilter(FilterHandler.java:131) ~[undertow-servlet-2.3.13.Final.jar:2.3.13.Final]
	at org.springframework.web.filter.FormContentFilter.doFilterInternal(FormContentFilter.java:93) ~[spring-web-6.1.10.jar:6.1.10]
	at org.springframework.web.filter.OncePerRequestFilter.doFilter(OncePerRequestFilter.java:116) ~[spring-web-6.1.10.jar:6.1.10]
	at io.undertow.servlet.core.ManagedFilter.doFilter(ManagedFilter.java:67) ~[undertow-servlet-2.3.13.Final.jar:2.3.13.Final]
	at io.undertow.servlet.handlers.FilterHandler$FilterChainImpl.doFilter(FilterHandler.java:131) ~[undertow-servlet-2.3.13.Final.jar:2.3.13.Final]
	at org.springframework.web.filter.CharacterEncodingFilter.doFilterInternal(CharacterEncodingFilter.java:201) ~[spring-web-6.1.10.jar:6.1.10]
	at org.springframework.web.filter.OncePerRequestFilter.doFilter(OncePerRequestFilter.java:116) ~[spring-web-6.1.10.jar:6.1.10]
	at io.undertow.servlet.core.ManagedFilter.doFilter(ManagedFilter.java:67) ~[undertow-servlet-2.3.13.Final.jar:2.3.13.Final]
	at io.undertow.servlet.handlers.FilterHandler$FilterChainImpl.doFilter(FilterHandler.java:131) ~[undertow-servlet-2.3.13.Final.jar:2.3.13.Final]
	at io.undertow.servlet.handlers.FilterHandler.handleRequest(FilterHandler.java:84) ~[undertow-servlet-2.3.13.Final.jar:2.3.13.Final]
	at io.undertow.servlet.handlers.security.ServletSecurityRoleHandler.handleRequest(ServletSecurityRoleHandler.java:62) ~[undertow-servlet-2.3.13.Final.jar:2.3.13.Final]
	at io.undertow.servlet.handlers.ServletChain$1.handleRequest(ServletChain.java:68) ~[undertow-servlet-2.3.13.Final.jar:2.3.13.Final]
	at io.undertow.servlet.handlers.ServletDispatchingHandler.handleRequest(ServletDispatchingHandler.java:36) ~[undertow-servlet-2.3.13.Final.jar:2.3.13.Final]
	at io.undertow.servlet.handlers.RedirectDirHandler.handleRequest(RedirectDirHandler.java:68) ~[undertow-servlet-2.3.13.Final.jar:2.3.13.Final]
	at io.undertow.servlet.handlers.security.SSLInformationAssociationHandler.handleRequest(SSLInformationAssociationHandler.java:117) ~[undertow-servlet-2.3.13.Final.jar:2.3.13.Final]
	at io.undertow.servlet.handlers.security.ServletAuthenticationCallHandler.handleRequest(ServletAuthenticationCallHandler.java:57) ~[undertow-servlet-2.3.13.Final.jar:2.3.13.Final]
	at io.undertow.server.handlers.PredicateHandler.handleRequest(PredicateHandler.java:43) ~[undertow-core-2.3.13.Final.jar:2.3.13.Final]
	at io.undertow.security.handlers.AbstractConfidentialityHandler.handleRequest(AbstractConfidentialityHandler.java:46) ~[undertow-core-2.3.13.Final.jar:2.3.13.Final]
	at io.undertow.servlet.handlers.security.ServletConfidentialityConstraintHandler.handleRequest(ServletConfidentialityConstraintHandler.java:64) ~[undertow-servlet-2.3.13.Final.jar:2.3.13.Final]
	at io.undertow.security.handlers.AuthenticationMechanismsHandler.handleRequest(AuthenticationMechanismsHandler.java:60) ~[undertow-core-2.3.13.Final.jar:2.3.13.Final]
	at io.undertow.servlet.handlers.security.CachedAuthenticatedSessionHandler.handleRequest(CachedAuthenticatedSessionHandler.java:77) ~[undertow-servlet-2.3.13.Final.jar:2.3.13.Final]
	at io.undertow.security.handlers.AbstractSecurityContextAssociationHandler.handleRequest(AbstractSecurityContextAssociationHandler.java:43) ~[undertow-core-2.3.13.Final.jar:2.3.13.Final]
	at io.undertow.server.handlers.PredicateHandler.handleRequest(PredicateHandler.java:43) ~[undertow-core-2.3.13.Final.jar:2.3.13.Final]
	at io.undertow.servlet.handlers.SendErrorPageHandler.handleRequest(SendErrorPageHandler.java:52) ~[undertow-servlet-2.3.13.Final.jar:2.3.13.Final]
	at io.undertow.server.handlers.PredicateHandler.handleRequest(PredicateHandler.java:43) ~[undertow-core-2.3.13.Final.jar:2.3.13.Final]
	at io.undertow.servlet.handlers.ServletInitialHandler.handleFirstRequest(ServletInitialHandler.java:276) ~[undertow-servlet-2.3.13.Final.jar:2.3.13.Final]
	at io.undertow.servlet.handlers.ServletInitialHandler$2.call(ServletInitialHandler.java:135) ~[undertow-servlet-2.3.13.Final.jar:2.3.13.Final]
	at io.undertow.servlet.handlers.ServletInitialHandler$2.call(ServletInitialHandler.java:132) ~[undertow-servlet-2.3.13.Final.jar:2.3.13.Final]
	at io.undertow.servlet.core.ServletRequestContextThreadSetupAction$1.call(ServletRequestContextThreadSetupAction.java:48) ~[undertow-servlet-2.3.13.Final.jar:2.3.13.Final]
	at io.undertow.servlet.core.ContextClassLoaderSetupAction$1.call(ContextClassLoaderSetupAction.java:43) ~[undertow-servlet-2.3.13.Final.jar:2.3.13.Final]
	at io.undertow.servlet.handlers.ServletInitialHandler.dispatchRequest(ServletInitialHandler.java:256) ~[undertow-servlet-2.3.13.Final.jar:2.3.13.Final]
	at io.undertow.servlet.handlers.ServletInitialHandler$1.handleRequest(ServletInitialHandler.java:101) ~[undertow-servlet-2.3.13.Final.jar:2.3.13.Final]
	at io.undertow.server.Connectors.executeRootHandler(Connectors.java:393) ~[undertow-core-2.3.13.Final.jar:2.3.13.Final]
	at io.undertow.server.HttpServerExchange$1.run(HttpServerExchange.java:859) ~[undertow-core-2.3.13.Final.jar:2.3.13.Final]
	at org.jboss.threads.ContextHandler$1.runWith(ContextHandler.java:18) ~[jboss-threads-3.5.0.Final.jar:3.5.0.Final]
	at org.jboss.threads.EnhancedQueueExecutor$Task.run(EnhancedQueueExecutor.java:2513) ~[jboss-threads-3.5.0.Final.jar:3.5.0.Final]
	at org.jboss.threads.EnhancedQueueExecutor$ThreadBody.run(EnhancedQueueExecutor.java:1538) ~[jboss-threads-3.5.0.Final.jar:3.5.0.Final]
	at org.xnio.XnioWorker$WorkerThreadFactory$1$1.run(XnioWorker.java:1282) ~[xnio-api-3.8.8.Final.jar:3.8.8.Final]
	at java.base/java.lang.Thread.run(Thread.java:1583) [?:?]
	Suppressed: org.springframework.web.context.request.async.AsyncRequestNotUsableException: Response not usable after response errors.
		at org.springframework.web.context.request.async.StandardServletAsyncWebRequest$LifecycleHttpServletResponse.obtainLockAndCheckState(StandardServletAsyncWebRequest.java:314) ~[spring-web-6.1.10.jar:6.1.10]
		at org.springframework.web.context.request.async.StandardServletAsyncWebRequest$LifecycleServletOutputStream.write(StandardServletAsyncWebRequest.java:373) ~[spring-web-6.1.10.jar:6.1.10]
		at org.springframework.util.StreamUtils$NonClosingOutputStream.write(StreamUtils.java:261) ~[spring-core-6.1.10.jar:6.1.10]
		at com.fasterxml.jackson.core.json.UTF8JsonGenerator._flushBuffer(UTF8JsonGenerator.java:2210) ~[jackson-core-2.17.1.jar:2.17.1]
		at com.fasterxml.jackson.core.json.UTF8JsonGenerator.close(UTF8JsonGenerator.java:1234) ~[jackson-core-2.17.1.jar:2.17.1]
		at org.springframework.http.converter.json.AbstractJackson2HttpMessageConverter.writeInternal(AbstractJackson2HttpMessageConverter.java:452) ~[spring-web-6.1.10.jar:6.1.10]
		at org.springframework.http.converter.AbstractGenericHttpMessageConverter.write(AbstractGenericHttpMessageConverter.java:114) ~[spring-web-6.1.10.jar:6.1.10]
		at org.springframework.web.servlet.mvc.method.annotation.AbstractMessageConverterMethodProcessor.writeWithMessageConverters(AbstractMessageConverterMethodProcessor.java:297) ~[spring-webmvc-6.1.10.jar:6.1.10]
		at org.springframework.web.servlet.mvc.method.annotation.RequestResponseBodyMethodProcessor.handleReturnValue(RequestResponseBodyMethodProcessor.java:192) ~[spring-webmvc-6.1.10.jar:6.1.10]
		at org.springframework.web.method.support.HandlerMethodReturnValueHandlerComposite.handleReturnValue(HandlerMethodReturnValueHandlerComposite.java:78) ~[spring-web-6.1.10.jar:6.1.10]
		at org.springframework.web.servlet.mvc.method.annotation.ServletInvocableHandlerMethod.invokeAndHandle(ServletInvocableHandlerMethod.java:136) ~[spring-webmvc-6.1.10.jar:6.1.10]
		at org.springframework.web.servlet.mvc.method.annotation.RequestMappingHandlerAdapter.invokeHandlerMethod(RequestMappingHandlerAdapter.java:926) ~[spring-webmvc-6.1.10.jar:6.1.10]
		at org.springframework.web.servlet.mvc.method.annotation.RequestMappingHandlerAdapter.handleInternal(RequestMappingHandlerAdapter.java:831) ~[spring-webmvc-6.1.10.jar:6.1.10]
		at org.springframework.web.servlet.mvc.method.AbstractHandlerMethodAdapter.handle(AbstractHandlerMethodAdapter.java:87) ~[spring-webmvc-6.1.10.jar:6.1.10]
		at org.springframework.web.servlet.DispatcherServlet.doDispatch(DispatcherServlet.java:1089) ~[spring-webmvc-6.1.10.jar:6.1.10]
		at org.springframework.web.servlet.DispatcherServlet.doService(DispatcherServlet.java:979) ~[spring-webmvc-6.1.10.jar:6.1.10]
		at org.springframework.web.servlet.FrameworkServlet.processRequest(FrameworkServlet.java:1014) ~[spring-webmvc-6.1.10.jar:6.1.10]
		at org.springframework.web.servlet.FrameworkServlet.doPost(FrameworkServlet.java:914) ~[spring-webmvc-6.1.10.jar:6.1.10]
		at jakarta.servlet.http.HttpServlet.service(HttpServlet.java:547) ~[jakarta.servlet-api-6.0.0.jar:6.0.0]
		at org.springframework.web.servlet.FrameworkServlet.service(FrameworkServlet.java:885) ~[spring-webmvc-6.1.10.jar:6.1.10]
		at jakarta.servlet.http.HttpServlet.service(HttpServlet.java:614) ~[jakarta.servlet-api-6.0.0.jar:6.0.0]
		at io.undertow.servlet.handlers.ServletHandler.handleRequest(ServletHandler.java:74) ~[undertow-servlet-2.3.13.Final.jar:2.3.13.Final]
		at io.undertow.servlet.handlers.FilterHandler$FilterChainImpl.doFilter(FilterHandler.java:129) ~[undertow-servlet-2.3.13.Final.jar:2.3.13.Final]
		at org.springframework.web.filter.CorsFilter.doFilterInternal(CorsFilter.java:91) ~[spring-web-6.1.10.jar:6.1.10]
		at org.springframework.web.filter.OncePerRequestFilter.doFilter(OncePerRequestFilter.java:116) ~[spring-web-6.1.10.jar:6.1.10]
		at io.undertow.servlet.core.ManagedFilter.doFilter(ManagedFilter.java:67) ~[undertow-servlet-2.3.13.Final.jar:2.3.13.Final]
		at io.undertow.servlet.handlers.FilterHandler$FilterChainImpl.doFilter(FilterHandler.java:131) ~[undertow-servlet-2.3.13.Final.jar:2.3.13.Final]
		at org.springframework.web.filter.RequestContextFilter.doFilterInternal(RequestContextFilter.java:100) ~[spring-web-6.1.10.jar:6.1.10]
		at org.springframework.web.filter.OncePerRequestFilter.doFilter(OncePerRequestFilter.java:116) ~[spring-web-6.1.10.jar:6.1.10]
		at io.undertow.servlet.core.ManagedFilter.doFilter(ManagedFilter.java:67) ~[undertow-servlet-2.3.13.Final.jar:2.3.13.Final]
		at io.undertow.servlet.handlers.FilterHandler$FilterChainImpl.doFilter(FilterHandler.java:131) ~[undertow-servlet-2.3.13.Final.jar:2.3.13.Final]
		at org.springframework.web.filter.FormContentFilter.doFilterInternal(FormContentFilter.java:93) ~[spring-web-6.1.10.jar:6.1.10]
		at org.springframework.web.filter.OncePerRequestFilter.doFilter(OncePerRequestFilter.java:116) ~[spring-web-6.1.10.jar:6.1.10]
		at io.undertow.servlet.core.ManagedFilter.doFilter(ManagedFilter.java:67) ~[undertow-servlet-2.3.13.Final.jar:2.3.13.Final]
		at io.undertow.servlet.handlers.FilterHandler$FilterChainImpl.doFilter(FilterHandler.java:131) ~[undertow-servlet-2.3.13.Final.jar:2.3.13.Final]
		at org.springframework.web.filter.CharacterEncodingFilter.doFilterInternal(CharacterEncodingFilter.java:201) ~[spring-web-6.1.10.jar:6.1.10]
		at org.springframework.web.filter.OncePerRequestFilter.doFilter(OncePerRequestFilter.java:116) ~[spring-web-6.1.10.jar:6.1.10]
		at io.undertow.servlet.core.ManagedFilter.doFilter(ManagedFilter.java:67) ~[undertow-servlet-2.3.13.Final.jar:2.3.13.Final]
		at io.undertow.servlet.handlers.FilterHandler$FilterChainImpl.doFilter(FilterHandler.java:131) ~[undertow-servlet-2.3.13.Final.jar:2.3.13.Final]
		at io.undertow.servlet.handlers.FilterHandler.handleRequest(FilterHandler.java:84) ~[undertow-servlet-2.3.13.Final.jar:2.3.13.Final]
		at io.undertow.servlet.handlers.security.ServletSecurityRoleHandler.handleRequest(ServletSecurityRoleHandler.java:62) ~[undertow-servlet-2.3.13.Final.jar:2.3.13.Final]
		at io.undertow.servlet.handlers.ServletChain$1.handleRequest(ServletChain.java:68) ~[undertow-servlet-2.3.13.Final.jar:2.3.13.Final]
		at io.undertow.servlet.handlers.ServletDispatchingHandler.handleRequest(ServletDispatchingHandler.java:36) ~[undertow-servlet-2.3.13.Final.jar:2.3.13.Final]
		at io.undertow.servlet.handlers.RedirectDirHandler.handleRequest(RedirectDirHandler.java:68) ~[undertow-servlet-2.3.13.Final.jar:2.3.13.Final]
		at io.undertow.servlet.handlers.security.SSLInformationAssociationHandler.handleRequest(SSLInformationAssociationHandler.java:117) ~[undertow-servlet-2.3.13.Final.jar:2.3.13.Final]
		at io.undertow.servlet.handlers.security.ServletAuthenticationCallHandler.handleRequest(ServletAuthenticationCallHandler.java:57) ~[undertow-servlet-2.3.13.Final.jar:2.3.13.Final]
		at io.undertow.server.handlers.PredicateHandler.handleRequest(PredicateHandler.java:43) ~[undertow-core-2.3.13.Final.jar:2.3.13.Final]
		at io.undertow.security.handlers.AbstractConfidentialityHandler.handleRequest(AbstractConfidentialityHandler.java:46) ~[undertow-core-2.3.13.Final.jar:2.3.13.Final]
		at io.undertow.servlet.handlers.security.ServletConfidentialityConstraintHandler.handleRequest(ServletConfidentialityConstraintHandler.java:64) ~[undertow-servlet-2.3.13.Final.jar:2.3.13.Final]
		at io.undertow.security.handlers.AuthenticationMechanismsHandler.handleRequest(AuthenticationMechanismsHandler.java:60) ~[undertow-core-2.3.13.Final.jar:2.3.13.Final]
		at io.undertow.servlet.handlers.security.CachedAuthenticatedSessionHandler.handleRequest(CachedAuthenticatedSessionHandler.java:77) ~[undertow-servlet-2.3.13.Final.jar:2.3.13.Final]
		at io.undertow.security.handlers.AbstractSecurityContextAssociationHandler.handleRequest(AbstractSecurityContextAssociationHandler.java:43) ~[undertow-core-2.3.13.Final.jar:2.3.13.Final]
		at io.undertow.server.handlers.PredicateHandler.handleRequest(PredicateHandler.java:43) ~[undertow-core-2.3.13.Final.jar:2.3.13.Final]
		at io.undertow.servlet.handlers.SendErrorPageHandler.handleRequest(SendErrorPageHandler.java:52) ~[undertow-servlet-2.3.13.Final.jar:2.3.13.Final]
		at io.undertow.server.handlers.PredicateHandler.handleRequest(PredicateHandler.java:43) ~[undertow-core-2.3.13.Final.jar:2.3.13.Final]
		at io.undertow.servlet.handlers.ServletInitialHandler.handleFirstRequest(ServletInitialHandler.java:276) ~[undertow-servlet-2.3.13.Final.jar:2.3.13.Final]
		at io.undertow.servlet.handlers.ServletInitialHandler$2.call(ServletInitialHandler.java:135) ~[undertow-servlet-2.3.13.Final.jar:2.3.13.Final]
		at io.undertow.servlet.handlers.ServletInitialHandler$2.call(ServletInitialHandler.java:132) ~[undertow-servlet-2.3.13.Final.jar:2.3.13.Final]
		at io.undertow.servlet.core.ServletRequestContextThreadSetupAction$1.call(ServletRequestContextThreadSetupAction.java:48) ~[undertow-servlet-2.3.13.Final.jar:2.3.13.Final]
		at io.undertow.servlet.core.ContextClassLoaderSetupAction$1.call(ContextClassLoaderSetupAction.java:43) ~[undertow-servlet-2.3.13.Final.jar:2.3.13.Final]
		at io.undertow.servlet.handlers.ServletInitialHandler.dispatchRequest(ServletInitialHandler.java:256) ~[undertow-servlet-2.3.13.Final.jar:2.3.13.Final]
		at io.undertow.servlet.handlers.ServletInitialHandler$1.handleRequest(ServletInitialHandler.java:101) ~[undertow-servlet-2.3.13.Final.jar:2.3.13.Final]
		at io.undertow.server.Connectors.executeRootHandler(Connectors.java:393) ~[undertow-core-2.3.13.Final.jar:2.3.13.Final]
		at io.undertow.server.HttpServerExchange$1.run(HttpServerExchange.java:859) ~[undertow-core-2.3.13.Final.jar:2.3.13.Final]
		at org.jboss.threads.ContextHandler$1.runWith(ContextHandler.java:18) ~[jboss-threads-3.5.0.Final.jar:3.5.0.Final]
		at org.jboss.threads.EnhancedQueueExecutor$Task.run(EnhancedQueueExecutor.java:2513) ~[jboss-threads-3.5.0.Final.jar:3.5.0.Final]
		at org.jboss.threads.EnhancedQueueExecutor$ThreadBody.run(EnhancedQueueExecutor.java:1538) ~[jboss-threads-3.5.0.Final.jar:3.5.0.Final]
		at org.xnio.XnioWorker$WorkerThreadFactory$1$1.run(XnioWorker.java:1282) ~[xnio-api-3.8.8.Final.jar:3.8.8.Final]
		at java.base/java.lang.Thread.run(Thread.java:1583) [?:?]
Caused by: java.io.IOException: Broken pipe
	at java.base/sun.nio.ch.SocketDispatcher.write0(Native Method) ~[?:?]
	at java.base/sun.nio.ch.SocketDispatcher.write(SocketDispatcher.java:62) ~[?:?]
	at java.base/sun.nio.ch.IOUtil.writeFromNativeBuffer(IOUtil.java:137) ~[?:?]
	at java.base/sun.nio.ch.IOUtil.write(IOUtil.java:81) ~[?:?]
	at java.base/sun.nio.ch.IOUtil.write(IOUtil.java:58) ~[?:?]
	at java.base/sun.nio.ch.SocketChannelImpl.write(SocketChannelImpl.java:542) ~[?:?]
	at org.xnio.nio.NioSocketConduit.write(NioSocketConduit.java:153) ~[xnio-nio-3.8.8.Final.jar:3.8.8.Final]
	at io.undertow.server.protocol.http.HttpResponseConduit.write(HttpResponseConduit.java:629) ~[undertow-core-2.3.13.Final.jar:2.3.13.Final]
	at org.xnio.conduits.AbstractStreamSinkConduit.write(AbstractStreamSinkConduit.java:51) ~[xnio-api-3.8.8.Final.jar:3.8.8.Final]
	at io.undertow.conduits.DeflatingStreamSinkConduit.performFlushIfRequiredSingleBuffer(DeflatingStreamSinkConduit.java:445) ~[undertow-core-2.3.13.Final.jar:2.3.13.Final]
	at io.undertow.conduits.DeflatingStreamSinkConduit.performFlushIfRequired(DeflatingStreamSinkConduit.java:432) ~[undertow-core-2.3.13.Final.jar:2.3.13.Final]
	at io.undertow.conduits.DeflatingStreamSinkConduit.deflateData(DeflatingStreamSinkConduit.java:522) ~[undertow-core-2.3.13.Final.jar:2.3.13.Final]
	at io.undertow.conduits.DeflatingStreamSinkConduit.write(DeflatingStreamSinkConduit.java:130) ~[undertow-core-2.3.13.Final.jar:2.3.13.Final]
	at io.undertow.conduits.DeflatingStreamSinkConduit.write(DeflatingStreamSinkConduit.java:165) ~[undertow-core-2.3.13.Final.jar:2.3.13.Final]
	at org.xnio.conduits.ConduitStreamSinkChannel.write(ConduitStreamSinkChannel.java:158) ~[xnio-api-3.8.8.Final.jar:3.8.8.Final]
	at io.undertow.channels.DetachableStreamSinkChannel.write(DetachableStreamSinkChannel.java:179) ~[undertow-core-2.3.13.Final.jar:2.3.13.Final]
	at io.undertow.server.HttpServerExchange$WriteDispatchChannel.write(HttpServerExchange.java:2172) ~[undertow-core-2.3.13.Final.jar:2.3.13.Final]
	at org.xnio.channels.Channels.writeBlocking(Channels.java:202) ~[xnio-api-3.8.8.Final.jar:3.8.8.Final]
	at io.undertow.servlet.spec.ServletOutputStreamImpl.writeTooLargeForBuffer(ServletOutputStreamImpl.java:201) ~[undertow-servlet-2.3.13.Final.jar:2.3.13.Final]
	at io.undertow.servlet.spec.ServletOutputStreamImpl.write(ServletOutputStreamImpl.java:149) ~[undertow-servlet-2.3.13.Final.jar:2.3.13.Final]
	at org.springframework.web.context.request.async.StandardServletAsyncWebRequest$LifecycleServletOutputStream.write(StandardServletAsyncWebRequest.java:375) ~[spring-web-6.1.10.jar:6.1.10]
	... 86 more
[2026-05-21 10:36:11.657] ERROR XNIO-1 task-4 com.jts.gjcxfzksh.exception.handler.GlobalExceptionHandler[63] - 请求地址'/pt/network/tile',发生系统异常. 
org.springframework.web.context.request.async.AsyncRequestNotUsableException: ServletOutputStream failed to write: Broken pipe
	at org.springframework.web.context.request.async.StandardServletAsyncWebRequest$LifecycleHttpServletResponse.handleIOException(StandardServletAsyncWebRequest.java:320) ~[spring-web-6.1.10.jar:6.1.10]
	at org.springframework.web.context.request.async.StandardServletAsyncWebRequest$LifecycleServletOutputStream.write(StandardServletAsyncWebRequest.java:378) ~[spring-web-6.1.10.jar:6.1.10]
	at org.springframework.util.StreamUtils$NonClosingOutputStream.write(StreamUtils.java:261) ~[spring-core-6.1.10.jar:6.1.10]
	at com.fasterxml.jackson.core.json.UTF8JsonGenerator._flushBuffer(UTF8JsonGenerator.java:2210) ~[jackson-core-2.17.1.jar:2.17.1]
	at com.fasterxml.jackson.core.json.UTF8JsonGenerator.writeStartObject(UTF8JsonGenerator.java:404) ~[jackson-core-2.17.1.jar:2.17.1]
	at com.fasterxml.jackson.databind.ser.BeanSerializer.serialize(BeanSerializer.java:179) ~[jackson-databind-2.17.1.jar:2.17.1]
	at com.fasterxml.jackson.databind.ser.BeanPropertyWriter.serializeAsField(BeanPropertyWriter.java:732) ~[jackson-databind-2.17.1.jar:2.17.1]
	at com.fasterxml.jackson.databind.ser.std.BeanSerializerBase.serializeFields(BeanSerializerBase.java:770) ~[jackson-databind-2.17.1.jar:2.17.1]
	at com.fasterxml.jackson.databind.ser.BeanSerializer.serialize(BeanSerializer.java:183) ~[jackson-databind-2.17.1.jar:2.17.1]
	at com.fasterxml.jackson.databind.ser.impl.IndexedListSerializer.serializeContents(IndexedListSerializer.java:119) ~[jackson-databind-2.17.1.jar:2.17.1]
	at com.fasterxml.jackson.databind.ser.impl.IndexedListSerializer.serialize(IndexedListSerializer.java:79) ~[jackson-databind-2.17.1.jar:2.17.1]
	at com.fasterxml.jackson.databind.ser.impl.IndexedListSerializer.serialize(IndexedListSerializer.java:18) ~[jackson-databind-2.17.1.jar:2.17.1]
	at com.fasterxml.jackson.databind.ser.BeanPropertyWriter.serializeAsField(BeanPropertyWriter.java:732) ~[jackson-databind-2.17.1.jar:2.17.1]
	at com.fasterxml.jackson.databind.ser.std.BeanSerializerBase.serializeFields(BeanSerializerBase.java:770) ~[jackson-databind-2.17.1.jar:2.17.1]
	at com.fasterxml.jackson.databind.ser.BeanSerializer.serialize(BeanSerializer.java:183) ~[jackson-databind-2.17.1.jar:2.17.1]
	at com.fasterxml.jackson.databind.ser.DefaultSerializerProvider._serialize(DefaultSerializerProvider.java:502) ~[jackson-databind-2.17.1.jar:2.17.1]
	at com.fasterxml.jackson.databind.ser.DefaultSerializerProvider.serializeValue(DefaultSerializerProvider.java:341) ~[jackson-databind-2.17.1.jar:2.17.1]
	at com.fasterxml.jackson.databind.ObjectWriter$Prefetch.serialize(ObjectWriter.java:1574) ~[jackson-databind-2.17.1.jar:2.17.1]
	at com.fasterxml.jackson.databind.ObjectWriter.writeValue(ObjectWriter.java:1061) ~[jackson-databind-2.17.1.jar:2.17.1]
	at org.springframework.http.converter.json.AbstractJackson2HttpMessageConverter.writeInternal(AbstractJackson2HttpMessageConverter.java:483) ~[spring-web-6.1.10.jar:6.1.10]
	at org.springframework.http.converter.AbstractGenericHttpMessageConverter.write(AbstractGenericHttpMessageConverter.java:114) ~[spring-web-6.1.10.jar:6.1.10]
	at org.springframework.web.servlet.mvc.method.annotation.AbstractMessageConverterMethodProcessor.writeWithMessageConverters(AbstractMessageConverterMethodProcessor.java:297) ~[spring-webmvc-6.1.10.jar:6.1.10]
	at org.springframework.web.servlet.mvc.method.annotation.RequestResponseBodyMethodProcessor.handleReturnValue(RequestResponseBodyMethodProcessor.java:192) ~[spring-webmvc-6.1.10.jar:6.1.10]
	at org.springframework.web.method.support.HandlerMethodReturnValueHandlerComposite.handleReturnValue(HandlerMethodReturnValueHandlerComposite.java:78) ~[spring-web-6.1.10.jar:6.1.10]
	at org.springframework.web.servlet.mvc.method.annotation.ServletInvocableHandlerMethod.invokeAndHandle(ServletInvocableHandlerMethod.java:136) ~[spring-webmvc-6.1.10.jar:6.1.10]
	at org.springframework.web.servlet.mvc.method.annotation.RequestMappingHandlerAdapter.invokeHandlerMethod(RequestMappingHandlerAdapter.java:926) ~[spring-webmvc-6.1.10.jar:6.1.10]
	at org.springframework.web.servlet.mvc.method.annotation.RequestMappingHandlerAdapter.handleInternal(RequestMappingHandlerAdapter.java:831) ~[spring-webmvc-6.1.10.jar:6.1.10]
	at org.springframework.web.servlet.mvc.method.AbstractHandlerMethodAdapter.handle(AbstractHandlerMethodAdapter.java:87) ~[spring-webmvc-6.1.10.jar:6.1.10]
	at org.springframework.web.servlet.DispatcherServlet.doDispatch(DispatcherServlet.java:1089) ~[spring-webmvc-6.1.10.jar:6.1.10]
	at org.springframework.web.servlet.DispatcherServlet.doService(DispatcherServlet.java:979) ~[spring-webmvc-6.1.10.jar:6.1.10]
	at org.springframework.web.servlet.FrameworkServlet.processRequest(FrameworkServlet.java:1014) ~[spring-webmvc-6.1.10.jar:6.1.10]
	at org.springframework.web.servlet.FrameworkServlet.doPost(FrameworkServlet.java:914) ~[spring-webmvc-6.1.10.jar:6.1.10]
	at jakarta.servlet.http.HttpServlet.service(HttpServlet.java:547) ~[jakarta.servlet-api-6.0.0.jar:6.0.0]
	at org.springframework.web.servlet.FrameworkServlet.service(FrameworkServlet.java:885) ~[spring-webmvc-6.1.10.jar:6.1.10]
	at jakarta.servlet.http.HttpServlet.service(HttpServlet.java:614) ~[jakarta.servlet-api-6.0.0.jar:6.0.0]
	at io.undertow.servlet.handlers.ServletHandler.handleRequest(ServletHandler.java:74) ~[undertow-servlet-2.3.13.Final.jar:2.3.13.Final]
	at io.undertow.servlet.handlers.FilterHandler$FilterChainImpl.doFilter(FilterHandler.java:129) ~[undertow-servlet-2.3.13.Final.jar:2.3.13.Final]
	at org.springframework.web.filter.CorsFilter.doFilterInternal(CorsFilter.java:91) ~[spring-web-6.1.10.jar:6.1.10]
	at org.springframework.web.filter.OncePerRequestFilter.doFilter(OncePerRequestFilter.java:116) ~[spring-web-6.1.10.jar:6.1.10]
	at io.undertow.servlet.core.ManagedFilter.doFilter(ManagedFilter.java:67) ~[undertow-servlet-2.3.13.Final.jar:2.3.13.Final]
	at io.undertow.servlet.handlers.FilterHandler$FilterChainImpl.doFilter(FilterHandler.java:131) ~[undertow-servlet-2.3.13.Final.jar:2.3.13.Final]
	at org.springframework.web.filter.RequestContextFilter.doFilterInternal(RequestContextFilter.java:100) ~[spring-web-6.1.10.jar:6.1.10]
	at org.springframework.web.filter.OncePerRequestFilter.doFilter(OncePerRequestFilter.java:116) ~[spring-web-6.1.10.jar:6.1.10]
	at io.undertow.servlet.core.ManagedFilter.doFilter(ManagedFilter.java:67) ~[undertow-servlet-2.3.13.Final.jar:2.3.13.Final]
	at io.undertow.servlet.handlers.FilterHandler$FilterChainImpl.doFilter(FilterHandler.java:131) ~[undertow-servlet-2.3.13.Final.jar:2.3.13.Final]
	at org.springframework.web.filter.FormContentFilter.doFilterInternal(FormContentFilter.java:93) ~[spring-web-6.1.10.jar:6.1.10]
	at org.springframework.web.filter.OncePerRequestFilter.doFilter(OncePerRequestFilter.java:116) ~[spring-web-6.1.10.jar:6.1.10]
	at io.undertow.servlet.core.ManagedFilter.doFilter(ManagedFilter.java:67) ~[undertow-servlet-2.3.13.Final.jar:2.3.13.Final]
	at io.undertow.servlet.handlers.FilterHandler$FilterChainImpl.doFilter(FilterHandler.java:131) ~[undertow-servlet-2.3.13.Final.jar:2.3.13.Final]
	at org.springframework.web.filter.CharacterEncodingFilter.doFilterInternal(CharacterEncodingFilter.java:201) ~[spring-web-6.1.10.jar:6.1.10]
	at org.springframework.web.filter.OncePerRequestFilter.doFilter(OncePerRequestFilter.java:116) ~[spring-web-6.1.10.jar:6.1.10]
	at io.undertow.servlet.core.ManagedFilter.doFilter(ManagedFilter.java:67) ~[undertow-servlet-2.3.13.Final.jar:2.3.13.Final]
	at io.undertow.servlet.handlers.FilterHandler$FilterChainImpl.doFilter(FilterHandler.java:131) ~[undertow-servlet-2.3.13.Final.jar:2.3.13.Final]
	at io.undertow.servlet.handlers.FilterHandler.handleRequest(FilterHandler.java:84) ~[undertow-servlet-2.3.13.Final.jar:2.3.13.Final]
	at io.undertow.servlet.handlers.security.ServletSecurityRoleHandler.handleRequest(ServletSecurityRoleHandler.java:62) ~[undertow-servlet-2.3.13.Final.jar:2.3.13.Final]
	at io.undertow.servlet.handlers.ServletChain$1.handleRequest(ServletChain.java:68) ~[undertow-servlet-2.3.13.Final.jar:2.3.13.Final]
	at io.undertow.servlet.handlers.ServletDispatchingHandler.handleRequest(ServletDispatchingHandler.java:36) ~[undertow-servlet-2.3.13.Final.jar:2.3.13.Final]
	at io.undertow.servlet.handlers.RedirectDirHandler.handleRequest(RedirectDirHandler.java:68) ~[undertow-servlet-2.3.13.Final.jar:2.3.13.Final]
	at io.undertow.servlet.handlers.security.SSLInformationAssociationHandler.handleRequest(SSLInformationAssociationHandler.java:117) ~[undertow-servlet-2.3.13.Final.jar:2.3.13.Final]
	at io.undertow.servlet.handlers.security.ServletAuthenticationCallHandler.handleRequest(ServletAuthenticationCallHandler.java:57) ~[undertow-servlet-2.3.13.Final.jar:2.3.13.Final]
	at io.undertow.server.handlers.PredicateHandler.handleRequest(PredicateHandler.java:43) ~[undertow-core-2.3.13.Final.jar:2.3.13.Final]
	at io.undertow.security.handlers.AbstractConfidentialityHandler.handleRequest(AbstractConfidentialityHandler.java:46) ~[undertow-core-2.3.13.Final.jar:2.3.13.Final]
	at io.undertow.servlet.handlers.security.ServletConfidentialityConstraintHandler.handleRequest(ServletConfidentialityConstraintHandler.java:64) ~[undertow-servlet-2.3.13.Final.jar:2.3.13.Final]
	at io.undertow.security.handlers.AuthenticationMechanismsHandler.handleRequest(AuthenticationMechanismsHandler.java:60) ~[undertow-core-2.3.13.Final.jar:2.3.13.Final]
	at io.undertow.servlet.handlers.security.CachedAuthenticatedSessionHandler.handleRequest(CachedAuthenticatedSessionHandler.java:77) ~[undertow-servlet-2.3.13.Final.jar:2.3.13.Final]
	at io.undertow.security.handlers.AbstractSecurityContextAssociationHandler.handleRequest(AbstractSecurityContextAssociationHandler.java:43) ~[undertow-core-2.3.13.Final.jar:2.3.13.Final]
	at io.undertow.server.handlers.PredicateHandler.handleRequest(PredicateHandler.java:43) ~[undertow-core-2.3.13.Final.jar:2.3.13.Final]
	at io.undertow.servlet.handlers.SendErrorPageHandler.handleRequest(SendErrorPageHandler.java:52) ~[undertow-servlet-2.3.13.Final.jar:2.3.13.Final]
	at io.undertow.server.handlers.PredicateHandler.handleRequest(PredicateHandler.java:43) ~[undertow-core-2.3.13.Final.jar:2.3.13.Final]
	at io.undertow.servlet.handlers.ServletInitialHandler.handleFirstRequest(ServletInitialHandler.java:276) ~[undertow-servlet-2.3.13.Final.jar:2.3.13.Final]
	at io.undertow.servlet.handlers.ServletInitialHandler$2.call(ServletInitialHandler.java:135) ~[undertow-servlet-2.3.13.Final.jar:2.3.13.Final]
	at io.undertow.servlet.handlers.ServletInitialHandler$2.call(ServletInitialHandler.java:132) ~[undertow-servlet-2.3.13.Final.jar:2.3.13.Final]
	at io.undertow.servlet.core.ServletRequestContextThreadSetupAction$1.call(ServletRequestContextThreadSetupAction.java:48) ~[undertow-servlet-2.3.13.Final.jar:2.3.13.Final]
	at io.undertow.servlet.core.ContextClassLoaderSetupAction$1.call(ContextClassLoaderSetupAction.java:43) ~[undertow-servlet-2.3.13.Final.jar:2.3.13.Final]
	at io.undertow.servlet.handlers.ServletInitialHandler.dispatchRequest(ServletInitialHandler.java:256) ~[undertow-servlet-2.3.13.Final.jar:2.3.13.Final]
	at io.undertow.servlet.handlers.ServletInitialHandler$1.handleRequest(ServletInitialHandler.java:101) ~[undertow-servlet-2.3.13.Final.jar:2.3.13.Final]
	at io.undertow.server.Connectors.executeRootHandler(Connectors.java:393) ~[undertow-core-2.3.13.Final.jar:2.3.13.Final]
	at io.undertow.server.HttpServerExchange$1.run(HttpServerExchange.java:859) ~[undertow-core-2.3.13.Final.jar:2.3.13.Final]
	at org.jboss.threads.ContextHandler$1.runWith(ContextHandler.java:18) ~[jboss-threads-3.5.0.Final.jar:3.5.0.Final]
	at org.jboss.threads.EnhancedQueueExecutor$Task.run(EnhancedQueueExecutor.java:2513) ~[jboss-threads-3.5.0.Final.jar:3.5.0.Final]
	at org.jboss.threads.EnhancedQueueExecutor$ThreadBody.run(EnhancedQueueExecutor.java:1538) ~[jboss-threads-3.5.0.Final.jar:3.5.0.Final]
	at org.xnio.XnioWorker$WorkerThreadFactory$1$1.run(XnioWorker.java:1282) ~[xnio-api-3.8.8.Final.jar:3.8.8.Final]
	at java.base/java.lang.Thread.run(Thread.java:1583) [?:?]
	Suppressed: org.springframework.web.context.request.async.AsyncRequestNotUsableException: Response not usable after response errors.
		at org.springframework.web.context.request.async.StandardServletAsyncWebRequest$LifecycleHttpServletResponse.obtainLockAndCheckState(StandardServletAsyncWebRequest.java:314) ~[spring-web-6.1.10.jar:6.1.10]
		at org.springframework.web.context.request.async.StandardServletAsyncWebRequest$LifecycleServletOutputStream.write(StandardServletAsyncWebRequest.java:373) ~[spring-web-6.1.10.jar:6.1.10]
		at org.springframework.util.StreamUtils$NonClosingOutputStream.write(StreamUtils.java:261) ~[spring-core-6.1.10.jar:6.1.10]
		at com.fasterxml.jackson.core.json.UTF8JsonGenerator._flushBuffer(UTF8JsonGenerator.java:2210) ~[jackson-core-2.17.1.jar:2.17.1]
		at com.fasterxml.jackson.core.json.UTF8JsonGenerator.close(UTF8JsonGenerator.java:1234) ~[jackson-core-2.17.1.jar:2.17.1]
		at org.springframework.http.converter.json.AbstractJackson2HttpMessageConverter.writeInternal(AbstractJackson2HttpMessageConverter.java:452) ~[spring-web-6.1.10.jar:6.1.10]
		at org.springframework.http.converter.AbstractGenericHttpMessageConverter.write(AbstractGenericHttpMessageConverter.java:114) ~[spring-web-6.1.10.jar:6.1.10]
		at org.springframework.web.servlet.mvc.method.annotation.AbstractMessageConverterMethodProcessor.writeWithMessageConverters(AbstractMessageConverterMethodProcessor.java:297) ~[spring-webmvc-6.1.10.jar:6.1.10]
		at org.springframework.web.servlet.mvc.method.annotation.RequestResponseBodyMethodProcessor.handleReturnValue(RequestResponseBodyMethodProcessor.java:192) ~[spring-webmvc-6.1.10.jar:6.1.10]
		at org.springframework.web.method.support.HandlerMethodReturnValueHandlerComposite.handleReturnValue(HandlerMethodReturnValueHandlerComposite.java:78) ~[spring-web-6.1.10.jar:6.1.10]
		at org.springframework.web.servlet.mvc.method.annotation.ServletInvocableHandlerMethod.invokeAndHandle(ServletInvocableHandlerMethod.java:136) ~[spring-webmvc-6.1.10.jar:6.1.10]
		at org.springframework.web.servlet.mvc.method.annotation.RequestMappingHandlerAdapter.invokeHandlerMethod(RequestMappingHandlerAdapter.java:926) ~[spring-webmvc-6.1.10.jar:6.1.10]
		at org.springframework.web.servlet.mvc.method.annotation.RequestMappingHandlerAdapter.handleInternal(RequestMappingHandlerAdapter.java:831) ~[spring-webmvc-6.1.10.jar:6.1.10]
		at org.springframework.web.servlet.mvc.method.AbstractHandlerMethodAdapter.handle(AbstractHandlerMethodAdapter.java:87) ~[spring-webmvc-6.1.10.jar:6.1.10]
		at org.springframework.web.servlet.DispatcherServlet.doDispatch(DispatcherServlet.java:1089) ~[spring-webmvc-6.1.10.jar:6.1.10]
		at org.springframework.web.servlet.DispatcherServlet.doService(DispatcherServlet.java:979) ~[spring-webmvc-6.1.10.jar:6.1.10]
		at org.springframework.web.servlet.FrameworkServlet.processRequest(FrameworkServlet.java:1014) ~[spring-webmvc-6.1.10.jar:6.1.10]
		at org.springframework.web.servlet.FrameworkServlet.doPost(FrameworkServlet.java:914) ~[spring-webmvc-6.1.10.jar:6.1.10]
		at jakarta.servlet.http.HttpServlet.service(HttpServlet.java:547) ~[jakarta.servlet-api-6.0.0.jar:6.0.0]
		at org.springframework.web.servlet.FrameworkServlet.service(FrameworkServlet.java:885) ~[spring-webmvc-6.1.10.jar:6.1.10]
		at jakarta.servlet.http.HttpServlet.service(HttpServlet.java:614) ~[jakarta.servlet-api-6.0.0.jar:6.0.0]
		at io.undertow.servlet.handlers.ServletHandler.handleRequest(ServletHandler.java:74) ~[undertow-servlet-2.3.13.Final.jar:2.3.13.Final]
		at io.undertow.servlet.handlers.FilterHandler$FilterChainImpl.doFilter(FilterHandler.java:129) ~[undertow-servlet-2.3.13.Final.jar:2.3.13.Final]
		at org.springframework.web.filter.CorsFilter.doFilterInternal(CorsFilter.java:91) ~[spring-web-6.1.10.jar:6.1.10]
		at org.springframework.web.filter.OncePerRequestFilter.doFilter(OncePerRequestFilter.java:116) ~[spring-web-6.1.10.jar:6.1.10]
		at io.undertow.servlet.core.ManagedFilter.doFilter(ManagedFilter.java:67) ~[undertow-servlet-2.3.13.Final.jar:2.3.13.Final]
		at io.undertow.servlet.handlers.FilterHandler$FilterChainImpl.doFilter(FilterHandler.java:131) ~[undertow-servlet-2.3.13.Final.jar:2.3.13.Final]
		at org.springframework.web.filter.RequestContextFilter.doFilterInternal(RequestContextFilter.java:100) ~[spring-web-6.1.10.jar:6.1.10]
		at org.springframework.web.filter.OncePerRequestFilter.doFilter(OncePerRequestFilter.java:116) ~[spring-web-6.1.10.jar:6.1.10]
		at io.undertow.servlet.core.ManagedFilter.doFilter(ManagedFilter.java:67) ~[undertow-servlet-2.3.13.Final.jar:2.3.13.Final]
		at io.undertow.servlet.handlers.FilterHandler$FilterChainImpl.doFilter(FilterHandler.java:131) ~[undertow-servlet-2.3.13.Final.jar:2.3.13.Final]
		at org.springframework.web.filter.FormContentFilter.doFilterInternal(FormContentFilter.java:93) ~[spring-web-6.1.10.jar:6.1.10]
		at org.springframework.web.filter.OncePerRequestFilter.doFilter(OncePerRequestFilter.java:116) ~[spring-web-6.1.10.jar:6.1.10]
		at io.undertow.servlet.core.ManagedFilter.doFilter(ManagedFilter.java:67) ~[undertow-servlet-2.3.13.Final.jar:2.3.13.Final]
		at io.undertow.servlet.handlers.FilterHandler$FilterChainImpl.doFilter(FilterHandler.java:131) ~[undertow-servlet-2.3.13.Final.jar:2.3.13.Final]
		at org.springframework.web.filter.CharacterEncodingFilter.doFilterInternal(CharacterEncodingFilter.java:201) ~[spring-web-6.1.10.jar:6.1.10]
		at org.springframework.web.filter.OncePerRequestFilter.doFilter(OncePerRequestFilter.java:116) ~[spring-web-6.1.10.jar:6.1.10]
		at io.undertow.servlet.core.ManagedFilter.doFilter(ManagedFilter.java:67) ~[undertow-servlet-2.3.13.Final.jar:2.3.13.Final]
		at io.undertow.servlet.handlers.FilterHandler$FilterChainImpl.doFilter(FilterHandler.java:131) ~[undertow-servlet-2.3.13.Final.jar:2.3.13.Final]
		at io.undertow.servlet.handlers.FilterHandler.handleRequest(FilterHandler.java:84) ~[undertow-servlet-2.3.13.Final.jar:2.3.13.Final]
		at io.undertow.servlet.handlers.security.ServletSecurityRoleHandler.handleRequest(ServletSecurityRoleHandler.java:62) ~[undertow-servlet-2.3.13.Final.jar:2.3.13.Final]
		at io.undertow.servlet.handlers.ServletChain$1.handleRequest(ServletChain.java:68) ~[undertow-servlet-2.3.13.Final.jar:2.3.13.Final]
		at io.undertow.servlet.handlers.ServletDispatchingHandler.handleRequest(ServletDispatchingHandler.java:36) ~[undertow-servlet-2.3.13.Final.jar:2.3.13.Final]
		at io.undertow.servlet.handlers.RedirectDirHandler.handleRequest(RedirectDirHandler.java:68) ~[undertow-servlet-2.3.13.Final.jar:2.3.13.Final]
		at io.undertow.servlet.handlers.security.SSLInformationAssociationHandler.handleRequest(SSLInformationAssociationHandler.java:117) ~[undertow-servlet-2.3.13.Final.jar:2.3.13.Final]
		at io.undertow.servlet.handlers.security.ServletAuthenticationCallHandler.handleRequest(ServletAuthenticationCallHandler.java:57) ~[undertow-servlet-2.3.13.Final.jar:2.3.13.Final]
		at io.undertow.server.handlers.PredicateHandler.handleRequest(PredicateHandler.java:43) ~[undertow-core-2.3.13.Final.jar:2.3.13.Final]
		at io.undertow.security.handlers.AbstractConfidentialityHandler.handleRequest(AbstractConfidentialityHandler.java:46) ~[undertow-core-2.3.13.Final.jar:2.3.13.Final]
		at io.undertow.servlet.handlers.security.ServletConfidentialityConstraintHandler.handleRequest(ServletConfidentialityConstraintHandler.java:64) ~[undertow-servlet-2.3.13.Final.jar:2.3.13.Final]
		at io.undertow.security.handlers.AuthenticationMechanismsHandler.handleRequest(AuthenticationMechanismsHandler.java:60) ~[undertow-core-2.3.13.Final.jar:2.3.13.Final]
		at io.undertow.servlet.handlers.security.CachedAuthenticatedSessionHandler.handleRequest(CachedAuthenticatedSessionHandler.java:77) ~[undertow-servlet-2.3.13.Final.jar:2.3.13.Final]
		at io.undertow.security.handlers.AbstractSecurityContextAssociationHandler.handleRequest(AbstractSecurityContextAssociationHandler.java:43) ~[undertow-core-2.3.13.Final.jar:2.3.13.Final]
		at io.undertow.server.handlers.PredicateHandler.handleRequest(PredicateHandler.java:43) ~[undertow-core-2.3.13.Final.jar:2.3.13.Final]
		at io.undertow.servlet.handlers.SendErrorPageHandler.handleRequest(SendErrorPageHandler.java:52) ~[undertow-servlet-2.3.13.Final.jar:2.3.13.Final]
		at io.undertow.server.handlers.PredicateHandler.handleRequest(PredicateHandler.java:43) ~[undertow-core-2.3.13.Final.jar:2.3.13.Final]
		at io.undertow.servlet.handlers.ServletInitialHandler.handleFirstRequest(ServletInitialHandler.java:276) ~[undertow-servlet-2.3.13.Final.jar:2.3.13.Final]
		at io.undertow.servlet.handlers.ServletInitialHandler$2.call(ServletInitialHandler.java:135) ~[undertow-servlet-2.3.13.Final.jar:2.3.13.Final]
		at io.undertow.servlet.handlers.ServletInitialHandler$2.call(ServletInitialHandler.java:132) ~[undertow-servlet-2.3.13.Final.jar:2.3.13.Final]
		at io.undertow.servlet.core.ServletRequestContextThreadSetupAction$1.call(ServletRequestContextThreadSetupAction.java:48) ~[undertow-servlet-2.3.13.Final.jar:2.3.13.Final]
		at io.undertow.servlet.core.ContextClassLoaderSetupAction$1.call(ContextClassLoaderSetupAction.java:43) ~[undertow-servlet-2.3.13.Final.jar:2.3.13.Final]
		at io.undertow.servlet.handlers.ServletInitialHandler.dispatchRequest(ServletInitialHandler.java:256) ~[undertow-servlet-2.3.13.Final.jar:2.3.13.Final]
		at io.undertow.servlet.handlers.ServletInitialHandler$1.handleRequest(ServletInitialHandler.java:101) ~[undertow-servlet-2.3.13.Final.jar:2.3.13.Final]
		at io.undertow.server.Connectors.executeRootHandler(Connectors.java:393) ~[undertow-core-2.3.13.Final.jar:2.3.13.Final]
		at io.undertow.server.HttpServerExchange$1.run(HttpServerExchange.java:859) ~[undertow-core-2.3.13.Final.jar:2.3.13.Final]
		at org.jboss.threads.ContextHandler$1.runWith(ContextHandler.java:18) ~[jboss-threads-3.5.0.Final.jar:3.5.0.Final]
		at org.jboss.threads.EnhancedQueueExecutor$Task.run(EnhancedQueueExecutor.java:2513) ~[jboss-threads-3.5.0.Final.jar:3.5.0.Final]
		at org.jboss.threads.EnhancedQueueExecutor$ThreadBody.run(EnhancedQueueExecutor.java:1538) ~[jboss-threads-3.5.0.Final.jar:3.5.0.Final]
		at org.xnio.XnioWorker$WorkerThreadFactory$1$1.run(XnioWorker.java:1282) ~[xnio-api-3.8.8.Final.jar:3.8.8.Final]
		at java.base/java.lang.Thread.run(Thread.java:1583) [?:?]
Caused by: java.io.IOException: Broken pipe
	at java.base/sun.nio.ch.SocketDispatcher.write0(Native Method) ~[?:?]
	at java.base/sun.nio.ch.SocketDispatcher.write(SocketDispatcher.java:62) ~[?:?]
	at java.base/sun.nio.ch.IOUtil.writeFromNativeBuffer(IOUtil.java:137) ~[?:?]
	at java.base/sun.nio.ch.IOUtil.write(IOUtil.java:81) ~[?:?]
	at java.base/sun.nio.ch.IOUtil.write(IOUtil.java:58) ~[?:?]
	at java.base/sun.nio.ch.SocketChannelImpl.write(SocketChannelImpl.java:542) ~[?:?]
	at org.xnio.nio.NioSocketConduit.write(NioSocketConduit.java:153) ~[xnio-nio-3.8.8.Final.jar:3.8.8.Final]
	at io.undertow.server.protocol.http.HttpResponseConduit.write(HttpResponseConduit.java:629) ~[undertow-core-2.3.13.Final.jar:2.3.13.Final]
	at org.xnio.conduits.AbstractStreamSinkConduit.write(AbstractStreamSinkConduit.java:51) ~[xnio-api-3.8.8.Final.jar:3.8.8.Final]
	at io.undertow.conduits.DeflatingStreamSinkConduit.performFlushIfRequiredSingleBuffer(DeflatingStreamSinkConduit.java:445) ~[undertow-core-2.3.13.Final.jar:2.3.13.Final]
	at io.undertow.conduits.DeflatingStreamSinkConduit.performFlushIfRequired(DeflatingStreamSinkConduit.java:432) ~[undertow-core-2.3.13.Final.jar:2.3.13.Final]
	at io.undertow.conduits.DeflatingStreamSinkConduit.deflateData(DeflatingStreamSinkConduit.java:522) ~[undertow-core-2.3.13.Final.jar:2.3.13.Final]
	at io.undertow.conduits.DeflatingStreamSinkConduit.write(DeflatingStreamSinkConduit.java:130) ~[undertow-core-2.3.13.Final.jar:2.3.13.Final]
	at io.undertow.conduits.DeflatingStreamSinkConduit.write(DeflatingStreamSinkConduit.java:165) ~[undertow-core-2.3.13.Final.jar:2.3.13.Final]
	at org.xnio.conduits.ConduitStreamSinkChannel.write(ConduitStreamSinkChannel.java:158) ~[xnio-api-3.8.8.Final.jar:3.8.8.Final]
	at io.undertow.channels.DetachableStreamSinkChannel.write(DetachableStreamSinkChannel.java:179) ~[undertow-core-2.3.13.Final.jar:2.3.13.Final]
	at io.undertow.server.HttpServerExchange$WriteDispatchChannel.write(HttpServerExchange.java:2172) ~[undertow-core-2.3.13.Final.jar:2.3.13.Final]
	at org.xnio.channels.Channels.writeBlocking(Channels.java:202) ~[xnio-api-3.8.8.Final.jar:3.8.8.Final]
	at io.undertow.servlet.spec.ServletOutputStreamImpl.writeTooLargeForBuffer(ServletOutputStreamImpl.java:201) ~[undertow-servlet-2.3.13.Final.jar:2.3.13.Final]
	at io.undertow.servlet.spec.ServletOutputStreamImpl.write(ServletOutputStreamImpl.java:149) ~[undertow-servlet-2.3.13.Final.jar:2.3.13.Final]
	at org.springframework.web.context.request.async.StandardServletAsyncWebRequest$LifecycleServletOutputStream.write(StandardServletAsyncWebRequest.java:375) ~[spring-web-6.1.10.jar:6.1.10]
	... 81 more
[2026-05-21 10:37:27.928] ERROR XNIO-1 task-9 com.jts.gjcxfzksh.exception.handler.GlobalExceptionHandler[63] - 请求地址'/pt/network/tile',发生系统异常. 
org.springframework.web.context.request.async.AsyncRequestNotUsableException: ServletOutputStream failed to write: Broken pipe
	at org.springframework.web.context.request.async.StandardServletAsyncWebRequest$LifecycleHttpServletResponse.handleIOException(StandardServletAsyncWebRequest.java:320) ~[spring-web-6.1.10.jar:6.1.10]
	at org.springframework.web.context.request.async.StandardServletAsyncWebRequest$LifecycleServletOutputStream.write(StandardServletAsyncWebRequest.java:378) ~[spring-web-6.1.10.jar:6.1.10]
	at org.springframework.util.StreamUtils$NonClosingOutputStream.write(StreamUtils.java:261) ~[spring-core-6.1.10.jar:6.1.10]
	at com.fasterxml.jackson.core.json.UTF8JsonGenerator._flushBuffer(UTF8JsonGenerator.java:2210) ~[jackson-core-2.17.1.jar:2.17.1]
	at com.fasterxml.jackson.core.json.UTF8JsonGenerator.writeRaw(UTF8JsonGenerator.java:764) ~[jackson-core-2.17.1.jar:2.17.1]
	at com.fasterxml.jackson.core.json.UTF8JsonGenerator.writeRaw(UTF8JsonGenerator.java:674) ~[jackson-core-2.17.1.jar:2.17.1]
	at com.fasterxml.jackson.core.json.UTF8JsonGenerator.writeNumber(UTF8JsonGenerator.java:1065) ~[jackson-core-2.17.1.jar:2.17.1]
	at com.fasterxml.jackson.databind.ser.std.NumberSerializers$FloatSerializer.serialize(NumberSerializers.java:214) ~[jackson-databind-2.17.1.jar:2.17.1]
	at com.fasterxml.jackson.databind.ser.BeanPropertyWriter.serializeAsField(BeanPropertyWriter.java:732) ~[jackson-databind-2.17.1.jar:2.17.1]
	at com.fasterxml.jackson.databind.ser.std.BeanSerializerBase.serializeFields(BeanSerializerBase.java:770) ~[jackson-databind-2.17.1.jar:2.17.1]
	at com.fasterxml.jackson.databind.ser.BeanSerializer.serialize(BeanSerializer.java:183) ~[jackson-databind-2.17.1.jar:2.17.1]
	at com.fasterxml.jackson.databind.ser.BeanPropertyWriter.serializeAsField(BeanPropertyWriter.java:732) ~[jackson-databind-2.17.1.jar:2.17.1]
	at com.fasterxml.jackson.databind.ser.std.BeanSerializerBase.serializeFields(BeanSerializerBase.java:770) ~[jackson-databind-2.17.1.jar:2.17.1]
	at com.fasterxml.jackson.databind.ser.BeanSerializer.serialize(BeanSerializer.java:183) ~[jackson-databind-2.17.1.jar:2.17.1]
	at com.fasterxml.jackson.databind.ser.impl.IndexedListSerializer.serializeContents(IndexedListSerializer.java:119) ~[jackson-databind-2.17.1.jar:2.17.1]
	at com.fasterxml.jackson.databind.ser.impl.IndexedListSerializer.serialize(IndexedListSerializer.java:79) ~[jackson-databind-2.17.1.jar:2.17.1]
	at com.fasterxml.jackson.databind.ser.impl.IndexedListSerializer.serialize(IndexedListSerializer.java:18) ~[jackson-databind-2.17.1.jar:2.17.1]
	at com.fasterxml.jackson.databind.ser.BeanPropertyWriter.serializeAsField(BeanPropertyWriter.java:732) ~[jackson-databind-2.17.1.jar:2.17.1]
	at com.fasterxml.jackson.databind.ser.std.BeanSerializerBase.serializeFields(BeanSerializerBase.java:770) ~[jackson-databind-2.17.1.jar:2.17.1]
	at com.fasterxml.jackson.databind.ser.BeanSerializer.serialize(BeanSerializer.java:183) ~[jackson-databind-2.17.1.jar:2.17.1]
	at com.fasterxml.jackson.databind.ser.DefaultSerializerProvider._serialize(DefaultSerializerProvider.java:502) ~[jackson-databind-2.17.1.jar:2.17.1]
	at com.fasterxml.jackson.databind.ser.DefaultSerializerProvider.serializeValue(DefaultSerializerProvider.java:341) ~[jackson-databind-2.17.1.jar:2.17.1]
	at com.fasterxml.jackson.databind.ObjectWriter$Prefetch.serialize(ObjectWriter.java:1574) ~[jackson-databind-2.17.1.jar:2.17.1]
	at com.fasterxml.jackson.databind.ObjectWriter.writeValue(ObjectWriter.java:1061) ~[jackson-databind-2.17.1.jar:2.17.1]
	at org.springframework.http.converter.json.AbstractJackson2HttpMessageConverter.writeInternal(AbstractJackson2HttpMessageConverter.java:483) ~[spring-web-6.1.10.jar:6.1.10]
	at org.springframework.http.converter.AbstractGenericHttpMessageConverter.write(AbstractGenericHttpMessageConverter.java:114) ~[spring-web-6.1.10.jar:6.1.10]
	at org.springframework.web.servlet.mvc.method.annotation.AbstractMessageConverterMethodProcessor.writeWithMessageConverters(AbstractMessageConverterMethodProcessor.java:297) ~[spring-webmvc-6.1.10.jar:6.1.10]
	at org.springframework.web.servlet.mvc.method.annotation.RequestResponseBodyMethodProcessor.handleReturnValue(RequestResponseBodyMethodProcessor.java:192) ~[spring-webmvc-6.1.10.jar:6.1.10]
	at org.springframework.web.method.support.HandlerMethodReturnValueHandlerComposite.handleReturnValue(HandlerMethodReturnValueHandlerComposite.java:78) ~[spring-web-6.1.10.jar:6.1.10]
	at org.springframework.web.servlet.mvc.method.annotation.ServletInvocableHandlerMethod.invokeAndHandle(ServletInvocableHandlerMethod.java:136) ~[spring-webmvc-6.1.10.jar:6.1.10]
	at org.springframework.web.servlet.mvc.method.annotation.RequestMappingHandlerAdapter.invokeHandlerMethod(RequestMappingHandlerAdapter.java:926) ~[spring-webmvc-6.1.10.jar:6.1.10]
	at org.springframework.web.servlet.mvc.method.annotation.RequestMappingHandlerAdapter.handleInternal(RequestMappingHandlerAdapter.java:831) ~[spring-webmvc-6.1.10.jar:6.1.10]
	at org.springframework.web.servlet.mvc.method.AbstractHandlerMethodAdapter.handle(AbstractHandlerMethodAdapter.java:87) ~[spring-webmvc-6.1.10.jar:6.1.10]
	at org.springframework.web.servlet.DispatcherServlet.doDispatch(DispatcherServlet.java:1089) ~[spring-webmvc-6.1.10.jar:6.1.10]
	at org.springframework.web.servlet.DispatcherServlet.doService(DispatcherServlet.java:979) ~[spring-webmvc-6.1.10.jar:6.1.10]
	at org.springframework.web.servlet.FrameworkServlet.processRequest(FrameworkServlet.java:1014) ~[spring-webmvc-6.1.10.jar:6.1.10]
	at org.springframework.web.servlet.FrameworkServlet.doPost(FrameworkServlet.java:914) ~[spring-webmvc-6.1.10.jar:6.1.10]
	at jakarta.servlet.http.HttpServlet.service(HttpServlet.java:547) ~[jakarta.servlet-api-6.0.0.jar:6.0.0]
	at org.springframework.web.servlet.FrameworkServlet.service(FrameworkServlet.java:885) ~[spring-webmvc-6.1.10.jar:6.1.10]
	at jakarta.servlet.http.HttpServlet.service(HttpServlet.java:614) ~[jakarta.servlet-api-6.0.0.jar:6.0.0]
	at io.undertow.servlet.handlers.ServletHandler.handleRequest(ServletHandler.java:74) ~[undertow-servlet-2.3.13.Final.jar:2.3.13.Final]
	at io.undertow.servlet.handlers.FilterHandler$FilterChainImpl.doFilter(FilterHandler.java:129) ~[undertow-servlet-2.3.13.Final.jar:2.3.13.Final]
	at org.springframework.web.filter.CorsFilter.doFilterInternal(CorsFilter.java:91) ~[spring-web-6.1.10.jar:6.1.10]
	at org.springframework.web.filter.OncePerRequestFilter.doFilter(OncePerRequestFilter.java:116) ~[spring-web-6.1.10.jar:6.1.10]
	at io.undertow.servlet.core.ManagedFilter.doFilter(ManagedFilter.java:67) ~[undertow-servlet-2.3.13.Final.jar:2.3.13.Final]
	at io.undertow.servlet.handlers.FilterHandler$FilterChainImpl.doFilter(FilterHandler.java:131) ~[undertow-servlet-2.3.13.Final.jar:2.3.13.Final]
	at org.springframework.web.filter.RequestContextFilter.doFilterInternal(RequestContextFilter.java:100) ~[spring-web-6.1.10.jar:6.1.10]
	at org.springframework.web.filter.OncePerRequestFilter.doFilter(OncePerRequestFilter.java:116) ~[spring-web-6.1.10.jar:6.1.10]
	at io.undertow.servlet.core.ManagedFilter.doFilter(ManagedFilter.java:67) ~[undertow-servlet-2.3.13.Final.jar:2.3.13.Final]
	at io.undertow.servlet.handlers.FilterHandler$FilterChainImpl.doFilter(FilterHandler.java:131) ~[undertow-servlet-2.3.13.Final.jar:2.3.13.Final]
	at org.springframework.web.filter.FormContentFilter.doFilterInternal(FormContentFilter.java:93) ~[spring-web-6.1.10.jar:6.1.10]
	at org.springframework.web.filter.OncePerRequestFilter.doFilter(OncePerRequestFilter.java:116) ~[spring-web-6.1.10.jar:6.1.10]
	at io.undertow.servlet.core.ManagedFilter.doFilter(ManagedFilter.java:67) ~[undertow-servlet-2.3.13.Final.jar:2.3.13.Final]
	at io.undertow.servlet.handlers.FilterHandler$FilterChainImpl.doFilter(FilterHandler.java:131) ~[undertow-servlet-2.3.13.Final.jar:2.3.13.Final]
	at org.springframework.web.filter.CharacterEncodingFilter.doFilterInternal(CharacterEncodingFilter.java:201) ~[spring-web-6.1.10.jar:6.1.10]
	at org.springframework.web.filter.OncePerRequestFilter.doFilter(OncePerRequestFilter.java:116) ~[spring-web-6.1.10.jar:6.1.10]
	at io.undertow.servlet.core.ManagedFilter.doFilter(ManagedFilter.java:67) ~[undertow-servlet-2.3.13.Final.jar:2.3.13.Final]
	at io.undertow.servlet.handlers.FilterHandler$FilterChainImpl.doFilter(FilterHandler.java:131) ~[undertow-servlet-2.3.13.Final.jar:2.3.13.Final]
	at io.undertow.servlet.handlers.FilterHandler.handleRequest(FilterHandler.java:84) ~[undertow-servlet-2.3.13.Final.jar:2.3.13.Final]
	at io.undertow.servlet.handlers.security.ServletSecurityRoleHandler.handleRequest(ServletSecurityRoleHandler.java:62) ~[undertow-servlet-2.3.13.Final.jar:2.3.13.Final]
	at io.undertow.servlet.handlers.ServletChain$1.handleRequest(ServletChain.java:68) ~[undertow-servlet-2.3.13.Final.jar:2.3.13.Final]
	at io.undertow.servlet.handlers.ServletDispatchingHandler.handleRequest(ServletDispatchingHandler.java:36) ~[undertow-servlet-2.3.13.Final.jar:2.3.13.Final]
	at io.undertow.servlet.handlers.RedirectDirHandler.handleRequest(RedirectDirHandler.java:68) ~[undertow-servlet-2.3.13.Final.jar:2.3.13.Final]
	at io.undertow.servlet.handlers.security.SSLInformationAssociationHandler.handleRequest(SSLInformationAssociationHandler.java:117) ~[undertow-servlet-2.3.13.Final.jar:2.3.13.Final]
	at io.undertow.servlet.handlers.security.ServletAuthenticationCallHandler.handleRequest(ServletAuthenticationCallHandler.java:57) ~[undertow-servlet-2.3.13.Final.jar:2.3.13.Final]
	at io.undertow.server.handlers.PredicateHandler.handleRequest(PredicateHandler.java:43) ~[undertow-core-2.3.13.Final.jar:2.3.13.Final]
	at io.undertow.security.handlers.AbstractConfidentialityHandler.handleRequest(AbstractConfidentialityHandler.java:46) ~[undertow-core-2.3.13.Final.jar:2.3.13.Final]
	at io.undertow.servlet.handlers.security.ServletConfidentialityConstraintHandler.handleRequest(ServletConfidentialityConstraintHandler.java:64) ~[undertow-servlet-2.3.13.Final.jar:2.3.13.Final]
	at io.undertow.security.handlers.AuthenticationMechanismsHandler.handleRequest(AuthenticationMechanismsHandler.java:60) ~[undertow-core-2.3.13.Final.jar:2.3.13.Final]
	at io.undertow.servlet.handlers.security.CachedAuthenticatedSessionHandler.handleRequest(CachedAuthenticatedSessionHandler.java:77) ~[undertow-servlet-2.3.13.Final.jar:2.3.13.Final]
	at io.undertow.security.handlers.AbstractSecurityContextAssociationHandler.handleRequest(AbstractSecurityContextAssociationHandler.java:43) ~[undertow-core-2.3.13.Final.jar:2.3.13.Final]
	at io.undertow.server.handlers.PredicateHandler.handleRequest(PredicateHandler.java:43) ~[undertow-core-2.3.13.Final.jar:2.3.13.Final]
	at io.undertow.servlet.handlers.SendErrorPageHandler.handleRequest(SendErrorPageHandler.java:52) ~[undertow-servlet-2.3.13.Final.jar:2.3.13.Final]
	at io.undertow.server.handlers.PredicateHandler.handleRequest(PredicateHandler.java:43) ~[undertow-core-2.3.13.Final.jar:2.3.13.Final]
	at io.undertow.servlet.handlers.ServletInitialHandler.handleFirstRequest(ServletInitialHandler.java:276) ~[undertow-servlet-2.3.13.Final.jar:2.3.13.Final]
	at io.undertow.servlet.handlers.ServletInitialHandler$2.call(ServletInitialHandler.java:135) ~[undertow-servlet-2.3.13.Final.jar:2.3.13.Final]
	at io.undertow.servlet.handlers.ServletInitialHandler$2.call(ServletInitialHandler.java:132) ~[undertow-servlet-2.3.13.Final.jar:2.3.13.Final]
	at io.undertow.servlet.core.ServletRequestContextThreadSetupAction$1.call(ServletRequestContextThreadSetupAction.java:48) ~[undertow-servlet-2.3.13.Final.jar:2.3.13.Final]
	at io.undertow.servlet.core.ContextClassLoaderSetupAction$1.call(ContextClassLoaderSetupAction.java:43) ~[undertow-servlet-2.3.13.Final.jar:2.3.13.Final]
	at io.undertow.servlet.handlers.ServletInitialHandler.dispatchRequest(ServletInitialHandler.java:256) ~[undertow-servlet-2.3.13.Final.jar:2.3.13.Final]
	at io.undertow.servlet.handlers.ServletInitialHandler$1.handleRequest(ServletInitialHandler.java:101) ~[undertow-servlet-2.3.13.Final.jar:2.3.13.Final]
	at io.undertow.server.Connectors.executeRootHandler(Connectors.java:393) ~[undertow-core-2.3.13.Final.jar:2.3.13.Final]
	at io.undertow.server.HttpServerExchange$1.run(HttpServerExchange.java:859) ~[undertow-core-2.3.13.Final.jar:2.3.13.Final]
	at org.jboss.threads.ContextHandler$1.runWith(ContextHandler.java:18) ~[jboss-threads-3.5.0.Final.jar:3.5.0.Final]
	at org.jboss.threads.EnhancedQueueExecutor$Task.run(EnhancedQueueExecutor.java:2513) ~[jboss-threads-3.5.0.Final.jar:3.5.0.Final]
	at org.jboss.threads.EnhancedQueueExecutor$ThreadBody.run(EnhancedQueueExecutor.java:1538) ~[jboss-threads-3.5.0.Final.jar:3.5.0.Final]
	at org.xnio.XnioWorker$WorkerThreadFactory$1$1.run(XnioWorker.java:1282) ~[xnio-api-3.8.8.Final.jar:3.8.8.Final]
	at java.base/java.lang.Thread.run(Thread.java:1583) [?:?]
	Suppressed: org.springframework.web.context.request.async.AsyncRequestNotUsableException: Response not usable after response errors.
		at org.springframework.web.context.request.async.StandardServletAsyncWebRequest$LifecycleHttpServletResponse.obtainLockAndCheckState(StandardServletAsyncWebRequest.java:314) ~[spring-web-6.1.10.jar:6.1.10]
		at org.springframework.web.context.request.async.StandardServletAsyncWebRequest$LifecycleServletOutputStream.write(StandardServletAsyncWebRequest.java:373) ~[spring-web-6.1.10.jar:6.1.10]
		at org.springframework.util.StreamUtils$NonClosingOutputStream.write(StreamUtils.java:261) ~[spring-core-6.1.10.jar:6.1.10]
		at com.fasterxml.jackson.core.json.UTF8JsonGenerator._flushBuffer(UTF8JsonGenerator.java:2210) ~[jackson-core-2.17.1.jar:2.17.1]
		at com.fasterxml.jackson.core.json.UTF8JsonGenerator.close(UTF8JsonGenerator.java:1234) ~[jackson-core-2.17.1.jar:2.17.1]
		at org.springframework.http.converter.json.AbstractJackson2HttpMessageConverter.writeInternal(AbstractJackson2HttpMessageConverter.java:452) ~[spring-web-6.1.10.jar:6.1.10]
		at org.springframework.http.converter.AbstractGenericHttpMessageConverter.write(AbstractGenericHttpMessageConverter.java:114) ~[spring-web-6.1.10.jar:6.1.10]
		at org.springframework.web.servlet.mvc.method.annotation.AbstractMessageConverterMethodProcessor.writeWithMessageConverters(AbstractMessageConverterMethodProcessor.java:297) ~[spring-webmvc-6.1.10.jar:6.1.10]
		at org.springframework.web.servlet.mvc.method.annotation.RequestResponseBodyMethodProcessor.handleReturnValue(RequestResponseBodyMethodProcessor.java:192) ~[spring-webmvc-6.1.10.jar:6.1.10]
		at org.springframework.web.method.support.HandlerMethodReturnValueHandlerComposite.handleReturnValue(HandlerMethodReturnValueHandlerComposite.java:78) ~[spring-web-6.1.10.jar:6.1.10]
		at org.springframework.web.servlet.mvc.method.annotation.ServletInvocableHandlerMethod.invokeAndHandle(ServletInvocableHandlerMethod.java:136) ~[spring-webmvc-6.1.10.jar:6.1.10]
		at org.springframework.web.servlet.mvc.method.annotation.RequestMappingHandlerAdapter.invokeHandlerMethod(RequestMappingHandlerAdapter.java:926) ~[spring-webmvc-6.1.10.jar:6.1.10]
		at org.springframework.web.servlet.mvc.method.annotation.RequestMappingHandlerAdapter.handleInternal(RequestMappingHandlerAdapter.java:831) ~[spring-webmvc-6.1.10.jar:6.1.10]
		at org.springframework.web.servlet.mvc.method.AbstractHandlerMethodAdapter.handle(AbstractHandlerMethodAdapter.java:87) ~[spring-webmvc-6.1.10.jar:6.1.10]
		at org.springframework.web.servlet.DispatcherServlet.doDispatch(DispatcherServlet.java:1089) ~[spring-webmvc-6.1.10.jar:6.1.10]
		at org.springframework.web.servlet.DispatcherServlet.doService(DispatcherServlet.java:979) ~[spring-webmvc-6.1.10.jar:6.1.10]
		at org.springframework.web.servlet.FrameworkServlet.processRequest(FrameworkServlet.java:1014) ~[spring-webmvc-6.1.10.jar:6.1.10]
		at org.springframework.web.servlet.FrameworkServlet.doPost(FrameworkServlet.java:914) ~[spring-webmvc-6.1.10.jar:6.1.10]
		at jakarta.servlet.http.HttpServlet.service(HttpServlet.java:547) ~[jakarta.servlet-api-6.0.0.jar:6.0.0]
		at org.springframework.web.servlet.FrameworkServlet.service(FrameworkServlet.java:885) ~[spring-webmvc-6.1.10.jar:6.1.10]
		at jakarta.servlet.http.HttpServlet.service(HttpServlet.java:614) ~[jakarta.servlet-api-6.0.0.jar:6.0.0]
		at io.undertow.servlet.handlers.ServletHandler.handleRequest(ServletHandler.java:74) ~[undertow-servlet-2.3.13.Final.jar:2.3.13.Final]
		at io.undertow.servlet.handlers.FilterHandler$FilterChainImpl.doFilter(FilterHandler.java:129) ~[undertow-servlet-2.3.13.Final.jar:2.3.13.Final]
		at org.springframework.web.filter.CorsFilter.doFilterInternal(CorsFilter.java:91) ~[spring-web-6.1.10.jar:6.1.10]
		at org.springframework.web.filter.OncePerRequestFilter.doFilter(OncePerRequestFilter.java:116) ~[spring-web-6.1.10.jar:6.1.10]
		at io.undertow.servlet.core.ManagedFilter.doFilter(ManagedFilter.java:67) ~[undertow-servlet-2.3.13.Final.jar:2.3.13.Final]
		at io.undertow.servlet.handlers.FilterHandler$FilterChainImpl.doFilter(FilterHandler.java:131) ~[undertow-servlet-2.3.13.Final.jar:2.3.13.Final]
		at org.springframework.web.filter.RequestContextFilter.doFilterInternal(RequestContextFilter.java:100) ~[spring-web-6.1.10.jar:6.1.10]
		at org.springframework.web.filter.OncePerRequestFilter.doFilter(OncePerRequestFilter.java:116) ~[spring-web-6.1.10.jar:6.1.10]
		at io.undertow.servlet.core.ManagedFilter.doFilter(ManagedFilter.java:67) ~[undertow-servlet-2.3.13.Final.jar:2.3.13.Final]
		at io.undertow.servlet.handlers.FilterHandler$FilterChainImpl.doFilter(FilterHandler.java:131) ~[undertow-servlet-2.3.13.Final.jar:2.3.13.Final]
		at org.springframework.web.filter.FormContentFilter.doFilterInternal(FormContentFilter.java:93) ~[spring-web-6.1.10.jar:6.1.10]
		at org.springframework.web.filter.OncePerRequestFilter.doFilter(OncePerRequestFilter.java:116) ~[spring-web-6.1.10.jar:6.1.10]
		at io.undertow.servlet.core.ManagedFilter.doFilter(ManagedFilter.java:67) ~[undertow-servlet-2.3.13.Final.jar:2.3.13.Final]
		at io.undertow.servlet.handlers.FilterHandler$FilterChainImpl.doFilter(FilterHandler.java:131) ~[undertow-servlet-2.3.13.Final.jar:2.3.13.Final]
		at org.springframework.web.filter.CharacterEncodingFilter.doFilterInternal(CharacterEncodingFilter.java:201) ~[spring-web-6.1.10.jar:6.1.10]
		at org.springframework.web.filter.OncePerRequestFilter.doFilter(OncePerRequestFilter.java:116) ~[spring-web-6.1.10.jar:6.1.10]
		at io.undertow.servlet.core.ManagedFilter.doFilter(ManagedFilter.java:67) ~[undertow-servlet-2.3.13.Final.jar:2.3.13.Final]
		at io.undertow.servlet.handlers.FilterHandler$FilterChainImpl.doFilter(FilterHandler.java:131) ~[undertow-servlet-2.3.13.Final.jar:2.3.13.Final]
		at io.undertow.servlet.handlers.FilterHandler.handleRequest(FilterHandler.java:84) ~[undertow-servlet-2.3.13.Final.jar:2.3.13.Final]
		at io.undertow.servlet.handlers.security.ServletSecurityRoleHandler.handleRequest(ServletSecurityRoleHandler.java:62) ~[undertow-servlet-2.3.13.Final.jar:2.3.13.Final]
		at io.undertow.servlet.handlers.ServletChain$1.handleRequest(ServletChain.java:68) ~[undertow-servlet-2.3.13.Final.jar:2.3.13.Final]
		at io.undertow.servlet.handlers.ServletDispatchingHandler.handleRequest(ServletDispatchingHandler.java:36) ~[undertow-servlet-2.3.13.Final.jar:2.3.13.Final]
		at io.undertow.servlet.handlers.RedirectDirHandler.handleRequest(RedirectDirHandler.java:68) ~[undertow-servlet-2.3.13.Final.jar:2.3.13.Final]
		at io.undertow.servlet.handlers.security.SSLInformationAssociationHandler.handleRequest(SSLInformationAssociationHandler.java:117) ~[undertow-servlet-2.3.13.Final.jar:2.3.13.Final]
		at io.undertow.servlet.handlers.security.ServletAuthenticationCallHandler.handleRequest(ServletAuthenticationCallHandler.java:57) ~[undertow-servlet-2.3.13.Final.jar:2.3.13.Final]
		at io.undertow.server.handlers.PredicateHandler.handleRequest(PredicateHandler.java:43) ~[undertow-core-2.3.13.Final.jar:2.3.13.Final]
		at io.undertow.security.handlers.AbstractConfidentialityHandler.handleRequest(AbstractConfidentialityHandler.java:46) ~[undertow-core-2.3.13.Final.jar:2.3.13.Final]
		at io.undertow.servlet.handlers.security.ServletConfidentialityConstraintHandler.handleRequest(ServletConfidentialityConstraintHandler.java:64) ~[undertow-servlet-2.3.13.Final.jar:2.3.13.Final]
		at io.undertow.security.handlers.AuthenticationMechanismsHandler.handleRequest(AuthenticationMechanismsHandler.java:60) ~[undertow-core-2.3.13.Final.jar:2.3.13.Final]
		at io.undertow.servlet.handlers.security.CachedAuthenticatedSessionHandler.handleRequest(CachedAuthenticatedSessionHandler.java:77) ~[undertow-servlet-2.3.13.Final.jar:2.3.13.Final]
		at io.undertow.security.handlers.AbstractSecurityContextAssociationHandler.handleRequest(AbstractSecurityContextAssociationHandler.java:43) ~[undertow-core-2.3.13.Final.jar:2.3.13.Final]
		at io.undertow.server.handlers.PredicateHandler.handleRequest(PredicateHandler.java:43) ~[undertow-core-2.3.13.Final.jar:2.3.13.Final]
		at io.undertow.servlet.handlers.SendErrorPageHandler.handleRequest(SendErrorPageHandler.java:52) ~[undertow-servlet-2.3.13.Final.jar:2.3.13.Final]
		at io.undertow.server.handlers.PredicateHandler.handleRequest(PredicateHandler.java:43) ~[undertow-core-2.3.13.Final.jar:2.3.13.Final]
		at io.undertow.servlet.handlers.ServletInitialHandler.handleFirstRequest(ServletInitialHandler.java:276) ~[undertow-servlet-2.3.13.Final.jar:2.3.13.Final]
		at io.undertow.servlet.handlers.ServletInitialHandler$2.call(ServletInitialHandler.java:135) ~[undertow-servlet-2.3.13.Final.jar:2.3.13.Final]
		at io.undertow.servlet.handlers.ServletInitialHandler$2.call(ServletInitialHandler.java:132) ~[undertow-servlet-2.3.13.Final.jar:2.3.13.Final]
		at io.undertow.servlet.core.ServletRequestContextThreadSetupAction$1.call(ServletRequestContextThreadSetupAction.java:48) ~[undertow-servlet-2.3.13.Final.jar:2.3.13.Final]
		at io.undertow.servlet.core.ContextClassLoaderSetupAction$1.call(ContextClassLoaderSetupAction.java:43) ~[undertow-servlet-2.3.13.Final.jar:2.3.13.Final]
		at io.undertow.servlet.handlers.ServletInitialHandler.dispatchRequest(ServletInitialHandler.java:256) ~[undertow-servlet-2.3.13.Final.jar:2.3.13.Final]
		at io.undertow.servlet.handlers.ServletInitialHandler$1.handleRequest(ServletInitialHandler.java:101) ~[undertow-servlet-2.3.13.Final.jar:2.3.13.Final]
		at io.undertow.server.Connectors.executeRootHandler(Connectors.java:393) ~[undertow-core-2.3.13.Final.jar:2.3.13.Final]
		at io.undertow.server.HttpServerExchange$1.run(HttpServerExchange.java:859) ~[undertow-core-2.3.13.Final.jar:2.3.13.Final]
		at org.jboss.threads.ContextHandler$1.runWith(ContextHandler.java:18) ~[jboss-threads-3.5.0.Final.jar:3.5.0.Final]
		at org.jboss.threads.EnhancedQueueExecutor$Task.run(EnhancedQueueExecutor.java:2513) ~[jboss-threads-3.5.0.Final.jar:3.5.0.Final]
		at org.jboss.threads.EnhancedQueueExecutor$ThreadBody.run(EnhancedQueueExecutor.java:1538) ~[jboss-threads-3.5.0.Final.jar:3.5.0.Final]
		at org.xnio.XnioWorker$WorkerThreadFactory$1$1.run(XnioWorker.java:1282) ~[xnio-api-3.8.8.Final.jar:3.8.8.Final]
		at java.base/java.lang.Thread.run(Thread.java:1583) [?:?]
Caused by: java.io.IOException: Broken pipe
	at java.base/sun.nio.ch.SocketDispatcher.write0(Native Method) ~[?:?]
	at java.base/sun.nio.ch.SocketDispatcher.write(SocketDispatcher.java:62) ~[?:?]
	at java.base/sun.nio.ch.IOUtil.writeFromNativeBuffer(IOUtil.java:137) ~[?:?]
	at java.base/sun.nio.ch.IOUtil.write(IOUtil.java:81) ~[?:?]
	at java.base/sun.nio.ch.IOUtil.write(IOUtil.java:58) ~[?:?]
	at java.base/sun.nio.ch.SocketChannelImpl.write(SocketChannelImpl.java:542) ~[?:?]
	at org.xnio.nio.NioSocketConduit.write(NioSocketConduit.java:153) ~[xnio-nio-3.8.8.Final.jar:3.8.8.Final]
	at io.undertow.server.protocol.http.HttpResponseConduit.write(HttpResponseConduit.java:629) ~[undertow-core-2.3.13.Final.jar:2.3.13.Final]
	at org.xnio.conduits.AbstractStreamSinkConduit.write(AbstractStreamSinkConduit.java:51) ~[xnio-api-3.8.8.Final.jar:3.8.8.Final]
	at io.undertow.conduits.DeflatingStreamSinkConduit.performFlushIfRequiredSingleBuffer(DeflatingStreamSinkConduit.java:445) ~[undertow-core-2.3.13.Final.jar:2.3.13.Final]
	at io.undertow.conduits.DeflatingStreamSinkConduit.performFlushIfRequired(DeflatingStreamSinkConduit.java:432) ~[undertow-core-2.3.13.Final.jar:2.3.13.Final]
	at io.undertow.conduits.DeflatingStreamSinkConduit.deflateData(DeflatingStreamSinkConduit.java:522) ~[undertow-core-2.3.13.Final.jar:2.3.13.Final]
	at io.undertow.conduits.DeflatingStreamSinkConduit.write(DeflatingStreamSinkConduit.java:130) ~[undertow-core-2.3.13.Final.jar:2.3.13.Final]
	at io.undertow.conduits.DeflatingStreamSinkConduit.write(DeflatingStreamSinkConduit.java:165) ~[undertow-core-2.3.13.Final.jar:2.3.13.Final]
	at org.xnio.conduits.ConduitStreamSinkChannel.write(ConduitStreamSinkChannel.java:158) ~[xnio-api-3.8.8.Final.jar:3.8.8.Final]
	at io.undertow.channels.DetachableStreamSinkChannel.write(DetachableStreamSinkChannel.java:179) ~[undertow-core-2.3.13.Final.jar:2.3.13.Final]
	at io.undertow.server.HttpServerExchange$WriteDispatchChannel.write(HttpServerExchange.java:2172) ~[undertow-core-2.3.13.Final.jar:2.3.13.Final]
	at org.xnio.channels.Channels.writeBlocking(Channels.java:202) ~[xnio-api-3.8.8.Final.jar:3.8.8.Final]
	at io.undertow.servlet.spec.ServletOutputStreamImpl.writeTooLargeForBuffer(ServletOutputStreamImpl.java:201) ~[undertow-servlet-2.3.13.Final.jar:2.3.13.Final]
	at io.undertow.servlet.spec.ServletOutputStreamImpl.write(ServletOutputStreamImpl.java:149) ~[undertow-servlet-2.3.13.Final.jar:2.3.13.Final]
	at org.springframework.web.context.request.async.StandardServletAsyncWebRequest$LifecycleServletOutputStream.write(StandardServletAsyncWebRequest.java:375) ~[spring-web-6.1.10.jar:6.1.10]
	... 86 more
[2026-05-21 10:49:16.357] ERROR XNIO-1 task-3 com.jts.gjcxfzksh.exception.handler.GlobalExceptionHandler[63] - 请求地址'/pt/network/tile',发生系统异常. 
org.springframework.web.context.request.async.AsyncRequestNotUsableException: ServletOutputStream failed to write: Broken pipe
	at org.springframework.web.context.request.async.StandardServletAsyncWebRequest$LifecycleHttpServletResponse.handleIOException(StandardServletAsyncWebRequest.java:320) ~[spring-web-6.1.10.jar:6.1.10]
	at org.springframework.web.context.request.async.StandardServletAsyncWebRequest$LifecycleServletOutputStream.write(StandardServletAsyncWebRequest.java:378) ~[spring-web-6.1.10.jar:6.1.10]
	at org.springframework.util.StreamUtils$NonClosingOutputStream.write(StreamUtils.java:261) ~[spring-core-6.1.10.jar:6.1.10]
	at com.fasterxml.jackson.core.json.UTF8JsonGenerator._flushBuffer(UTF8JsonGenerator.java:2210) ~[jackson-core-2.17.1.jar:2.17.1]
	at com.fasterxml.jackson.core.json.UTF8JsonGenerator.writeRaw(UTF8JsonGenerator.java:764) ~[jackson-core-2.17.1.jar:2.17.1]
	at com.fasterxml.jackson.core.json.UTF8JsonGenerator.writeRaw(UTF8JsonGenerator.java:674) ~[jackson-core-2.17.1.jar:2.17.1]
	at com.fasterxml.jackson.core.json.UTF8JsonGenerator.writeNumber(UTF8JsonGenerator.java:1065) ~[jackson-core-2.17.1.jar:2.17.1]
	at com.fasterxml.jackson.databind.ser.std.NumberSerializers$FloatSerializer.serialize(NumberSerializers.java:214) ~[jackson-databind-2.17.1.jar:2.17.1]
	at com.fasterxml.jackson.databind.ser.BeanPropertyWriter.serializeAsField(BeanPropertyWriter.java:732) ~[jackson-databind-2.17.1.jar:2.17.1]
	at com.fasterxml.jackson.databind.ser.std.BeanSerializerBase.serializeFields(BeanSerializerBase.java:770) ~[jackson-databind-2.17.1.jar:2.17.1]
	at com.fasterxml.jackson.databind.ser.BeanSerializer.serialize(BeanSerializer.java:183) ~[jackson-databind-2.17.1.jar:2.17.1]
	at com.fasterxml.jackson.databind.ser.BeanPropertyWriter.serializeAsField(BeanPropertyWriter.java:732) ~[jackson-databind-2.17.1.jar:2.17.1]
	at com.fasterxml.jackson.databind.ser.std.BeanSerializerBase.serializeFields(BeanSerializerBase.java:770) ~[jackson-databind-2.17.1.jar:2.17.1]
	at com.fasterxml.jackson.databind.ser.BeanSerializer.serialize(BeanSerializer.java:183) ~[jackson-databind-2.17.1.jar:2.17.1]
	at com.fasterxml.jackson.databind.ser.impl.IndexedListSerializer.serializeContents(IndexedListSerializer.java:119) ~[jackson-databind-2.17.1.jar:2.17.1]
	at com.fasterxml.jackson.databind.ser.impl.IndexedListSerializer.serialize(IndexedListSerializer.java:79) ~[jackson-databind-2.17.1.jar:2.17.1]
	at com.fasterxml.jackson.databind.ser.impl.IndexedListSerializer.serialize(IndexedListSerializer.java:18) ~[jackson-databind-2.17.1.jar:2.17.1]
	at com.fasterxml.jackson.databind.ser.BeanPropertyWriter.serializeAsField(BeanPropertyWriter.java:732) ~[jackson-databind-2.17.1.jar:2.17.1]
	at com.fasterxml.jackson.databind.ser.std.BeanSerializerBase.serializeFields(BeanSerializerBase.java:770) ~[jackson-databind-2.17.1.jar:2.17.1]
	at com.fasterxml.jackson.databind.ser.BeanSerializer.serialize(BeanSerializer.java:183) ~[jackson-databind-2.17.1.jar:2.17.1]
	at com.fasterxml.jackson.databind.ser.DefaultSerializerProvider._serialize(DefaultSerializerProvider.java:502) ~[jackson-databind-2.17.1.jar:2.17.1]
	at com.fasterxml.jackson.databind.ser.DefaultSerializerProvider.serializeValue(DefaultSerializerProvider.java:341) ~[jackson-databind-2.17.1.jar:2.17.1]
	at com.fasterxml.jackson.databind.ObjectWriter$Prefetch.serialize(ObjectWriter.java:1574) ~[jackson-databind-2.17.1.jar:2.17.1]
	at com.fasterxml.jackson.databind.ObjectWriter.writeValue(ObjectWriter.java:1061) ~[jackson-databind-2.17.1.jar:2.17.1]
	at org.springframework.http.converter.json.AbstractJackson2HttpMessageConverter.writeInternal(AbstractJackson2HttpMessageConverter.java:483) ~[spring-web-6.1.10.jar:6.1.10]
	at org.springframework.http.converter.AbstractGenericHttpMessageConverter.write(AbstractGenericHttpMessageConverter.java:114) ~[spring-web-6.1.10.jar:6.1.10]
	at org.springframework.web.servlet.mvc.method.annotation.AbstractMessageConverterMethodProcessor.writeWithMessageConverters(AbstractMessageConverterMethodProcessor.java:297) ~[spring-webmvc-6.1.10.jar:6.1.10]
	at org.springframework.web.servlet.mvc.method.annotation.RequestResponseBodyMethodProcessor.handleReturnValue(RequestResponseBodyMethodProcessor.java:192) ~[spring-webmvc-6.1.10.jar:6.1.10]
	at org.springframework.web.method.support.HandlerMethodReturnValueHandlerComposite.handleReturnValue(HandlerMethodReturnValueHandlerComposite.java:78) ~[spring-web-6.1.10.jar:6.1.10]
	at org.springframework.web.servlet.mvc.method.annotation.ServletInvocableHandlerMethod.invokeAndHandle(ServletInvocableHandlerMethod.java:136) ~[spring-webmvc-6.1.10.jar:6.1.10]
	at org.springframework.web.servlet.mvc.method.annotation.RequestMappingHandlerAdapter.invokeHandlerMethod(RequestMappingHandlerAdapter.java:926) ~[spring-webmvc-6.1.10.jar:6.1.10]
	at org.springframework.web.servlet.mvc.method.annotation.RequestMappingHandlerAdapter.handleInternal(RequestMappingHandlerAdapter.java:831) ~[spring-webmvc-6.1.10.jar:6.1.10]
	at org.springframework.web.servlet.mvc.method.AbstractHandlerMethodAdapter.handle(AbstractHandlerMethodAdapter.java:87) ~[spring-webmvc-6.1.10.jar:6.1.10]
	at org.springframework.web.servlet.DispatcherServlet.doDispatch(DispatcherServlet.java:1089) ~[spring-webmvc-6.1.10.jar:6.1.10]
	at org.springframework.web.servlet.DispatcherServlet.doService(DispatcherServlet.java:979) ~[spring-webmvc-6.1.10.jar:6.1.10]
	at org.springframework.web.servlet.FrameworkServlet.processRequest(FrameworkServlet.java:1014) ~[spring-webmvc-6.1.10.jar:6.1.10]
	at org.springframework.web.servlet.FrameworkServlet.doPost(FrameworkServlet.java:914) ~[spring-webmvc-6.1.10.jar:6.1.10]
	at jakarta.servlet.http.HttpServlet.service(HttpServlet.java:547) ~[jakarta.servlet-api-6.0.0.jar:6.0.0]
	at org.springframework.web.servlet.FrameworkServlet.service(FrameworkServlet.java:885) ~[spring-webmvc-6.1.10.jar:6.1.10]
	at jakarta.servlet.http.HttpServlet.service(HttpServlet.java:614) ~[jakarta.servlet-api-6.0.0.jar:6.0.0]
	at io.undertow.servlet.handlers.ServletHandler.handleRequest(ServletHandler.java:74) ~[undertow-servlet-2.3.13.Final.jar:2.3.13.Final]
	at io.undertow.servlet.handlers.FilterHandler$FilterChainImpl.doFilter(FilterHandler.java:129) ~[undertow-servlet-2.3.13.Final.jar:2.3.13.Final]
	at org.springframework.web.filter.CorsFilter.doFilterInternal(CorsFilter.java:91) ~[spring-web-6.1.10.jar:6.1.10]
	at org.springframework.web.filter.OncePerRequestFilter.doFilter(OncePerRequestFilter.java:116) ~[spring-web-6.1.10.jar:6.1.10]
	at io.undertow.servlet.core.ManagedFilter.doFilter(ManagedFilter.java:67) ~[undertow-servlet-2.3.13.Final.jar:2.3.13.Final]
	at io.undertow.servlet.handlers.FilterHandler$FilterChainImpl.doFilter(FilterHandler.java:131) ~[undertow-servlet-2.3.13.Final.jar:2.3.13.Final]
	at org.springframework.web.filter.RequestContextFilter.doFilterInternal(RequestContextFilter.java:100) ~[spring-web-6.1.10.jar:6.1.10]
	at org.springframework.web.filter.OncePerRequestFilter.doFilter(OncePerRequestFilter.java:116) ~[spring-web-6.1.10.jar:6.1.10]
	at io.undertow.servlet.core.ManagedFilter.doFilter(ManagedFilter.java:67) ~[undertow-servlet-2.3.13.Final.jar:2.3.13.Final]
	at io.undertow.servlet.handlers.FilterHandler$FilterChainImpl.doFilter(FilterHandler.java:131) ~[undertow-servlet-2.3.13.Final.jar:2.3.13.Final]
	at org.springframework.web.filter.FormContentFilter.doFilterInternal(FormContentFilter.java:93) ~[spring-web-6.1.10.jar:6.1.10]
	at org.springframework.web.filter.OncePerRequestFilter.doFilter(OncePerRequestFilter.java:116) ~[spring-web-6.1.10.jar:6.1.10]
	at io.undertow.servlet.core.ManagedFilter.doFilter(ManagedFilter.java:67) ~[undertow-servlet-2.3.13.Final.jar:2.3.13.Final]
	at io.undertow.servlet.handlers.FilterHandler$FilterChainImpl.doFilter(FilterHandler.java:131) ~[undertow-servlet-2.3.13.Final.jar:2.3.13.Final]
	at org.springframework.web.filter.CharacterEncodingFilter.doFilterInternal(CharacterEncodingFilter.java:201) ~[spring-web-6.1.10.jar:6.1.10]
	at org.springframework.web.filter.OncePerRequestFilter.doFilter(OncePerRequestFilter.java:116) ~[spring-web-6.1.10.jar:6.1.10]
	at io.undertow.servlet.core.ManagedFilter.doFilter(ManagedFilter.java:67) ~[undertow-servlet-2.3.13.Final.jar:2.3.13.Final]
	at io.undertow.servlet.handlers.FilterHandler$FilterChainImpl.doFilter(FilterHandler.java:131) ~[undertow-servlet-2.3.13.Final.jar:2.3.13.Final]
	at io.undertow.servlet.handlers.FilterHandler.handleRequest(FilterHandler.java:84) ~[undertow-servlet-2.3.13.Final.jar:2.3.13.Final]
	at io.undertow.servlet.handlers.security.ServletSecurityRoleHandler.handleRequest(ServletSecurityRoleHandler.java:62) ~[undertow-servlet-2.3.13.Final.jar:2.3.13.Final]
	at io.undertow.servlet.handlers.ServletChain$1.handleRequest(ServletChain.java:68) ~[undertow-servlet-2.3.13.Final.jar:2.3.13.Final]
	at io.undertow.servlet.handlers.ServletDispatchingHandler.handleRequest(ServletDispatchingHandler.java:36) ~[undertow-servlet-2.3.13.Final.jar:2.3.13.Final]
	at io.undertow.servlet.handlers.RedirectDirHandler.handleRequest(RedirectDirHandler.java:68) ~[undertow-servlet-2.3.13.Final.jar:2.3.13.Final]
	at io.undertow.servlet.handlers.security.SSLInformationAssociationHandler.handleRequest(SSLInformationAssociationHandler.java:117) ~[undertow-servlet-2.3.13.Final.jar:2.3.13.Final]
	at io.undertow.servlet.handlers.security.ServletAuthenticationCallHandler.handleRequest(ServletAuthenticationCallHandler.java:57) ~[undertow-servlet-2.3.13.Final.jar:2.3.13.Final]
	at io.undertow.server.handlers.PredicateHandler.handleRequest(PredicateHandler.java:43) ~[undertow-core-2.3.13.Final.jar:2.3.13.Final]
	at io.undertow.security.handlers.AbstractConfidentialityHandler.handleRequest(AbstractConfidentialityHandler.java:46) ~[undertow-core-2.3.13.Final.jar:2.3.13.Final]
	at io.undertow.servlet.handlers.security.ServletConfidentialityConstraintHandler.handleRequest(ServletConfidentialityConstraintHandler.java:64) ~[undertow-servlet-2.3.13.Final.jar:2.3.13.Final]
	at io.undertow.security.handlers.AuthenticationMechanismsHandler.handleRequest(AuthenticationMechanismsHandler.java:60) ~[undertow-core-2.3.13.Final.jar:2.3.13.Final]
	at io.undertow.servlet.handlers.security.CachedAuthenticatedSessionHandler.handleRequest(CachedAuthenticatedSessionHandler.java:77) ~[undertow-servlet-2.3.13.Final.jar:2.3.13.Final]
	at io.undertow.security.handlers.AbstractSecurityContextAssociationHandler.handleRequest(AbstractSecurityContextAssociationHandler.java:43) ~[undertow-core-2.3.13.Final.jar:2.3.13.Final]
	at io.undertow.server.handlers.PredicateHandler.handleRequest(PredicateHandler.java:43) ~[undertow-core-2.3.13.Final.jar:2.3.13.Final]
	at io.undertow.servlet.handlers.SendErrorPageHandler.handleRequest(SendErrorPageHandler.java:52) ~[undertow-servlet-2.3.13.Final.jar:2.3.13.Final]
	at io.undertow.server.handlers.PredicateHandler.handleRequest(PredicateHandler.java:43) ~[undertow-core-2.3.13.Final.jar:2.3.13.Final]
	at io.undertow.servlet.handlers.ServletInitialHandler.handleFirstRequest(ServletInitialHandler.java:276) ~[undertow-servlet-2.3.13.Final.jar:2.3.13.Final]
	at io.undertow.servlet.handlers.ServletInitialHandler$2.call(ServletInitialHandler.java:135) ~[undertow-servlet-2.3.13.Final.jar:2.3.13.Final]
	at io.undertow.servlet.handlers.ServletInitialHandler$2.call(ServletInitialHandler.java:132) ~[undertow-servlet-2.3.13.Final.jar:2.3.13.Final]
	at io.undertow.servlet.core.ServletRequestContextThreadSetupAction$1.call(ServletRequestContextThreadSetupAction.java:48) ~[undertow-servlet-2.3.13.Final.jar:2.3.13.Final]
	at io.undertow.servlet.core.ContextClassLoaderSetupAction$1.call(ContextClassLoaderSetupAction.java:43) ~[undertow-servlet-2.3.13.Final.jar:2.3.13.Final]
	at io.undertow.servlet.handlers.ServletInitialHandler.dispatchRequest(ServletInitialHandler.java:256) ~[undertow-servlet-2.3.13.Final.jar:2.3.13.Final]
	at io.undertow.servlet.handlers.ServletInitialHandler$1.handleRequest(ServletInitialHandler.java:101) ~[undertow-servlet-2.3.13.Final.jar:2.3.13.Final]
	at io.undertow.server.Connectors.executeRootHandler(Connectors.java:393) ~[undertow-core-2.3.13.Final.jar:2.3.13.Final]
	at io.undertow.server.HttpServerExchange$1.run(HttpServerExchange.java:859) ~[undertow-core-2.3.13.Final.jar:2.3.13.Final]
	at org.jboss.threads.ContextHandler$1.runWith(ContextHandler.java:18) ~[jboss-threads-3.5.0.Final.jar:3.5.0.Final]
	at org.jboss.threads.EnhancedQueueExecutor$Task.run(EnhancedQueueExecutor.java:2513) ~[jboss-threads-3.5.0.Final.jar:3.5.0.Final]
	at org.jboss.threads.EnhancedQueueExecutor$ThreadBody.run(EnhancedQueueExecutor.java:1538) ~[jboss-threads-3.5.0.Final.jar:3.5.0.Final]
	at org.xnio.XnioWorker$WorkerThreadFactory$1$1.run(XnioWorker.java:1282) ~[xnio-api-3.8.8.Final.jar:3.8.8.Final]
	at java.base/java.lang.Thread.run(Thread.java:1583) [?:?]
	Suppressed: org.springframework.web.context.request.async.AsyncRequestNotUsableException: Response not usable after response errors.
		at org.springframework.web.context.request.async.StandardServletAsyncWebRequest$LifecycleHttpServletResponse.obtainLockAndCheckState(StandardServletAsyncWebRequest.java:314) ~[spring-web-6.1.10.jar:6.1.10]
		at org.springframework.web.context.request.async.StandardServletAsyncWebRequest$LifecycleServletOutputStream.write(StandardServletAsyncWebRequest.java:373) ~[spring-web-6.1.10.jar:6.1.10]
		at org.springframework.util.StreamUtils$NonClosingOutputStream.write(StreamUtils.java:261) ~[spring-core-6.1.10.jar:6.1.10]
		at com.fasterxml.jackson.core.json.UTF8JsonGenerator._flushBuffer(UTF8JsonGenerator.java:2210) ~[jackson-core-2.17.1.jar:2.17.1]
		at com.fasterxml.jackson.core.json.UTF8JsonGenerator.close(UTF8JsonGenerator.java:1234) ~[jackson-core-2.17.1.jar:2.17.1]
		at org.springframework.http.converter.json.AbstractJackson2HttpMessageConverter.writeInternal(AbstractJackson2HttpMessageConverter.java:452) ~[spring-web-6.1.10.jar:6.1.10]
		at org.springframework.http.converter.AbstractGenericHttpMessageConverter.write(AbstractGenericHttpMessageConverter.java:114) ~[spring-web-6.1.10.jar:6.1.10]
		at org.springframework.web.servlet.mvc.method.annotation.AbstractMessageConverterMethodProcessor.writeWithMessageConverters(AbstractMessageConverterMethodProcessor.java:297) ~[spring-webmvc-6.1.10.jar:6.1.10]
		at org.springframework.web.servlet.mvc.method.annotation.RequestResponseBodyMethodProcessor.handleReturnValue(RequestResponseBodyMethodProcessor.java:192) ~[spring-webmvc-6.1.10.jar:6.1.10]
		at org.springframework.web.method.support.HandlerMethodReturnValueHandlerComposite.handleReturnValue(HandlerMethodReturnValueHandlerComposite.java:78) ~[spring-web-6.1.10.jar:6.1.10]
		at org.springframework.web.servlet.mvc.method.annotation.ServletInvocableHandlerMethod.invokeAndHandle(ServletInvocableHandlerMethod.java:136) ~[spring-webmvc-6.1.10.jar:6.1.10]
		at org.springframework.web.servlet.mvc.method.annotation.RequestMappingHandlerAdapter.invokeHandlerMethod(RequestMappingHandlerAdapter.java:926) ~[spring-webmvc-6.1.10.jar:6.1.10]
		at org.springframework.web.servlet.mvc.method.annotation.RequestMappingHandlerAdapter.handleInternal(RequestMappingHandlerAdapter.java:831) ~[spring-webmvc-6.1.10.jar:6.1.10]
		at org.springframework.web.servlet.mvc.method.AbstractHandlerMethodAdapter.handle(AbstractHandlerMethodAdapter.java:87) ~[spring-webmvc-6.1.10.jar:6.1.10]
		at org.springframework.web.servlet.DispatcherServlet.doDispatch(DispatcherServlet.java:1089) ~[spring-webmvc-6.1.10.jar:6.1.10]
		at org.springframework.web.servlet.DispatcherServlet.doService(DispatcherServlet.java:979) ~[spring-webmvc-6.1.10.jar:6.1.10]
		at org.springframework.web.servlet.FrameworkServlet.processRequest(FrameworkServlet.java:1014) ~[spring-webmvc-6.1.10.jar:6.1.10]
		at org.springframework.web.servlet.FrameworkServlet.doPost(FrameworkServlet.java:914) ~[spring-webmvc-6.1.10.jar:6.1.10]
		at jakarta.servlet.http.HttpServlet.service(HttpServlet.java:547) ~[jakarta.servlet-api-6.0.0.jar:6.0.0]
		at org.springframework.web.servlet.FrameworkServlet.service(FrameworkServlet.java:885) ~[spring-webmvc-6.1.10.jar:6.1.10]
		at jakarta.servlet.http.HttpServlet.service(HttpServlet.java:614) ~[jakarta.servlet-api-6.0.0.jar:6.0.0]
		at io.undertow.servlet.handlers.ServletHandler.handleRequest(ServletHandler.java:74) ~[undertow-servlet-2.3.13.Final.jar:2.3.13.Final]
		at io.undertow.servlet.handlers.FilterHandler$FilterChainImpl.doFilter(FilterHandler.java:129) ~[undertow-servlet-2.3.13.Final.jar:2.3.13.Final]
		at org.springframework.web.filter.CorsFilter.doFilterInternal(CorsFilter.java:91) ~[spring-web-6.1.10.jar:6.1.10]
		at org.springframework.web.filter.OncePerRequestFilter.doFilter(OncePerRequestFilter.java:116) ~[spring-web-6.1.10.jar:6.1.10]
		at io.undertow.servlet.core.ManagedFilter.doFilter(ManagedFilter.java:67) ~[undertow-servlet-2.3.13.Final.jar:2.3.13.Final]
		at io.undertow.servlet.handlers.FilterHandler$FilterChainImpl.doFilter(FilterHandler.java:131) ~[undertow-servlet-2.3.13.Final.jar:2.3.13.Final]
		at org.springframework.web.filter.RequestContextFilter.doFilterInternal(RequestContextFilter.java:100) ~[spring-web-6.1.10.jar:6.1.10]
		at org.springframework.web.filter.OncePerRequestFilter.doFilter(OncePerRequestFilter.java:116) ~[spring-web-6.1.10.jar:6.1.10]
		at io.undertow.servlet.core.ManagedFilter.doFilter(ManagedFilter.java:67) ~[undertow-servlet-2.3.13.Final.jar:2.3.13.Final]
		at io.undertow.servlet.handlers.FilterHandler$FilterChainImpl.doFilter(FilterHandler.java:131) ~[undertow-servlet-2.3.13.Final.jar:2.3.13.Final]
		at org.springframework.web.filter.FormContentFilter.doFilterInternal(FormContentFilter.java:93) ~[spring-web-6.1.10.jar:6.1.10]
		at org.springframework.web.filter.OncePerRequestFilter.doFilter(OncePerRequestFilter.java:116) ~[spring-web-6.1.10.jar:6.1.10]
		at io.undertow.servlet.core.ManagedFilter.doFilter(ManagedFilter.java:67) ~[undertow-servlet-2.3.13.Final.jar:2.3.13.Final]
		at io.undertow.servlet.handlers.FilterHandler$FilterChainImpl.doFilter(FilterHandler.java:131) ~[undertow-servlet-2.3.13.Final.jar:2.3.13.Final]
		at org.springframework.web.filter.CharacterEncodingFilter.doFilterInternal(CharacterEncodingFilter.java:201) ~[spring-web-6.1.10.jar:6.1.10]
		at org.springframework.web.filter.OncePerRequestFilter.doFilter(OncePerRequestFilter.java:116) ~[spring-web-6.1.10.jar:6.1.10]
		at io.undertow.servlet.core.ManagedFilter.doFilter(ManagedFilter.java:67) ~[undertow-servlet-2.3.13.Final.jar:2.3.13.Final]
		at io.undertow.servlet.handlers.FilterHandler$FilterChainImpl.doFilter(FilterHandler.java:131) ~[undertow-servlet-2.3.13.Final.jar:2.3.13.Final]
		at io.undertow.servlet.handlers.FilterHandler.handleRequest(FilterHandler.java:84) ~[undertow-servlet-2.3.13.Final.jar:2.3.13.Final]
		at io.undertow.servlet.handlers.security.ServletSecurityRoleHandler.handleRequest(ServletSecurityRoleHandler.java:62) ~[undertow-servlet-2.3.13.Final.jar:2.3.13.Final]
		at io.undertow.servlet.handlers.ServletChain$1.handleRequest(ServletChain.java:68) ~[undertow-servlet-2.3.13.Final.jar:2.3.13.Final]
		at io.undertow.servlet.handlers.ServletDispatchingHandler.handleRequest(ServletDispatchingHandler.java:36) ~[undertow-servlet-2.3.13.Final.jar:2.3.13.Final]
		at io.undertow.servlet.handlers.RedirectDirHandler.handleRequest(RedirectDirHandler.java:68) ~[undertow-servlet-2.3.13.Final.jar:2.3.13.Final]
		at io.undertow.servlet.handlers.security.SSLInformationAssociationHandler.handleRequest(SSLInformationAssociationHandler.java:117) ~[undertow-servlet-2.3.13.Final.jar:2.3.13.Final]
		at io.undertow.servlet.handlers.security.ServletAuthenticationCallHandler.handleRequest(ServletAuthenticationCallHandler.java:57) ~[undertow-servlet-2.3.13.Final.jar:2.3.13.Final]
		at io.undertow.server.handlers.PredicateHandler.handleRequest(PredicateHandler.java:43) ~[undertow-core-2.3.13.Final.jar:2.3.13.Final]
		at io.undertow.security.handlers.AbstractConfidentialityHandler.handleRequest(AbstractConfidentialityHandler.java:46) ~[undertow-core-2.3.13.Final.jar:2.3.13.Final]
		at io.undertow.servlet.handlers.security.ServletConfidentialityConstraintHandler.handleRequest(ServletConfidentialityConstraintHandler.java:64) ~[undertow-servlet-2.3.13.Final.jar:2.3.13.Final]
		at io.undertow.security.handlers.AuthenticationMechanismsHandler.handleRequest(AuthenticationMechanismsHandler.java:60) ~[undertow-core-2.3.13.Final.jar:2.3.13.Final]
		at io.undertow.servlet.handlers.security.CachedAuthenticatedSessionHandler.handleRequest(CachedAuthenticatedSessionHandler.java:77) ~[undertow-servlet-2.3.13.Final.jar:2.3.13.Final]
		at io.undertow.security.handlers.AbstractSecurityContextAssociationHandler.handleRequest(AbstractSecurityContextAssociationHandler.java:43) ~[undertow-core-2.3.13.Final.jar:2.3.13.Final]
		at io.undertow.server.handlers.PredicateHandler.handleRequest(PredicateHandler.java:43) ~[undertow-core-2.3.13.Final.jar:2.3.13.Final]
		at io.undertow.servlet.handlers.SendErrorPageHandler.handleRequest(SendErrorPageHandler.java:52) ~[undertow-servlet-2.3.13.Final.jar:2.3.13.Final]
		at io.undertow.server.handlers.PredicateHandler.handleRequest(PredicateHandler.java:43) ~[undertow-core-2.3.13.Final.jar:2.3.13.Final]
		at io.undertow.servlet.handlers.ServletInitialHandler.handleFirstRequest(ServletInitialHandler.java:276) ~[undertow-servlet-2.3.13.Final.jar:2.3.13.Final]
		at io.undertow.servlet.handlers.ServletInitialHandler$2.call(ServletInitialHandler.java:135) ~[undertow-servlet-2.3.13.Final.jar:2.3.13.Final]
		at io.undertow.servlet.handlers.ServletInitialHandler$2.call(ServletInitialHandler.java:132) ~[undertow-servlet-2.3.13.Final.jar:2.3.13.Final]
		at io.undertow.servlet.core.ServletRequestContextThreadSetupAction$1.call(ServletRequestContextThreadSetupAction.java:48) ~[undertow-servlet-2.3.13.Final.jar:2.3.13.Final]
		at io.undertow.servlet.core.ContextClassLoaderSetupAction$1.call(ContextClassLoaderSetupAction.java:43) ~[undertow-servlet-2.3.13.Final.jar:2.3.13.Final]
		at io.undertow.servlet.handlers.ServletInitialHandler.dispatchRequest(ServletInitialHandler.java:256) ~[undertow-servlet-2.3.13.Final.jar:2.3.13.Final]
		at io.undertow.servlet.handlers.ServletInitialHandler$1.handleRequest(ServletInitialHandler.java:101) ~[undertow-servlet-2.3.13.Final.jar:2.3.13.Final]
		at io.undertow.server.Connectors.executeRootHandler(Connectors.java:393) ~[undertow-core-2.3.13.Final.jar:2.3.13.Final]
		at io.undertow.server.HttpServerExchange$1.run(HttpServerExchange.java:859) ~[undertow-core-2.3.13.Final.jar:2.3.13.Final]
		at org.jboss.threads.ContextHandler$1.runWith(ContextHandler.java:18) ~[jboss-threads-3.5.0.Final.jar:3.5.0.Final]
		at org.jboss.threads.EnhancedQueueExecutor$Task.run(EnhancedQueueExecutor.java:2513) ~[jboss-threads-3.5.0.Final.jar:3.5.0.Final]
		at org.jboss.threads.EnhancedQueueExecutor$ThreadBody.run(EnhancedQueueExecutor.java:1538) ~[jboss-threads-3.5.0.Final.jar:3.5.0.Final]
		at org.xnio.XnioWorker$WorkerThreadFactory$1$1.run(XnioWorker.java:1282) ~[xnio-api-3.8.8.Final.jar:3.8.8.Final]
		at java.base/java.lang.Thread.run(Thread.java:1583) [?:?]
Caused by: java.io.IOException: Broken pipe
	at java.base/sun.nio.ch.SocketDispatcher.write0(Native Method) ~[?:?]
	at java.base/sun.nio.ch.SocketDispatcher.write(SocketDispatcher.java:62) ~[?:?]
	at java.base/sun.nio.ch.IOUtil.writeFromNativeBuffer(IOUtil.java:137) ~[?:?]
	at java.base/sun.nio.ch.IOUtil.write(IOUtil.java:81) ~[?:?]
	at java.base/sun.nio.ch.IOUtil.write(IOUtil.java:58) ~[?:?]
	at java.base/sun.nio.ch.SocketChannelImpl.write(SocketChannelImpl.java:542) ~[?:?]
	at org.xnio.nio.NioSocketConduit.write(NioSocketConduit.java:153) ~[xnio-nio-3.8.8.Final.jar:3.8.8.Final]
	at io.undertow.server.protocol.http.HttpResponseConduit.write(HttpResponseConduit.java:629) ~[undertow-core-2.3.13.Final.jar:2.3.13.Final]
	at org.xnio.conduits.AbstractStreamSinkConduit.write(AbstractStreamSinkConduit.java:51) ~[xnio-api-3.8.8.Final.jar:3.8.8.Final]
	at io.undertow.conduits.DeflatingStreamSinkConduit.performFlushIfRequiredSingleBuffer(DeflatingStreamSinkConduit.java:445) ~[undertow-core-2.3.13.Final.jar:2.3.13.Final]
	at io.undertow.conduits.DeflatingStreamSinkConduit.performFlushIfRequired(DeflatingStreamSinkConduit.java:432) ~[undertow-core-2.3.13.Final.jar:2.3.13.Final]
	at io.undertow.conduits.DeflatingStreamSinkConduit.deflateData(DeflatingStreamSinkConduit.java:522) ~[undertow-core-2.3.13.Final.jar:2.3.13.Final]
	at io.undertow.conduits.DeflatingStreamSinkConduit.write(DeflatingStreamSinkConduit.java:130) ~[undertow-core-2.3.13.Final.jar:2.3.13.Final]
	at io.undertow.conduits.DeflatingStreamSinkConduit.write(DeflatingStreamSinkConduit.java:165) ~[undertow-core-2.3.13.Final.jar:2.3.13.Final]
	at org.xnio.conduits.ConduitStreamSinkChannel.write(ConduitStreamSinkChannel.java:158) ~[xnio-api-3.8.8.Final.jar:3.8.8.Final]
	at io.undertow.channels.DetachableStreamSinkChannel.write(DetachableStreamSinkChannel.java:179) ~[undertow-core-2.3.13.Final.jar:2.3.13.Final]
	at io.undertow.server.HttpServerExchange$WriteDispatchChannel.write(HttpServerExchange.java:2172) ~[undertow-core-2.3.13.Final.jar:2.3.13.Final]
	at org.xnio.channels.Channels.writeBlocking(Channels.java:202) ~[xnio-api-3.8.8.Final.jar:3.8.8.Final]
	at io.undertow.servlet.spec.ServletOutputStreamImpl.writeTooLargeForBuffer(ServletOutputStreamImpl.java:201) ~[undertow-servlet-2.3.13.Final.jar:2.3.13.Final]
	at io.undertow.servlet.spec.ServletOutputStreamImpl.write(ServletOutputStreamImpl.java:149) ~[undertow-servlet-2.3.13.Final.jar:2.3.13.Final]
	at org.springframework.web.context.request.async.StandardServletAsyncWebRequest$LifecycleServletOutputStream.write(StandardServletAsyncWebRequest.java:375) ~[spring-web-6.1.10.jar:6.1.10]
	... 86 more
[2026-05-21 10:59:59.647] INFO scheduling-1 com.jts.gjcxfzksh.task.RemoveLoadTask[37] - 执行定时清理任务... 
[2026-05-21 11:00:00.706] ERROR XNIO-1 task-10 com.jts.gjcxfzksh.exception.handler.GlobalExceptionHandler[63] - 请求地址'/pt/network/tile',发生系统异常. 
org.springframework.web.context.request.async.AsyncRequestNotUsableException: ServletOutputStream failed to write: Broken pipe
	at org.springframework.web.context.request.async.StandardServletAsyncWebRequest$LifecycleHttpServletResponse.handleIOException(StandardServletAsyncWebRequest.java:320) ~[spring-web-6.1.10.jar:6.1.10]
	at org.springframework.web.context.request.async.StandardServletAsyncWebRequest$LifecycleServletOutputStream.write(StandardServletAsyncWebRequest.java:378) ~[spring-web-6.1.10.jar:6.1.10]
	at org.springframework.util.StreamUtils$NonClosingOutputStream.write(StreamUtils.java:261) ~[spring-core-6.1.10.jar:6.1.10]
	at com.fasterxml.jackson.core.json.UTF8JsonGenerator._flushBuffer(UTF8JsonGenerator.java:2210) ~[jackson-core-2.17.1.jar:2.17.1]
	at com.fasterxml.jackson.core.json.UTF8JsonGenerator.writeString(UTF8JsonGenerator.java:528) ~[jackson-core-2.17.1.jar:2.17.1]
	at com.fasterxml.jackson.databind.ser.std.StringSerializer.serialize(StringSerializer.java:41) ~[jackson-databind-2.17.1.jar:2.17.1]
	at com.fasterxml.jackson.databind.ser.BeanPropertyWriter.serializeAsField(BeanPropertyWriter.java:732) ~[jackson-databind-2.17.1.jar:2.17.1]
	at com.fasterxml.jackson.databind.ser.std.BeanSerializerBase.serializeFields(BeanSerializerBase.java:770) ~[jackson-databind-2.17.1.jar:2.17.1]
	at com.fasterxml.jackson.databind.ser.BeanSerializer.serialize(BeanSerializer.java:183) ~[jackson-databind-2.17.1.jar:2.17.1]
	at com.fasterxml.jackson.databind.ser.impl.IndexedListSerializer.serializeContents(IndexedListSerializer.java:119) ~[jackson-databind-2.17.1.jar:2.17.1]
	at com.fasterxml.jackson.databind.ser.impl.IndexedListSerializer.serialize(IndexedListSerializer.java:79) ~[jackson-databind-2.17.1.jar:2.17.1]
	at com.fasterxml.jackson.databind.ser.impl.IndexedListSerializer.serialize(IndexedListSerializer.java:18) ~[jackson-databind-2.17.1.jar:2.17.1]
	at com.fasterxml.jackson.databind.ser.BeanPropertyWriter.serializeAsField(BeanPropertyWriter.java:732) ~[jackson-databind-2.17.1.jar:2.17.1]
	at com.fasterxml.jackson.databind.ser.std.BeanSerializerBase.serializeFields(BeanSerializerBase.java:770) ~[jackson-databind-2.17.1.jar:2.17.1]
	at com.fasterxml.jackson.databind.ser.BeanSerializer.serialize(BeanSerializer.java:183) ~[jackson-databind-2.17.1.jar:2.17.1]
	at com.fasterxml.jackson.databind.ser.DefaultSerializerProvider._serialize(DefaultSerializerProvider.java:502) ~[jackson-databind-2.17.1.jar:2.17.1]
	at com.fasterxml.jackson.databind.ser.DefaultSerializerProvider.serializeValue(DefaultSerializerProvider.java:341) ~[jackson-databind-2.17.1.jar:2.17.1]
	at com.fasterxml.jackson.databind.ObjectWriter$Prefetch.serialize(ObjectWriter.java:1574) ~[jackson-databind-2.17.1.jar:2.17.1]
	at com.fasterxml.jackson.databind.ObjectWriter.writeValue(ObjectWriter.java:1061) ~[jackson-databind-2.17.1.jar:2.17.1]
	at org.springframework.http.converter.json.AbstractJackson2HttpMessageConverter.writeInternal(AbstractJackson2HttpMessageConverter.java:483) ~[spring-web-6.1.10.jar:6.1.10]
	at org.springframework.http.converter.AbstractGenericHttpMessageConverter.write(AbstractGenericHttpMessageConverter.java:114) ~[spring-web-6.1.10.jar:6.1.10]
	at org.springframework.web.servlet.mvc.method.annotation.AbstractMessageConverterMethodProcessor.writeWithMessageConverters(AbstractMessageConverterMethodProcessor.java:297) ~[spring-webmvc-6.1.10.jar:6.1.10]
	at org.springframework.web.servlet.mvc.method.annotation.RequestResponseBodyMethodProcessor.handleReturnValue(RequestResponseBodyMethodProcessor.java:192) ~[spring-webmvc-6.1.10.jar:6.1.10]
	at org.springframework.web.method.support.HandlerMethodReturnValueHandlerComposite.handleReturnValue(HandlerMethodReturnValueHandlerComposite.java:78) ~[spring-web-6.1.10.jar:6.1.10]
	at org.springframework.web.servlet.mvc.method.annotation.ServletInvocableHandlerMethod.invokeAndHandle(ServletInvocableHandlerMethod.java:136) ~[spring-webmvc-6.1.10.jar:6.1.10]
	at org.springframework.web.servlet.mvc.method.annotation.RequestMappingHandlerAdapter.invokeHandlerMethod(RequestMappingHandlerAdapter.java:926) ~[spring-webmvc-6.1.10.jar:6.1.10]
	at org.springframework.web.servlet.mvc.method.annotation.RequestMappingHandlerAdapter.handleInternal(RequestMappingHandlerAdapter.java:831) ~[spring-webmvc-6.1.10.jar:6.1.10]
	at org.springframework.web.servlet.mvc.method.AbstractHandlerMethodAdapter.handle(AbstractHandlerMethodAdapter.java:87) ~[spring-webmvc-6.1.10.jar:6.1.10]
	at org.springframework.web.servlet.DispatcherServlet.doDispatch(DispatcherServlet.java:1089) ~[spring-webmvc-6.1.10.jar:6.1.10]
	at org.springframework.web.servlet.DispatcherServlet.doService(DispatcherServlet.java:979) ~[spring-webmvc-6.1.10.jar:6.1.10]
	at org.springframework.web.servlet.FrameworkServlet.processRequest(FrameworkServlet.java:1014) ~[spring-webmvc-6.1.10.jar:6.1.10]
	at org.springframework.web.servlet.FrameworkServlet.doPost(FrameworkServlet.java:914) ~[spring-webmvc-6.1.10.jar:6.1.10]
	at jakarta.servlet.http.HttpServlet.service(HttpServlet.java:547) ~[jakarta.servlet-api-6.0.0.jar:6.0.0]
	at org.springframework.web.servlet.FrameworkServlet.service(FrameworkServlet.java:885) ~[spring-webmvc-6.1.10.jar:6.1.10]
	at jakarta.servlet.http.HttpServlet.service(HttpServlet.java:614) ~[jakarta.servlet-api-6.0.0.jar:6.0.0]
	at io.undertow.servlet.handlers.ServletHandler.handleRequest(ServletHandler.java:74) ~[undertow-servlet-2.3.13.Final.jar:2.3.13.Final]
	at io.undertow.servlet.handlers.FilterHandler$FilterChainImpl.doFilter(FilterHandler.java:129) ~[undertow-servlet-2.3.13.Final.jar:2.3.13.Final]
	at org.springframework.web.filter.CorsFilter.doFilterInternal(CorsFilter.java:91) ~[spring-web-6.1.10.jar:6.1.10]
	at org.springframework.web.filter.OncePerRequestFilter.doFilter(OncePerRequestFilter.java:116) ~[spring-web-6.1.10.jar:6.1.10]
	at io.undertow.servlet.core.ManagedFilter.doFilter(ManagedFilter.java:67) ~[undertow-servlet-2.3.13.Final.jar:2.3.13.Final]
	at io.undertow.servlet.handlers.FilterHandler$FilterChainImpl.doFilter(FilterHandler.java:131) ~[undertow-servlet-2.3.13.Final.jar:2.3.13.Final]
	at org.springframework.web.filter.RequestContextFilter.doFilterInternal(RequestContextFilter.java:100) ~[spring-web-6.1.10.jar:6.1.10]
	at org.springframework.web.filter.OncePerRequestFilter.doFilter(OncePerRequestFilter.java:116) ~[spring-web-6.1.10.jar:6.1.10]
	at io.undertow.servlet.core.ManagedFilter.doFilter(ManagedFilter.java:67) ~[undertow-servlet-2.3.13.Final.jar:2.3.13.Final]
	at io.undertow.servlet.handlers.FilterHandler$FilterChainImpl.doFilter(FilterHandler.java:131) ~[undertow-servlet-2.3.13.Final.jar:2.3.13.Final]
	at org.springframework.web.filter.FormContentFilter.doFilterInternal(FormContentFilter.java:93) ~[spring-web-6.1.10.jar:6.1.10]
	at org.springframework.web.filter.OncePerRequestFilter.doFilter(OncePerRequestFilter.java:116) ~[spring-web-6.1.10.jar:6.1.10]
	at io.undertow.servlet.core.ManagedFilter.doFilter(ManagedFilter.java:67) ~[undertow-servlet-2.3.13.Final.jar:2.3.13.Final]
	at io.undertow.servlet.handlers.FilterHandler$FilterChainImpl.doFilter(FilterHandler.java:131) ~[undertow-servlet-2.3.13.Final.jar:2.3.13.Final]
	at org.springframework.web.filter.CharacterEncodingFilter.doFilterInternal(CharacterEncodingFilter.java:201) ~[spring-web-6.1.10.jar:6.1.10]
	at org.springframework.web.filter.OncePerRequestFilter.doFilter(OncePerRequestFilter.java:116) ~[spring-web-6.1.10.jar:6.1.10]
	at io.undertow.servlet.core.ManagedFilter.doFilter(ManagedFilter.java:67) ~[undertow-servlet-2.3.13.Final.jar:2.3.13.Final]
	at io.undertow.servlet.handlers.FilterHandler$FilterChainImpl.doFilter(FilterHandler.java:131) ~[undertow-servlet-2.3.13.Final.jar:2.3.13.Final]
	at io.undertow.servlet.handlers.FilterHandler.handleRequest(FilterHandler.java:84) ~[undertow-servlet-2.3.13.Final.jar:2.3.13.Final]
	at io.undertow.servlet.handlers.security.ServletSecurityRoleHandler.handleRequest(ServletSecurityRoleHandler.java:62) ~[undertow-servlet-2.3.13.Final.jar:2.3.13.Final]
	at io.undertow.servlet.handlers.ServletChain$1.handleRequest(ServletChain.java:68) ~[undertow-servlet-2.3.13.Final.jar:2.3.13.Final]
	at io.undertow.servlet.handlers.ServletDispatchingHandler.handleRequest(ServletDispatchingHandler.java:36) ~[undertow-servlet-2.3.13.Final.jar:2.3.13.Final]
	at io.undertow.servlet.handlers.RedirectDirHandler.handleRequest(RedirectDirHandler.java:68) ~[undertow-servlet-2.3.13.Final.jar:2.3.13.Final]
	at io.undertow.servlet.handlers.security.SSLInformationAssociationHandler.handleRequest(SSLInformationAssociationHandler.java:117) ~[undertow-servlet-2.3.13.Final.jar:2.3.13.Final]
	at io.undertow.servlet.handlers.security.ServletAuthenticationCallHandler.handleRequest(ServletAuthenticationCallHandler.java:57) ~[undertow-servlet-2.3.13.Final.jar:2.3.13.Final]
	at io.undertow.server.handlers.PredicateHandler.handleRequest(PredicateHandler.java:43) ~[undertow-core-2.3.13.Final.jar:2.3.13.Final]
	at io.undertow.security.handlers.AbstractConfidentialityHandler.handleRequest(AbstractConfidentialityHandler.java:46) ~[undertow-core-2.3.13.Final.jar:2.3.13.Final]
	at io.undertow.servlet.handlers.security.ServletConfidentialityConstraintHandler.handleRequest(ServletConfidentialityConstraintHandler.java:64) ~[undertow-servlet-2.3.13.Final.jar:2.3.13.Final]
	at io.undertow.security.handlers.AuthenticationMechanismsHandler.handleRequest(AuthenticationMechanismsHandler.java:60) ~[undertow-core-2.3.13.Final.jar:2.3.13.Final]
	at io.undertow.servlet.handlers.security.CachedAuthenticatedSessionHandler.handleRequest(CachedAuthenticatedSessionHandler.java:77) ~[undertow-servlet-2.3.13.Final.jar:2.3.13.Final]
	at io.undertow.security.handlers.AbstractSecurityContextAssociationHandler.handleRequest(AbstractSecurityContextAssociationHandler.java:43) ~[undertow-core-2.3.13.Final.jar:2.3.13.Final]
	at io.undertow.server.handlers.PredicateHandler.handleRequest(PredicateHandler.java:43) ~[undertow-core-2.3.13.Final.jar:2.3.13.Final]
	at io.undertow.servlet.handlers.SendErrorPageHandler.handleRequest(SendErrorPageHandler.java:52) ~[undertow-servlet-2.3.13.Final.jar:2.3.13.Final]
	at io.undertow.server.handlers.PredicateHandler.handleRequest(PredicateHandler.java:43) ~[undertow-core-2.3.13.Final.jar:2.3.13.Final]
	at io.undertow.servlet.handlers.ServletInitialHandler.handleFirstRequest(ServletInitialHandler.java:276) ~[undertow-servlet-2.3.13.Final.jar:2.3.13.Final]
	at io.undertow.servlet.handlers.ServletInitialHandler$2.call(ServletInitialHandler.java:135) ~[undertow-servlet-2.3.13.Final.jar:2.3.13.Final]
	at io.undertow.servlet.handlers.ServletInitialHandler$2.call(ServletInitialHandler.java:132) ~[undertow-servlet-2.3.13.Final.jar:2.3.13.Final]
	at io.undertow.servlet.core.ServletRequestContextThreadSetupAction$1.call(ServletRequestContextThreadSetupAction.java:48) ~[undertow-servlet-2.3.13.Final.jar:2.3.13.Final]
	at io.undertow.servlet.core.ContextClassLoaderSetupAction$1.call(ContextClassLoaderSetupAction.java:43) ~[undertow-servlet-2.3.13.Final.jar:2.3.13.Final]
	at io.undertow.servlet.handlers.ServletInitialHandler.dispatchRequest(ServletInitialHandler.java:256) ~[undertow-servlet-2.3.13.Final.jar:2.3.13.Final]
	at io.undertow.servlet.handlers.ServletInitialHandler$1.handleRequest(ServletInitialHandler.java:101) ~[undertow-servlet-2.3.13.Final.jar:2.3.13.Final]
	at io.undertow.server.Connectors.executeRootHandler(Connectors.java:393) ~[undertow-core-2.3.13.Final.jar:2.3.13.Final]
	at io.undertow.server.HttpServerExchange$1.run(HttpServerExchange.java:859) ~[undertow-core-2.3.13.Final.jar:2.3.13.Final]
	at org.jboss.threads.ContextHandler$1.runWith(ContextHandler.java:18) ~[jboss-threads-3.5.0.Final.jar:3.5.0.Final]
	at org.jboss.threads.EnhancedQueueExecutor$Task.run(EnhancedQueueExecutor.java:2513) ~[jboss-threads-3.5.0.Final.jar:3.5.0.Final]
	at org.jboss.threads.EnhancedQueueExecutor$ThreadBody.run(EnhancedQueueExecutor.java:1538) ~[jboss-threads-3.5.0.Final.jar:3.5.0.Final]
	at org.xnio.XnioWorker$WorkerThreadFactory$1$1.run(XnioWorker.java:1282) ~[xnio-api-3.8.8.Final.jar:3.8.8.Final]
	at java.base/java.lang.Thread.run(Thread.java:1583) [?:?]
	Suppressed: org.springframework.web.context.request.async.AsyncRequestNotUsableException: Response not usable after response errors.
		at org.springframework.web.context.request.async.StandardServletAsyncWebRequest$LifecycleHttpServletResponse.obtainLockAndCheckState(StandardServletAsyncWebRequest.java:314) ~[spring-web-6.1.10.jar:6.1.10]
		at org.springframework.web.context.request.async.StandardServletAsyncWebRequest$LifecycleServletOutputStream.write(StandardServletAsyncWebRequest.java:373) ~[spring-web-6.1.10.jar:6.1.10]
		at org.springframework.util.StreamUtils$NonClosingOutputStream.write(StreamUtils.java:261) ~[spring-core-6.1.10.jar:6.1.10]
		at com.fasterxml.jackson.core.json.UTF8JsonGenerator._flushBuffer(UTF8JsonGenerator.java:2210) ~[jackson-core-2.17.1.jar:2.17.1]
		at com.fasterxml.jackson.core.json.UTF8JsonGenerator.close(UTF8JsonGenerator.java:1234) ~[jackson-core-2.17.1.jar:2.17.1]
		at org.springframework.http.converter.json.AbstractJackson2HttpMessageConverter.writeInternal(AbstractJackson2HttpMessageConverter.java:452) ~[spring-web-6.1.10.jar:6.1.10]
		at org.springframework.http.converter.AbstractGenericHttpMessageConverter.write(AbstractGenericHttpMessageConverter.java:114) ~[spring-web-6.1.10.jar:6.1.10]
		at org.springframework.web.servlet.mvc.method.annotation.AbstractMessageConverterMethodProcessor.writeWithMessageConverters(AbstractMessageConverterMethodProcessor.java:297) ~[spring-webmvc-6.1.10.jar:6.1.10]
		at org.springframework.web.servlet.mvc.method.annotation.RequestResponseBodyMethodProcessor.handleReturnValue(RequestResponseBodyMethodProcessor.java:192) ~[spring-webmvc-6.1.10.jar:6.1.10]
		at org.springframework.web.method.support.HandlerMethodReturnValueHandlerComposite.handleReturnValue(HandlerMethodReturnValueHandlerComposite.java:78) ~[spring-web-6.1.10.jar:6.1.10]
		at org.springframework.web.servlet.mvc.method.annotation.ServletInvocableHandlerMethod.invokeAndHandle(ServletInvocableHandlerMethod.java:136) ~[spring-webmvc-6.1.10.jar:6.1.10]
		at org.springframework.web.servlet.mvc.method.annotation.RequestMappingHandlerAdapter.invokeHandlerMethod(RequestMappingHandlerAdapter.java:926) ~[spring-webmvc-6.1.10.jar:6.1.10]
		at org.springframework.web.servlet.mvc.method.annotation.RequestMappingHandlerAdapter.handleInternal(RequestMappingHandlerAdapter.java:831) ~[spring-webmvc-6.1.10.jar:6.1.10]
		at org.springframework.web.servlet.mvc.method.AbstractHandlerMethodAdapter.handle(AbstractHandlerMethodAdapter.java:87) ~[spring-webmvc-6.1.10.jar:6.1.10]
		at org.springframework.web.servlet.DispatcherServlet.doDispatch(DispatcherServlet.java:1089) ~[spring-webmvc-6.1.10.jar:6.1.10]
		at org.springframework.web.servlet.DispatcherServlet.doService(DispatcherServlet.java:979) ~[spring-webmvc-6.1.10.jar:6.1.10]
		at org.springframework.web.servlet.FrameworkServlet.processRequest(FrameworkServlet.java:1014) ~[spring-webmvc-6.1.10.jar:6.1.10]
		at org.springframework.web.servlet.FrameworkServlet.doPost(FrameworkServlet.java:914) ~[spring-webmvc-6.1.10.jar:6.1.10]
		at jakarta.servlet.http.HttpServlet.service(HttpServlet.java:547) ~[jakarta.servlet-api-6.0.0.jar:6.0.0]
		at org.springframework.web.servlet.FrameworkServlet.service(FrameworkServlet.java:885) ~[spring-webmvc-6.1.10.jar:6.1.10]
		at jakarta.servlet.http.HttpServlet.service(HttpServlet.java:614) ~[jakarta.servlet-api-6.0.0.jar:6.0.0]
		at io.undertow.servlet.handlers.ServletHandler.handleRequest(ServletHandler.java:74) ~[undertow-servlet-2.3.13.Final.jar:2.3.13.Final]
		at io.undertow.servlet.handlers.FilterHandler$FilterChainImpl.doFilter(FilterHandler.java:129) ~[undertow-servlet-2.3.13.Final.jar:2.3.13.Final]
		at org.springframework.web.filter.CorsFilter.doFilterInternal(CorsFilter.java:91) ~[spring-web-6.1.10.jar:6.1.10]
		at org.springframework.web.filter.OncePerRequestFilter.doFilter(OncePerRequestFilter.java:116) ~[spring-web-6.1.10.jar:6.1.10]
		at io.undertow.servlet.core.ManagedFilter.doFilter(ManagedFilter.java:67) ~[undertow-servlet-2.3.13.Final.jar:2.3.13.Final]
		at io.undertow.servlet.handlers.FilterHandler$FilterChainImpl.doFilter(FilterHandler.java:131) ~[undertow-servlet-2.3.13.Final.jar:2.3.13.Final]
		at org.springframework.web.filter.RequestContextFilter.doFilterInternal(RequestContextFilter.java:100) ~[spring-web-6.1.10.jar:6.1.10]
		at org.springframework.web.filter.OncePerRequestFilter.doFilter(OncePerRequestFilter.java:116) ~[spring-web-6.1.10.jar:6.1.10]
		at io.undertow.servlet.core.ManagedFilter.doFilter(ManagedFilter.java:67) ~[undertow-servlet-2.3.13.Final.jar:2.3.13.Final]
		at io.undertow.servlet.handlers.FilterHandler$FilterChainImpl.doFilter(FilterHandler.java:131) ~[undertow-servlet-2.3.13.Final.jar:2.3.13.Final]
		at org.springframework.web.filter.FormContentFilter.doFilterInternal(FormContentFilter.java:93) ~[spring-web-6.1.10.jar:6.1.10]
		at org.springframework.web.filter.OncePerRequestFilter.doFilter(OncePerRequestFilter.java:116) ~[spring-web-6.1.10.jar:6.1.10]
		at io.undertow.servlet.core.ManagedFilter.doFilter(ManagedFilter.java:67) ~[undertow-servlet-2.3.13.Final.jar:2.3.13.Final]
		at io.undertow.servlet.handlers.FilterHandler$FilterChainImpl.doFilter(FilterHandler.java:131) ~[undertow-servlet-2.3.13.Final.jar:2.3.13.Final]
		at org.springframework.web.filter.CharacterEncodingFilter.doFilterInternal(CharacterEncodingFilter.java:201) ~[spring-web-6.1.10.jar:6.1.10]
		at org.springframework.web.filter.OncePerRequestFilter.doFilter(OncePerRequestFilter.java:116) ~[spring-web-6.1.10.jar:6.1.10]
		at io.undertow.servlet.core.ManagedFilter.doFilter(ManagedFilter.java:67) ~[undertow-servlet-2.3.13.Final.jar:2.3.13.Final]
		at io.undertow.servlet.handlers.FilterHandler$FilterChainImpl.doFilter(FilterHandler.java:131) ~[undertow-servlet-2.3.13.Final.jar:2.3.13.Final]
		at io.undertow.servlet.handlers.FilterHandler.handleRequest(FilterHandler.java:84) ~[undertow-servlet-2.3.13.Final.jar:2.3.13.Final]
		at io.undertow.servlet.handlers.security.ServletSecurityRoleHandler.handleRequest(ServletSecurityRoleHandler.java:62) ~[undertow-servlet-2.3.13.Final.jar:2.3.13.Final]
		at io.undertow.servlet.handlers.ServletChain$1.handleRequest(ServletChain.java:68) ~[undertow-servlet-2.3.13.Final.jar:2.3.13.Final]
		at io.undertow.servlet.handlers.ServletDispatchingHandler.handleRequest(ServletDispatchingHandler.java:36) ~[undertow-servlet-2.3.13.Final.jar:2.3.13.Final]
		at io.undertow.servlet.handlers.RedirectDirHandler.handleRequest(RedirectDirHandler.java:68) ~[undertow-servlet-2.3.13.Final.jar:2.3.13.Final]
		at io.undertow.servlet.handlers.security.SSLInformationAssociationHandler.handleRequest(SSLInformationAssociationHandler.java:117) ~[undertow-servlet-2.3.13.Final.jar:2.3.13.Final]
		at io.undertow.servlet.handlers.security.ServletAuthenticationCallHandler.handleRequest(ServletAuthenticationCallHandler.java:57) ~[undertow-servlet-2.3.13.Final.jar:2.3.13.Final]
		at io.undertow.server.handlers.PredicateHandler.handleRequest(PredicateHandler.java:43) ~[undertow-core-2.3.13.Final.jar:2.3.13.Final]
		at io.undertow.security.handlers.AbstractConfidentialityHandler.handleRequest(AbstractConfidentialityHandler.java:46) ~[undertow-core-2.3.13.Final.jar:2.3.13.Final]
		at io.undertow.servlet.handlers.security.ServletConfidentialityConstraintHandler.handleRequest(ServletConfidentialityConstraintHandler.java:64) ~[undertow-servlet-2.3.13.Final.jar:2.3.13.Final]
		at io.undertow.security.handlers.AuthenticationMechanismsHandler.handleRequest(AuthenticationMechanismsHandler.java:60) ~[undertow-core-2.3.13.Final.jar:2.3.13.Final]
		at io.undertow.servlet.handlers.security.CachedAuthenticatedSessionHandler.handleRequest(CachedAuthenticatedSessionHandler.java:77) ~[undertow-servlet-2.3.13.Final.jar:2.3.13.Final]
		at io.undertow.security.handlers.AbstractSecurityContextAssociationHandler.handleRequest(AbstractSecurityContextAssociationHandler.java:43) ~[undertow-core-2.3.13.Final.jar:2.3.13.Final]
		at io.undertow.server.handlers.PredicateHandler.handleRequest(PredicateHandler.java:43) ~[undertow-core-2.3.13.Final.jar:2.3.13.Final]
		at io.undertow.servlet.handlers.SendErrorPageHandler.handleRequest(SendErrorPageHandler.java:52) ~[undertow-servlet-2.3.13.Final.jar:2.3.13.Final]
		at io.undertow.server.handlers.PredicateHandler.handleRequest(PredicateHandler.java:43) ~[undertow-core-2.3.13.Final.jar:2.3.13.Final]
		at io.undertow.servlet.handlers.ServletInitialHandler.handleFirstRequest(ServletInitialHandler.java:276) ~[undertow-servlet-2.3.13.Final.jar:2.3.13.Final]
		at io.undertow.servlet.handlers.ServletInitialHandler$2.call(ServletInitialHandler.java:135) ~[undertow-servlet-2.3.13.Final.jar:2.3.13.Final]
		at io.undertow.servlet.handlers.ServletInitialHandler$2.call(ServletInitialHandler.java:132) ~[undertow-servlet-2.3.13.Final.jar:2.3.13.Final]
		at io.undertow.servlet.core.ServletRequestContextThreadSetupAction$1.call(ServletRequestContextThreadSetupAction.java:48) ~[undertow-servlet-2.3.13.Final.jar:2.3.13.Final]
		at io.undertow.servlet.core.ContextClassLoaderSetupAction$1.call(ContextClassLoaderSetupAction.java:43) ~[undertow-servlet-2.3.13.Final.jar:2.3.13.Final]
		at io.undertow.servlet.handlers.ServletInitialHandler.dispatchRequest(ServletInitialHandler.java:256) ~[undertow-servlet-2.3.13.Final.jar:2.3.13.Final]
		at io.undertow.servlet.handlers.ServletInitialHandler$1.handleRequest(ServletInitialHandler.java:101) ~[undertow-servlet-2.3.13.Final.jar:2.3.13.Final]
		at io.undertow.server.Connectors.executeRootHandler(Connectors.java:393) ~[undertow-core-2.3.13.Final.jar:2.3.13.Final]
		at io.undertow.server.HttpServerExchange$1.run(HttpServerExchange.java:859) ~[undertow-core-2.3.13.Final.jar:2.3.13.Final]
		at org.jboss.threads.ContextHandler$1.runWith(ContextHandler.java:18) ~[jboss-threads-3.5.0.Final.jar:3.5.0.Final]
		at org.jboss.threads.EnhancedQueueExecutor$Task.run(EnhancedQueueExecutor.java:2513) ~[jboss-threads-3.5.0.Final.jar:3.5.0.Final]
		at org.jboss.threads.EnhancedQueueExecutor$ThreadBody.run(EnhancedQueueExecutor.java:1538) ~[jboss-threads-3.5.0.Final.jar:3.5.0.Final]
		at org.xnio.XnioWorker$WorkerThreadFactory$1$1.run(XnioWorker.java:1282) ~[xnio-api-3.8.8.Final.jar:3.8.8.Final]
		at java.base/java.lang.Thread.run(Thread.java:1583) [?:?]
Caused by: java.io.IOException: Broken pipe
	at java.base/sun.nio.ch.SocketDispatcher.write0(Native Method) ~[?:?]
	at java.base/sun.nio.ch.SocketDispatcher.write(SocketDispatcher.java:62) ~[?:?]
	at java.base/sun.nio.ch.IOUtil.writeFromNativeBuffer(IOUtil.java:137) ~[?:?]
	at java.base/sun.nio.ch.IOUtil.write(IOUtil.java:81) ~[?:?]
	at java.base/sun.nio.ch.IOUtil.write(IOUtil.java:58) ~[?:?]
	at java.base/sun.nio.ch.SocketChannelImpl.write(SocketChannelImpl.java:542) ~[?:?]
	at org.xnio.nio.NioSocketConduit.write(NioSocketConduit.java:153) ~[xnio-nio-3.8.8.Final.jar:3.8.8.Final]
	at io.undertow.server.protocol.http.HttpResponseConduit.write(HttpResponseConduit.java:629) ~[undertow-core-2.3.13.Final.jar:2.3.13.Final]
	at org.xnio.conduits.AbstractStreamSinkConduit.write(AbstractStreamSinkConduit.java:51) ~[xnio-api-3.8.8.Final.jar:3.8.8.Final]
	at io.undertow.conduits.DeflatingStreamSinkConduit.performFlushIfRequiredSingleBuffer(DeflatingStreamSinkConduit.java:445) ~[undertow-core-2.3.13.Final.jar:2.3.13.Final]
	at io.undertow.conduits.DeflatingStreamSinkConduit.performFlushIfRequired(DeflatingStreamSinkConduit.java:432) ~[undertow-core-2.3.13.Final.jar:2.3.13.Final]
	at io.undertow.conduits.DeflatingStreamSinkConduit.deflateData(DeflatingStreamSinkConduit.java:522) ~[undertow-core-2.3.13.Final.jar:2.3.13.Final]
	at io.undertow.conduits.DeflatingStreamSinkConduit.write(DeflatingStreamSinkConduit.java:130) ~[undertow-core-2.3.13.Final.jar:2.3.13.Final]
	at io.undertow.conduits.DeflatingStreamSinkConduit.write(DeflatingStreamSinkConduit.java:165) ~[undertow-core-2.3.13.Final.jar:2.3.13.Final]
	at org.xnio.conduits.ConduitStreamSinkChannel.write(ConduitStreamSinkChannel.java:158) ~[xnio-api-3.8.8.Final.jar:3.8.8.Final]
	at io.undertow.channels.DetachableStreamSinkChannel.write(DetachableStreamSinkChannel.java:179) ~[undertow-core-2.3.13.Final.jar:2.3.13.Final]
	at io.undertow.server.HttpServerExchange$WriteDispatchChannel.write(HttpServerExchange.java:2172) ~[undertow-core-2.3.13.Final.jar:2.3.13.Final]
	at org.xnio.channels.Channels.writeBlocking(Channels.java:202) ~[xnio-api-3.8.8.Final.jar:3.8.8.Final]
	at io.undertow.servlet.spec.ServletOutputStreamImpl.writeTooLargeForBuffer(ServletOutputStreamImpl.java:201) ~[undertow-servlet-2.3.13.Final.jar:2.3.13.Final]
	at io.undertow.servlet.spec.ServletOutputStreamImpl.write(ServletOutputStreamImpl.java:149) ~[undertow-servlet-2.3.13.Final.jar:2.3.13.Final]
	at org.springframework.web.context.request.async.StandardServletAsyncWebRequest$LifecycleServletOutputStream.write(StandardServletAsyncWebRequest.java:375) ~[spring-web-6.1.10.jar:6.1.10]
	... 81 more
[2026-05-21 11:00:01.815] ERROR XNIO-1 task-9 com.jts.gjcxfzksh.exception.handler.GlobalExceptionHandler[63] - 请求地址'/pt/network/tile',发生系统异常. 
org.springframework.web.context.request.async.AsyncRequestNotUsableException: ServletOutputStream failed to write: Broken pipe
	at org.springframework.web.context.request.async.StandardServletAsyncWebRequest$LifecycleHttpServletResponse.handleIOException(StandardServletAsyncWebRequest.java:320) ~[spring-web-6.1.10.jar:6.1.10]
	at org.springframework.web.context.request.async.StandardServletAsyncWebRequest$LifecycleServletOutputStream.write(StandardServletAsyncWebRequest.java:378) ~[spring-web-6.1.10.jar:6.1.10]
	at org.springframework.util.StreamUtils$NonClosingOutputStream.write(StreamUtils.java:261) ~[spring-core-6.1.10.jar:6.1.10]
	at com.fasterxml.jackson.core.json.UTF8JsonGenerator._flushBuffer(UTF8JsonGenerator.java:2210) ~[jackson-core-2.17.1.jar:2.17.1]
	at com.fasterxml.jackson.core.json.UTF8JsonGenerator.writeRaw(UTF8JsonGenerator.java:764) ~[jackson-core-2.17.1.jar:2.17.1]
	at com.fasterxml.jackson.core.json.UTF8JsonGenerator.writeRaw(UTF8JsonGenerator.java:674) ~[jackson-core-2.17.1.jar:2.17.1]
	at com.fasterxml.jackson.core.json.UTF8JsonGenerator.writeNumber(UTF8JsonGenerator.java:1065) ~[jackson-core-2.17.1.jar:2.17.1]
	at com.fasterxml.jackson.databind.ser.std.NumberSerializers$FloatSerializer.serialize(NumberSerializers.java:214) ~[jackson-databind-2.17.1.jar:2.17.1]
	at com.fasterxml.jackson.databind.ser.BeanPropertyWriter.serializeAsField(BeanPropertyWriter.java:732) ~[jackson-databind-2.17.1.jar:2.17.1]
	at com.fasterxml.jackson.databind.ser.std.BeanSerializerBase.serializeFields(BeanSerializerBase.java:770) ~[jackson-databind-2.17.1.jar:2.17.1]
	at com.fasterxml.jackson.databind.ser.BeanSerializer.serialize(BeanSerializer.java:183) ~[jackson-databind-2.17.1.jar:2.17.1]
	at com.fasterxml.jackson.databind.ser.BeanPropertyWriter.serializeAsField(BeanPropertyWriter.java:732) ~[jackson-databind-2.17.1.jar:2.17.1]
	at com.fasterxml.jackson.databind.ser.std.BeanSerializerBase.serializeFields(BeanSerializerBase.java:770) ~[jackson-databind-2.17.1.jar:2.17.1]
	at com.fasterxml.jackson.databind.ser.BeanSerializer.serialize(BeanSerializer.java:183) ~[jackson-databind-2.17.1.jar:2.17.1]
	at com.fasterxml.jackson.databind.ser.impl.IndexedListSerializer.serializeContents(IndexedListSerializer.java:119) ~[jackson-databind-2.17.1.jar:2.17.1]
	at com.fasterxml.jackson.databind.ser.impl.IndexedListSerializer.serialize(IndexedListSerializer.java:79) ~[jackson-databind-2.17.1.jar:2.17.1]
	at com.fasterxml.jackson.databind.ser.impl.IndexedListSerializer.serialize(IndexedListSerializer.java:18) ~[jackson-databind-2.17.1.jar:2.17.1]
	at com.fasterxml.jackson.databind.ser.BeanPropertyWriter.serializeAsField(BeanPropertyWriter.java:732) ~[jackson-databind-2.17.1.jar:2.17.1]
	at com.fasterxml.jackson.databind.ser.std.BeanSerializerBase.serializeFields(BeanSerializerBase.java:770) ~[jackson-databind-2.17.1.jar:2.17.1]
	at com.fasterxml.jackson.databind.ser.BeanSerializer.serialize(BeanSerializer.java:183) ~[jackson-databind-2.17.1.jar:2.17.1]
	at com.fasterxml.jackson.databind.ser.DefaultSerializerProvider._serialize(DefaultSerializerProvider.java:502) ~[jackson-databind-2.17.1.jar:2.17.1]
	at com.fasterxml.jackson.databind.ser.DefaultSerializerProvider.serializeValue(DefaultSerializerProvider.java:341) ~[jackson-databind-2.17.1.jar:2.17.1]
	at com.fasterxml.jackson.databind.ObjectWriter$Prefetch.serialize(ObjectWriter.java:1574) ~[jackson-databind-2.17.1.jar:2.17.1]
	at com.fasterxml.jackson.databind.ObjectWriter.writeValue(ObjectWriter.java:1061) ~[jackson-databind-2.17.1.jar:2.17.1]
	at org.springframework.http.converter.json.AbstractJackson2HttpMessageConverter.writeInternal(AbstractJackson2HttpMessageConverter.java:483) ~[spring-web-6.1.10.jar:6.1.10]
	at org.springframework.http.converter.AbstractGenericHttpMessageConverter.write(AbstractGenericHttpMessageConverter.java:114) ~[spring-web-6.1.10.jar:6.1.10]
	at org.springframework.web.servlet.mvc.method.annotation.AbstractMessageConverterMethodProcessor.writeWithMessageConverters(AbstractMessageConverterMethodProcessor.java:297) ~[spring-webmvc-6.1.10.jar:6.1.10]
	at org.springframework.web.servlet.mvc.method.annotation.RequestResponseBodyMethodProcessor.handleReturnValue(RequestResponseBodyMethodProcessor.java:192) ~[spring-webmvc-6.1.10.jar:6.1.10]
	at org.springframework.web.method.support.HandlerMethodReturnValueHandlerComposite.handleReturnValue(HandlerMethodReturnValueHandlerComposite.java:78) ~[spring-web-6.1.10.jar:6.1.10]
	at org.springframework.web.servlet.mvc.method.annotation.ServletInvocableHandlerMethod.invokeAndHandle(ServletInvocableHandlerMethod.java:136) ~[spring-webmvc-6.1.10.jar:6.1.10]
	at org.springframework.web.servlet.mvc.method.annotation.RequestMappingHandlerAdapter.invokeHandlerMethod(RequestMappingHandlerAdapter.java:926) ~[spring-webmvc-6.1.10.jar:6.1.10]
	at org.springframework.web.servlet.mvc.method.annotation.RequestMappingHandlerAdapter.handleInternal(RequestMappingHandlerAdapter.java:831) ~[spring-webmvc-6.1.10.jar:6.1.10]
	at org.springframework.web.servlet.mvc.method.AbstractHandlerMethodAdapter.handle(AbstractHandlerMethodAdapter.java:87) ~[spring-webmvc-6.1.10.jar:6.1.10]
	at org.springframework.web.servlet.DispatcherServlet.doDispatch(DispatcherServlet.java:1089) ~[spring-webmvc-6.1.10.jar:6.1.10]
	at org.springframework.web.servlet.DispatcherServlet.doService(DispatcherServlet.java:979) ~[spring-webmvc-6.1.10.jar:6.1.10]
	at org.springframework.web.servlet.FrameworkServlet.processRequest(FrameworkServlet.java:1014) ~[spring-webmvc-6.1.10.jar:6.1.10]
	at org.springframework.web.servlet.FrameworkServlet.doPost(FrameworkServlet.java:914) ~[spring-webmvc-6.1.10.jar:6.1.10]
	at jakarta.servlet.http.HttpServlet.service(HttpServlet.java:547) ~[jakarta.servlet-api-6.0.0.jar:6.0.0]
	at org.springframework.web.servlet.FrameworkServlet.service(FrameworkServlet.java:885) ~[spring-webmvc-6.1.10.jar:6.1.10]
	at jakarta.servlet.http.HttpServlet.service(HttpServlet.java:614) ~[jakarta.servlet-api-6.0.0.jar:6.0.0]
	at io.undertow.servlet.handlers.ServletHandler.handleRequest(ServletHandler.java:74) ~[undertow-servlet-2.3.13.Final.jar:2.3.13.Final]
	at io.undertow.servlet.handlers.FilterHandler$FilterChainImpl.doFilter(FilterHandler.java:129) ~[undertow-servlet-2.3.13.Final.jar:2.3.13.Final]
	at org.springframework.web.filter.CorsFilter.doFilterInternal(CorsFilter.java:91) ~[spring-web-6.1.10.jar:6.1.10]
	at org.springframework.web.filter.OncePerRequestFilter.doFilter(OncePerRequestFilter.java:116) ~[spring-web-6.1.10.jar:6.1.10]
	at io.undertow.servlet.core.ManagedFilter.doFilter(ManagedFilter.java:67) ~[undertow-servlet-2.3.13.Final.jar:2.3.13.Final]
	at io.undertow.servlet.handlers.FilterHandler$FilterChainImpl.doFilter(FilterHandler.java:131) ~[undertow-servlet-2.3.13.Final.jar:2.3.13.Final]
	at org.springframework.web.filter.RequestContextFilter.doFilterInternal(RequestContextFilter.java:100) ~[spring-web-6.1.10.jar:6.1.10]
	at org.springframework.web.filter.OncePerRequestFilter.doFilter(OncePerRequestFilter.java:116) ~[spring-web-6.1.10.jar:6.1.10]
	at io.undertow.servlet.core.ManagedFilter.doFilter(ManagedFilter.java:67) ~[undertow-servlet-2.3.13.Final.jar:2.3.13.Final]
	at io.undertow.servlet.handlers.FilterHandler$FilterChainImpl.doFilter(FilterHandler.java:131) ~[undertow-servlet-2.3.13.Final.jar:2.3.13.Final]
	at org.springframework.web.filter.FormContentFilter.doFilterInternal(FormContentFilter.java:93) ~[spring-web-6.1.10.jar:6.1.10]
	at org.springframework.web.filter.OncePerRequestFilter.doFilter(OncePerRequestFilter.java:116) ~[spring-web-6.1.10.jar:6.1.10]
	at io.undertow.servlet.core.ManagedFilter.doFilter(ManagedFilter.java:67) ~[undertow-servlet-2.3.13.Final.jar:2.3.13.Final]
	at io.undertow.servlet.handlers.FilterHandler$FilterChainImpl.doFilter(FilterHandler.java:131) ~[undertow-servlet-2.3.13.Final.jar:2.3.13.Final]
	at org.springframework.web.filter.CharacterEncodingFilter.doFilterInternal(CharacterEncodingFilter.java:201) ~[spring-web-6.1.10.jar:6.1.10]
	at org.springframework.web.filter.OncePerRequestFilter.doFilter(OncePerRequestFilter.java:116) ~[spring-web-6.1.10.jar:6.1.10]
	at io.undertow.servlet.core.ManagedFilter.doFilter(ManagedFilter.java:67) ~[undertow-servlet-2.3.13.Final.jar:2.3.13.Final]
	at io.undertow.servlet.handlers.FilterHandler$FilterChainImpl.doFilter(FilterHandler.java:131) ~[undertow-servlet-2.3.13.Final.jar:2.3.13.Final]
	at io.undertow.servlet.handlers.FilterHandler.handleRequest(FilterHandler.java:84) ~[undertow-servlet-2.3.13.Final.jar:2.3.13.Final]
	at io.undertow.servlet.handlers.security.ServletSecurityRoleHandler.handleRequest(ServletSecurityRoleHandler.java:62) ~[undertow-servlet-2.3.13.Final.jar:2.3.13.Final]
	at io.undertow.servlet.handlers.ServletChain$1.handleRequest(ServletChain.java:68) ~[undertow-servlet-2.3.13.Final.jar:2.3.13.Final]
	at io.undertow.servlet.handlers.ServletDispatchingHandler.handleRequest(ServletDispatchingHandler.java:36) ~[undertow-servlet-2.3.13.Final.jar:2.3.13.Final]
	at io.undertow.servlet.handlers.RedirectDirHandler.handleRequest(RedirectDirHandler.java:68) ~[undertow-servlet-2.3.13.Final.jar:2.3.13.Final]
	at io.undertow.servlet.handlers.security.SSLInformationAssociationHandler.handleRequest(SSLInformationAssociationHandler.java:117) ~[undertow-servlet-2.3.13.Final.jar:2.3.13.Final]
	at io.undertow.servlet.handlers.security.ServletAuthenticationCallHandler.handleRequest(ServletAuthenticationCallHandler.java:57) ~[undertow-servlet-2.3.13.Final.jar:2.3.13.Final]
	at io.undertow.server.handlers.PredicateHandler.handleRequest(PredicateHandler.java:43) ~[undertow-core-2.3.13.Final.jar:2.3.13.Final]
	at io.undertow.security.handlers.AbstractConfidentialityHandler.handleRequest(AbstractConfidentialityHandler.java:46) ~[undertow-core-2.3.13.Final.jar:2.3.13.Final]
	at io.undertow.servlet.handlers.security.ServletConfidentialityConstraintHandler.handleRequest(ServletConfidentialityConstraintHandler.java:64) ~[undertow-servlet-2.3.13.Final.jar:2.3.13.Final]
	at io.undertow.security.handlers.AuthenticationMechanismsHandler.handleRequest(AuthenticationMechanismsHandler.java:60) ~[undertow-core-2.3.13.Final.jar:2.3.13.Final]
	at io.undertow.servlet.handlers.security.CachedAuthenticatedSessionHandler.handleRequest(CachedAuthenticatedSessionHandler.java:77) ~[undertow-servlet-2.3.13.Final.jar:2.3.13.Final]
	at io.undertow.security.handlers.AbstractSecurityContextAssociationHandler.handleRequest(AbstractSecurityContextAssociationHandler.java:43) ~[undertow-core-2.3.13.Final.jar:2.3.13.Final]
	at io.undertow.server.handlers.PredicateHandler.handleRequest(PredicateHandler.java:43) ~[undertow-core-2.3.13.Final.jar:2.3.13.Final]
	at io.undertow.servlet.handlers.SendErrorPageHandler.handleRequest(SendErrorPageHandler.java:52) ~[undertow-servlet-2.3.13.Final.jar:2.3.13.Final]
	at io.undertow.server.handlers.PredicateHandler.handleRequest(PredicateHandler.java:43) ~[undertow-core-2.3.13.Final.jar:2.3.13.Final]
	at io.undertow.servlet.handlers.ServletInitialHandler.handleFirstRequest(ServletInitialHandler.java:276) ~[undertow-servlet-2.3.13.Final.jar:2.3.13.Final]
	at io.undertow.servlet.handlers.ServletInitialHandler$2.call(ServletInitialHandler.java:135) ~[undertow-servlet-2.3.13.Final.jar:2.3.13.Final]
	at io.undertow.servlet.handlers.ServletInitialHandler$2.call(ServletInitialHandler.java:132) ~[undertow-servlet-2.3.13.Final.jar:2.3.13.Final]
	at io.undertow.servlet.core.ServletRequestContextThreadSetupAction$1.call(ServletRequestContextThreadSetupAction.java:48) ~[undertow-servlet-2.3.13.Final.jar:2.3.13.Final]
	at io.undertow.servlet.core.ContextClassLoaderSetupAction$1.call(ContextClassLoaderSetupAction.java:43) ~[undertow-servlet-2.3.13.Final.jar:2.3.13.Final]
	at io.undertow.servlet.handlers.ServletInitialHandler.dispatchRequest(ServletInitialHandler.java:256) ~[undertow-servlet-2.3.13.Final.jar:2.3.13.Final]
	at io.undertow.servlet.handlers.ServletInitialHandler$1.handleRequest(ServletInitialHandler.java:101) ~[undertow-servlet-2.3.13.Final.jar:2.3.13.Final]
	at io.undertow.server.Connectors.executeRootHandler(Connectors.java:393) ~[undertow-core-2.3.13.Final.jar:2.3.13.Final]
	at io.undertow.server.HttpServerExchange$1.run(HttpServerExchange.java:859) ~[undertow-core-2.3.13.Final.jar:2.3.13.Final]
	at org.jboss.threads.ContextHandler$1.runWith(ContextHandler.java:18) ~[jboss-threads-3.5.0.Final.jar:3.5.0.Final]
	at org.jboss.threads.EnhancedQueueExecutor$Task.run(EnhancedQueueExecutor.java:2513) ~[jboss-threads-3.5.0.Final.jar:3.5.0.Final]
	at org.jboss.threads.EnhancedQueueExecutor$ThreadBody.run(EnhancedQueueExecutor.java:1538) ~[jboss-threads-3.5.0.Final.jar:3.5.0.Final]
	at org.xnio.XnioWorker$WorkerThreadFactory$1$1.run(XnioWorker.java:1282) ~[xnio-api-3.8.8.Final.jar:3.8.8.Final]
	at java.base/java.lang.Thread.run(Thread.java:1583) [?:?]
	Suppressed: org.springframework.web.context.request.async.AsyncRequestNotUsableException: Response not usable after response errors.
		at org.springframework.web.context.request.async.StandardServletAsyncWebRequest$LifecycleHttpServletResponse.obtainLockAndCheckState(StandardServletAsyncWebRequest.java:314) ~[spring-web-6.1.10.jar:6.1.10]
		at org.springframework.web.context.request.async.StandardServletAsyncWebRequest$LifecycleServletOutputStream.write(StandardServletAsyncWebRequest.java:373) ~[spring-web-6.1.10.jar:6.1.10]
		at org.springframework.util.StreamUtils$NonClosingOutputStream.write(StreamUtils.java:261) ~[spring-core-6.1.10.jar:6.1.10]
		at com.fasterxml.jackson.core.json.UTF8JsonGenerator._flushBuffer(UTF8JsonGenerator.java:2210) ~[jackson-core-2.17.1.jar:2.17.1]
		at com.fasterxml.jackson.core.json.UTF8JsonGenerator.close(UTF8JsonGenerator.java:1234) ~[jackson-core-2.17.1.jar:2.17.1]
		at org.springframework.http.converter.json.AbstractJackson2HttpMessageConverter.writeInternal(AbstractJackson2HttpMessageConverter.java:452) ~[spring-web-6.1.10.jar:6.1.10]
		at org.springframework.http.converter.AbstractGenericHttpMessageConverter.write(AbstractGenericHttpMessageConverter.java:114) ~[spring-web-6.1.10.jar:6.1.10]
		at org.springframework.web.servlet.mvc.method.annotation.AbstractMessageConverterMethodProcessor.writeWithMessageConverters(AbstractMessageConverterMethodProcessor.java:297) ~[spring-webmvc-6.1.10.jar:6.1.10]
		at org.springframework.web.servlet.mvc.method.annotation.RequestResponseBodyMethodProcessor.handleReturnValue(RequestResponseBodyMethodProcessor.java:192) ~[spring-webmvc-6.1.10.jar:6.1.10]
		at org.springframework.web.method.support.HandlerMethodReturnValueHandlerComposite.handleReturnValue(HandlerMethodReturnValueHandlerComposite.java:78) ~[spring-web-6.1.10.jar:6.1.10]
		at org.springframework.web.servlet.mvc.method.annotation.ServletInvocableHandlerMethod.invokeAndHandle(ServletInvocableHandlerMethod.java:136) ~[spring-webmvc-6.1.10.jar:6.1.10]
		at org.springframework.web.servlet.mvc.method.annotation.RequestMappingHandlerAdapter.invokeHandlerMethod(RequestMappingHandlerAdapter.java:926) ~[spring-webmvc-6.1.10.jar:6.1.10]
		at org.springframework.web.servlet.mvc.method.annotation.RequestMappingHandlerAdapter.handleInternal(RequestMappingHandlerAdapter.java:831) ~[spring-webmvc-6.1.10.jar:6.1.10]
		at org.springframework.web.servlet.mvc.method.AbstractHandlerMethodAdapter.handle(AbstractHandlerMethodAdapter.java:87) ~[spring-webmvc-6.1.10.jar:6.1.10]
		at org.springframework.web.servlet.DispatcherServlet.doDispatch(DispatcherServlet.java:1089) ~[spring-webmvc-6.1.10.jar:6.1.10]
		at org.springframework.web.servlet.DispatcherServlet.doService(DispatcherServlet.java:979) ~[spring-webmvc-6.1.10.jar:6.1.10]
		at org.springframework.web.servlet.FrameworkServlet.processRequest(FrameworkServlet.java:1014) ~[spring-webmvc-6.1.10.jar:6.1.10]
		at org.springframework.web.servlet.FrameworkServlet.doPost(FrameworkServlet.java:914) ~[spring-webmvc-6.1.10.jar:6.1.10]
		at jakarta.servlet.http.HttpServlet.service(HttpServlet.java:547) ~[jakarta.servlet-api-6.0.0.jar:6.0.0]
		at org.springframework.web.servlet.FrameworkServlet.service(FrameworkServlet.java:885) ~[spring-webmvc-6.1.10.jar:6.1.10]
		at jakarta.servlet.http.HttpServlet.service(HttpServlet.java:614) ~[jakarta.servlet-api-6.0.0.jar:6.0.0]
		at io.undertow.servlet.handlers.ServletHandler.handleRequest(ServletHandler.java:74) ~[undertow-servlet-2.3.13.Final.jar:2.3.13.Final]
		at io.undertow.servlet.handlers.FilterHandler$FilterChainImpl.doFilter(FilterHandler.java:129) ~[undertow-servlet-2.3.13.Final.jar:2.3.13.Final]
		at org.springframework.web.filter.CorsFilter.doFilterInternal(CorsFilter.java:91) ~[spring-web-6.1.10.jar:6.1.10]
		at org.springframework.web.filter.OncePerRequestFilter.doFilter(OncePerRequestFilter.java:116) ~[spring-web-6.1.10.jar:6.1.10]
		at io.undertow.servlet.core.ManagedFilter.doFilter(ManagedFilter.java:67) ~[undertow-servlet-2.3.13.Final.jar:2.3.13.Final]
		at io.undertow.servlet.handlers.FilterHandler$FilterChainImpl.doFilter(FilterHandler.java:131) ~[undertow-servlet-2.3.13.Final.jar:2.3.13.Final]
		at org.springframework.web.filter.RequestContextFilter.doFilterInternal(RequestContextFilter.java:100) ~[spring-web-6.1.10.jar:6.1.10]
		at org.springframework.web.filter.OncePerRequestFilter.doFilter(OncePerRequestFilter.java:116) ~[spring-web-6.1.10.jar:6.1.10]
		at io.undertow.servlet.core.ManagedFilter.doFilter(ManagedFilter.java:67) ~[undertow-servlet-2.3.13.Final.jar:2.3.13.Final]
		at io.undertow.servlet.handlers.FilterHandler$FilterChainImpl.doFilter(FilterHandler.java:131) ~[undertow-servlet-2.3.13.Final.jar:2.3.13.Final]
		at org.springframework.web.filter.FormContentFilter.doFilterInternal(FormContentFilter.java:93) ~[spring-web-6.1.10.jar:6.1.10]
		at org.springframework.web.filter.OncePerRequestFilter.doFilter(OncePerRequestFilter.java:116) ~[spring-web-6.1.10.jar:6.1.10]
		at io.undertow.servlet.core.ManagedFilter.doFilter(ManagedFilter.java:67) ~[undertow-servlet-2.3.13.Final.jar:2.3.13.Final]
		at io.undertow.servlet.handlers.FilterHandler$FilterChainImpl.doFilter(FilterHandler.java:131) ~[undertow-servlet-2.3.13.Final.jar:2.3.13.Final]
		at org.springframework.web.filter.CharacterEncodingFilter.doFilterInternal(CharacterEncodingFilter.java:201) ~[spring-web-6.1.10.jar:6.1.10]
		at org.springframework.web.filter.OncePerRequestFilter.doFilter(OncePerRequestFilter.java:116) ~[spring-web-6.1.10.jar:6.1.10]
		at io.undertow.servlet.core.ManagedFilter.doFilter(ManagedFilter.java:67) ~[undertow-servlet-2.3.13.Final.jar:2.3.13.Final]
		at io.undertow.servlet.handlers.FilterHandler$FilterChainImpl.doFilter(FilterHandler.java:131) ~[undertow-servlet-2.3.13.Final.jar:2.3.13.Final]
		at io.undertow.servlet.handlers.FilterHandler.handleRequest(FilterHandler.java:84) ~[undertow-servlet-2.3.13.Final.jar:2.3.13.Final]
		at io.undertow.servlet.handlers.security.ServletSecurityRoleHandler.handleRequest(ServletSecurityRoleHandler.java:62) ~[undertow-servlet-2.3.13.Final.jar:2.3.13.Final]
		at io.undertow.servlet.handlers.ServletChain$1.handleRequest(ServletChain.java:68) ~[undertow-servlet-2.3.13.Final.jar:2.3.13.Final]
		at io.undertow.servlet.handlers.ServletDispatchingHandler.handleRequest(ServletDispatchingHandler.java:36) ~[undertow-servlet-2.3.13.Final.jar:2.3.13.Final]
		at io.undertow.servlet.handlers.RedirectDirHandler.handleRequest(RedirectDirHandler.java:68) ~[undertow-servlet-2.3.13.Final.jar:2.3.13.Final]
		at io.undertow.servlet.handlers.security.SSLInformationAssociationHandler.handleRequest(SSLInformationAssociationHandler.java:117) ~[undertow-servlet-2.3.13.Final.jar:2.3.13.Final]
		at io.undertow.servlet.handlers.security.ServletAuthenticationCallHandler.handleRequest(ServletAuthenticationCallHandler.java:57) ~[undertow-servlet-2.3.13.Final.jar:2.3.13.Final]
		at io.undertow.server.handlers.PredicateHandler.handleRequest(PredicateHandler.java:43) ~[undertow-core-2.3.13.Final.jar:2.3.13.Final]
		at io.undertow.security.handlers.AbstractConfidentialityHandler.handleRequest(AbstractConfidentialityHandler.java:46) ~[undertow-core-2.3.13.Final.jar:2.3.13.Final]
		at io.undertow.servlet.handlers.security.ServletConfidentialityConstraintHandler.handleRequest(ServletConfidentialityConstraintHandler.java:64) ~[undertow-servlet-2.3.13.Final.jar:2.3.13.Final]
		at io.undertow.security.handlers.AuthenticationMechanismsHandler.handleRequest(AuthenticationMechanismsHandler.java:60) ~[undertow-core-2.3.13.Final.jar:2.3.13.Final]
		at io.undertow.servlet.handlers.security.CachedAuthenticatedSessionHandler.handleRequest(CachedAuthenticatedSessionHandler.java:77) ~[undertow-servlet-2.3.13.Final.jar:2.3.13.Final]
		at io.undertow.security.handlers.AbstractSecurityContextAssociationHandler.handleRequest(AbstractSecurityContextAssociationHandler.java:43) ~[undertow-core-2.3.13.Final.jar:2.3.13.Final]
		at io.undertow.server.handlers.PredicateHandler.handleRequest(PredicateHandler.java:43) ~[undertow-core-2.3.13.Final.jar:2.3.13.Final]
		at io.undertow.servlet.handlers.SendErrorPageHandler.handleRequest(SendErrorPageHandler.java:52) ~[undertow-servlet-2.3.13.Final.jar:2.3.13.Final]
		at io.undertow.server.handlers.PredicateHandler.handleRequest(PredicateHandler.java:43) ~[undertow-core-2.3.13.Final.jar:2.3.13.Final]
		at io.undertow.servlet.handlers.ServletInitialHandler.handleFirstRequest(ServletInitialHandler.java:276) ~[undertow-servlet-2.3.13.Final.jar:2.3.13.Final]
		at io.undertow.servlet.handlers.ServletInitialHandler$2.call(ServletInitialHandler.java:135) ~[undertow-servlet-2.3.13.Final.jar:2.3.13.Final]
		at io.undertow.servlet.handlers.ServletInitialHandler$2.call(ServletInitialHandler.java:132) ~[undertow-servlet-2.3.13.Final.jar:2.3.13.Final]
		at io.undertow.servlet.core.ServletRequestContextThreadSetupAction$1.call(ServletRequestContextThreadSetupAction.java:48) ~[undertow-servlet-2.3.13.Final.jar:2.3.13.Final]
		at io.undertow.servlet.core.ContextClassLoaderSetupAction$1.call(ContextClassLoaderSetupAction.java:43) ~[undertow-servlet-2.3.13.Final.jar:2.3.13.Final]
		at io.undertow.servlet.handlers.ServletInitialHandler.dispatchRequest(ServletInitialHandler.java:256) ~[undertow-servlet-2.3.13.Final.jar:2.3.13.Final]
		at io.undertow.servlet.handlers.ServletInitialHandler$1.handleRequest(ServletInitialHandler.java:101) ~[undertow-servlet-2.3.13.Final.jar:2.3.13.Final]
		at io.undertow.server.Connectors.executeRootHandler(Connectors.java:393) ~[undertow-core-2.3.13.Final.jar:2.3.13.Final]
		at io.undertow.server.HttpServerExchange$1.run(HttpServerExchange.java:859) ~[undertow-core-2.3.13.Final.jar:2.3.13.Final]
		at org.jboss.threads.ContextHandler$1.runWith(ContextHandler.java:18) ~[jboss-threads-3.5.0.Final.jar:3.5.0.Final]
		at org.jboss.threads.EnhancedQueueExecutor$Task.run(EnhancedQueueExecutor.java:2513) ~[jboss-threads-3.5.0.Final.jar:3.5.0.Final]
		at org.jboss.threads.EnhancedQueueExecutor$ThreadBody.run(EnhancedQueueExecutor.java:1538) ~[jboss-threads-3.5.0.Final.jar:3.5.0.Final]
		at org.xnio.XnioWorker$WorkerThreadFactory$1$1.run(XnioWorker.java:1282) ~[xnio-api-3.8.8.Final.jar:3.8.8.Final]
		at java.base/java.lang.Thread.run(Thread.java:1583) [?:?]
Caused by: java.io.IOException: Broken pipe
	at java.base/sun.nio.ch.SocketDispatcher.write0(Native Method) ~[?:?]
	at java.base/sun.nio.ch.SocketDispatcher.write(SocketDispatcher.java:62) ~[?:?]
	at java.base/sun.nio.ch.IOUtil.writeFromNativeBuffer(IOUtil.java:137) ~[?:?]
	at java.base/sun.nio.ch.IOUtil.write(IOUtil.java:81) ~[?:?]
	at java.base/sun.nio.ch.IOUtil.write(IOUtil.java:58) ~[?:?]
	at java.base/sun.nio.ch.SocketChannelImpl.write(SocketChannelImpl.java:542) ~[?:?]
	at org.xnio.nio.NioSocketConduit.write(NioSocketConduit.java:153) ~[xnio-nio-3.8.8.Final.jar:3.8.8.Final]
	at io.undertow.server.protocol.http.HttpResponseConduit.write(HttpResponseConduit.java:629) ~[undertow-core-2.3.13.Final.jar:2.3.13.Final]
	at org.xnio.conduits.AbstractStreamSinkConduit.write(AbstractStreamSinkConduit.java:51) ~[xnio-api-3.8.8.Final.jar:3.8.8.Final]
	at io.undertow.conduits.DeflatingStreamSinkConduit.performFlushIfRequiredSingleBuffer(DeflatingStreamSinkConduit.java:445) ~[undertow-core-2.3.13.Final.jar:2.3.13.Final]
	at io.undertow.conduits.DeflatingStreamSinkConduit.performFlushIfRequired(DeflatingStreamSinkConduit.java:432) ~[undertow-core-2.3.13.Final.jar:2.3.13.Final]
	at io.undertow.conduits.DeflatingStreamSinkConduit.deflateData(DeflatingStreamSinkConduit.java:522) ~[undertow-core-2.3.13.Final.jar:2.3.13.Final]
	at io.undertow.conduits.DeflatingStreamSinkConduit.write(DeflatingStreamSinkConduit.java:130) ~[undertow-core-2.3.13.Final.jar:2.3.13.Final]
	at io.undertow.conduits.DeflatingStreamSinkConduit.write(DeflatingStreamSinkConduit.java:165) ~[undertow-core-2.3.13.Final.jar:2.3.13.Final]
	at org.xnio.conduits.ConduitStreamSinkChannel.write(ConduitStreamSinkChannel.java:158) ~[xnio-api-3.8.8.Final.jar:3.8.8.Final]
	at io.undertow.channels.DetachableStreamSinkChannel.write(DetachableStreamSinkChannel.java:179) ~[undertow-core-2.3.13.Final.jar:2.3.13.Final]
	at io.undertow.server.HttpServerExchange$WriteDispatchChannel.write(HttpServerExchange.java:2172) ~[undertow-core-2.3.13.Final.jar:2.3.13.Final]
	at org.xnio.channels.Channels.writeBlocking(Channels.java:202) ~[xnio-api-3.8.8.Final.jar:3.8.8.Final]
	at io.undertow.servlet.spec.ServletOutputStreamImpl.writeTooLargeForBuffer(ServletOutputStreamImpl.java:201) ~[undertow-servlet-2.3.13.Final.jar:2.3.13.Final]
	at io.undertow.servlet.spec.ServletOutputStreamImpl.write(ServletOutputStreamImpl.java:149) ~[undertow-servlet-2.3.13.Final.jar:2.3.13.Final]
	at org.springframework.web.context.request.async.StandardServletAsyncWebRequest$LifecycleServletOutputStream.write(StandardServletAsyncWebRequest.java:375) ~[spring-web-6.1.10.jar:6.1.10]
	... 86 more
[2026-05-21 11:00:22.404] ERROR XNIO-1 task-3 com.jts.gjcxfzksh.exception.handler.GlobalExceptionHandler[63] - 请求地址'/pt/network/tile',发生系统异常. 
org.springframework.web.context.request.async.AsyncRequestNotUsableException: ServletOutputStream failed to write: Broken pipe
	at org.springframework.web.context.request.async.StandardServletAsyncWebRequest$LifecycleHttpServletResponse.handleIOException(StandardServletAsyncWebRequest.java:320) ~[spring-web-6.1.10.jar:6.1.10]
	at org.springframework.web.context.request.async.StandardServletAsyncWebRequest$LifecycleServletOutputStream.write(StandardServletAsyncWebRequest.java:378) ~[spring-web-6.1.10.jar:6.1.10]
	at org.springframework.util.StreamUtils$NonClosingOutputStream.write(StreamUtils.java:261) ~[spring-core-6.1.10.jar:6.1.10]
	at com.fasterxml.jackson.core.json.UTF8JsonGenerator._flushBuffer(UTF8JsonGenerator.java:2210) ~[jackson-core-2.17.1.jar:2.17.1]
	at com.fasterxml.jackson.core.json.UTF8JsonGenerator.writeRaw(UTF8JsonGenerator.java:764) ~[jackson-core-2.17.1.jar:2.17.1]
	at com.fasterxml.jackson.core.json.UTF8JsonGenerator.writeRaw(UTF8JsonGenerator.java:674) ~[jackson-core-2.17.1.jar:2.17.1]
	at com.fasterxml.jackson.core.json.UTF8JsonGenerator.writeNumber(UTF8JsonGenerator.java:1065) ~[jackson-core-2.17.1.jar:2.17.1]
	at com.fasterxml.jackson.databind.ser.std.NumberSerializers$FloatSerializer.serialize(NumberSerializers.java:214) ~[jackson-databind-2.17.1.jar:2.17.1]
	at com.fasterxml.jackson.databind.ser.BeanPropertyWriter.serializeAsField(BeanPropertyWriter.java:732) ~[jackson-databind-2.17.1.jar:2.17.1]
	at com.fasterxml.jackson.databind.ser.std.BeanSerializerBase.serializeFields(BeanSerializerBase.java:770) ~[jackson-databind-2.17.1.jar:2.17.1]
	at com.fasterxml.jackson.databind.ser.BeanSerializer.serialize(BeanSerializer.java:183) ~[jackson-databind-2.17.1.jar:2.17.1]
	at com.fasterxml.jackson.databind.ser.BeanPropertyWriter.serializeAsField(BeanPropertyWriter.java:732) ~[jackson-databind-2.17.1.jar:2.17.1]
	at com.fasterxml.jackson.databind.ser.std.BeanSerializerBase.serializeFields(BeanSerializerBase.java:770) ~[jackson-databind-2.17.1.jar:2.17.1]
	at com.fasterxml.jackson.databind.ser.BeanSerializer.serialize(BeanSerializer.java:183) ~[jackson-databind-2.17.1.jar:2.17.1]
	at com.fasterxml.jackson.databind.ser.impl.IndexedListSerializer.serializeContents(IndexedListSerializer.java:119) ~[jackson-databind-2.17.1.jar:2.17.1]
	at com.fasterxml.jackson.databind.ser.impl.IndexedListSerializer.serialize(IndexedListSerializer.java:79) ~[jackson-databind-2.17.1.jar:2.17.1]
	at com.fasterxml.jackson.databind.ser.impl.IndexedListSerializer.serialize(IndexedListSerializer.java:18) ~[jackson-databind-2.17.1.jar:2.17.1]
	at com.fasterxml.jackson.databind.ser.BeanPropertyWriter.serializeAsField(BeanPropertyWriter.java:732) ~[jackson-databind-2.17.1.jar:2.17.1]
	at com.fasterxml.jackson.databind.ser.std.BeanSerializerBase.serializeFields(BeanSerializerBase.java:770) ~[jackson-databind-2.17.1.jar:2.17.1]
	at com.fasterxml.jackson.databind.ser.BeanSerializer.serialize(BeanSerializer.java:183) ~[jackson-databind-2.17.1.jar:2.17.1]
	at com.fasterxml.jackson.databind.ser.DefaultSerializerProvider._serialize(DefaultSerializerProvider.java:502) ~[jackson-databind-2.17.1.jar:2.17.1]
	at com.fasterxml.jackson.databind.ser.DefaultSerializerProvider.serializeValue(DefaultSerializerProvider.java:341) ~[jackson-databind-2.17.1.jar:2.17.1]
	at com.fasterxml.jackson.databind.ObjectWriter$Prefetch.serialize(ObjectWriter.java:1574) ~[jackson-databind-2.17.1.jar:2.17.1]
	at com.fasterxml.jackson.databind.ObjectWriter.writeValue(ObjectWriter.java:1061) ~[jackson-databind-2.17.1.jar:2.17.1]
	at org.springframework.http.converter.json.AbstractJackson2HttpMessageConverter.writeInternal(AbstractJackson2HttpMessageConverter.java:483) ~[spring-web-6.1.10.jar:6.1.10]
	at org.springframework.http.converter.AbstractGenericHttpMessageConverter.write(AbstractGenericHttpMessageConverter.java:114) ~[spring-web-6.1.10.jar:6.1.10]
	at org.springframework.web.servlet.mvc.method.annotation.AbstractMessageConverterMethodProcessor.writeWithMessageConverters(AbstractMessageConverterMethodProcessor.java:297) ~[spring-webmvc-6.1.10.jar:6.1.10]
	at org.springframework.web.servlet.mvc.method.annotation.RequestResponseBodyMethodProcessor.handleReturnValue(RequestResponseBodyMethodProcessor.java:192) ~[spring-webmvc-6.1.10.jar:6.1.10]
	at org.springframework.web.method.support.HandlerMethodReturnValueHandlerComposite.handleReturnValue(HandlerMethodReturnValueHandlerComposite.java:78) ~[spring-web-6.1.10.jar:6.1.10]
	at org.springframework.web.servlet.mvc.method.annotation.ServletInvocableHandlerMethod.invokeAndHandle(ServletInvocableHandlerMethod.java:136) ~[spring-webmvc-6.1.10.jar:6.1.10]
	at org.springframework.web.servlet.mvc.method.annotation.RequestMappingHandlerAdapter.invokeHandlerMethod(RequestMappingHandlerAdapter.java:926) ~[spring-webmvc-6.1.10.jar:6.1.10]
	at org.springframework.web.servlet.mvc.method.annotation.RequestMappingHandlerAdapter.handleInternal(RequestMappingHandlerAdapter.java:831) ~[spring-webmvc-6.1.10.jar:6.1.10]
	at org.springframework.web.servlet.mvc.method.AbstractHandlerMethodAdapter.handle(AbstractHandlerMethodAdapter.java:87) ~[spring-webmvc-6.1.10.jar:6.1.10]
	at org.springframework.web.servlet.DispatcherServlet.doDispatch(DispatcherServlet.java:1089) ~[spring-webmvc-6.1.10.jar:6.1.10]
	at org.springframework.web.servlet.DispatcherServlet.doService(DispatcherServlet.java:979) ~[spring-webmvc-6.1.10.jar:6.1.10]
	at org.springframework.web.servlet.FrameworkServlet.processRequest(FrameworkServlet.java:1014) ~[spring-webmvc-6.1.10.jar:6.1.10]
	at org.springframework.web.servlet.FrameworkServlet.doPost(FrameworkServlet.java:914) ~[spring-webmvc-6.1.10.jar:6.1.10]
	at jakarta.servlet.http.HttpServlet.service(HttpServlet.java:547) ~[jakarta.servlet-api-6.0.0.jar:6.0.0]
	at org.springframework.web.servlet.FrameworkServlet.service(FrameworkServlet.java:885) ~[spring-webmvc-6.1.10.jar:6.1.10]
	at jakarta.servlet.http.HttpServlet.service(HttpServlet.java:614) ~[jakarta.servlet-api-6.0.0.jar:6.0.0]
	at io.undertow.servlet.handlers.ServletHandler.handleRequest(ServletHandler.java:74) ~[undertow-servlet-2.3.13.Final.jar:2.3.13.Final]
	at io.undertow.servlet.handlers.FilterHandler$FilterChainImpl.doFilter(FilterHandler.java:129) ~[undertow-servlet-2.3.13.Final.jar:2.3.13.Final]
	at org.springframework.web.filter.CorsFilter.doFilterInternal(CorsFilter.java:91) ~[spring-web-6.1.10.jar:6.1.10]
	at org.springframework.web.filter.OncePerRequestFilter.doFilter(OncePerRequestFilter.java:116) ~[spring-web-6.1.10.jar:6.1.10]
	at io.undertow.servlet.core.ManagedFilter.doFilter(ManagedFilter.java:67) ~[undertow-servlet-2.3.13.Final.jar:2.3.13.Final]
	at io.undertow.servlet.handlers.FilterHandler$FilterChainImpl.doFilter(FilterHandler.java:131) ~[undertow-servlet-2.3.13.Final.jar:2.3.13.Final]
	at org.springframework.web.filter.RequestContextFilter.doFilterInternal(RequestContextFilter.java:100) ~[spring-web-6.1.10.jar:6.1.10]
	at org.springframework.web.filter.OncePerRequestFilter.doFilter(OncePerRequestFilter.java:116) ~[spring-web-6.1.10.jar:6.1.10]
	at io.undertow.servlet.core.ManagedFilter.doFilter(ManagedFilter.java:67) ~[undertow-servlet-2.3.13.Final.jar:2.3.13.Final]
	at io.undertow.servlet.handlers.FilterHandler$FilterChainImpl.doFilter(FilterHandler.java:131) ~[undertow-servlet-2.3.13.Final.jar:2.3.13.Final]
	at org.springframework.web.filter.FormContentFilter.doFilterInternal(FormContentFilter.java:93) ~[spring-web-6.1.10.jar:6.1.10]
	at org.springframework.web.filter.OncePerRequestFilter.doFilter(OncePerRequestFilter.java:116) ~[spring-web-6.1.10.jar:6.1.10]
	at io.undertow.servlet.core.ManagedFilter.doFilter(ManagedFilter.java:67) ~[undertow-servlet-2.3.13.Final.jar:2.3.13.Final]
	at io.undertow.servlet.handlers.FilterHandler$FilterChainImpl.doFilter(FilterHandler.java:131) ~[undertow-servlet-2.3.13.Final.jar:2.3.13.Final]
	at org.springframework.web.filter.CharacterEncodingFilter.doFilterInternal(CharacterEncodingFilter.java:201) ~[spring-web-6.1.10.jar:6.1.10]
	at org.springframework.web.filter.OncePerRequestFilter.doFilter(OncePerRequestFilter.java:116) ~[spring-web-6.1.10.jar:6.1.10]
	at io.undertow.servlet.core.ManagedFilter.doFilter(ManagedFilter.java:67) ~[undertow-servlet-2.3.13.Final.jar:2.3.13.Final]
	at io.undertow.servlet.handlers.FilterHandler$FilterChainImpl.doFilter(FilterHandler.java:131) ~[undertow-servlet-2.3.13.Final.jar:2.3.13.Final]
	at io.undertow.servlet.handlers.FilterHandler.handleRequest(FilterHandler.java:84) ~[undertow-servlet-2.3.13.Final.jar:2.3.13.Final]
	at io.undertow.servlet.handlers.security.ServletSecurityRoleHandler.handleRequest(ServletSecurityRoleHandler.java:62) ~[undertow-servlet-2.3.13.Final.jar:2.3.13.Final]
	at io.undertow.servlet.handlers.ServletChain$1.handleRequest(ServletChain.java:68) ~[undertow-servlet-2.3.13.Final.jar:2.3.13.Final]
	at io.undertow.servlet.handlers.ServletDispatchingHandler.handleRequest(ServletDispatchingHandler.java:36) ~[undertow-servlet-2.3.13.Final.jar:2.3.13.Final]
	at io.undertow.servlet.handlers.RedirectDirHandler.handleRequest(RedirectDirHandler.java:68) ~[undertow-servlet-2.3.13.Final.jar:2.3.13.Final]
	at io.undertow.servlet.handlers.security.SSLInformationAssociationHandler.handleRequest(SSLInformationAssociationHandler.java:117) ~[undertow-servlet-2.3.13.Final.jar:2.3.13.Final]
	at io.undertow.servlet.handlers.security.ServletAuthenticationCallHandler.handleRequest(ServletAuthenticationCallHandler.java:57) ~[undertow-servlet-2.3.13.Final.jar:2.3.13.Final]
	at io.undertow.server.handlers.PredicateHandler.handleRequest(PredicateHandler.java:43) ~[undertow-core-2.3.13.Final.jar:2.3.13.Final]
	at io.undertow.security.handlers.AbstractConfidentialityHandler.handleRequest(AbstractConfidentialityHandler.java:46) ~[undertow-core-2.3.13.Final.jar:2.3.13.Final]
	at io.undertow.servlet.handlers.security.ServletConfidentialityConstraintHandler.handleRequest(ServletConfidentialityConstraintHandler.java:64) ~[undertow-servlet-2.3.13.Final.jar:2.3.13.Final]
	at io.undertow.security.handlers.AuthenticationMechanismsHandler.handleRequest(AuthenticationMechanismsHandler.java:60) ~[undertow-core-2.3.13.Final.jar:2.3.13.Final]
	at io.undertow.servlet.handlers.security.CachedAuthenticatedSessionHandler.handleRequest(CachedAuthenticatedSessionHandler.java:77) ~[undertow-servlet-2.3.13.Final.jar:2.3.13.Final]
	at io.undertow.security.handlers.AbstractSecurityContextAssociationHandler.handleRequest(AbstractSecurityContextAssociationHandler.java:43) ~[undertow-core-2.3.13.Final.jar:2.3.13.Final]
	at io.undertow.server.handlers.PredicateHandler.handleRequest(PredicateHandler.java:43) ~[undertow-core-2.3.13.Final.jar:2.3.13.Final]
	at io.undertow.servlet.handlers.SendErrorPageHandler.handleRequest(SendErrorPageHandler.java:52) ~[undertow-servlet-2.3.13.Final.jar:2.3.13.Final]
	at io.undertow.server.handlers.PredicateHandler.handleRequest(PredicateHandler.java:43) ~[undertow-core-2.3.13.Final.jar:2.3.13.Final]
	at io.undertow.servlet.handlers.ServletInitialHandler.handleFirstRequest(ServletInitialHandler.java:276) ~[undertow-servlet-2.3.13.Final.jar:2.3.13.Final]
	at io.undertow.servlet.handlers.ServletInitialHandler$2.call(ServletInitialHandler.java:135) ~[undertow-servlet-2.3.13.Final.jar:2.3.13.Final]
	at io.undertow.servlet.handlers.ServletInitialHandler$2.call(ServletInitialHandler.java:132) ~[undertow-servlet-2.3.13.Final.jar:2.3.13.Final]
	at io.undertow.servlet.core.ServletRequestContextThreadSetupAction$1.call(ServletRequestContextThreadSetupAction.java:48) ~[undertow-servlet-2.3.13.Final.jar:2.3.13.Final]
	at io.undertow.servlet.core.ContextClassLoaderSetupAction$1.call(ContextClassLoaderSetupAction.java:43) ~[undertow-servlet-2.3.13.Final.jar:2.3.13.Final]
	at io.undertow.servlet.handlers.ServletInitialHandler.dispatchRequest(ServletInitialHandler.java:256) ~[undertow-servlet-2.3.13.Final.jar:2.3.13.Final]
	at io.undertow.servlet.handlers.ServletInitialHandler$1.handleRequest(ServletInitialHandler.java:101) ~[undertow-servlet-2.3.13.Final.jar:2.3.13.Final]
	at io.undertow.server.Connectors.executeRootHandler(Connectors.java:393) ~[undertow-core-2.3.13.Final.jar:2.3.13.Final]
	at io.undertow.server.HttpServerExchange$1.run(HttpServerExchange.java:859) ~[undertow-core-2.3.13.Final.jar:2.3.13.Final]
	at org.jboss.threads.ContextHandler$1.runWith(ContextHandler.java:18) ~[jboss-threads-3.5.0.Final.jar:3.5.0.Final]
	at org.jboss.threads.EnhancedQueueExecutor$Task.run(EnhancedQueueExecutor.java:2513) ~[jboss-threads-3.5.0.Final.jar:3.5.0.Final]
	at org.jboss.threads.EnhancedQueueExecutor$ThreadBody.run(EnhancedQueueExecutor.java:1538) ~[jboss-threads-3.5.0.Final.jar:3.5.0.Final]
	at org.xnio.XnioWorker$WorkerThreadFactory$1$1.run(XnioWorker.java:1282) ~[xnio-api-3.8.8.Final.jar:3.8.8.Final]
	at java.base/java.lang.Thread.run(Thread.java:1583) [?:?]
	Suppressed: org.springframework.web.context.request.async.AsyncRequestNotUsableException: Response not usable after response errors.
		at org.springframework.web.context.request.async.StandardServletAsyncWebRequest$LifecycleHttpServletResponse.obtainLockAndCheckState(StandardServletAsyncWebRequest.java:314) ~[spring-web-6.1.10.jar:6.1.10]
		at org.springframework.web.context.request.async.StandardServletAsyncWebRequest$LifecycleServletOutputStream.write(StandardServletAsyncWebRequest.java:373) ~[spring-web-6.1.10.jar:6.1.10]
		at org.springframework.util.StreamUtils$NonClosingOutputStream.write(StreamUtils.java:261) ~[spring-core-6.1.10.jar:6.1.10]
		at com.fasterxml.jackson.core.json.UTF8JsonGenerator._flushBuffer(UTF8JsonGenerator.java:2210) ~[jackson-core-2.17.1.jar:2.17.1]
		at com.fasterxml.jackson.core.json.UTF8JsonGenerator.close(UTF8JsonGenerator.java:1234) ~[jackson-core-2.17.1.jar:2.17.1]
		at org.springframework.http.converter.json.AbstractJackson2HttpMessageConverter.writeInternal(AbstractJackson2HttpMessageConverter.java:452) ~[spring-web-6.1.10.jar:6.1.10]
		at org.springframework.http.converter.AbstractGenericHttpMessageConverter.write(AbstractGenericHttpMessageConverter.java:114) ~[spring-web-6.1.10.jar:6.1.10]
		at org.springframework.web.servlet.mvc.method.annotation.AbstractMessageConverterMethodProcessor.writeWithMessageConverters(AbstractMessageConverterMethodProcessor.java:297) ~[spring-webmvc-6.1.10.jar:6.1.10]
		at org.springframework.web.servlet.mvc.method.annotation.RequestResponseBodyMethodProcessor.handleReturnValue(RequestResponseBodyMethodProcessor.java:192) ~[spring-webmvc-6.1.10.jar:6.1.10]
		at org.springframework.web.method.support.HandlerMethodReturnValueHandlerComposite.handleReturnValue(HandlerMethodReturnValueHandlerComposite.java:78) ~[spring-web-6.1.10.jar:6.1.10]
		at org.springframework.web.servlet.mvc.method.annotation.ServletInvocableHandlerMethod.invokeAndHandle(ServletInvocableHandlerMethod.java:136) ~[spring-webmvc-6.1.10.jar:6.1.10]
		at org.springframework.web.servlet.mvc.method.annotation.RequestMappingHandlerAdapter.invokeHandlerMethod(RequestMappingHandlerAdapter.java:926) ~[spring-webmvc-6.1.10.jar:6.1.10]
		at org.springframework.web.servlet.mvc.method.annotation.RequestMappingHandlerAdapter.handleInternal(RequestMappingHandlerAdapter.java:831) ~[spring-webmvc-6.1.10.jar:6.1.10]
		at org.springframework.web.servlet.mvc.method.AbstractHandlerMethodAdapter.handle(AbstractHandlerMethodAdapter.java:87) ~[spring-webmvc-6.1.10.jar:6.1.10]
		at org.springframework.web.servlet.DispatcherServlet.doDispatch(DispatcherServlet.java:1089) ~[spring-webmvc-6.1.10.jar:6.1.10]
		at org.springframework.web.servlet.DispatcherServlet.doService(DispatcherServlet.java:979) ~[spring-webmvc-6.1.10.jar:6.1.10]
		at org.springframework.web.servlet.FrameworkServlet.processRequest(FrameworkServlet.java:1014) ~[spring-webmvc-6.1.10.jar:6.1.10]
		at org.springframework.web.servlet.FrameworkServlet.doPost(FrameworkServlet.java:914) ~[spring-webmvc-6.1.10.jar:6.1.10]
		at jakarta.servlet.http.HttpServlet.service(HttpServlet.java:547) ~[jakarta.servlet-api-6.0.0.jar:6.0.0]
		at org.springframework.web.servlet.FrameworkServlet.service(FrameworkServlet.java:885) ~[spring-webmvc-6.1.10.jar:6.1.10]
		at jakarta.servlet.http.HttpServlet.service(HttpServlet.java:614) ~[jakarta.servlet-api-6.0.0.jar:6.0.0]
		at io.undertow.servlet.handlers.ServletHandler.handleRequest(ServletHandler.java:74) ~[undertow-servlet-2.3.13.Final.jar:2.3.13.Final]
		at io.undertow.servlet.handlers.FilterHandler$FilterChainImpl.doFilter(FilterHandler.java:129) ~[undertow-servlet-2.3.13.Final.jar:2.3.13.Final]
		at org.springframework.web.filter.CorsFilter.doFilterInternal(CorsFilter.java:91) ~[spring-web-6.1.10.jar:6.1.10]
		at org.springframework.web.filter.OncePerRequestFilter.doFilter(OncePerRequestFilter.java:116) ~[spring-web-6.1.10.jar:6.1.10]
		at io.undertow.servlet.core.ManagedFilter.doFilter(ManagedFilter.java:67) ~[undertow-servlet-2.3.13.Final.jar:2.3.13.Final]
		at io.undertow.servlet.handlers.FilterHandler$FilterChainImpl.doFilter(FilterHandler.java:131) ~[undertow-servlet-2.3.13.Final.jar:2.3.13.Final]
		at org.springframework.web.filter.RequestContextFilter.doFilterInternal(RequestContextFilter.java:100) ~[spring-web-6.1.10.jar:6.1.10]
		at org.springframework.web.filter.OncePerRequestFilter.doFilter(OncePerRequestFilter.java:116) ~[spring-web-6.1.10.jar:6.1.10]
		at io.undertow.servlet.core.ManagedFilter.doFilter(ManagedFilter.java:67) ~[undertow-servlet-2.3.13.Final.jar:2.3.13.Final]
		at io.undertow.servlet.handlers.FilterHandler$FilterChainImpl.doFilter(FilterHandler.java:131) ~[undertow-servlet-2.3.13.Final.jar:2.3.13.Final]
		at org.springframework.web.filter.FormContentFilter.doFilterInternal(FormContentFilter.java:93) ~[spring-web-6.1.10.jar:6.1.10]
		at org.springframework.web.filter.OncePerRequestFilter.doFilter(OncePerRequestFilter.java:116) ~[spring-web-6.1.10.jar:6.1.10]
		at io.undertow.servlet.core.ManagedFilter.doFilter(ManagedFilter.java:67) ~[undertow-servlet-2.3.13.Final.jar:2.3.13.Final]
		at io.undertow.servlet.handlers.FilterHandler$FilterChainImpl.doFilter(FilterHandler.java:131) ~[undertow-servlet-2.3.13.Final.jar:2.3.13.Final]
		at org.springframework.web.filter.CharacterEncodingFilter.doFilterInternal(CharacterEncodingFilter.java:201) ~[spring-web-6.1.10.jar:6.1.10]
		at org.springframework.web.filter.OncePerRequestFilter.doFilter(OncePerRequestFilter.java:116) ~[spring-web-6.1.10.jar:6.1.10]
		at io.undertow.servlet.core.ManagedFilter.doFilter(ManagedFilter.java:67) ~[undertow-servlet-2.3.13.Final.jar:2.3.13.Final]
		at io.undertow.servlet.handlers.FilterHandler$FilterChainImpl.doFilter(FilterHandler.java:131) ~[undertow-servlet-2.3.13.Final.jar:2.3.13.Final]
		at io.undertow.servlet.handlers.FilterHandler.handleRequest(FilterHandler.java:84) ~[undertow-servlet-2.3.13.Final.jar:2.3.13.Final]
		at io.undertow.servlet.handlers.security.ServletSecurityRoleHandler.handleRequest(ServletSecurityRoleHandler.java:62) ~[undertow-servlet-2.3.13.Final.jar:2.3.13.Final]
		at io.undertow.servlet.handlers.ServletChain$1.handleRequest(ServletChain.java:68) ~[undertow-servlet-2.3.13.Final.jar:2.3.13.Final]
		at io.undertow.servlet.handlers.ServletDispatchingHandler.handleRequest(ServletDispatchingHandler.java:36) ~[undertow-servlet-2.3.13.Final.jar:2.3.13.Final]
		at io.undertow.servlet.handlers.RedirectDirHandler.handleRequest(RedirectDirHandler.java:68) ~[undertow-servlet-2.3.13.Final.jar:2.3.13.Final]
		at io.undertow.servlet.handlers.security.SSLInformationAssociationHandler.handleRequest(SSLInformationAssociationHandler.java:117) ~[undertow-servlet-2.3.13.Final.jar:2.3.13.Final]
		at io.undertow.servlet.handlers.security.ServletAuthenticationCallHandler.handleRequest(ServletAuthenticationCallHandler.java:57) ~[undertow-servlet-2.3.13.Final.jar:2.3.13.Final]
		at io.undertow.server.handlers.PredicateHandler.handleRequest(PredicateHandler.java:43) ~[undertow-core-2.3.13.Final.jar:2.3.13.Final]
		at io.undertow.security.handlers.AbstractConfidentialityHandler.handleRequest(AbstractConfidentialityHandler.java:46) ~[undertow-core-2.3.13.Final.jar:2.3.13.Final]
		at io.undertow.servlet.handlers.security.ServletConfidentialityConstraintHandler.handleRequest(ServletConfidentialityConstraintHandler.java:64) ~[undertow-servlet-2.3.13.Final.jar:2.3.13.Final]
		at io.undertow.security.handlers.AuthenticationMechanismsHandler.handleRequest(AuthenticationMechanismsHandler.java:60) ~[undertow-core-2.3.13.Final.jar:2.3.13.Final]
		at io.undertow.servlet.handlers.security.CachedAuthenticatedSessionHandler.handleRequest(CachedAuthenticatedSessionHandler.java:77) ~[undertow-servlet-2.3.13.Final.jar:2.3.13.Final]
		at io.undertow.security.handlers.AbstractSecurityContextAssociationHandler.handleRequest(AbstractSecurityContextAssociationHandler.java:43) ~[undertow-core-2.3.13.Final.jar:2.3.13.Final]
		at io.undertow.server.handlers.PredicateHandler.handleRequest(PredicateHandler.java:43) ~[undertow-core-2.3.13.Final.jar:2.3.13.Final]
		at io.undertow.servlet.handlers.SendErrorPageHandler.handleRequest(SendErrorPageHandler.java:52) ~[undertow-servlet-2.3.13.Final.jar:2.3.13.Final]
		at io.undertow.server.handlers.PredicateHandler.handleRequest(PredicateHandler.java:43) ~[undertow-core-2.3.13.Final.jar:2.3.13.Final]
		at io.undertow.servlet.handlers.ServletInitialHandler.handleFirstRequest(ServletInitialHandler.java:276) ~[undertow-servlet-2.3.13.Final.jar:2.3.13.Final]
		at io.undertow.servlet.handlers.ServletInitialHandler$2.call(ServletInitialHandler.java:135) ~[undertow-servlet-2.3.13.Final.jar:2.3.13.Final]
		at io.undertow.servlet.handlers.ServletInitialHandler$2.call(ServletInitialHandler.java:132) ~[undertow-servlet-2.3.13.Final.jar:2.3.13.Final]
		at io.undertow.servlet.core.ServletRequestContextThreadSetupAction$1.call(ServletRequestContextThreadSetupAction.java:48) ~[undertow-servlet-2.3.13.Final.jar:2.3.13.Final]
		at io.undertow.servlet.core.ContextClassLoaderSetupAction$1.call(ContextClassLoaderSetupAction.java:43) ~[undertow-servlet-2.3.13.Final.jar:2.3.13.Final]
		at io.undertow.servlet.handlers.ServletInitialHandler.dispatchRequest(ServletInitialHandler.java:256) ~[undertow-servlet-2.3.13.Final.jar:2.3.13.Final]
		at io.undertow.servlet.handlers.ServletInitialHandler$1.handleRequest(ServletInitialHandler.java:101) ~[undertow-servlet-2.3.13.Final.jar:2.3.13.Final]
		at io.undertow.server.Connectors.executeRootHandler(Connectors.java:393) ~[undertow-core-2.3.13.Final.jar:2.3.13.Final]
		at io.undertow.server.HttpServerExchange$1.run(HttpServerExchange.java:859) ~[undertow-core-2.3.13.Final.jar:2.3.13.Final]
		at org.jboss.threads.ContextHandler$1.runWith(ContextHandler.java:18) ~[jboss-threads-3.5.0.Final.jar:3.5.0.Final]
		at org.jboss.threads.EnhancedQueueExecutor$Task.run(EnhancedQueueExecutor.java:2513) ~[jboss-threads-3.5.0.Final.jar:3.5.0.Final]
		at org.jboss.threads.EnhancedQueueExecutor$ThreadBody.run(EnhancedQueueExecutor.java:1538) ~[jboss-threads-3.5.0.Final.jar:3.5.0.Final]
		at org.xnio.XnioWorker$WorkerThreadFactory$1$1.run(XnioWorker.java:1282) ~[xnio-api-3.8.8.Final.jar:3.8.8.Final]
		at java.base/java.lang.Thread.run(Thread.java:1583) [?:?]
Caused by: java.io.IOException: Broken pipe
	at java.base/sun.nio.ch.SocketDispatcher.write0(Native Method) ~[?:?]
	at java.base/sun.nio.ch.SocketDispatcher.write(SocketDispatcher.java:62) ~[?:?]
	at java.base/sun.nio.ch.IOUtil.writeFromNativeBuffer(IOUtil.java:137) ~[?:?]
	at java.base/sun.nio.ch.IOUtil.write(IOUtil.java:81) ~[?:?]
	at java.base/sun.nio.ch.IOUtil.write(IOUtil.java:58) ~[?:?]
	at java.base/sun.nio.ch.SocketChannelImpl.write(SocketChannelImpl.java:542) ~[?:?]
	at org.xnio.nio.NioSocketConduit.write(NioSocketConduit.java:153) ~[xnio-nio-3.8.8.Final.jar:3.8.8.Final]
	at io.undertow.server.protocol.http.HttpResponseConduit.write(HttpResponseConduit.java:629) ~[undertow-core-2.3.13.Final.jar:2.3.13.Final]
	at org.xnio.conduits.AbstractStreamSinkConduit.write(AbstractStreamSinkConduit.java:51) ~[xnio-api-3.8.8.Final.jar:3.8.8.Final]
	at io.undertow.conduits.DeflatingStreamSinkConduit.performFlushIfRequiredSingleBuffer(DeflatingStreamSinkConduit.java:445) ~[undertow-core-2.3.13.Final.jar:2.3.13.Final]
	at io.undertow.conduits.DeflatingStreamSinkConduit.performFlushIfRequired(DeflatingStreamSinkConduit.java:432) ~[undertow-core-2.3.13.Final.jar:2.3.13.Final]
	at io.undertow.conduits.DeflatingStreamSinkConduit.deflateData(DeflatingStreamSinkConduit.java:522) ~[undertow-core-2.3.13.Final.jar:2.3.13.Final]
	at io.undertow.conduits.DeflatingStreamSinkConduit.write(DeflatingStreamSinkConduit.java:130) ~[undertow-core-2.3.13.Final.jar:2.3.13.Final]
	at io.undertow.conduits.DeflatingStreamSinkConduit.write(DeflatingStreamSinkConduit.java:165) ~[undertow-core-2.3.13.Final.jar:2.3.13.Final]
	at org.xnio.conduits.ConduitStreamSinkChannel.write(ConduitStreamSinkChannel.java:158) ~[xnio-api-3.8.8.Final.jar:3.8.8.Final]
	at io.undertow.channels.DetachableStreamSinkChannel.write(DetachableStreamSinkChannel.java:179) ~[undertow-core-2.3.13.Final.jar:2.3.13.Final]
	at io.undertow.server.HttpServerExchange$WriteDispatchChannel.write(HttpServerExchange.java:2172) ~[undertow-core-2.3.13.Final.jar:2.3.13.Final]
	at org.xnio.channels.Channels.writeBlocking(Channels.java:202) ~[xnio-api-3.8.8.Final.jar:3.8.8.Final]
	at io.undertow.servlet.spec.ServletOutputStreamImpl.writeTooLargeForBuffer(ServletOutputStreamImpl.java:201) ~[undertow-servlet-2.3.13.Final.jar:2.3.13.Final]
	at io.undertow.servlet.spec.ServletOutputStreamImpl.write(ServletOutputStreamImpl.java:149) ~[undertow-servlet-2.3.13.Final.jar:2.3.13.Final]
	at org.springframework.web.context.request.async.StandardServletAsyncWebRequest$LifecycleServletOutputStream.write(StandardServletAsyncWebRequest.java:375) ~[spring-web-6.1.10.jar:6.1.10]
	... 86 more
[2026-05-21 11:00:22.461] ERROR XNIO-1 task-9 com.jts.gjcxfzksh.exception.handler.GlobalExceptionHandler[63] - 请求地址'/pt/network/tile',发生系统异常. 
org.springframework.web.context.request.async.AsyncRequestNotUsableException: ServletOutputStream failed to write: Broken pipe
	at org.springframework.web.context.request.async.StandardServletAsyncWebRequest$LifecycleHttpServletResponse.handleIOException(StandardServletAsyncWebRequest.java:320) ~[spring-web-6.1.10.jar:6.1.10]
	at org.springframework.web.context.request.async.StandardServletAsyncWebRequest$LifecycleServletOutputStream.write(StandardServletAsyncWebRequest.java:378) ~[spring-web-6.1.10.jar:6.1.10]
	at org.springframework.util.StreamUtils$NonClosingOutputStream.write(StreamUtils.java:261) ~[spring-core-6.1.10.jar:6.1.10]
	at com.fasterxml.jackson.core.json.UTF8JsonGenerator._flushBuffer(UTF8JsonGenerator.java:2210) ~[jackson-core-2.17.1.jar:2.17.1]
	at com.fasterxml.jackson.core.json.UTF8JsonGenerator.writeRaw(UTF8JsonGenerator.java:764) ~[jackson-core-2.17.1.jar:2.17.1]
	at com.fasterxml.jackson.core.json.UTF8JsonGenerator.writeRaw(UTF8JsonGenerator.java:674) ~[jackson-core-2.17.1.jar:2.17.1]
	at com.fasterxml.jackson.core.json.UTF8JsonGenerator.writeNumber(UTF8JsonGenerator.java:1065) ~[jackson-core-2.17.1.jar:2.17.1]
	at com.fasterxml.jackson.databind.ser.std.NumberSerializers$FloatSerializer.serialize(NumberSerializers.java:214) ~[jackson-databind-2.17.1.jar:2.17.1]
	at com.fasterxml.jackson.databind.ser.BeanPropertyWriter.serializeAsField(BeanPropertyWriter.java:732) ~[jackson-databind-2.17.1.jar:2.17.1]
	at com.fasterxml.jackson.databind.ser.std.BeanSerializerBase.serializeFields(BeanSerializerBase.java:770) ~[jackson-databind-2.17.1.jar:2.17.1]
	at com.fasterxml.jackson.databind.ser.BeanSerializer.serialize(BeanSerializer.java:183) ~[jackson-databind-2.17.1.jar:2.17.1]
	at com.fasterxml.jackson.databind.ser.BeanPropertyWriter.serializeAsField(BeanPropertyWriter.java:732) ~[jackson-databind-2.17.1.jar:2.17.1]
	at com.fasterxml.jackson.databind.ser.std.BeanSerializerBase.serializeFields(BeanSerializerBase.java:770) ~[jackson-databind-2.17.1.jar:2.17.1]
	at com.fasterxml.jackson.databind.ser.BeanSerializer.serialize(BeanSerializer.java:183) ~[jackson-databind-2.17.1.jar:2.17.1]
	at com.fasterxml.jackson.databind.ser.impl.IndexedListSerializer.serializeContents(IndexedListSerializer.java:119) ~[jackson-databind-2.17.1.jar:2.17.1]
	at com.fasterxml.jackson.databind.ser.impl.IndexedListSerializer.serialize(IndexedListSerializer.java:79) ~[jackson-databind-2.17.1.jar:2.17.1]
	at com.fasterxml.jackson.databind.ser.impl.IndexedListSerializer.serialize(IndexedListSerializer.java:18) ~[jackson-databind-2.17.1.jar:2.17.1]
	at com.fasterxml.jackson.databind.ser.BeanPropertyWriter.serializeAsField(BeanPropertyWriter.java:732) ~[jackson-databind-2.17.1.jar:2.17.1]
	at com.fasterxml.jackson.databind.ser.std.BeanSerializerBase.serializeFields(BeanSerializerBase.java:770) ~[jackson-databind-2.17.1.jar:2.17.1]
	at com.fasterxml.jackson.databind.ser.BeanSerializer.serialize(BeanSerializer.java:183) ~[jackson-databind-2.17.1.jar:2.17.1]
	at com.fasterxml.jackson.databind.ser.DefaultSerializerProvider._serialize(DefaultSerializerProvider.java:502) ~[jackson-databind-2.17.1.jar:2.17.1]
	at com.fasterxml.jackson.databind.ser.DefaultSerializerProvider.serializeValue(DefaultSerializerProvider.java:341) ~[jackson-databind-2.17.1.jar:2.17.1]
	at com.fasterxml.jackson.databind.ObjectWriter$Prefetch.serialize(ObjectWriter.java:1574) ~[jackson-databind-2.17.1.jar:2.17.1]
	at com.fasterxml.jackson.databind.ObjectWriter.writeValue(ObjectWriter.java:1061) ~[jackson-databind-2.17.1.jar:2.17.1]
	at org.springframework.http.converter.json.AbstractJackson2HttpMessageConverter.writeInternal(AbstractJackson2HttpMessageConverter.java:483) ~[spring-web-6.1.10.jar:6.1.10]
	at org.springframework.http.converter.AbstractGenericHttpMessageConverter.write(AbstractGenericHttpMessageConverter.java:114) ~[spring-web-6.1.10.jar:6.1.10]
	at org.springframework.web.servlet.mvc.method.annotation.AbstractMessageConverterMethodProcessor.writeWithMessageConverters(AbstractMessageConverterMethodProcessor.java:297) ~[spring-webmvc-6.1.10.jar:6.1.10]
	at org.springframework.web.servlet.mvc.method.annotation.RequestResponseBodyMethodProcessor.handleReturnValue(RequestResponseBodyMethodProcessor.java:192) ~[spring-webmvc-6.1.10.jar:6.1.10]
	at org.springframework.web.method.support.HandlerMethodReturnValueHandlerComposite.handleReturnValue(HandlerMethodReturnValueHandlerComposite.java:78) ~[spring-web-6.1.10.jar:6.1.10]
	at org.springframework.web.servlet.mvc.method.annotation.ServletInvocableHandlerMethod.invokeAndHandle(ServletInvocableHandlerMethod.java:136) ~[spring-webmvc-6.1.10.jar:6.1.10]
	at org.springframework.web.servlet.mvc.method.annotation.RequestMappingHandlerAdapter.invokeHandlerMethod(RequestMappingHandlerAdapter.java:926) ~[spring-webmvc-6.1.10.jar:6.1.10]
	at org.springframework.web.servlet.mvc.method.annotation.RequestMappingHandlerAdapter.handleInternal(RequestMappingHandlerAdapter.java:831) ~[spring-webmvc-6.1.10.jar:6.1.10]
	at org.springframework.web.servlet.mvc.method.AbstractHandlerMethodAdapter.handle(AbstractHandlerMethodAdapter.java:87) ~[spring-webmvc-6.1.10.jar:6.1.10]
	at org.springframework.web.servlet.DispatcherServlet.doDispatch(DispatcherServlet.java:1089) ~[spring-webmvc-6.1.10.jar:6.1.10]
	at org.springframework.web.servlet.DispatcherServlet.doService(DispatcherServlet.java:979) ~[spring-webmvc-6.1.10.jar:6.1.10]
	at org.springframework.web.servlet.FrameworkServlet.processRequest(FrameworkServlet.java:1014) ~[spring-webmvc-6.1.10.jar:6.1.10]
	at org.springframework.web.servlet.FrameworkServlet.doPost(FrameworkServlet.java:914) ~[spring-webmvc-6.1.10.jar:6.1.10]
	at jakarta.servlet.http.HttpServlet.service(HttpServlet.java:547) ~[jakarta.servlet-api-6.0.0.jar:6.0.0]
	at org.springframework.web.servlet.FrameworkServlet.service(FrameworkServlet.java:885) ~[spring-webmvc-6.1.10.jar:6.1.10]
	at jakarta.servlet.http.HttpServlet.service(HttpServlet.java:614) ~[jakarta.servlet-api-6.0.0.jar:6.0.0]
	at io.undertow.servlet.handlers.ServletHandler.handleRequest(ServletHandler.java:74) ~[undertow-servlet-2.3.13.Final.jar:2.3.13.Final]
	at io.undertow.servlet.handlers.FilterHandler$FilterChainImpl.doFilter(FilterHandler.java:129) ~[undertow-servlet-2.3.13.Final.jar:2.3.13.Final]
	at org.springframework.web.filter.CorsFilter.doFilterInternal(CorsFilter.java:91) ~[spring-web-6.1.10.jar:6.1.10]
	at org.springframework.web.filter.OncePerRequestFilter.doFilter(OncePerRequestFilter.java:116) ~[spring-web-6.1.10.jar:6.1.10]
	at io.undertow.servlet.core.ManagedFilter.doFilter(ManagedFilter.java:67) ~[undertow-servlet-2.3.13.Final.jar:2.3.13.Final]
	at io.undertow.servlet.handlers.FilterHandler$FilterChainImpl.doFilter(FilterHandler.java:131) ~[undertow-servlet-2.3.13.Final.jar:2.3.13.Final]
	at org.springframework.web.filter.RequestContextFilter.doFilterInternal(RequestContextFilter.java:100) ~[spring-web-6.1.10.jar:6.1.10]
	at org.springframework.web.filter.OncePerRequestFilter.doFilter(OncePerRequestFilter.java:116) ~[spring-web-6.1.10.jar:6.1.10]
	at io.undertow.servlet.core.ManagedFilter.doFilter(ManagedFilter.java:67) ~[undertow-servlet-2.3.13.Final.jar:2.3.13.Final]
	at io.undertow.servlet.handlers.FilterHandler$FilterChainImpl.doFilter(FilterHandler.java:131) ~[undertow-servlet-2.3.13.Final.jar:2.3.13.Final]
	at org.springframework.web.filter.FormContentFilter.doFilterInternal(FormContentFilter.java:93) ~[spring-web-6.1.10.jar:6.1.10]
	at org.springframework.web.filter.OncePerRequestFilter.doFilter(OncePerRequestFilter.java:116) ~[spring-web-6.1.10.jar:6.1.10]
	at io.undertow.servlet.core.ManagedFilter.doFilter(ManagedFilter.java:67) ~[undertow-servlet-2.3.13.Final.jar:2.3.13.Final]
	at io.undertow.servlet.handlers.FilterHandler$FilterChainImpl.doFilter(FilterHandler.java:131) ~[undertow-servlet-2.3.13.Final.jar:2.3.13.Final]
	at org.springframework.web.filter.CharacterEncodingFilter.doFilterInternal(CharacterEncodingFilter.java:201) ~[spring-web-6.1.10.jar:6.1.10]
	at org.springframework.web.filter.OncePerRequestFilter.doFilter(OncePerRequestFilter.java:116) ~[spring-web-6.1.10.jar:6.1.10]
	at io.undertow.servlet.core.ManagedFilter.doFilter(ManagedFilter.java:67) ~[undertow-servlet-2.3.13.Final.jar:2.3.13.Final]
	at io.undertow.servlet.handlers.FilterHandler$FilterChainImpl.doFilter(FilterHandler.java:131) ~[undertow-servlet-2.3.13.Final.jar:2.3.13.Final]
	at io.undertow.servlet.handlers.FilterHandler.handleRequest(FilterHandler.java:84) ~[undertow-servlet-2.3.13.Final.jar:2.3.13.Final]
	at io.undertow.servlet.handlers.security.ServletSecurityRoleHandler.handleRequest(ServletSecurityRoleHandler.java:62) ~[undertow-servlet-2.3.13.Final.jar:2.3.13.Final]
	at io.undertow.servlet.handlers.ServletChain$1.handleRequest(ServletChain.java:68) ~[undertow-servlet-2.3.13.Final.jar:2.3.13.Final]
	at io.undertow.servlet.handlers.ServletDispatchingHandler.handleRequest(ServletDispatchingHandler.java:36) ~[undertow-servlet-2.3.13.Final.jar:2.3.13.Final]
	at io.undertow.servlet.handlers.RedirectDirHandler.handleRequest(RedirectDirHandler.java:68) ~[undertow-servlet-2.3.13.Final.jar:2.3.13.Final]
	at io.undertow.servlet.handlers.security.SSLInformationAssociationHandler.handleRequest(SSLInformationAssociationHandler.java:117) ~[undertow-servlet-2.3.13.Final.jar:2.3.13.Final]
	at io.undertow.servlet.handlers.security.ServletAuthenticationCallHandler.handleRequest(ServletAuthenticationCallHandler.java:57) ~[undertow-servlet-2.3.13.Final.jar:2.3.13.Final]
	at io.undertow.server.handlers.PredicateHandler.handleRequest(PredicateHandler.java:43) ~[undertow-core-2.3.13.Final.jar:2.3.13.Final]
	at io.undertow.security.handlers.AbstractConfidentialityHandler.handleRequest(AbstractConfidentialityHandler.java:46) ~[undertow-core-2.3.13.Final.jar:2.3.13.Final]
	at io.undertow.servlet.handlers.security.ServletConfidentialityConstraintHandler.handleRequest(ServletConfidentialityConstraintHandler.java:64) ~[undertow-servlet-2.3.13.Final.jar:2.3.13.Final]
	at io.undertow.security.handlers.AuthenticationMechanismsHandler.handleRequest(AuthenticationMechanismsHandler.java:60) ~[undertow-core-2.3.13.Final.jar:2.3.13.Final]
	at io.undertow.servlet.handlers.security.CachedAuthenticatedSessionHandler.handleRequest(CachedAuthenticatedSessionHandler.java:77) ~[undertow-servlet-2.3.13.Final.jar:2.3.13.Final]
	at io.undertow.security.handlers.AbstractSecurityContextAssociationHandler.handleRequest(AbstractSecurityContextAssociationHandler.java:43) ~[undertow-core-2.3.13.Final.jar:2.3.13.Final]
	at io.undertow.server.handlers.PredicateHandler.handleRequest(PredicateHandler.java:43) ~[undertow-core-2.3.13.Final.jar:2.3.13.Final]
	at io.undertow.servlet.handlers.SendErrorPageHandler.handleRequest(SendErrorPageHandler.java:52) ~[undertow-servlet-2.3.13.Final.jar:2.3.13.Final]
	at io.undertow.server.handlers.PredicateHandler.handleRequest(PredicateHandler.java:43) ~[undertow-core-2.3.13.Final.jar:2.3.13.Final]
	at io.undertow.servlet.handlers.ServletInitialHandler.handleFirstRequest(ServletInitialHandler.java:276) ~[undertow-servlet-2.3.13.Final.jar:2.3.13.Final]
	at io.undertow.servlet.handlers.ServletInitialHandler$2.call(ServletInitialHandler.java:135) ~[undertow-servlet-2.3.13.Final.jar:2.3.13.Final]
	at io.undertow.servlet.handlers.ServletInitialHandler$2.call(ServletInitialHandler.java:132) ~[undertow-servlet-2.3.13.Final.jar:2.3.13.Final]
	at io.undertow.servlet.core.ServletRequestContextThreadSetupAction$1.call(ServletRequestContextThreadSetupAction.java:48) ~[undertow-servlet-2.3.13.Final.jar:2.3.13.Final]
	at io.undertow.servlet.core.ContextClassLoaderSetupAction$1.call(ContextClassLoaderSetupAction.java:43) ~[undertow-servlet-2.3.13.Final.jar:2.3.13.Final]
	at io.undertow.servlet.handlers.ServletInitialHandler.dispatchRequest(ServletInitialHandler.java:256) ~[undertow-servlet-2.3.13.Final.jar:2.3.13.Final]
	at io.undertow.servlet.handlers.ServletInitialHandler$1.handleRequest(ServletInitialHandler.java:101) ~[undertow-servlet-2.3.13.Final.jar:2.3.13.Final]
	at io.undertow.server.Connectors.executeRootHandler(Connectors.java:393) ~[undertow-core-2.3.13.Final.jar:2.3.13.Final]
	at io.undertow.server.HttpServerExchange$1.run(HttpServerExchange.java:859) ~[undertow-core-2.3.13.Final.jar:2.3.13.Final]
	at org.jboss.threads.ContextHandler$1.runWith(ContextHandler.java:18) ~[jboss-threads-3.5.0.Final.jar:3.5.0.Final]
	at org.jboss.threads.EnhancedQueueExecutor$Task.run(EnhancedQueueExecutor.java:2513) ~[jboss-threads-3.5.0.Final.jar:3.5.0.Final]
	at org.jboss.threads.EnhancedQueueExecutor$ThreadBody.run(EnhancedQueueExecutor.java:1538) ~[jboss-threads-3.5.0.Final.jar:3.5.0.Final]
	at org.xnio.XnioWorker$WorkerThreadFactory$1$1.run(XnioWorker.java:1282) ~[xnio-api-3.8.8.Final.jar:3.8.8.Final]
	at java.base/java.lang.Thread.run(Thread.java:1583) [?:?]
	Suppressed: org.springframework.web.context.request.async.AsyncRequestNotUsableException: Response not usable after response errors.
		at org.springframework.web.context.request.async.StandardServletAsyncWebRequest$LifecycleHttpServletResponse.obtainLockAndCheckState(StandardServletAsyncWebRequest.java:314) ~[spring-web-6.1.10.jar:6.1.10]
		at org.springframework.web.context.request.async.StandardServletAsyncWebRequest$LifecycleServletOutputStream.write(StandardServletAsyncWebRequest.java:373) ~[spring-web-6.1.10.jar:6.1.10]
		at org.springframework.util.StreamUtils$NonClosingOutputStream.write(StreamUtils.java:261) ~[spring-core-6.1.10.jar:6.1.10]
		at com.fasterxml.jackson.core.json.UTF8JsonGenerator._flushBuffer(UTF8JsonGenerator.java:2210) ~[jackson-core-2.17.1.jar:2.17.1]
		at com.fasterxml.jackson.core.json.UTF8JsonGenerator.close(UTF8JsonGenerator.java:1234) ~[jackson-core-2.17.1.jar:2.17.1]
		at org.springframework.http.converter.json.AbstractJackson2HttpMessageConverter.writeInternal(AbstractJackson2HttpMessageConverter.java:452) ~[spring-web-6.1.10.jar:6.1.10]
		at org.springframework.http.converter.AbstractGenericHttpMessageConverter.write(AbstractGenericHttpMessageConverter.java:114) ~[spring-web-6.1.10.jar:6.1.10]
		at org.springframework.web.servlet.mvc.method.annotation.AbstractMessageConverterMethodProcessor.writeWithMessageConverters(AbstractMessageConverterMethodProcessor.java:297) ~[spring-webmvc-6.1.10.jar:6.1.10]
		at org.springframework.web.servlet.mvc.method.annotation.RequestResponseBodyMethodProcessor.handleReturnValue(RequestResponseBodyMethodProcessor.java:192) ~[spring-webmvc-6.1.10.jar:6.1.10]
		at org.springframework.web.method.support.HandlerMethodReturnValueHandlerComposite.handleReturnValue(HandlerMethodReturnValueHandlerComposite.java:78) ~[spring-web-6.1.10.jar:6.1.10]
		at org.springframework.web.servlet.mvc.method.annotation.ServletInvocableHandlerMethod.invokeAndHandle(ServletInvocableHandlerMethod.java:136) ~[spring-webmvc-6.1.10.jar:6.1.10]
		at org.springframework.web.servlet.mvc.method.annotation.RequestMappingHandlerAdapter.invokeHandlerMethod(RequestMappingHandlerAdapter.java:926) ~[spring-webmvc-6.1.10.jar:6.1.10]
		at org.springframework.web.servlet.mvc.method.annotation.RequestMappingHandlerAdapter.handleInternal(RequestMappingHandlerAdapter.java:831) ~[spring-webmvc-6.1.10.jar:6.1.10]
		at org.springframework.web.servlet.mvc.method.AbstractHandlerMethodAdapter.handle(AbstractHandlerMethodAdapter.java:87) ~[spring-webmvc-6.1.10.jar:6.1.10]
		at org.springframework.web.servlet.DispatcherServlet.doDispatch(DispatcherServlet.java:1089) ~[spring-webmvc-6.1.10.jar:6.1.10]
		at org.springframework.web.servlet.DispatcherServlet.doService(DispatcherServlet.java:979) ~[spring-webmvc-6.1.10.jar:6.1.10]
		at org.springframework.web.servlet.FrameworkServlet.processRequest(FrameworkServlet.java:1014) ~[spring-webmvc-6.1.10.jar:6.1.10]
		at org.springframework.web.servlet.FrameworkServlet.doPost(FrameworkServlet.java:914) ~[spring-webmvc-6.1.10.jar:6.1.10]
		at jakarta.servlet.http.HttpServlet.service(HttpServlet.java:547) ~[jakarta.servlet-api-6.0.0.jar:6.0.0]
		at org.springframework.web.servlet.FrameworkServlet.service(FrameworkServlet.java:885) ~[spring-webmvc-6.1.10.jar:6.1.10]
		at jakarta.servlet.http.HttpServlet.service(HttpServlet.java:614) ~[jakarta.servlet-api-6.0.0.jar:6.0.0]
		at io.undertow.servlet.handlers.ServletHandler.handleRequest(ServletHandler.java:74) ~[undertow-servlet-2.3.13.Final.jar:2.3.13.Final]
		at io.undertow.servlet.handlers.FilterHandler$FilterChainImpl.doFilter(FilterHandler.java:129) ~[undertow-servlet-2.3.13.Final.jar:2.3.13.Final]
		at org.springframework.web.filter.CorsFilter.doFilterInternal(CorsFilter.java:91) ~[spring-web-6.1.10.jar:6.1.10]
		at org.springframework.web.filter.OncePerRequestFilter.doFilter(OncePerRequestFilter.java:116) ~[spring-web-6.1.10.jar:6.1.10]
		at io.undertow.servlet.core.ManagedFilter.doFilter(ManagedFilter.java:67) ~[undertow-servlet-2.3.13.Final.jar:2.3.13.Final]
		at io.undertow.servlet.handlers.FilterHandler$FilterChainImpl.doFilter(FilterHandler.java:131) ~[undertow-servlet-2.3.13.Final.jar:2.3.13.Final]
		at org.springframework.web.filter.RequestContextFilter.doFilterInternal(RequestContextFilter.java:100) ~[spring-web-6.1.10.jar:6.1.10]
		at org.springframework.web.filter.OncePerRequestFilter.doFilter(OncePerRequestFilter.java:116) ~[spring-web-6.1.10.jar:6.1.10]
		at io.undertow.servlet.core.ManagedFilter.doFilter(ManagedFilter.java:67) ~[undertow-servlet-2.3.13.Final.jar:2.3.13.Final]
		at io.undertow.servlet.handlers.FilterHandler$FilterChainImpl.doFilter(FilterHandler.java:131) ~[undertow-servlet-2.3.13.Final.jar:2.3.13.Final]
		at org.springframework.web.filter.FormContentFilter.doFilterInternal(FormContentFilter.java:93) ~[spring-web-6.1.10.jar:6.1.10]
		at org.springframework.web.filter.OncePerRequestFilter.doFilter(OncePerRequestFilter.java:116) ~[spring-web-6.1.10.jar:6.1.10]
		at io.undertow.servlet.core.ManagedFilter.doFilter(ManagedFilter.java:67) ~[undertow-servlet-2.3.13.Final.jar:2.3.13.Final]
		at io.undertow.servlet.handlers.FilterHandler$FilterChainImpl.doFilter(FilterHandler.java:131) ~[undertow-servlet-2.3.13.Final.jar:2.3.13.Final]
		at org.springframework.web.filter.CharacterEncodingFilter.doFilterInternal(CharacterEncodingFilter.java:201) ~[spring-web-6.1.10.jar:6.1.10]
		at org.springframework.web.filter.OncePerRequestFilter.doFilter(OncePerRequestFilter.java:116) ~[spring-web-6.1.10.jar:6.1.10]
		at io.undertow.servlet.core.ManagedFilter.doFilter(ManagedFilter.java:67) ~[undertow-servlet-2.3.13.Final.jar:2.3.13.Final]
		at io.undertow.servlet.handlers.FilterHandler$FilterChainImpl.doFilter(FilterHandler.java:131) ~[undertow-servlet-2.3.13.Final.jar:2.3.13.Final]
		at io.undertow.servlet.handlers.FilterHandler.handleRequest(FilterHandler.java:84) ~[undertow-servlet-2.3.13.Final.jar:2.3.13.Final]
		at io.undertow.servlet.handlers.security.ServletSecurityRoleHandler.handleRequest(ServletSecurityRoleHandler.java:62) ~[undertow-servlet-2.3.13.Final.jar:2.3.13.Final]
		at io.undertow.servlet.handlers.ServletChain$1.handleRequest(ServletChain.java:68) ~[undertow-servlet-2.3.13.Final.jar:2.3.13.Final]
		at io.undertow.servlet.handlers.ServletDispatchingHandler.handleRequest(ServletDispatchingHandler.java:36) ~[undertow-servlet-2.3.13.Final.jar:2.3.13.Final]
		at io.undertow.servlet.handlers.RedirectDirHandler.handleRequest(RedirectDirHandler.java:68) ~[undertow-servlet-2.3.13.Final.jar:2.3.13.Final]
		at io.undertow.servlet.handlers.security.SSLInformationAssociationHandler.handleRequest(SSLInformationAssociationHandler.java:117) ~[undertow-servlet-2.3.13.Final.jar:2.3.13.Final]
		at io.undertow.servlet.handlers.security.ServletAuthenticationCallHandler.handleRequest(ServletAuthenticationCallHandler.java:57) ~[undertow-servlet-2.3.13.Final.jar:2.3.13.Final]
		at io.undertow.server.handlers.PredicateHandler.handleRequest(PredicateHandler.java:43) ~[undertow-core-2.3.13.Final.jar:2.3.13.Final]
		at io.undertow.security.handlers.AbstractConfidentialityHandler.handleRequest(AbstractConfidentialityHandler.java:46) ~[undertow-core-2.3.13.Final.jar:2.3.13.Final]
		at io.undertow.servlet.handlers.security.ServletConfidentialityConstraintHandler.handleRequest(ServletConfidentialityConstraintHandler.java:64) ~[undertow-servlet-2.3.13.Final.jar:2.3.13.Final]
		at io.undertow.security.handlers.AuthenticationMechanismsHandler.handleRequest(AuthenticationMechanismsHandler.java:60) ~[undertow-core-2.3.13.Final.jar:2.3.13.Final]
		at io.undertow.servlet.handlers.security.CachedAuthenticatedSessionHandler.handleRequest(CachedAuthenticatedSessionHandler.java:77) ~[undertow-servlet-2.3.13.Final.jar:2.3.13.Final]
		at io.undertow.security.handlers.AbstractSecurityContextAssociationHandler.handleRequest(AbstractSecurityContextAssociationHandler.java:43) ~[undertow-core-2.3.13.Final.jar:2.3.13.Final]
		at io.undertow.server.handlers.PredicateHandler.handleRequest(PredicateHandler.java:43) ~[undertow-core-2.3.13.Final.jar:2.3.13.Final]
		at io.undertow.servlet.handlers.SendErrorPageHandler.handleRequest(SendErrorPageHandler.java:52) ~[undertow-servlet-2.3.13.Final.jar:2.3.13.Final]
		at io.undertow.server.handlers.PredicateHandler.handleRequest(PredicateHandler.java:43) ~[undertow-core-2.3.13.Final.jar:2.3.13.Final]
		at io.undertow.servlet.handlers.ServletInitialHandler.handleFirstRequest(ServletInitialHandler.java:276) ~[undertow-servlet-2.3.13.Final.jar:2.3.13.Final]
		at io.undertow.servlet.handlers.ServletInitialHandler$2.call(ServletInitialHandler.java:135) ~[undertow-servlet-2.3.13.Final.jar:2.3.13.Final]
		at io.undertow.servlet.handlers.ServletInitialHandler$2.call(ServletInitialHandler.java:132) ~[undertow-servlet-2.3.13.Final.jar:2.3.13.Final]
		at io.undertow.servlet.core.ServletRequestContextThreadSetupAction$1.call(ServletRequestContextThreadSetupAction.java:48) ~[undertow-servlet-2.3.13.Final.jar:2.3.13.Final]
		at io.undertow.servlet.core.ContextClassLoaderSetupAction$1.call(ContextClassLoaderSetupAction.java:43) ~[undertow-servlet-2.3.13.Final.jar:2.3.13.Final]
		at io.undertow.servlet.handlers.ServletInitialHandler.dispatchRequest(ServletInitialHandler.java:256) ~[undertow-servlet-2.3.13.Final.jar:2.3.13.Final]
		at io.undertow.servlet.handlers.ServletInitialHandler$1.handleRequest(ServletInitialHandler.java:101) ~[undertow-servlet-2.3.13.Final.jar:2.3.13.Final]
		at io.undertow.server.Connectors.executeRootHandler(Connectors.java:393) ~[undertow-core-2.3.13.Final.jar:2.3.13.Final]
		at io.undertow.server.HttpServerExchange$1.run(HttpServerExchange.java:859) ~[undertow-core-2.3.13.Final.jar:2.3.13.Final]
		at org.jboss.threads.ContextHandler$1.runWith(ContextHandler.java:18) ~[jboss-threads-3.5.0.Final.jar:3.5.0.Final]
		at org.jboss.threads.EnhancedQueueExecutor$Task.run(EnhancedQueueExecutor.java:2513) ~[jboss-threads-3.5.0.Final.jar:3.5.0.Final]
		at org.jboss.threads.EnhancedQueueExecutor$ThreadBody.run(EnhancedQueueExecutor.java:1538) ~[jboss-threads-3.5.0.Final.jar:3.5.0.Final]
		at org.xnio.XnioWorker$WorkerThreadFactory$1$1.run(XnioWorker.java:1282) ~[xnio-api-3.8.8.Final.jar:3.8.8.Final]
		at java.base/java.lang.Thread.run(Thread.java:1583) [?:?]
Caused by: java.io.IOException: Broken pipe
	at java.base/sun.nio.ch.SocketDispatcher.write0(Native Method) ~[?:?]
	at java.base/sun.nio.ch.SocketDispatcher.write(SocketDispatcher.java:62) ~[?:?]
	at java.base/sun.nio.ch.IOUtil.writeFromNativeBuffer(IOUtil.java:137) ~[?:?]
	at java.base/sun.nio.ch.IOUtil.write(IOUtil.java:81) ~[?:?]
	at java.base/sun.nio.ch.IOUtil.write(IOUtil.java:58) ~[?:?]
	at java.base/sun.nio.ch.SocketChannelImpl.write(SocketChannelImpl.java:542) ~[?:?]
	at org.xnio.nio.NioSocketConduit.write(NioSocketConduit.java:153) ~[xnio-nio-3.8.8.Final.jar:3.8.8.Final]
	at io.undertow.server.protocol.http.HttpResponseConduit.write(HttpResponseConduit.java:629) ~[undertow-core-2.3.13.Final.jar:2.3.13.Final]
	at org.xnio.conduits.AbstractStreamSinkConduit.write(AbstractStreamSinkConduit.java:51) ~[xnio-api-3.8.8.Final.jar:3.8.8.Final]
	at io.undertow.conduits.DeflatingStreamSinkConduit.performFlushIfRequiredSingleBuffer(DeflatingStreamSinkConduit.java:445) ~[undertow-core-2.3.13.Final.jar:2.3.13.Final]
	at io.undertow.conduits.DeflatingStreamSinkConduit.performFlushIfRequired(DeflatingStreamSinkConduit.java:432) ~[undertow-core-2.3.13.Final.jar:2.3.13.Final]
	at io.undertow.conduits.DeflatingStreamSinkConduit.deflateData(DeflatingStreamSinkConduit.java:522) ~[undertow-core-2.3.13.Final.jar:2.3.13.Final]
	at io.undertow.conduits.DeflatingStreamSinkConduit.write(DeflatingStreamSinkConduit.java:130) ~[undertow-core-2.3.13.Final.jar:2.3.13.Final]
	at io.undertow.conduits.DeflatingStreamSinkConduit.write(DeflatingStreamSinkConduit.java:165) ~[undertow-core-2.3.13.Final.jar:2.3.13.Final]
	at org.xnio.conduits.ConduitStreamSinkChannel.write(ConduitStreamSinkChannel.java:158) ~[xnio-api-3.8.8.Final.jar:3.8.8.Final]
	at io.undertow.channels.DetachableStreamSinkChannel.write(DetachableStreamSinkChannel.java:179) ~[undertow-core-2.3.13.Final.jar:2.3.13.Final]
	at io.undertow.server.HttpServerExchange$WriteDispatchChannel.write(HttpServerExchange.java:2172) ~[undertow-core-2.3.13.Final.jar:2.3.13.Final]
	at org.xnio.channels.Channels.writeBlocking(Channels.java:202) ~[xnio-api-3.8.8.Final.jar:3.8.8.Final]
	at io.undertow.servlet.spec.ServletOutputStreamImpl.writeTooLargeForBuffer(ServletOutputStreamImpl.java:201) ~[undertow-servlet-2.3.13.Final.jar:2.3.13.Final]
	at io.undertow.servlet.spec.ServletOutputStreamImpl.write(ServletOutputStreamImpl.java:149) ~[undertow-servlet-2.3.13.Final.jar:2.3.13.Final]
	at org.springframework.web.context.request.async.StandardServletAsyncWebRequest$LifecycleServletOutputStream.write(StandardServletAsyncWebRequest.java:375) ~[spring-web-6.1.10.jar:6.1.10]
	... 86 more
[2026-05-21 11:02:57.378] ERROR XNIO-1 task-6 com.jts.gjcxfzksh.exception.handler.GlobalExceptionHandler[63] - 请求地址'/pt/network/tile',发生系统异常. 
org.springframework.web.context.request.async.AsyncRequestNotUsableException: ServletOutputStream failed to write: Broken pipe
	at org.springframework.web.context.request.async.StandardServletAsyncWebRequest$LifecycleHttpServletResponse.handleIOException(StandardServletAsyncWebRequest.java:320) ~[spring-web-6.1.10.jar:6.1.10]
	at org.springframework.web.context.request.async.StandardServletAsyncWebRequest$LifecycleServletOutputStream.write(StandardServletAsyncWebRequest.java:378) ~[spring-web-6.1.10.jar:6.1.10]
	at org.springframework.util.StreamUtils$NonClosingOutputStream.write(StreamUtils.java:261) ~[spring-core-6.1.10.jar:6.1.10]
	at com.fasterxml.jackson.core.json.UTF8JsonGenerator._flushBuffer(UTF8JsonGenerator.java:2210) ~[jackson-core-2.17.1.jar:2.17.1]
	at com.fasterxml.jackson.core.json.UTF8JsonGenerator.writeRaw(UTF8JsonGenerator.java:764) ~[jackson-core-2.17.1.jar:2.17.1]
	at com.fasterxml.jackson.core.json.UTF8JsonGenerator.writeRaw(UTF8JsonGenerator.java:674) ~[jackson-core-2.17.1.jar:2.17.1]
	at com.fasterxml.jackson.core.json.UTF8JsonGenerator.writeNumber(UTF8JsonGenerator.java:1065) ~[jackson-core-2.17.1.jar:2.17.1]
	at com.fasterxml.jackson.databind.ser.std.NumberSerializers$FloatSerializer.serialize(NumberSerializers.java:214) ~[jackson-databind-2.17.1.jar:2.17.1]
	at com.fasterxml.jackson.databind.ser.BeanPropertyWriter.serializeAsField(BeanPropertyWriter.java:732) ~[jackson-databind-2.17.1.jar:2.17.1]
	at com.fasterxml.jackson.databind.ser.std.BeanSerializerBase.serializeFields(BeanSerializerBase.java:770) ~[jackson-databind-2.17.1.jar:2.17.1]
	at com.fasterxml.jackson.databind.ser.BeanSerializer.serialize(BeanSerializer.java:183) ~[jackson-databind-2.17.1.jar:2.17.1]
	at com.fasterxml.jackson.databind.ser.BeanPropertyWriter.serializeAsField(BeanPropertyWriter.java:732) ~[jackson-databind-2.17.1.jar:2.17.1]
	at com.fasterxml.jackson.databind.ser.std.BeanSerializerBase.serializeFields(BeanSerializerBase.java:770) ~[jackson-databind-2.17.1.jar:2.17.1]
	at com.fasterxml.jackson.databind.ser.BeanSerializer.serialize(BeanSerializer.java:183) ~[jackson-databind-2.17.1.jar:2.17.1]
	at com.fasterxml.jackson.databind.ser.impl.IndexedListSerializer.serializeContents(IndexedListSerializer.java:119) ~[jackson-databind-2.17.1.jar:2.17.1]
	at com.fasterxml.jackson.databind.ser.impl.IndexedListSerializer.serialize(IndexedListSerializer.java:79) ~[jackson-databind-2.17.1.jar:2.17.1]
	at com.fasterxml.jackson.databind.ser.impl.IndexedListSerializer.serialize(IndexedListSerializer.java:18) ~[jackson-databind-2.17.1.jar:2.17.1]
	at com.fasterxml.jackson.databind.ser.BeanPropertyWriter.serializeAsField(BeanPropertyWriter.java:732) ~[jackson-databind-2.17.1.jar:2.17.1]
	at com.fasterxml.jackson.databind.ser.std.BeanSerializerBase.serializeFields(BeanSerializerBase.java:770) ~[jackson-databind-2.17.1.jar:2.17.1]
	at com.fasterxml.jackson.databind.ser.BeanSerializer.serialize(BeanSerializer.java:183) ~[jackson-databind-2.17.1.jar:2.17.1]
	at com.fasterxml.jackson.databind.ser.DefaultSerializerProvider._serialize(DefaultSerializerProvider.java:502) ~[jackson-databind-2.17.1.jar:2.17.1]
	at com.fasterxml.jackson.databind.ser.DefaultSerializerProvider.serializeValue(DefaultSerializerProvider.java:341) ~[jackson-databind-2.17.1.jar:2.17.1]
	at com.fasterxml.jackson.databind.ObjectWriter$Prefetch.serialize(ObjectWriter.java:1574) ~[jackson-databind-2.17.1.jar:2.17.1]
	at com.fasterxml.jackson.databind.ObjectWriter.writeValue(ObjectWriter.java:1061) ~[jackson-databind-2.17.1.jar:2.17.1]
	at org.springframework.http.converter.json.AbstractJackson2HttpMessageConverter.writeInternal(AbstractJackson2HttpMessageConverter.java:483) ~[spring-web-6.1.10.jar:6.1.10]
	at org.springframework.http.converter.AbstractGenericHttpMessageConverter.write(AbstractGenericHttpMessageConverter.java:114) ~[spring-web-6.1.10.jar:6.1.10]
	at org.springframework.web.servlet.mvc.method.annotation.AbstractMessageConverterMethodProcessor.writeWithMessageConverters(AbstractMessageConverterMethodProcessor.java:297) ~[spring-webmvc-6.1.10.jar:6.1.10]
	at org.springframework.web.servlet.mvc.method.annotation.RequestResponseBodyMethodProcessor.handleReturnValue(RequestResponseBodyMethodProcessor.java:192) ~[spring-webmvc-6.1.10.jar:6.1.10]
	at org.springframework.web.method.support.HandlerMethodReturnValueHandlerComposite.handleReturnValue(HandlerMethodReturnValueHandlerComposite.java:78) ~[spring-web-6.1.10.jar:6.1.10]
	at org.springframework.web.servlet.mvc.method.annotation.ServletInvocableHandlerMethod.invokeAndHandle(ServletInvocableHandlerMethod.java:136) ~[spring-webmvc-6.1.10.jar:6.1.10]
	at org.springframework.web.servlet.mvc.method.annotation.RequestMappingHandlerAdapter.invokeHandlerMethod(RequestMappingHandlerAdapter.java:926) ~[spring-webmvc-6.1.10.jar:6.1.10]
	at org.springframework.web.servlet.mvc.method.annotation.RequestMappingHandlerAdapter.handleInternal(RequestMappingHandlerAdapter.java:831) ~[spring-webmvc-6.1.10.jar:6.1.10]
	at org.springframework.web.servlet.mvc.method.AbstractHandlerMethodAdapter.handle(AbstractHandlerMethodAdapter.java:87) ~[spring-webmvc-6.1.10.jar:6.1.10]
	at org.springframework.web.servlet.DispatcherServlet.doDispatch(DispatcherServlet.java:1089) ~[spring-webmvc-6.1.10.jar:6.1.10]
	at org.springframework.web.servlet.DispatcherServlet.doService(DispatcherServlet.java:979) ~[spring-webmvc-6.1.10.jar:6.1.10]
	at org.springframework.web.servlet.FrameworkServlet.processRequest(FrameworkServlet.java:1014) ~[spring-webmvc-6.1.10.jar:6.1.10]
	at org.springframework.web.servlet.FrameworkServlet.doPost(FrameworkServlet.java:914) ~[spring-webmvc-6.1.10.jar:6.1.10]
	at jakarta.servlet.http.HttpServlet.service(HttpServlet.java:547) ~[jakarta.servlet-api-6.0.0.jar:6.0.0]
	at org.springframework.web.servlet.FrameworkServlet.service(FrameworkServlet.java:885) ~[spring-webmvc-6.1.10.jar:6.1.10]
	at jakarta.servlet.http.HttpServlet.service(HttpServlet.java:614) ~[jakarta.servlet-api-6.0.0.jar:6.0.0]
	at io.undertow.servlet.handlers.ServletHandler.handleRequest(ServletHandler.java:74) ~[undertow-servlet-2.3.13.Final.jar:2.3.13.Final]
	at io.undertow.servlet.handlers.FilterHandler$FilterChainImpl.doFilter(FilterHandler.java:129) ~[undertow-servlet-2.3.13.Final.jar:2.3.13.Final]
	at org.springframework.web.filter.CorsFilter.doFilterInternal(CorsFilter.java:91) ~[spring-web-6.1.10.jar:6.1.10]
	at org.springframework.web.filter.OncePerRequestFilter.doFilter(OncePerRequestFilter.java:116) ~[spring-web-6.1.10.jar:6.1.10]
	at io.undertow.servlet.core.ManagedFilter.doFilter(ManagedFilter.java:67) ~[undertow-servlet-2.3.13.Final.jar:2.3.13.Final]
	at io.undertow.servlet.handlers.FilterHandler$FilterChainImpl.doFilter(FilterHandler.java:131) ~[undertow-servlet-2.3.13.Final.jar:2.3.13.Final]
	at org.springframework.web.filter.RequestContextFilter.doFilterInternal(RequestContextFilter.java:100) ~[spring-web-6.1.10.jar:6.1.10]
	at org.springframework.web.filter.OncePerRequestFilter.doFilter(OncePerRequestFilter.java:116) ~[spring-web-6.1.10.jar:6.1.10]
	at io.undertow.servlet.core.ManagedFilter.doFilter(ManagedFilter.java:67) ~[undertow-servlet-2.3.13.Final.jar:2.3.13.Final]
	at io.undertow.servlet.handlers.FilterHandler$FilterChainImpl.doFilter(FilterHandler.java:131) ~[undertow-servlet-2.3.13.Final.jar:2.3.13.Final]
	at org.springframework.web.filter.FormContentFilter.doFilterInternal(FormContentFilter.java:93) ~[spring-web-6.1.10.jar:6.1.10]
	at org.springframework.web.filter.OncePerRequestFilter.doFilter(OncePerRequestFilter.java:116) ~[spring-web-6.1.10.jar:6.1.10]
	at io.undertow.servlet.core.ManagedFilter.doFilter(ManagedFilter.java:67) ~[undertow-servlet-2.3.13.Final.jar:2.3.13.Final]
	at io.undertow.servlet.handlers.FilterHandler$FilterChainImpl.doFilter(FilterHandler.java:131) ~[undertow-servlet-2.3.13.Final.jar:2.3.13.Final]
	at org.springframework.web.filter.CharacterEncodingFilter.doFilterInternal(CharacterEncodingFilter.java:201) ~[spring-web-6.1.10.jar:6.1.10]
	at org.springframework.web.filter.OncePerRequestFilter.doFilter(OncePerRequestFilter.java:116) ~[spring-web-6.1.10.jar:6.1.10]
	at io.undertow.servlet.core.ManagedFilter.doFilter(ManagedFilter.java:67) ~[undertow-servlet-2.3.13.Final.jar:2.3.13.Final]
	at io.undertow.servlet.handlers.FilterHandler$FilterChainImpl.doFilter(FilterHandler.java:131) ~[undertow-servlet-2.3.13.Final.jar:2.3.13.Final]
	at io.undertow.servlet.handlers.FilterHandler.handleRequest(FilterHandler.java:84) ~[undertow-servlet-2.3.13.Final.jar:2.3.13.Final]
	at io.undertow.servlet.handlers.security.ServletSecurityRoleHandler.handleRequest(ServletSecurityRoleHandler.java:62) ~[undertow-servlet-2.3.13.Final.jar:2.3.13.Final]
	at io.undertow.servlet.handlers.ServletChain$1.handleRequest(ServletChain.java:68) ~[undertow-servlet-2.3.13.Final.jar:2.3.13.Final]
	at io.undertow.servlet.handlers.ServletDispatchingHandler.handleRequest(ServletDispatchingHandler.java:36) ~[undertow-servlet-2.3.13.Final.jar:2.3.13.Final]
	at io.undertow.servlet.handlers.RedirectDirHandler.handleRequest(RedirectDirHandler.java:68) ~[undertow-servlet-2.3.13.Final.jar:2.3.13.Final]
	at io.undertow.servlet.handlers.security.SSLInformationAssociationHandler.handleRequest(SSLInformationAssociationHandler.java:117) ~[undertow-servlet-2.3.13.Final.jar:2.3.13.Final]
	at io.undertow.servlet.handlers.security.ServletAuthenticationCallHandler.handleRequest(ServletAuthenticationCallHandler.java:57) ~[undertow-servlet-2.3.13.Final.jar:2.3.13.Final]
	at io.undertow.server.handlers.PredicateHandler.handleRequest(PredicateHandler.java:43) ~[undertow-core-2.3.13.Final.jar:2.3.13.Final]
	at io.undertow.security.handlers.AbstractConfidentialityHandler.handleRequest(AbstractConfidentialityHandler.java:46) ~[undertow-core-2.3.13.Final.jar:2.3.13.Final]
	at io.undertow.servlet.handlers.security.ServletConfidentialityConstraintHandler.handleRequest(ServletConfidentialityConstraintHandler.java:64) ~[undertow-servlet-2.3.13.Final.jar:2.3.13.Final]
	at io.undertow.security.handlers.AuthenticationMechanismsHandler.handleRequest(AuthenticationMechanismsHandler.java:60) ~[undertow-core-2.3.13.Final.jar:2.3.13.Final]
	at io.undertow.servlet.handlers.security.CachedAuthenticatedSessionHandler.handleRequest(CachedAuthenticatedSessionHandler.java:77) ~[undertow-servlet-2.3.13.Final.jar:2.3.13.Final]
	at io.undertow.security.handlers.AbstractSecurityContextAssociationHandler.handleRequest(AbstractSecurityContextAssociationHandler.java:43) ~[undertow-core-2.3.13.Final.jar:2.3.13.Final]
	at io.undertow.server.handlers.PredicateHandler.handleRequest(PredicateHandler.java:43) ~[undertow-core-2.3.13.Final.jar:2.3.13.Final]
	at io.undertow.servlet.handlers.SendErrorPageHandler.handleRequest(SendErrorPageHandler.java:52) ~[undertow-servlet-2.3.13.Final.jar:2.3.13.Final]
	at io.undertow.server.handlers.PredicateHandler.handleRequest(PredicateHandler.java:43) ~[undertow-core-2.3.13.Final.jar:2.3.13.Final]
	at io.undertow.servlet.handlers.ServletInitialHandler.handleFirstRequest(ServletInitialHandler.java:276) ~[undertow-servlet-2.3.13.Final.jar:2.3.13.Final]
	at io.undertow.servlet.handlers.ServletInitialHandler$2.call(ServletInitialHandler.java:135) ~[undertow-servlet-2.3.13.Final.jar:2.3.13.Final]
	at io.undertow.servlet.handlers.ServletInitialHandler$2.call(ServletInitialHandler.java:132) ~[undertow-servlet-2.3.13.Final.jar:2.3.13.Final]
	at io.undertow.servlet.core.ServletRequestContextThreadSetupAction$1.call(ServletRequestContextThreadSetupAction.java:48) ~[undertow-servlet-2.3.13.Final.jar:2.3.13.Final]
	at io.undertow.servlet.core.ContextClassLoaderSetupAction$1.call(ContextClassLoaderSetupAction.java:43) ~[undertow-servlet-2.3.13.Final.jar:2.3.13.Final]
	at io.undertow.servlet.handlers.ServletInitialHandler.dispatchRequest(ServletInitialHandler.java:256) ~[undertow-servlet-2.3.13.Final.jar:2.3.13.Final]
	at io.undertow.servlet.handlers.ServletInitialHandler$1.handleRequest(ServletInitialHandler.java:101) ~[undertow-servlet-2.3.13.Final.jar:2.3.13.Final]
	at io.undertow.server.Connectors.executeRootHandler(Connectors.java:393) ~[undertow-core-2.3.13.Final.jar:2.3.13.Final]
	at io.undertow.server.HttpServerExchange$1.run(HttpServerExchange.java:859) ~[undertow-core-2.3.13.Final.jar:2.3.13.Final]
	at org.jboss.threads.ContextHandler$1.runWith(ContextHandler.java:18) ~[jboss-threads-3.5.0.Final.jar:3.5.0.Final]
	at org.jboss.threads.EnhancedQueueExecutor$Task.run(EnhancedQueueExecutor.java:2513) ~[jboss-threads-3.5.0.Final.jar:3.5.0.Final]
	at org.jboss.threads.EnhancedQueueExecutor$ThreadBody.run(EnhancedQueueExecutor.java:1538) ~[jboss-threads-3.5.0.Final.jar:3.5.0.Final]
	at org.xnio.XnioWorker$WorkerThreadFactory$1$1.run(XnioWorker.java:1282) ~[xnio-api-3.8.8.Final.jar:3.8.8.Final]
	at java.base/java.lang.Thread.run(Thread.java:1583) [?:?]
	Suppressed: org.springframework.web.context.request.async.AsyncRequestNotUsableException: Response not usable after response errors.
		at org.springframework.web.context.request.async.StandardServletAsyncWebRequest$LifecycleHttpServletResponse.obtainLockAndCheckState(StandardServletAsyncWebRequest.java:314) ~[spring-web-6.1.10.jar:6.1.10]
		at org.springframework.web.context.request.async.StandardServletAsyncWebRequest$LifecycleServletOutputStream.write(StandardServletAsyncWebRequest.java:373) ~[spring-web-6.1.10.jar:6.1.10]
		at org.springframework.util.StreamUtils$NonClosingOutputStream.write(StreamUtils.java:261) ~[spring-core-6.1.10.jar:6.1.10]
		at com.fasterxml.jackson.core.json.UTF8JsonGenerator._flushBuffer(UTF8JsonGenerator.java:2210) ~[jackson-core-2.17.1.jar:2.17.1]
		at com.fasterxml.jackson.core.json.UTF8JsonGenerator.close(UTF8JsonGenerator.java:1234) ~[jackson-core-2.17.1.jar:2.17.1]
		at org.springframework.http.converter.json.AbstractJackson2HttpMessageConverter.writeInternal(AbstractJackson2HttpMessageConverter.java:452) ~[spring-web-6.1.10.jar:6.1.10]
		at org.springframework.http.converter.AbstractGenericHttpMessageConverter.write(AbstractGenericHttpMessageConverter.java:114) ~[spring-web-6.1.10.jar:6.1.10]
		at org.springframework.web.servlet.mvc.method.annotation.AbstractMessageConverterMethodProcessor.writeWithMessageConverters(AbstractMessageConverterMethodProcessor.java:297) ~[spring-webmvc-6.1.10.jar:6.1.10]
		at org.springframework.web.servlet.mvc.method.annotation.RequestResponseBodyMethodProcessor.handleReturnValue(RequestResponseBodyMethodProcessor.java:192) ~[spring-webmvc-6.1.10.jar:6.1.10]
		at org.springframework.web.method.support.HandlerMethodReturnValueHandlerComposite.handleReturnValue(HandlerMethodReturnValueHandlerComposite.java:78) ~[spring-web-6.1.10.jar:6.1.10]
		at org.springframework.web.servlet.mvc.method.annotation.ServletInvocableHandlerMethod.invokeAndHandle(ServletInvocableHandlerMethod.java:136) ~[spring-webmvc-6.1.10.jar:6.1.10]
		at org.springframework.web.servlet.mvc.method.annotation.RequestMappingHandlerAdapter.invokeHandlerMethod(RequestMappingHandlerAdapter.java:926) ~[spring-webmvc-6.1.10.jar:6.1.10]
		at org.springframework.web.servlet.mvc.method.annotation.RequestMappingHandlerAdapter.handleInternal(RequestMappingHandlerAdapter.java:831) ~[spring-webmvc-6.1.10.jar:6.1.10]
		at org.springframework.web.servlet.mvc.method.AbstractHandlerMethodAdapter.handle(AbstractHandlerMethodAdapter.java:87) ~[spring-webmvc-6.1.10.jar:6.1.10]
		at org.springframework.web.servlet.DispatcherServlet.doDispatch(DispatcherServlet.java:1089) ~[spring-webmvc-6.1.10.jar:6.1.10]
		at org.springframework.web.servlet.DispatcherServlet.doService(DispatcherServlet.java:979) ~[spring-webmvc-6.1.10.jar:6.1.10]
		at org.springframework.web.servlet.FrameworkServlet.processRequest(FrameworkServlet.java:1014) ~[spring-webmvc-6.1.10.jar:6.1.10]
		at org.springframework.web.servlet.FrameworkServlet.doPost(FrameworkServlet.java:914) ~[spring-webmvc-6.1.10.jar:6.1.10]
		at jakarta.servlet.http.HttpServlet.service(HttpServlet.java:547) ~[jakarta.servlet-api-6.0.0.jar:6.0.0]
		at org.springframework.web.servlet.FrameworkServlet.service(FrameworkServlet.java:885) ~[spring-webmvc-6.1.10.jar:6.1.10]
		at jakarta.servlet.http.HttpServlet.service(HttpServlet.java:614) ~[jakarta.servlet-api-6.0.0.jar:6.0.0]
		at io.undertow.servlet.handlers.ServletHandler.handleRequest(ServletHandler.java:74) ~[undertow-servlet-2.3.13.Final.jar:2.3.13.Final]
		at io.undertow.servlet.handlers.FilterHandler$FilterChainImpl.doFilter(FilterHandler.java:129) ~[undertow-servlet-2.3.13.Final.jar:2.3.13.Final]
		at org.springframework.web.filter.CorsFilter.doFilterInternal(CorsFilter.java:91) ~[spring-web-6.1.10.jar:6.1.10]
		at org.springframework.web.filter.OncePerRequestFilter.doFilter(OncePerRequestFilter.java:116) ~[spring-web-6.1.10.jar:6.1.10]
		at io.undertow.servlet.core.ManagedFilter.doFilter(ManagedFilter.java:67) ~[undertow-servlet-2.3.13.Final.jar:2.3.13.Final]
		at io.undertow.servlet.handlers.FilterHandler$FilterChainImpl.doFilter(FilterHandler.java:131) ~[undertow-servlet-2.3.13.Final.jar:2.3.13.Final]
		at org.springframework.web.filter.RequestContextFilter.doFilterInternal(RequestContextFilter.java:100) ~[spring-web-6.1.10.jar:6.1.10]
		at org.springframework.web.filter.OncePerRequestFilter.doFilter(OncePerRequestFilter.java:116) ~[spring-web-6.1.10.jar:6.1.10]
		at io.undertow.servlet.core.ManagedFilter.doFilter(ManagedFilter.java:67) ~[undertow-servlet-2.3.13.Final.jar:2.3.13.Final]
		at io.undertow.servlet.handlers.FilterHandler$FilterChainImpl.doFilter(FilterHandler.java:131) ~[undertow-servlet-2.3.13.Final.jar:2.3.13.Final]
		at org.springframework.web.filter.FormContentFilter.doFilterInternal(FormContentFilter.java:93) ~[spring-web-6.1.10.jar:6.1.10]
		at org.springframework.web.filter.OncePerRequestFilter.doFilter(OncePerRequestFilter.java:116) ~[spring-web-6.1.10.jar:6.1.10]
		at io.undertow.servlet.core.ManagedFilter.doFilter(ManagedFilter.java:67) ~[undertow-servlet-2.3.13.Final.jar:2.3.13.Final]
		at io.undertow.servlet.handlers.FilterHandler$FilterChainImpl.doFilter(FilterHandler.java:131) ~[undertow-servlet-2.3.13.Final.jar:2.3.13.Final]
		at org.springframework.web.filter.CharacterEncodingFilter.doFilterInternal(CharacterEncodingFilter.java:201) ~[spring-web-6.1.10.jar:6.1.10]
		at org.springframework.web.filter.OncePerRequestFilter.doFilter(OncePerRequestFilter.java:116) ~[spring-web-6.1.10.jar:6.1.10]
		at io.undertow.servlet.core.ManagedFilter.doFilter(ManagedFilter.java:67) ~[undertow-servlet-2.3.13.Final.jar:2.3.13.Final]
		at io.undertow.servlet.handlers.FilterHandler$FilterChainImpl.doFilter(FilterHandler.java:131) ~[undertow-servlet-2.3.13.Final.jar:2.3.13.Final]
		at io.undertow.servlet.handlers.FilterHandler.handleRequest(FilterHandler.java:84) ~[undertow-servlet-2.3.13.Final.jar:2.3.13.Final]
		at io.undertow.servlet.handlers.security.ServletSecurityRoleHandler.handleRequest(ServletSecurityRoleHandler.java:62) ~[undertow-servlet-2.3.13.Final.jar:2.3.13.Final]
		at io.undertow.servlet.handlers.ServletChain$1.handleRequest(ServletChain.java:68) ~[undertow-servlet-2.3.13.Final.jar:2.3.13.Final]
		at io.undertow.servlet.handlers.ServletDispatchingHandler.handleRequest(ServletDispatchingHandler.java:36) ~[undertow-servlet-2.3.13.Final.jar:2.3.13.Final]
		at io.undertow.servlet.handlers.RedirectDirHandler.handleRequest(RedirectDirHandler.java:68) ~[undertow-servlet-2.3.13.Final.jar:2.3.13.Final]
		at io.undertow.servlet.handlers.security.SSLInformationAssociationHandler.handleRequest(SSLInformationAssociationHandler.java:117) ~[undertow-servlet-2.3.13.Final.jar:2.3.13.Final]
		at io.undertow.servlet.handlers.security.ServletAuthenticationCallHandler.handleRequest(ServletAuthenticationCallHandler.java:57) ~[undertow-servlet-2.3.13.Final.jar:2.3.13.Final]
		at io.undertow.server.handlers.PredicateHandler.handleRequest(PredicateHandler.java:43) ~[undertow-core-2.3.13.Final.jar:2.3.13.Final]
		at io.undertow.security.handlers.AbstractConfidentialityHandler.handleRequest(AbstractConfidentialityHandler.java:46) ~[undertow-core-2.3.13.Final.jar:2.3.13.Final]
		at io.undertow.servlet.handlers.security.ServletConfidentialityConstraintHandler.handleRequest(ServletConfidentialityConstraintHandler.java:64) ~[undertow-servlet-2.3.13.Final.jar:2.3.13.Final]
		at io.undertow.security.handlers.AuthenticationMechanismsHandler.handleRequest(AuthenticationMechanismsHandler.java:60) ~[undertow-core-2.3.13.Final.jar:2.3.13.Final]
		at io.undertow.servlet.handlers.security.CachedAuthenticatedSessionHandler.handleRequest(CachedAuthenticatedSessionHandler.java:77) ~[undertow-servlet-2.3.13.Final.jar:2.3.13.Final]
		at io.undertow.security.handlers.AbstractSecurityContextAssociationHandler.handleRequest(AbstractSecurityContextAssociationHandler.java:43) ~[undertow-core-2.3.13.Final.jar:2.3.13.Final]
		at io.undertow.server.handlers.PredicateHandler.handleRequest(PredicateHandler.java:43) ~[undertow-core-2.3.13.Final.jar:2.3.13.Final]
		at io.undertow.servlet.handlers.SendErrorPageHandler.handleRequest(SendErrorPageHandler.java:52) ~[undertow-servlet-2.3.13.Final.jar:2.3.13.Final]
		at io.undertow.server.handlers.PredicateHandler.handleRequest(PredicateHandler.java:43) ~[undertow-core-2.3.13.Final.jar:2.3.13.Final]
		at io.undertow.servlet.handlers.ServletInitialHandler.handleFirstRequest(ServletInitialHandler.java:276) ~[undertow-servlet-2.3.13.Final.jar:2.3.13.Final]
		at io.undertow.servlet.handlers.ServletInitialHandler$2.call(ServletInitialHandler.java:135) ~[undertow-servlet-2.3.13.Final.jar:2.3.13.Final]
		at io.undertow.servlet.handlers.ServletInitialHandler$2.call(ServletInitialHandler.java:132) ~[undertow-servlet-2.3.13.Final.jar:2.3.13.Final]
		at io.undertow.servlet.core.ServletRequestContextThreadSetupAction$1.call(ServletRequestContextThreadSetupAction.java:48) ~[undertow-servlet-2.3.13.Final.jar:2.3.13.Final]
		at io.undertow.servlet.core.ContextClassLoaderSetupAction$1.call(ContextClassLoaderSetupAction.java:43) ~[undertow-servlet-2.3.13.Final.jar:2.3.13.Final]
		at io.undertow.servlet.handlers.ServletInitialHandler.dispatchRequest(ServletInitialHandler.java:256) ~[undertow-servlet-2.3.13.Final.jar:2.3.13.Final]
		at io.undertow.servlet.handlers.ServletInitialHandler$1.handleRequest(ServletInitialHandler.java:101) ~[undertow-servlet-2.3.13.Final.jar:2.3.13.Final]
		at io.undertow.server.Connectors.executeRootHandler(Connectors.java:393) ~[undertow-core-2.3.13.Final.jar:2.3.13.Final]
		at io.undertow.server.HttpServerExchange$1.run(HttpServerExchange.java:859) ~[undertow-core-2.3.13.Final.jar:2.3.13.Final]
		at org.jboss.threads.ContextHandler$1.runWith(ContextHandler.java:18) ~[jboss-threads-3.5.0.Final.jar:3.5.0.Final]
		at org.jboss.threads.EnhancedQueueExecutor$Task.run(EnhancedQueueExecutor.java:2513) ~[jboss-threads-3.5.0.Final.jar:3.5.0.Final]
		at org.jboss.threads.EnhancedQueueExecutor$ThreadBody.run(EnhancedQueueExecutor.java:1538) ~[jboss-threads-3.5.0.Final.jar:3.5.0.Final]
		at org.xnio.XnioWorker$WorkerThreadFactory$1$1.run(XnioWorker.java:1282) ~[xnio-api-3.8.8.Final.jar:3.8.8.Final]
		at java.base/java.lang.Thread.run(Thread.java:1583) [?:?]
Caused by: java.io.IOException: Broken pipe
	at java.base/sun.nio.ch.SocketDispatcher.write0(Native Method) ~[?:?]
	at java.base/sun.nio.ch.SocketDispatcher.write(SocketDispatcher.java:62) ~[?:?]
	at java.base/sun.nio.ch.IOUtil.writeFromNativeBuffer(IOUtil.java:137) ~[?:?]
	at java.base/sun.nio.ch.IOUtil.write(IOUtil.java:81) ~[?:?]
	at java.base/sun.nio.ch.IOUtil.write(IOUtil.java:58) ~[?:?]
	at java.base/sun.nio.ch.SocketChannelImpl.write(SocketChannelImpl.java:542) ~[?:?]
	at org.xnio.nio.NioSocketConduit.write(NioSocketConduit.java:153) ~[xnio-nio-3.8.8.Final.jar:3.8.8.Final]
	at io.undertow.server.protocol.http.HttpResponseConduit.write(HttpResponseConduit.java:629) ~[undertow-core-2.3.13.Final.jar:2.3.13.Final]
	at org.xnio.conduits.AbstractStreamSinkConduit.write(AbstractStreamSinkConduit.java:51) ~[xnio-api-3.8.8.Final.jar:3.8.8.Final]
	at io.undertow.conduits.DeflatingStreamSinkConduit.performFlushIfRequiredSingleBuffer(DeflatingStreamSinkConduit.java:445) ~[undertow-core-2.3.13.Final.jar:2.3.13.Final]
	at io.undertow.conduits.DeflatingStreamSinkConduit.performFlushIfRequired(DeflatingStreamSinkConduit.java:432) ~[undertow-core-2.3.13.Final.jar:2.3.13.Final]
	at io.undertow.conduits.DeflatingStreamSinkConduit.deflateData(DeflatingStreamSinkConduit.java:522) ~[undertow-core-2.3.13.Final.jar:2.3.13.Final]
	at io.undertow.conduits.DeflatingStreamSinkConduit.write(DeflatingStreamSinkConduit.java:130) ~[undertow-core-2.3.13.Final.jar:2.3.13.Final]
	at io.undertow.conduits.DeflatingStreamSinkConduit.write(DeflatingStreamSinkConduit.java:165) ~[undertow-core-2.3.13.Final.jar:2.3.13.Final]
	at org.xnio.conduits.ConduitStreamSinkChannel.write(ConduitStreamSinkChannel.java:158) ~[xnio-api-3.8.8.Final.jar:3.8.8.Final]
	at io.undertow.channels.DetachableStreamSinkChannel.write(DetachableStreamSinkChannel.java:179) ~[undertow-core-2.3.13.Final.jar:2.3.13.Final]
	at io.undertow.server.HttpServerExchange$WriteDispatchChannel.write(HttpServerExchange.java:2172) ~[undertow-core-2.3.13.Final.jar:2.3.13.Final]
	at org.xnio.channels.Channels.writeBlocking(Channels.java:202) ~[xnio-api-3.8.8.Final.jar:3.8.8.Final]
	at io.undertow.servlet.spec.ServletOutputStreamImpl.writeTooLargeForBuffer(ServletOutputStreamImpl.java:201) ~[undertow-servlet-2.3.13.Final.jar:2.3.13.Final]
	at io.undertow.servlet.spec.ServletOutputStreamImpl.write(ServletOutputStreamImpl.java:149) ~[undertow-servlet-2.3.13.Final.jar:2.3.13.Final]
	at org.springframework.web.context.request.async.StandardServletAsyncWebRequest$LifecycleServletOutputStream.write(StandardServletAsyncWebRequest.java:375) ~[spring-web-6.1.10.jar:6.1.10]
	... 86 more
[2026-05-21 11:03:36.528] INFO background-preinit org.hibernate.validator.internal.util.Version[21] - HV000001: Hibernate Validator 8.0.1.Final 
[2026-05-21 11:03:36.644] INFO main com.jts.gjcxfzksh.Application[50] - Starting Application using Java 25.0.2 with PID 42768 (/Users/a../模型算法/新公交平台/backend/target/classes started by a.. in /Users/a../模型算法/新公交平台/backend) 
[2026-05-21 11:03:36.662] INFO main com.jts.gjcxfzksh.Application[654] - No active profile set, falling back to 1 default profile: "default" 
[2026-05-21 11:03:39.930] INFO main io.undertow.servlet[372] - Initializing Spring embedded WebApplicationContext 
[2026-05-21 11:03:40.392] INFO main com.jts.gjcxfzksh.config.MatsimConfig[93] - 共找到1个方案 
[2026-05-21 11:03:44.257] INFO main io.undertow[120] - starting server: Undertow - 2.3.13.Final 
[2026-05-21 11:03:44.272] INFO main org.xnio[95] - XNIO version 3.8.8.Final 
[2026-05-21 11:03:44.289] INFO main org.xnio.nio[58] - XNIO NIO Implementation Version 3.8.8.Final 
[2026-05-21 11:03:44.352] INFO main org.jboss.threads[55] - JBoss Threads version 3.5.0.Final 
[2026-05-21 11:03:44.471] INFO main io.undertow[259] - stopping server: Undertow - 2.3.13.Final 
[2026-05-21 11:06:02.299] INFO background-preinit org.hibernate.validator.internal.util.Version[21] - HV000001: Hibernate Validator 8.0.1.Final 
[2026-05-21 11:06:02.353] INFO main com.jts.gjcxfzksh.Application[50] - Starting Application using Java 25.0.2 with PID 43213 (/Users/a../模型算法/新公交平台/backend/target/classes started by a.. in /Users/a../模型算法/新公交平台/backend) 
[2026-05-21 11:06:02.357] INFO main com.jts.gjcxfzksh.Application[654] - No active profile set, falling back to 1 default profile: "default" 
[2026-05-21 11:06:03.606] INFO main io.undertow.servlet[372] - Initializing Spring embedded WebApplicationContext 
[2026-05-21 11:06:03.747] INFO main com.jts.gjcxfzksh.config.MatsimConfig[93] - 共找到1个方案 
[2026-05-21 11:06:04.962] INFO main io.undertow[120] - starting server: Undertow - 2.3.13.Final 
[2026-05-21 11:06:04.975] INFO main org.xnio[95] - XNIO version 3.8.8.Final 
[2026-05-21 11:06:04.984] INFO main org.xnio.nio[58] - XNIO NIO Implementation Version 3.8.8.Final 
[2026-05-21 11:06:05.015] INFO main org.jboss.threads[55] - JBoss Threads version 3.5.0.Final 
[2026-05-21 11:06:05.076] INFO main io.undertow[259] - stopping server: Undertow - 2.3.13.Final 
[2026-05-21 11:06:32.815] ERROR XNIO-1 task-7 com.jts.gjcxfzksh.exception.handler.GlobalExceptionHandler[63] - 请求地址'/pt/network/tile',发生系统异常. 
org.springframework.web.context.request.async.AsyncRequestNotUsableException: ServletOutputStream failed to write: Broken pipe
	at org.springframework.web.context.request.async.StandardServletAsyncWebRequest$LifecycleHttpServletResponse.handleIOException(StandardServletAsyncWebRequest.java:320) ~[spring-web-6.1.10.jar:6.1.10]
	at org.springframework.web.context.request.async.StandardServletAsyncWebRequest$LifecycleServletOutputStream.write(StandardServletAsyncWebRequest.java:378) ~[spring-web-6.1.10.jar:6.1.10]
	at org.springframework.util.StreamUtils$NonClosingOutputStream.write(StreamUtils.java:261) ~[spring-core-6.1.10.jar:6.1.10]
	at com.fasterxml.jackson.core.json.UTF8JsonGenerator._flushBuffer(UTF8JsonGenerator.java:2210) ~[jackson-core-2.17.1.jar:2.17.1]
	at com.fasterxml.jackson.core.json.UTF8JsonGenerator.writeString(UTF8JsonGenerator.java:528) ~[jackson-core-2.17.1.jar:2.17.1]
	at com.fasterxml.jackson.databind.ser.std.StringSerializer.serialize(StringSerializer.java:41) ~[jackson-databind-2.17.1.jar:2.17.1]
	at com.fasterxml.jackson.databind.ser.BeanPropertyWriter.serializeAsField(BeanPropertyWriter.java:732) ~[jackson-databind-2.17.1.jar:2.17.1]
	at com.fasterxml.jackson.databind.ser.std.BeanSerializerBase.serializeFields(BeanSerializerBase.java:770) ~[jackson-databind-2.17.1.jar:2.17.1]
	at com.fasterxml.jackson.databind.ser.BeanSerializer.serialize(BeanSerializer.java:183) ~[jackson-databind-2.17.1.jar:2.17.1]
	at com.fasterxml.jackson.databind.ser.impl.IndexedListSerializer.serializeContents(IndexedListSerializer.java:119) ~[jackson-databind-2.17.1.jar:2.17.1]
	at com.fasterxml.jackson.databind.ser.impl.IndexedListSerializer.serialize(IndexedListSerializer.java:79) ~[jackson-databind-2.17.1.jar:2.17.1]
	at com.fasterxml.jackson.databind.ser.impl.IndexedListSerializer.serialize(IndexedListSerializer.java:18) ~[jackson-databind-2.17.1.jar:2.17.1]
	at com.fasterxml.jackson.databind.ser.BeanPropertyWriter.serializeAsField(BeanPropertyWriter.java:732) ~[jackson-databind-2.17.1.jar:2.17.1]
	at com.fasterxml.jackson.databind.ser.std.BeanSerializerBase.serializeFields(BeanSerializerBase.java:770) ~[jackson-databind-2.17.1.jar:2.17.1]
	at com.fasterxml.jackson.databind.ser.BeanSerializer.serialize(BeanSerializer.java:183) ~[jackson-databind-2.17.1.jar:2.17.1]
	at com.fasterxml.jackson.databind.ser.DefaultSerializerProvider._serialize(DefaultSerializerProvider.java:502) ~[jackson-databind-2.17.1.jar:2.17.1]
	at com.fasterxml.jackson.databind.ser.DefaultSerializerProvider.serializeValue(DefaultSerializerProvider.java:341) ~[jackson-databind-2.17.1.jar:2.17.1]
	at com.fasterxml.jackson.databind.ObjectWriter$Prefetch.serialize(ObjectWriter.java:1574) ~[jackson-databind-2.17.1.jar:2.17.1]
	at com.fasterxml.jackson.databind.ObjectWriter.writeValue(ObjectWriter.java:1061) ~[jackson-databind-2.17.1.jar:2.17.1]
	at org.springframework.http.converter.json.AbstractJackson2HttpMessageConverter.writeInternal(AbstractJackson2HttpMessageConverter.java:483) ~[spring-web-6.1.10.jar:6.1.10]
	at org.springframework.http.converter.AbstractGenericHttpMessageConverter.write(AbstractGenericHttpMessageConverter.java:114) ~[spring-web-6.1.10.jar:6.1.10]
	at org.springframework.web.servlet.mvc.method.annotation.AbstractMessageConverterMethodProcessor.writeWithMessageConverters(AbstractMessageConverterMethodProcessor.java:297) ~[spring-webmvc-6.1.10.jar:6.1.10]
	at org.springframework.web.servlet.mvc.method.annotation.RequestResponseBodyMethodProcessor.handleReturnValue(RequestResponseBodyMethodProcessor.java:192) ~[spring-webmvc-6.1.10.jar:6.1.10]
	at org.springframework.web.method.support.HandlerMethodReturnValueHandlerComposite.handleReturnValue(HandlerMethodReturnValueHandlerComposite.java:78) ~[spring-web-6.1.10.jar:6.1.10]
	at org.springframework.web.servlet.mvc.method.annotation.ServletInvocableHandlerMethod.invokeAndHandle(ServletInvocableHandlerMethod.java:136) ~[spring-webmvc-6.1.10.jar:6.1.10]
	at org.springframework.web.servlet.mvc.method.annotation.RequestMappingHandlerAdapter.invokeHandlerMethod(RequestMappingHandlerAdapter.java:926) ~[spring-webmvc-6.1.10.jar:6.1.10]
	at org.springframework.web.servlet.mvc.method.annotation.RequestMappingHandlerAdapter.handleInternal(RequestMappingHandlerAdapter.java:831) ~[spring-webmvc-6.1.10.jar:6.1.10]
	at org.springframework.web.servlet.mvc.method.AbstractHandlerMethodAdapter.handle(AbstractHandlerMethodAdapter.java:87) ~[spring-webmvc-6.1.10.jar:6.1.10]
	at org.springframework.web.servlet.DispatcherServlet.doDispatch(DispatcherServlet.java:1089) ~[spring-webmvc-6.1.10.jar:6.1.10]
	at org.springframework.web.servlet.DispatcherServlet.doService(DispatcherServlet.java:979) ~[spring-webmvc-6.1.10.jar:6.1.10]
	at org.springframework.web.servlet.FrameworkServlet.processRequest(FrameworkServlet.java:1014) ~[spring-webmvc-6.1.10.jar:6.1.10]
	at org.springframework.web.servlet.FrameworkServlet.doPost(FrameworkServlet.java:914) ~[spring-webmvc-6.1.10.jar:6.1.10]
	at jakarta.servlet.http.HttpServlet.service(HttpServlet.java:547) ~[jakarta.servlet-api-6.0.0.jar:6.0.0]
	at org.springframework.web.servlet.FrameworkServlet.service(FrameworkServlet.java:885) ~[spring-webmvc-6.1.10.jar:6.1.10]
	at jakarta.servlet.http.HttpServlet.service(HttpServlet.java:614) ~[jakarta.servlet-api-6.0.0.jar:6.0.0]
	at io.undertow.servlet.handlers.ServletHandler.handleRequest(ServletHandler.java:74) ~[undertow-servlet-2.3.13.Final.jar:2.3.13.Final]
	at io.undertow.servlet.handlers.FilterHandler$FilterChainImpl.doFilter(FilterHandler.java:129) ~[undertow-servlet-2.3.13.Final.jar:2.3.13.Final]
	at org.springframework.web.filter.CorsFilter.doFilterInternal(CorsFilter.java:91) ~[spring-web-6.1.10.jar:6.1.10]
	at org.springframework.web.filter.OncePerRequestFilter.doFilter(OncePerRequestFilter.java:116) ~[spring-web-6.1.10.jar:6.1.10]
	at io.undertow.servlet.core.ManagedFilter.doFilter(ManagedFilter.java:67) ~[undertow-servlet-2.3.13.Final.jar:2.3.13.Final]
	at io.undertow.servlet.handlers.FilterHandler$FilterChainImpl.doFilter(FilterHandler.java:131) ~[undertow-servlet-2.3.13.Final.jar:2.3.13.Final]
	at org.springframework.web.filter.RequestContextFilter.doFilterInternal(RequestContextFilter.java:100) ~[spring-web-6.1.10.jar:6.1.10]
	at org.springframework.web.filter.OncePerRequestFilter.doFilter(OncePerRequestFilter.java:116) ~[spring-web-6.1.10.jar:6.1.10]
	at io.undertow.servlet.core.ManagedFilter.doFilter(ManagedFilter.java:67) ~[undertow-servlet-2.3.13.Final.jar:2.3.13.Final]
	at io.undertow.servlet.handlers.FilterHandler$FilterChainImpl.doFilter(FilterHandler.java:131) ~[undertow-servlet-2.3.13.Final.jar:2.3.13.Final]
	at org.springframework.web.filter.FormContentFilter.doFilterInternal(FormContentFilter.java:93) ~[spring-web-6.1.10.jar:6.1.10]
	at org.springframework.web.filter.OncePerRequestFilter.doFilter(OncePerRequestFilter.java:116) ~[spring-web-6.1.10.jar:6.1.10]
	at io.undertow.servlet.core.ManagedFilter.doFilter(ManagedFilter.java:67) ~[undertow-servlet-2.3.13.Final.jar:2.3.13.Final]
	at io.undertow.servlet.handlers.FilterHandler$FilterChainImpl.doFilter(FilterHandler.java:131) ~[undertow-servlet-2.3.13.Final.jar:2.3.13.Final]
	at org.springframework.web.filter.CharacterEncodingFilter.doFilterInternal(CharacterEncodingFilter.java:201) ~[spring-web-6.1.10.jar:6.1.10]
	at org.springframework.web.filter.OncePerRequestFilter.doFilter(OncePerRequestFilter.java:116) ~[spring-web-6.1.10.jar:6.1.10]
	at io.undertow.servlet.core.ManagedFilter.doFilter(ManagedFilter.java:67) ~[undertow-servlet-2.3.13.Final.jar:2.3.13.Final]
	at io.undertow.servlet.handlers.FilterHandler$FilterChainImpl.doFilter(FilterHandler.java:131) ~[undertow-servlet-2.3.13.Final.jar:2.3.13.Final]
	at io.undertow.servlet.handlers.FilterHandler.handleRequest(FilterHandler.java:84) ~[undertow-servlet-2.3.13.Final.jar:2.3.13.Final]
	at io.undertow.servlet.handlers.security.ServletSecurityRoleHandler.handleRequest(ServletSecurityRoleHandler.java:62) ~[undertow-servlet-2.3.13.Final.jar:2.3.13.Final]
	at io.undertow.servlet.handlers.ServletChain$1.handleRequest(ServletChain.java:68) ~[undertow-servlet-2.3.13.Final.jar:2.3.13.Final]
	at io.undertow.servlet.handlers.ServletDispatchingHandler.handleRequest(ServletDispatchingHandler.java:36) ~[undertow-servlet-2.3.13.Final.jar:2.3.13.Final]
	at io.undertow.servlet.handlers.RedirectDirHandler.handleRequest(RedirectDirHandler.java:68) ~[undertow-servlet-2.3.13.Final.jar:2.3.13.Final]
	at io.undertow.servlet.handlers.security.SSLInformationAssociationHandler.handleRequest(SSLInformationAssociationHandler.java:117) ~[undertow-servlet-2.3.13.Final.jar:2.3.13.Final]
	at io.undertow.servlet.handlers.security.ServletAuthenticationCallHandler.handleRequest(ServletAuthenticationCallHandler.java:57) ~[undertow-servlet-2.3.13.Final.jar:2.3.13.Final]
	at io.undertow.server.handlers.PredicateHandler.handleRequest(PredicateHandler.java:43) ~[undertow-core-2.3.13.Final.jar:2.3.13.Final]
	at io.undertow.security.handlers.AbstractConfidentialityHandler.handleRequest(AbstractConfidentialityHandler.java:46) ~[undertow-core-2.3.13.Final.jar:2.3.13.Final]
	at io.undertow.servlet.handlers.security.ServletConfidentialityConstraintHandler.handleRequest(ServletConfidentialityConstraintHandler.java:64) ~[undertow-servlet-2.3.13.Final.jar:2.3.13.Final]
	at io.undertow.security.handlers.AuthenticationMechanismsHandler.handleRequest(AuthenticationMechanismsHandler.java:60) ~[undertow-core-2.3.13.Final.jar:2.3.13.Final]
	at io.undertow.servlet.handlers.security.CachedAuthenticatedSessionHandler.handleRequest(CachedAuthenticatedSessionHandler.java:77) ~[undertow-servlet-2.3.13.Final.jar:2.3.13.Final]
	at io.undertow.security.handlers.AbstractSecurityContextAssociationHandler.handleRequest(AbstractSecurityContextAssociationHandler.java:43) ~[undertow-core-2.3.13.Final.jar:2.3.13.Final]
	at io.undertow.server.handlers.PredicateHandler.handleRequest(PredicateHandler.java:43) ~[undertow-core-2.3.13.Final.jar:2.3.13.Final]
	at io.undertow.servlet.handlers.SendErrorPageHandler.handleRequest(SendErrorPageHandler.java:52) ~[undertow-servlet-2.3.13.Final.jar:2.3.13.Final]
	at io.undertow.server.handlers.PredicateHandler.handleRequest(PredicateHandler.java:43) ~[undertow-core-2.3.13.Final.jar:2.3.13.Final]
	at io.undertow.servlet.handlers.ServletInitialHandler.handleFirstRequest(ServletInitialHandler.java:276) ~[undertow-servlet-2.3.13.Final.jar:2.3.13.Final]
	at io.undertow.servlet.handlers.ServletInitialHandler$2.call(ServletInitialHandler.java:135) ~[undertow-servlet-2.3.13.Final.jar:2.3.13.Final]
	at io.undertow.servlet.handlers.ServletInitialHandler$2.call(ServletInitialHandler.java:132) ~[undertow-servlet-2.3.13.Final.jar:2.3.13.Final]
	at io.undertow.servlet.core.ServletRequestContextThreadSetupAction$1.call(ServletRequestContextThreadSetupAction.java:48) ~[undertow-servlet-2.3.13.Final.jar:2.3.13.Final]
	at io.undertow.servlet.core.ContextClassLoaderSetupAction$1.call(ContextClassLoaderSetupAction.java:43) ~[undertow-servlet-2.3.13.Final.jar:2.3.13.Final]
	at io.undertow.servlet.handlers.ServletInitialHandler.dispatchRequest(ServletInitialHandler.java:256) ~[undertow-servlet-2.3.13.Final.jar:2.3.13.Final]
	at io.undertow.servlet.handlers.ServletInitialHandler$1.handleRequest(ServletInitialHandler.java:101) ~[undertow-servlet-2.3.13.Final.jar:2.3.13.Final]
	at io.undertow.server.Connectors.executeRootHandler(Connectors.java:393) ~[undertow-core-2.3.13.Final.jar:2.3.13.Final]
	at io.undertow.server.HttpServerExchange$1.run(HttpServerExchange.java:859) ~[undertow-core-2.3.13.Final.jar:2.3.13.Final]
	at org.jboss.threads.ContextHandler$1.runWith(ContextHandler.java:18) ~[jboss-threads-3.5.0.Final.jar:3.5.0.Final]
	at org.jboss.threads.EnhancedQueueExecutor$Task.run(EnhancedQueueExecutor.java:2513) ~[jboss-threads-3.5.0.Final.jar:3.5.0.Final]
	at org.jboss.threads.EnhancedQueueExecutor$ThreadBody.run(EnhancedQueueExecutor.java:1538) ~[jboss-threads-3.5.0.Final.jar:3.5.0.Final]
	at org.xnio.XnioWorker$WorkerThreadFactory$1$1.run(XnioWorker.java:1282) ~[xnio-api-3.8.8.Final.jar:3.8.8.Final]
	at java.base/java.lang.Thread.run(Thread.java:1583) [?:?]
	Suppressed: org.springframework.web.context.request.async.AsyncRequestNotUsableException: Response not usable after response errors.
		at org.springframework.web.context.request.async.StandardServletAsyncWebRequest$LifecycleHttpServletResponse.obtainLockAndCheckState(StandardServletAsyncWebRequest.java:314) ~[spring-web-6.1.10.jar:6.1.10]
		at org.springframework.web.context.request.async.StandardServletAsyncWebRequest$LifecycleServletOutputStream.write(StandardServletAsyncWebRequest.java:373) ~[spring-web-6.1.10.jar:6.1.10]
		at org.springframework.util.StreamUtils$NonClosingOutputStream.write(StreamUtils.java:261) ~[spring-core-6.1.10.jar:6.1.10]
		at com.fasterxml.jackson.core.json.UTF8JsonGenerator._flushBuffer(UTF8JsonGenerator.java:2210) ~[jackson-core-2.17.1.jar:2.17.1]
		at com.fasterxml.jackson.core.json.UTF8JsonGenerator.close(UTF8JsonGenerator.java:1234) ~[jackson-core-2.17.1.jar:2.17.1]
		at org.springframework.http.converter.json.AbstractJackson2HttpMessageConverter.writeInternal(AbstractJackson2HttpMessageConverter.java:452) ~[spring-web-6.1.10.jar:6.1.10]
		at org.springframework.http.converter.AbstractGenericHttpMessageConverter.write(AbstractGenericHttpMessageConverter.java:114) ~[spring-web-6.1.10.jar:6.1.10]
		at org.springframework.web.servlet.mvc.method.annotation.AbstractMessageConverterMethodProcessor.writeWithMessageConverters(AbstractMessageConverterMethodProcessor.java:297) ~[spring-webmvc-6.1.10.jar:6.1.10]
		at org.springframework.web.servlet.mvc.method.annotation.RequestResponseBodyMethodProcessor.handleReturnValue(RequestResponseBodyMethodProcessor.java:192) ~[spring-webmvc-6.1.10.jar:6.1.10]
		at org.springframework.web.method.support.HandlerMethodReturnValueHandlerComposite.handleReturnValue(HandlerMethodReturnValueHandlerComposite.java:78) ~[spring-web-6.1.10.jar:6.1.10]
		at org.springframework.web.servlet.mvc.method.annotation.ServletInvocableHandlerMethod.invokeAndHandle(ServletInvocableHandlerMethod.java:136) ~[spring-webmvc-6.1.10.jar:6.1.10]
		at org.springframework.web.servlet.mvc.method.annotation.RequestMappingHandlerAdapter.invokeHandlerMethod(RequestMappingHandlerAdapter.java:926) ~[spring-webmvc-6.1.10.jar:6.1.10]
		at org.springframework.web.servlet.mvc.method.annotation.RequestMappingHandlerAdapter.handleInternal(RequestMappingHandlerAdapter.java:831) ~[spring-webmvc-6.1.10.jar:6.1.10]
		at org.springframework.web.servlet.mvc.method.AbstractHandlerMethodAdapter.handle(AbstractHandlerMethodAdapter.java:87) ~[spring-webmvc-6.1.10.jar:6.1.10]
		at org.springframework.web.servlet.DispatcherServlet.doDispatch(DispatcherServlet.java:1089) ~[spring-webmvc-6.1.10.jar:6.1.10]
		at org.springframework.web.servlet.DispatcherServlet.doService(DispatcherServlet.java:979) ~[spring-webmvc-6.1.10.jar:6.1.10]
		at org.springframework.web.servlet.FrameworkServlet.processRequest(FrameworkServlet.java:1014) ~[spring-webmvc-6.1.10.jar:6.1.10]
		at org.springframework.web.servlet.FrameworkServlet.doPost(FrameworkServlet.java:914) ~[spring-webmvc-6.1.10.jar:6.1.10]
		at jakarta.servlet.http.HttpServlet.service(HttpServlet.java:547) ~[jakarta.servlet-api-6.0.0.jar:6.0.0]
		at org.springframework.web.servlet.FrameworkServlet.service(FrameworkServlet.java:885) ~[spring-webmvc-6.1.10.jar:6.1.10]
		at jakarta.servlet.http.HttpServlet.service(HttpServlet.java:614) ~[jakarta.servlet-api-6.0.0.jar:6.0.0]
		at io.undertow.servlet.handlers.ServletHandler.handleRequest(ServletHandler.java:74) ~[undertow-servlet-2.3.13.Final.jar:2.3.13.Final]
		at io.undertow.servlet.handlers.FilterHandler$FilterChainImpl.doFilter(FilterHandler.java:129) ~[undertow-servlet-2.3.13.Final.jar:2.3.13.Final]
		at org.springframework.web.filter.CorsFilter.doFilterInternal(CorsFilter.java:91) ~[spring-web-6.1.10.jar:6.1.10]
		at org.springframework.web.filter.OncePerRequestFilter.doFilter(OncePerRequestFilter.java:116) ~[spring-web-6.1.10.jar:6.1.10]
		at io.undertow.servlet.core.ManagedFilter.doFilter(ManagedFilter.java:67) ~[undertow-servlet-2.3.13.Final.jar:2.3.13.Final]
		at io.undertow.servlet.handlers.FilterHandler$FilterChainImpl.doFilter(FilterHandler.java:131) ~[undertow-servlet-2.3.13.Final.jar:2.3.13.Final]
		at org.springframework.web.filter.RequestContextFilter.doFilterInternal(RequestContextFilter.java:100) ~[spring-web-6.1.10.jar:6.1.10]
		at org.springframework.web.filter.OncePerRequestFilter.doFilter(OncePerRequestFilter.java:116) ~[spring-web-6.1.10.jar:6.1.10]
		at io.undertow.servlet.core.ManagedFilter.doFilter(ManagedFilter.java:67) ~[undertow-servlet-2.3.13.Final.jar:2.3.13.Final]
		at io.undertow.servlet.handlers.FilterHandler$FilterChainImpl.doFilter(FilterHandler.java:131) ~[undertow-servlet-2.3.13.Final.jar:2.3.13.Final]
		at org.springframework.web.filter.FormContentFilter.doFilterInternal(FormContentFilter.java:93) ~[spring-web-6.1.10.jar:6.1.10]
		at org.springframework.web.filter.OncePerRequestFilter.doFilter(OncePerRequestFilter.java:116) ~[spring-web-6.1.10.jar:6.1.10]
		at io.undertow.servlet.core.ManagedFilter.doFilter(ManagedFilter.java:67) ~[undertow-servlet-2.3.13.Final.jar:2.3.13.Final]
		at io.undertow.servlet.handlers.FilterHandler$FilterChainImpl.doFilter(FilterHandler.java:131) ~[undertow-servlet-2.3.13.Final.jar:2.3.13.Final]
		at org.springframework.web.filter.CharacterEncodingFilter.doFilterInternal(CharacterEncodingFilter.java:201) ~[spring-web-6.1.10.jar:6.1.10]
		at org.springframework.web.filter.OncePerRequestFilter.doFilter(OncePerRequestFilter.java:116) ~[spring-web-6.1.10.jar:6.1.10]
		at io.undertow.servlet.core.ManagedFilter.doFilter(ManagedFilter.java:67) ~[undertow-servlet-2.3.13.Final.jar:2.3.13.Final]
		at io.undertow.servlet.handlers.FilterHandler$FilterChainImpl.doFilter(FilterHandler.java:131) ~[undertow-servlet-2.3.13.Final.jar:2.3.13.Final]
		at io.undertow.servlet.handlers.FilterHandler.handleRequest(FilterHandler.java:84) ~[undertow-servlet-2.3.13.Final.jar:2.3.13.Final]
		at io.undertow.servlet.handlers.security.ServletSecurityRoleHandler.handleRequest(ServletSecurityRoleHandler.java:62) ~[undertow-servlet-2.3.13.Final.jar:2.3.13.Final]
		at io.undertow.servlet.handlers.ServletChain$1.handleRequest(ServletChain.java:68) ~[undertow-servlet-2.3.13.Final.jar:2.3.13.Final]
		at io.undertow.servlet.handlers.ServletDispatchingHandler.handleRequest(ServletDispatchingHandler.java:36) ~[undertow-servlet-2.3.13.Final.jar:2.3.13.Final]
		at io.undertow.servlet.handlers.RedirectDirHandler.handleRequest(RedirectDirHandler.java:68) ~[undertow-servlet-2.3.13.Final.jar:2.3.13.Final]
		at io.undertow.servlet.handlers.security.SSLInformationAssociationHandler.handleRequest(SSLInformationAssociationHandler.java:117) ~[undertow-servlet-2.3.13.Final.jar:2.3.13.Final]
		at io.undertow.servlet.handlers.security.ServletAuthenticationCallHandler.handleRequest(ServletAuthenticationCallHandler.java:57) ~[undertow-servlet-2.3.13.Final.jar:2.3.13.Final]
		at io.undertow.server.handlers.PredicateHandler.handleRequest(PredicateHandler.java:43) ~[undertow-core-2.3.13.Final.jar:2.3.13.Final]
		at io.undertow.security.handlers.AbstractConfidentialityHandler.handleRequest(AbstractConfidentialityHandler.java:46) ~[undertow-core-2.3.13.Final.jar:2.3.13.Final]
		at io.undertow.servlet.handlers.security.ServletConfidentialityConstraintHandler.handleRequest(ServletConfidentialityConstraintHandler.java:64) ~[undertow-servlet-2.3.13.Final.jar:2.3.13.Final]
		at io.undertow.security.handlers.AuthenticationMechanismsHandler.handleRequest(AuthenticationMechanismsHandler.java:60) ~[undertow-core-2.3.13.Final.jar:2.3.13.Final]
		at io.undertow.servlet.handlers.security.CachedAuthenticatedSessionHandler.handleRequest(CachedAuthenticatedSessionHandler.java:77) ~[undertow-servlet-2.3.13.Final.jar:2.3.13.Final]
		at io.undertow.security.handlers.AbstractSecurityContextAssociationHandler.handleRequest(AbstractSecurityContextAssociationHandler.java:43) ~[undertow-core-2.3.13.Final.jar:2.3.13.Final]
		at io.undertow.server.handlers.PredicateHandler.handleRequest(PredicateHandler.java:43) ~[undertow-core-2.3.13.Final.jar:2.3.13.Final]
		at io.undertow.servlet.handlers.SendErrorPageHandler.handleRequest(SendErrorPageHandler.java:52) ~[undertow-servlet-2.3.13.Final.jar:2.3.13.Final]
		at io.undertow.server.handlers.PredicateHandler.handleRequest(PredicateHandler.java:43) ~[undertow-core-2.3.13.Final.jar:2.3.13.Final]
		at io.undertow.servlet.handlers.ServletInitialHandler.handleFirstRequest(ServletInitialHandler.java:276) ~[undertow-servlet-2.3.13.Final.jar:2.3.13.Final]
		at io.undertow.servlet.handlers.ServletInitialHandler$2.call(ServletInitialHandler.java:135) ~[undertow-servlet-2.3.13.Final.jar:2.3.13.Final]
		at io.undertow.servlet.handlers.ServletInitialHandler$2.call(ServletInitialHandler.java:132) ~[undertow-servlet-2.3.13.Final.jar:2.3.13.Final]
		at io.undertow.servlet.core.ServletRequestContextThreadSetupAction$1.call(ServletRequestContextThreadSetupAction.java:48) ~[undertow-servlet-2.3.13.Final.jar:2.3.13.Final]
		at io.undertow.servlet.core.ContextClassLoaderSetupAction$1.call(ContextClassLoaderSetupAction.java:43) ~[undertow-servlet-2.3.13.Final.jar:2.3.13.Final]
		at io.undertow.servlet.handlers.ServletInitialHandler.dispatchRequest(ServletInitialHandler.java:256) ~[undertow-servlet-2.3.13.Final.jar:2.3.13.Final]
		at io.undertow.servlet.handlers.ServletInitialHandler$1.handleRequest(ServletInitialHandler.java:101) ~[undertow-servlet-2.3.13.Final.jar:2.3.13.Final]
		at io.undertow.server.Connectors.executeRootHandler(Connectors.java:393) ~[undertow-core-2.3.13.Final.jar:2.3.13.Final]
		at io.undertow.server.HttpServerExchange$1.run(HttpServerExchange.java:859) ~[undertow-core-2.3.13.Final.jar:2.3.13.Final]
		at org.jboss.threads.ContextHandler$1.runWith(ContextHandler.java:18) ~[jboss-threads-3.5.0.Final.jar:3.5.0.Final]
		at org.jboss.threads.EnhancedQueueExecutor$Task.run(EnhancedQueueExecutor.java:2513) ~[jboss-threads-3.5.0.Final.jar:3.5.0.Final]
		at org.jboss.threads.EnhancedQueueExecutor$ThreadBody.run(EnhancedQueueExecutor.java:1538) ~[jboss-threads-3.5.0.Final.jar:3.5.0.Final]
		at org.xnio.XnioWorker$WorkerThreadFactory$1$1.run(XnioWorker.java:1282) ~[xnio-api-3.8.8.Final.jar:3.8.8.Final]
		at java.base/java.lang.Thread.run(Thread.java:1583) [?:?]
Caused by: java.io.IOException: Broken pipe
	at java.base/sun.nio.ch.SocketDispatcher.write0(Native Method) ~[?:?]
	at java.base/sun.nio.ch.SocketDispatcher.write(SocketDispatcher.java:62) ~[?:?]
	at java.base/sun.nio.ch.IOUtil.writeFromNativeBuffer(IOUtil.java:137) ~[?:?]
	at java.base/sun.nio.ch.IOUtil.write(IOUtil.java:81) ~[?:?]
	at java.base/sun.nio.ch.IOUtil.write(IOUtil.java:58) ~[?:?]
	at java.base/sun.nio.ch.SocketChannelImpl.write(SocketChannelImpl.java:542) ~[?:?]
	at org.xnio.nio.NioSocketConduit.write(NioSocketConduit.java:153) ~[xnio-nio-3.8.8.Final.jar:3.8.8.Final]
	at io.undertow.server.protocol.http.HttpResponseConduit.write(HttpResponseConduit.java:629) ~[undertow-core-2.3.13.Final.jar:2.3.13.Final]
	at org.xnio.conduits.AbstractStreamSinkConduit.write(AbstractStreamSinkConduit.java:51) ~[xnio-api-3.8.8.Final.jar:3.8.8.Final]
	at io.undertow.conduits.DeflatingStreamSinkConduit.performFlushIfRequiredSingleBuffer(DeflatingStreamSinkConduit.java:445) ~[undertow-core-2.3.13.Final.jar:2.3.13.Final]
	at io.undertow.conduits.DeflatingStreamSinkConduit.performFlushIfRequired(DeflatingStreamSinkConduit.java:432) ~[undertow-core-2.3.13.Final.jar:2.3.13.Final]
	at io.undertow.conduits.DeflatingStreamSinkConduit.deflateData(DeflatingStreamSinkConduit.java:522) ~[undertow-core-2.3.13.Final.jar:2.3.13.Final]
	at io.undertow.conduits.DeflatingStreamSinkConduit.write(DeflatingStreamSinkConduit.java:130) ~[undertow-core-2.3.13.Final.jar:2.3.13.Final]
	at io.undertow.conduits.DeflatingStreamSinkConduit.write(DeflatingStreamSinkConduit.java:165) ~[undertow-core-2.3.13.Final.jar:2.3.13.Final]
	at org.xnio.conduits.ConduitStreamSinkChannel.write(ConduitStreamSinkChannel.java:158) ~[xnio-api-3.8.8.Final.jar:3.8.8.Final]
	at io.undertow.channels.DetachableStreamSinkChannel.write(DetachableStreamSinkChannel.java:179) ~[undertow-core-2.3.13.Final.jar:2.3.13.Final]
	at io.undertow.server.HttpServerExchange$WriteDispatchChannel.write(HttpServerExchange.java:2172) ~[undertow-core-2.3.13.Final.jar:2.3.13.Final]
	at org.xnio.channels.Channels.writeBlocking(Channels.java:202) ~[xnio-api-3.8.8.Final.jar:3.8.8.Final]
	at io.undertow.servlet.spec.ServletOutputStreamImpl.writeTooLargeForBuffer(ServletOutputStreamImpl.java:201) ~[undertow-servlet-2.3.13.Final.jar:2.3.13.Final]
	at io.undertow.servlet.spec.ServletOutputStreamImpl.write(ServletOutputStreamImpl.java:149) ~[undertow-servlet-2.3.13.Final.jar:2.3.13.Final]
	at org.springframework.web.context.request.async.StandardServletAsyncWebRequest$LifecycleServletOutputStream.write(StandardServletAsyncWebRequest.java:375) ~[spring-web-6.1.10.jar:6.1.10]
	... 81 more
[2026-05-21 11:10:08.317] INFO SpringApplicationShutdownHook io.undertow[259] - stopping server: Undertow - 2.3.13.Final 
[2026-05-21 11:10:08.334] INFO SpringApplicationShutdownHook io.undertow.servlet[372] - Destroying Spring FrameworkServlet 'dispatcherServlet' 
[2026-05-21 11:10:37.029] INFO background-preinit org.hibernate.validator.internal.util.Version[21] - HV000001: Hibernate Validator 8.0.1.Final 
[2026-05-21 11:10:37.071] INFO main com.jts.gjcxfzksh.Application[50] - Starting Application using Java 21.0.9 with PID 43860 (/Users/a../模型算法/新公交平台/backend/target/classes started by a.. in /Users/a../模型算法/新公交平台/backend) 
[2026-05-21 11:10:37.076] INFO main com.jts.gjcxfzksh.Application[654] - No active profile set, falling back to 1 default profile: "default" 
[2026-05-21 11:10:37.903] INFO main io.undertow.servlet[372] - Initializing Spring embedded WebApplicationContext 
[2026-05-21 11:10:37.994] INFO main com.jts.gjcxfzksh.config.MatsimConfig[93] - 共找到1个方案 
[2026-05-21 11:10:38.776] INFO main io.undertow[120] - starting server: Undertow - 2.3.13.Final 
[2026-05-21 11:10:38.783] INFO main org.xnio[95] - XNIO version 3.8.8.Final 
[2026-05-21 11:10:38.790] INFO main org.xnio.nio[58] - XNIO NIO Implementation Version 3.8.8.Final 
[2026-05-21 11:10:38.815] INFO main org.jboss.threads[55] - JBoss Threads version 3.5.0.Final 
[2026-05-21 11:10:38.885] INFO main com.jts.gjcxfzksh.Application[56] - Started Application in 2.087 seconds (process running for 2.728) 
[2026-05-21 11:10:46.003] INFO XNIO-1 task-2 io.undertow.servlet[372] - Initializing Spring DispatcherServlet 'dispatcherServlet' 
[2026-05-21 11:10:46.134] INFO XNIO-1 task-2 com.jts.gjcxfzksh.api.service.impl.SchemeServiceImpl[57] - [广州市/广州市抽样模型]已加载，无需重复加载 
[2026-05-21 11:10:46.156] INFO XNIO-1 task-2 org.matsim.core.utils.io.IOUtils[224] - Resolved /Volumes/USB DISK/pt_data/广州市/广州市抽样模型/output/output_config_reduced.xml to /Volumes/USB DISK/pt_data/广州市/广州市抽样模型/output/output_config_reduced.xml 
[2026-05-21 11:10:46.158] INFO XNIO-1 task-2 org.matsim.core.config.Config[550] - setting context to [file:/Users/a../%E6%A8%A1%E5%9E%8B%E7%AE%97%E6%B3%95/%E6%96%B0%E5%85%AC%E4%BA%A4%E5%B9%B3%E5%8F%B0/backend/] 
[2026-05-21 11:10:46.196] INFO XNIO-1 task-2 org.matsim.core.utils.io.MatsimXmlParser[170] - starting to parse xml from url file:/Volumes/USB%20DISK/pt_data/广州市/广州市抽样模型/output/output_config_reduced.xml ... 
[2026-05-21 11:10:46.226] INFO XNIO-1 task-2 org.matsim.core.config.ConfigReader[105] - using config_v2-reader 
[2026-05-21 11:10:46.226] INFO XNIO-1 task-2 org.matsim.core.utils.io.MatsimXmlParser[296] - Trying to load http://www.matsim.org/files/dtd/config_v2.dtd. In some cases (e.g. network interface up but no connection), this may take a bit. 
[2026-05-21 11:10:46.975] INFO XNIO-1 task-2 org.matsim.core.config.groups.GlobalConfigGroup[93] - setting number of threads to: 8 
[2026-05-21 11:10:46.980] WARN XNIO-1 task-2 org.matsim.core.config.groups.RoutingConfigGroup[403] - The first mode routing (= teleported mode) params that are explicitly defined clear the default mode routing (= teleported mode) params.  If you want to avoid this  
[2026-05-21 11:10:46.980] WARN XNIO-1 task-2 org.matsim.core.config.groups.RoutingConfigGroup[404] -     warning, use clearTeleportedModeParams(true) in code, and "clearDefaultTeleportedModeParams"=true in xml config. 
[2026-05-21 11:10:46.985] INFO XNIO-1 task-2 org.matsim.core.config.groups.ScoringConfigGroup[560] - scoring parameters for subpopulation null were just replaced. 
[2026-05-21 11:10:46.986] INFO XNIO-1 task-2 org.matsim.core.config.Config[550] - setting context to [file:/Volumes/USB%20DISK/pt_data/广州市/广州市抽样模型/output/output_config_reduced.xml] 
[2026-05-21 11:10:46.992] INFO XNIO-1 task-2 org.matsim.core.config.Config[550] - setting context to [file:/Users/a../%E6%A8%A1%E5%9E%8B%E7%AE%97%E6%B3%95/%E6%96%B0%E5%85%AC%E4%BA%A4%E5%B9%B3%E5%8F%B0/backend/] 
[2026-05-21 11:10:46.994] INFO XNIO-1 task-2 org.matsim.core.utils.io.MatsimXmlParser[153] - starting to parse xml from file /Volumes/USB DISK/pt_data/广州市/广州市抽样模型/output/output_config_reduced.xml ... 
[2026-05-21 11:10:46.995] INFO XNIO-1 task-2 org.matsim.core.utils.io.IOUtils[224] - Resolved /Volumes/USB DISK/pt_data/广州市/广州市抽样模型/output/output_config_reduced.xml to /Volumes/USB DISK/pt_data/广州市/广州市抽样模型/output/output_config_reduced.xml 
[2026-05-21 11:10:46.995] INFO XNIO-1 task-2 org.matsim.core.config.ConfigReader[105] - using config_v2-reader 
[2026-05-21 11:10:46.996] INFO XNIO-1 task-2 org.matsim.core.utils.io.MatsimXmlParser[296] - Trying to load http://www.matsim.org/files/dtd/config_v2.dtd. In some cases (e.g. network interface up but no connection), this may take a bit. 
[2026-05-21 11:10:47.500] INFO XNIO-1 task-2 org.matsim.core.config.groups.GlobalConfigGroup[93] - setting number of threads to: 8 
[2026-05-21 11:10:47.501] WARN XNIO-1 task-2 org.matsim.core.config.groups.RoutingConfigGroup[403] - The first mode routing (= teleported mode) params that are explicitly defined clear the default mode routing (= teleported mode) params.  If you want to avoid this  
[2026-05-21 11:10:47.501] WARN XNIO-1 task-2 org.matsim.core.config.groups.RoutingConfigGroup[404] -     warning, use clearTeleportedModeParams(true) in code, and "clearDefaultTeleportedModeParams"=true in xml config. 
[2026-05-21 11:10:47.503] INFO XNIO-1 task-2 org.matsim.core.config.groups.ScoringConfigGroup[560] - scoring parameters for subpopulation null were just replaced. 
[2026-05-21 11:10:47.521] INFO XNIO-1 task-2 org.matsim.core.scenario.ScenarioLoaderImpl[135] - loading network from file:/Volumes/USB%20DISK/pt_data/广州市/广州市抽样模型/output/output_network.xml.gz 
[2026-05-21 11:10:47.522] INFO XNIO-1 task-2 org.matsim.core.utils.io.MatsimXmlParser[170] - starting to parse xml from url file:/Volumes/USB%20DISK/pt_data/广州市/广州市抽样模型/output/output_network.xml.gz ... 
[2026-05-21 11:10:47.532] INFO XNIO-1 task-2 org.matsim.core.network.io.MatsimNetworkReader[122] - using network_v2-reader. 
[2026-05-21 11:10:47.533] INFO XNIO-1 task-2 org.matsim.core.utils.io.MatsimXmlParser[296] - Trying to load http://www.matsim.org/files/dtd/network_v2.dtd. In some cases (e.g. network interface up but no connection), this may take a bit. 
[2026-05-21 11:10:48.011] INFO XNIO-1 task-2 org.matsim.core.network.NetworkImpl[165] -  node # 1 
[2026-05-21 11:10:48.012] INFO XNIO-1 task-2 org.matsim.core.network.NetworkImpl[165] -  node # 4 
[2026-05-21 11:10:48.012] INFO XNIO-1 task-2 org.matsim.core.network.NetworkImpl[165] -  node # 16 
[2026-05-21 11:10:48.013] INFO XNIO-1 task-2 org.matsim.core.network.NetworkImpl[165] -  node # 64 
[2026-05-21 11:10:48.015] INFO XNIO-1 task-2 org.matsim.core.network.NetworkImpl[165] -  node # 256 
[2026-05-21 11:10:48.018] INFO XNIO-1 task-2 org.matsim.core.network.NetworkImpl[165] -  node # 1024 
[2026-05-21 11:10:48.025] INFO XNIO-1 task-2 org.matsim.core.network.NetworkImpl[165] -  node # 4096 
[2026-05-21 11:10:48.052] INFO XNIO-1 task-2 org.matsim.core.network.NetworkImpl[165] -  node # 16384 
[2026-05-21 11:10:48.180] INFO XNIO-1 task-2 org.matsim.core.network.NetworkImpl[165] -  node # 65536 
[2026-05-21 11:10:48.607] INFO XNIO-1 task-2 org.matsim.core.network.NetworkImpl[165] -  node # 262144 
[2026-05-21 11:10:49.713] INFO XNIO-1 task-2 org.matsim.core.network.NetworkImpl[161] -  link # 1 
[2026-05-21 11:10:49.713] INFO XNIO-1 task-2 org.matsim.core.network.NetworkImpl[161] -  link # 4 
[2026-05-21 11:10:49.713] INFO XNIO-1 task-2 org.matsim.core.network.NetworkImpl[161] -  link # 16 
[2026-05-21 11:10:49.714] INFO XNIO-1 task-2 org.matsim.core.network.NetworkImpl[161] -  link # 64 
[2026-05-21 11:10:49.716] INFO XNIO-1 task-2 org.matsim.core.network.NetworkImpl[161] -  link # 256 
[2026-05-21 11:10:49.721] INFO XNIO-1 task-2 org.matsim.core.network.NetworkImpl[161] -  link # 1024 
[2026-05-21 11:10:49.735] INFO XNIO-1 task-2 org.matsim.core.network.NetworkImpl[161] -  link # 4096 
[2026-05-21 11:10:49.793] INFO XNIO-1 task-2 org.matsim.core.network.NetworkImpl[161] -  link # 16384 
[2026-05-21 11:10:50.048] INFO XNIO-1 task-2 org.matsim.core.network.NetworkImpl[161] -  link # 65536 
[2026-05-21 11:10:52.104] INFO XNIO-1 task-2 org.matsim.core.network.NetworkImpl[161] -  link # 262144 
[2026-05-21 11:11:03.939] INFO XNIO-1 task-2 org.matsim.core.scenario.ScenarioLoaderImpl[160] - loading facilities from file:/Volumes/USB%20DISK/pt_data/广州市/广州市抽样模型/output/output_facilities.xml.gz 
[2026-05-21 11:11:03.944] INFO XNIO-1 task-2 org.matsim.core.utils.io.MatsimXmlParser[170] - starting to parse xml from url file:/Volumes/USB%20DISK/pt_data/广州市/广州市抽样模型/output/output_facilities.xml.gz ... 
[2026-05-21 11:11:03.946] INFO XNIO-1 task-2 org.matsim.facilities.MatsimFacilitiesReader[143] - using facilities_v2-reader. 
[2026-05-21 11:11:03.946] INFO XNIO-1 task-2 org.matsim.core.utils.io.MatsimXmlParser[296] - Trying to load http://www.matsim.org/files/dtd/facilities_v2.dtd. In some cases (e.g. network interface up but no connection), this may take a bit. 
[2026-05-21 11:11:04.564] INFO XNIO-1 task-2 org.matsim.core.scenario.ScenarioLoaderImpl[169] - loaded 0 facilities from file:/Volumes/USB%20DISK/pt_data/广州市/广州市抽样模型/output/output_facilities.xml.gz 
[2026-05-21 11:11:04.564] INFO XNIO-1 task-2 org.matsim.core.scenario.ScenarioLoaderImpl[188] - no facility-attributes file set in config, not loading any facility attributes 
[2026-05-21 11:11:04.566] INFO XNIO-1 task-2 org.matsim.core.scenario.ScenarioLoaderImpl[196] - loading population from file:/Volumes/USB%20DISK/pt_data/广州市/广州市抽样模型/output/output_plans.xml.gz 
[2026-05-21 11:11:04.578] INFO XNIO-1 task-2 org.matsim.core.utils.io.MatsimXmlParser[170] - starting to parse xml from url file:/Volumes/USB%20DISK/pt_data/广州市/广州市抽样模型/output/output_plans.xml.gz ... 
[2026-05-21 11:11:04.580] INFO XNIO-1 task-2 org.matsim.core.population.io.PopulationReader[135] - using population_v6-reader. 
[2026-05-21 11:11:04.580] INFO XNIO-1 task-2 org.matsim.core.utils.io.MatsimXmlParser[296] - Trying to load http://www.matsim.org/files/dtd/population_v6.dtd. In some cases (e.g. network interface up but no connection), this may take a bit. 
[2026-05-21 11:11:04.924] WARN XNIO-1 task-2 org.matsim.core.population.io.PopulationReaderMatsimV6[227] - coordinate transformation defined both in config and in input file: setting from input file will be used 
[2026-05-21 11:11:04.926] INFO XNIO-1 task-2 org.matsim.core.population.io.ParallelPopulationReaderMatsimV6[168] - Start parallel population reading... 
[2026-05-21 11:11:04.941] INFO XNIO-1 task-2 org.matsim.core.population.PopulationImpl[107] -  person # 1 
[2026-05-21 11:11:04.950] INFO XNIO-1 task-2 org.matsim.core.population.PopulationImpl[107] -  person # 4 
[2026-05-21 11:11:04.983] INFO XNIO-1 task-2 org.matsim.core.population.PopulationImpl[107] -  person # 16 
[2026-05-21 11:11:05.005] INFO XNIO-1 task-2 org.matsim.core.population.PopulationImpl[107] -  person # 64 
[2026-05-21 11:11:05.226] INFO XNIO-1 task-2 org.matsim.core.population.PopulationImpl[107] -  person # 256 
[2026-05-21 11:11:05.641] INFO XNIO-1 task-2 org.matsim.core.population.PopulationImpl[107] -  person # 1024 
[2026-05-21 11:11:06.989] INFO XNIO-1 task-2 org.matsim.core.population.PopulationImpl[107] -  person # 4096 
[2026-05-21 11:11:11.032] INFO XNIO-1 task-2 org.matsim.core.population.PopulationImpl[107] -  person # 16384 
[2026-05-21 11:11:25.818] INFO XNIO-1 task-2 org.matsim.core.population.PopulationImpl[107] -  person # 65536 
[2026-05-21 11:12:04.210] INFO XNIO-1 task-2 org.matsim.core.population.io.ParallelPopulationReaderMatsimV6[238] - Finished parallel population reading... 
[2026-05-21 11:12:04.220] INFO XNIO-1 task-2 org.matsim.core.population.PopulationUtils[1122] -  person # 199488 
[2026-05-21 11:12:04.220] INFO XNIO-1 task-2 org.matsim.core.scenario.ScenarioLoaderImpl[244] - no person-attributes file set in config, not loading any person attributes 
[2026-05-21 11:12:04.220] INFO XNIO-1 task-2 org.matsim.core.scenario.ScenarioLoaderImpl[258] - no households file set in config, not loading households 
[2026-05-21 11:12:04.229] INFO XNIO-1 task-2 org.matsim.core.utils.io.MatsimXmlParser[170] - starting to parse xml from url file:/Volumes/USB%20DISK/pt_data/广州市/广州市抽样模型/output/output_transitSchedule.xml.gz ... 
[2026-05-21 11:12:04.236] INFO XNIO-1 task-2 org.matsim.core.utils.io.MatsimXmlParser[296] - Trying to load http://www.matsim.org/files/dtd/transitSchedule_v2.dtd. In some cases (e.g. network interface up but no connection), this may take a bit. 
[2026-05-21 11:12:10.508] INFO XNIO-1 task-2 org.matsim.core.scenario.ScenarioLoaderImpl[329] - loading transit vehicles from /Volumes/USB DISK/pt_data/广州市/广州市抽样模型/output/output_transitVehicles.xml.gz 
[2026-05-21 11:12:10.515] INFO XNIO-1 task-2 org.matsim.core.utils.io.MatsimXmlParser[170] - starting to parse xml from url file:/Volumes/USB%20DISK/pt_data/广州市/广州市抽样模型/output/output_transitVehicles.xml.gz ... 
[2026-05-21 11:12:10.581] INFO XNIO-1 task-2 org.matsim.core.utils.io.MatsimXmlParser[296] - Trying to load http://www.matsim.org/files/dtd/vehicleDefinitions_v2.0.xsd. In some cases (e.g. network interface up but no connection), this may take a bit. 
[2026-05-21 11:12:11.048] INFO XNIO-1 task-2 org.matsim.core.utils.io.MatsimXmlParser[296] - Trying to load http://www.matsim.org/files/dtd/matsimCommon.xsd. In some cases (e.g. network interface up but no connection), this may take a bit. 
[2026-05-21 11:12:11.293] INFO XNIO-1 task-2 org.matsim.core.utils.io.MatsimXmlParser[296] - Trying to load http://www.matsim.org/files/dtd/vehicleDefinitionsEnumTypes.xsd. In some cases (e.g. network interface up but no connection), this may take a bit. 
[2026-05-21 11:12:11.567] INFO XNIO-1 task-2 org.matsim.vehicles.MatsimVehicleReader[77] - Found following schemaLocation in vehicle definition file: http://www.matsim.org/files/dtd http://www.matsim.org/files/dtd/vehicleDefinitions_v2.0.xsd 
[2026-05-21 11:12:11.570] INFO XNIO-1 task-2 org.matsim.vehicles.VehicleReaderV2[24] - Using org.matsim.vehicles.VehicleReaderV2 
[2026-05-21 11:12:11.595] INFO XNIO-1 task-2 org.matsim.core.utils.misc.Counter[70] - [VehiclesImpl] added vehicle # 1 
[2026-05-21 11:12:11.596] INFO XNIO-1 task-2 org.matsim.core.utils.misc.Counter[70] - [VehiclesImpl] added vehicle # 2 
[2026-05-21 11:12:11.596] INFO XNIO-1 task-2 org.matsim.core.utils.misc.Counter[70] - [VehiclesImpl] added vehicle # 4 
[2026-05-21 11:12:11.596] INFO XNIO-1 task-2 org.matsim.core.utils.misc.Counter[70] - [VehiclesImpl] added vehicle # 8 
[2026-05-21 11:12:11.596] INFO XNIO-1 task-2 org.matsim.core.utils.misc.Counter[70] - [VehiclesImpl] added vehicle # 16 
[2026-05-21 11:12:11.597] INFO XNIO-1 task-2 org.matsim.core.utils.misc.Counter[70] - [VehiclesImpl] added vehicle # 32 
[2026-05-21 11:12:11.602] INFO XNIO-1 task-2 org.matsim.core.utils.misc.Counter[70] - [VehiclesImpl] added vehicle # 64 
[2026-05-21 11:12:11.604] INFO XNIO-1 task-2 org.matsim.core.utils.misc.Counter[70] - [VehiclesImpl] added vehicle # 128 
[2026-05-21 11:12:11.607] INFO XNIO-1 task-2 org.matsim.core.utils.misc.Counter[70] - [VehiclesImpl] added vehicle # 256 
[2026-05-21 11:12:11.617] INFO XNIO-1 task-2 org.matsim.core.utils.misc.Counter[70] - [VehiclesImpl] added vehicle # 512 
[2026-05-21 11:12:11.638] INFO XNIO-1 task-2 org.matsim.core.utils.misc.Counter[70] - [VehiclesImpl] added vehicle # 1024 
[2026-05-21 11:12:11.651] INFO XNIO-1 task-2 org.matsim.core.utils.misc.Counter[70] - [VehiclesImpl] added vehicle # 2048 
[2026-05-21 11:12:11.669] INFO XNIO-1 task-2 org.matsim.core.utils.misc.Counter[70] - [VehiclesImpl] added vehicle # 4096 
[2026-05-21 11:12:11.689] INFO XNIO-1 task-2 org.matsim.core.utils.misc.Counter[70] - [VehiclesImpl] added vehicle # 8192 
[2026-05-21 11:12:11.732] INFO XNIO-1 task-2 org.matsim.core.utils.misc.Counter[70] - [VehiclesImpl] added vehicle # 16384 
[2026-05-21 11:12:11.814] INFO XNIO-1 task-2 org.matsim.core.utils.misc.Counter[70] - [VehiclesImpl] added vehicle # 32768 
[2026-05-21 11:12:11.984] INFO XNIO-1 task-2 org.matsim.core.utils.misc.Counter[70] - [VehiclesImpl] added vehicle # 65536 
[2026-05-21 11:12:12.291] INFO XNIO-1 task-2 org.matsim.core.utils.misc.Counter[70] - [VehiclesImpl] added vehicle # 131072 
[2026-05-21 11:12:12.371] INFO XNIO-1 task-2 org.matsim.core.scenario.ScenarioLoaderImpl[339] - loading vehicles from /Volumes/USB DISK/pt_data/广州市/广州市抽样模型/output/output_vehicles.xml.gz 
[2026-05-21 11:12:12.372] INFO XNIO-1 task-2 org.matsim.core.utils.io.MatsimXmlParser[170] - starting to parse xml from url file:/Volumes/USB DISK/pt_data/广州市/广州市抽样模型/output/output_vehicles.xml.gz ... 
[2026-05-21 11:12:12.376] INFO XNIO-1 task-2 org.matsim.core.utils.io.MatsimXmlParser[296] - Trying to load http://www.matsim.org/files/dtd/vehicleDefinitions_v2.0.xsd. In some cases (e.g. network interface up but no connection), this may take a bit. 
[2026-05-21 11:12:12.960] INFO XNIO-1 task-2 org.matsim.core.utils.io.MatsimXmlParser[296] - Trying to load http://www.matsim.org/files/dtd/matsimCommon.xsd. In some cases (e.g. network interface up but no connection), this may take a bit. 
[2026-05-21 11:12:13.400] INFO XNIO-1 task-2 org.matsim.core.utils.io.MatsimXmlParser[296] - Trying to load http://www.matsim.org/files/dtd/vehicleDefinitionsEnumTypes.xsd. In some cases (e.g. network interface up but no connection), this may take a bit. 
[2026-05-21 11:12:13.677] INFO XNIO-1 task-2 org.matsim.vehicles.MatsimVehicleReader[77] - Found following schemaLocation in vehicle definition file: http://www.matsim.org/files/dtd http://www.matsim.org/files/dtd/vehicleDefinitions_v2.0.xsd 
[2026-05-21 11:12:13.678] INFO XNIO-1 task-2 org.matsim.vehicles.VehicleReaderV2[24] - Using org.matsim.vehicles.VehicleReaderV2 
[2026-05-21 11:12:13.680] INFO XNIO-1 task-2 org.matsim.core.utils.misc.Counter[70] - [VehiclesImpl] added vehicle # 1 
[2026-05-21 11:12:13.680] INFO XNIO-1 task-2 org.matsim.core.utils.misc.Counter[70] - [VehiclesImpl] added vehicle # 2 
[2026-05-21 11:12:13.681] INFO XNIO-1 task-2 org.matsim.core.utils.misc.Counter[70] - [VehiclesImpl] added vehicle # 4 
[2026-05-21 11:12:13.681] INFO XNIO-1 task-2 org.matsim.core.utils.misc.Counter[70] - [VehiclesImpl] added vehicle # 8 
[2026-05-21 11:12:13.682] INFO XNIO-1 task-2 org.matsim.core.utils.misc.Counter[70] - [VehiclesImpl] added vehicle # 16 
[2026-05-21 11:12:13.682] INFO XNIO-1 task-2 org.matsim.core.utils.misc.Counter[70] - [VehiclesImpl] added vehicle # 32 
[2026-05-21 11:12:13.686] INFO XNIO-1 task-2 org.matsim.core.utils.misc.Counter[70] - [VehiclesImpl] added vehicle # 64 
[2026-05-21 11:12:13.688] INFO XNIO-1 task-2 org.matsim.core.utils.misc.Counter[70] - [VehiclesImpl] added vehicle # 128 
[2026-05-21 11:12:13.689] INFO XNIO-1 task-2 org.matsim.core.utils.misc.Counter[70] - [VehiclesImpl] added vehicle # 256 
[2026-05-21 11:12:13.692] INFO XNIO-1 task-2 org.matsim.core.utils.misc.Counter[70] - [VehiclesImpl] added vehicle # 512 
[2026-05-21 11:12:13.696] INFO XNIO-1 task-2 org.matsim.core.utils.misc.Counter[70] - [VehiclesImpl] added vehicle # 1024 
[2026-05-21 11:12:13.700] INFO XNIO-1 task-2 org.matsim.core.utils.misc.Counter[70] - [VehiclesImpl] added vehicle # 2048 
[2026-05-21 11:12:13.712] INFO XNIO-1 task-2 org.matsim.core.utils.misc.Counter[70] - [VehiclesImpl] added vehicle # 4096 
[2026-05-21 11:12:13.736] INFO XNIO-1 task-2 org.matsim.core.utils.misc.Counter[70] - [VehiclesImpl] added vehicle # 8192 
[2026-05-21 11:12:13.805] INFO XNIO-1 task-2 org.matsim.core.utils.misc.Counter[70] - [VehiclesImpl] added vehicle # 16384 
[2026-05-21 11:12:13.924] INFO XNIO-1 task-2 org.matsim.core.utils.misc.Counter[70] - [VehiclesImpl] added vehicle # 32768 
[2026-05-21 11:12:14.091] INFO XNIO-1 task-2 org.matsim.core.utils.misc.Counter[70] - [VehiclesImpl] added vehicle # 65536 
[2026-05-21 11:12:14.541] INFO XNIO-1 task-2 org.matsim.core.utils.misc.Counter[70] - [VehiclesImpl] added vehicle # 131072 
[2026-05-21 11:12:15.719] INFO XNIO-1 task-2 org.matsim.core.utils.misc.Counter[70] - [VehiclesImpl] added vehicle # 262144 
[2026-05-21 11:12:17.297] INFO XNIO-1 task-2 org.matsim.core.utils.io.IOUtils[224] - Resolved /Volumes/USB DISK/pt_data/广州市/广州市抽样模型/output/output_events.xml.gz to /Volumes/USB DISK/pt_data/广州市/广州市抽样模型/output/output_events.xml.gz 
[2026-05-21 11:12:17.301] INFO XNIO-1 task-2 com.jts.gjcxfzksh.data.read.EventReader[92] - 开始解析：/Volumes/USB DISK/pt_data/广州市/广州市抽样模型/output/output_events.xml.gz 
[2026-05-21 11:12:17.303] INFO XNIO-1 task-2 com.jts.gjcxfzksh.data.read.EventReader[106] -  event # 1 
[2026-05-21 11:12:17.305] INFO XNIO-1 task-2 com.jts.gjcxfzksh.data.read.EventReader[106] -  event # 4 
[2026-05-21 11:12:17.310] INFO XNIO-1 task-2 com.jts.gjcxfzksh.data.read.EventReader[106] -  event # 16 
[2026-05-21 11:12:17.312] INFO XNIO-1 task-2 com.jts.gjcxfzksh.data.read.EventReader[106] -  event # 64 
[2026-05-21 11:12:17.313] INFO XNIO-1 task-2 com.jts.gjcxfzksh.data.read.EventReader[106] -  event # 256 
[2026-05-21 11:12:17.326] INFO XNIO-1 task-2 com.jts.gjcxfzksh.data.read.EventReader[106] -  event # 1024 
[2026-05-21 11:12:17.339] INFO XNIO-1 task-2 com.jts.gjcxfzksh.data.read.EventReader[106] -  event # 4096 
[2026-05-21 11:12:17.411] INFO XNIO-1 task-2 com.jts.gjcxfzksh.data.read.EventReader[106] -  event # 16384 
[2026-05-21 11:12:17.695] INFO XNIO-1 task-2 com.jts.gjcxfzksh.data.read.EventReader[106] -  event # 65536 
[2026-05-21 11:12:18.831] INFO XNIO-1 task-2 com.jts.gjcxfzksh.data.read.EventReader[106] -  event # 262144 
[2026-05-21 11:12:24.250] INFO XNIO-1 task-2 com.jts.gjcxfzksh.data.read.EventReader[106] -  event # 1048576 
[2026-05-21 11:12:40.129] INFO XNIO-1 task-2 com.jts.gjcxfzksh.data.read.EventReader[106] -  event # 4194304 
[2026-05-21 11:13:43.596] INFO XNIO-1 task-2 com.jts.gjcxfzksh.data.read.EventReader[106] -  event # 16777216 
[2026-05-21 11:15:45.094] INFO XNIO-1 task-2 com.jts.gjcxfzksh.data.read.EventReader[106] -  event # 67108864 
[2026-05-21 11:18:59.113] INFO XNIO-1 task-2 com.jts.gjcxfzksh.data.read.EventReader[98] - 完成解析，耗时 401810ms 
[2026-05-21 11:18:59.114] INFO XNIO-1 task-2 com.jts.gjcxfzksh.data.read.EventReader[86] - 解析耗时:401821ms 
[2026-05-21 11:18:59.276] INFO XNIO-1 task-2 com.jts.gjcxfzksh.data.Datasource[97] - 加载[广州市/广州市抽样模型]耗时: 493142ms 
[2026-05-21 11:19:09.918] INFO XNIO-1 task-2 com.jts.gjcxfzksh.api.service.impl.NetworkServiceImpl[120] - 读取 link 流量 1015617 条: /Volumes/USB DISK/pt_data/广州市/广州市抽样模型/output/output_links.csv.gz 
[2026-05-21 11:32:14.896] ERROR XNIO-1 task-4 com.jts.gjcxfzksh.exception.handler.GlobalExceptionHandler[63] - 请求地址'/pt/network/tile',发生系统异常. 
org.springframework.web.context.request.async.AsyncRequestNotUsableException: ServletOutputStream failed to write: Broken pipe
	at org.springframework.web.context.request.async.StandardServletAsyncWebRequest$LifecycleHttpServletResponse.handleIOException(StandardServletAsyncWebRequest.java:320) ~[spring-web-6.1.10.jar:6.1.10]
	at org.springframework.web.context.request.async.StandardServletAsyncWebRequest$LifecycleServletOutputStream.write(StandardServletAsyncWebRequest.java:378) ~[spring-web-6.1.10.jar:6.1.10]
	at org.springframework.util.StreamUtils$NonClosingOutputStream.write(StreamUtils.java:261) ~[spring-core-6.1.10.jar:6.1.10]
	at com.fasterxml.jackson.core.json.UTF8JsonGenerator._flushBuffer(UTF8JsonGenerator.java:2210) ~[jackson-core-2.17.1.jar:2.17.1]
	at com.fasterxml.jackson.core.json.UTF8JsonGenerator.writeRaw(UTF8JsonGenerator.java:764) ~[jackson-core-2.17.1.jar:2.17.1]
	at com.fasterxml.jackson.core.json.UTF8JsonGenerator.writeRaw(UTF8JsonGenerator.java:674) ~[jackson-core-2.17.1.jar:2.17.1]
	at com.fasterxml.jackson.core.json.UTF8JsonGenerator.writeNumber(UTF8JsonGenerator.java:1065) ~[jackson-core-2.17.1.jar:2.17.1]
	at com.fasterxml.jackson.databind.ser.std.NumberSerializers$FloatSerializer.serialize(NumberSerializers.java:214) ~[jackson-databind-2.17.1.jar:2.17.1]
	at com.fasterxml.jackson.databind.ser.BeanPropertyWriter.serializeAsField(BeanPropertyWriter.java:732) ~[jackson-databind-2.17.1.jar:2.17.1]
	at com.fasterxml.jackson.databind.ser.std.BeanSerializerBase.serializeFields(BeanSerializerBase.java:770) ~[jackson-databind-2.17.1.jar:2.17.1]
	at com.fasterxml.jackson.databind.ser.BeanSerializer.serialize(BeanSerializer.java:183) ~[jackson-databind-2.17.1.jar:2.17.1]
	at com.fasterxml.jackson.databind.ser.BeanPropertyWriter.serializeAsField(BeanPropertyWriter.java:732) ~[jackson-databind-2.17.1.jar:2.17.1]
	at com.fasterxml.jackson.databind.ser.std.BeanSerializerBase.serializeFields(BeanSerializerBase.java:770) ~[jackson-databind-2.17.1.jar:2.17.1]
	at com.fasterxml.jackson.databind.ser.BeanSerializer.serialize(BeanSerializer.java:183) ~[jackson-databind-2.17.1.jar:2.17.1]
	at com.fasterxml.jackson.databind.ser.impl.IndexedListSerializer.serializeContents(IndexedListSerializer.java:119) ~[jackson-databind-2.17.1.jar:2.17.1]
	at com.fasterxml.jackson.databind.ser.impl.IndexedListSerializer.serialize(IndexedListSerializer.java:79) ~[jackson-databind-2.17.1.jar:2.17.1]
	at com.fasterxml.jackson.databind.ser.impl.IndexedListSerializer.serialize(IndexedListSerializer.java:18) ~[jackson-databind-2.17.1.jar:2.17.1]
	at com.fasterxml.jackson.databind.ser.BeanPropertyWriter.serializeAsField(BeanPropertyWriter.java:732) ~[jackson-databind-2.17.1.jar:2.17.1]
	at com.fasterxml.jackson.databind.ser.std.BeanSerializerBase.serializeFields(BeanSerializerBase.java:770) ~[jackson-databind-2.17.1.jar:2.17.1]
	at com.fasterxml.jackson.databind.ser.BeanSerializer.serialize(BeanSerializer.java:183) ~[jackson-databind-2.17.1.jar:2.17.1]
	at com.fasterxml.jackson.databind.ser.DefaultSerializerProvider._serialize(DefaultSerializerProvider.java:502) ~[jackson-databind-2.17.1.jar:2.17.1]
	at com.fasterxml.jackson.databind.ser.DefaultSerializerProvider.serializeValue(DefaultSerializerProvider.java:341) ~[jackson-databind-2.17.1.jar:2.17.1]
	at com.fasterxml.jackson.databind.ObjectWriter$Prefetch.serialize(ObjectWriter.java:1574) ~[jackson-databind-2.17.1.jar:2.17.1]
	at com.fasterxml.jackson.databind.ObjectWriter.writeValue(ObjectWriter.java:1061) ~[jackson-databind-2.17.1.jar:2.17.1]
	at org.springframework.http.converter.json.AbstractJackson2HttpMessageConverter.writeInternal(AbstractJackson2HttpMessageConverter.java:483) ~[spring-web-6.1.10.jar:6.1.10]
	at org.springframework.http.converter.AbstractGenericHttpMessageConverter.write(AbstractGenericHttpMessageConverter.java:114) ~[spring-web-6.1.10.jar:6.1.10]
	at org.springframework.web.servlet.mvc.method.annotation.AbstractMessageConverterMethodProcessor.writeWithMessageConverters(AbstractMessageConverterMethodProcessor.java:297) ~[spring-webmvc-6.1.10.jar:6.1.10]
	at org.springframework.web.servlet.mvc.method.annotation.RequestResponseBodyMethodProcessor.handleReturnValue(RequestResponseBodyMethodProcessor.java:192) ~[spring-webmvc-6.1.10.jar:6.1.10]
	at org.springframework.web.method.support.HandlerMethodReturnValueHandlerComposite.handleReturnValue(HandlerMethodReturnValueHandlerComposite.java:78) ~[spring-web-6.1.10.jar:6.1.10]
	at org.springframework.web.servlet.mvc.method.annotation.ServletInvocableHandlerMethod.invokeAndHandle(ServletInvocableHandlerMethod.java:136) ~[spring-webmvc-6.1.10.jar:6.1.10]
	at org.springframework.web.servlet.mvc.method.annotation.RequestMappingHandlerAdapter.invokeHandlerMethod(RequestMappingHandlerAdapter.java:926) ~[spring-webmvc-6.1.10.jar:6.1.10]
	at org.springframework.web.servlet.mvc.method.annotation.RequestMappingHandlerAdapter.handleInternal(RequestMappingHandlerAdapter.java:831) ~[spring-webmvc-6.1.10.jar:6.1.10]
	at org.springframework.web.servlet.mvc.method.AbstractHandlerMethodAdapter.handle(AbstractHandlerMethodAdapter.java:87) ~[spring-webmvc-6.1.10.jar:6.1.10]
	at org.springframework.web.servlet.DispatcherServlet.doDispatch(DispatcherServlet.java:1089) ~[spring-webmvc-6.1.10.jar:6.1.10]
	at org.springframework.web.servlet.DispatcherServlet.doService(DispatcherServlet.java:979) ~[spring-webmvc-6.1.10.jar:6.1.10]
	at org.springframework.web.servlet.FrameworkServlet.processRequest(FrameworkServlet.java:1014) ~[spring-webmvc-6.1.10.jar:6.1.10]
	at org.springframework.web.servlet.FrameworkServlet.doPost(FrameworkServlet.java:914) ~[spring-webmvc-6.1.10.jar:6.1.10]
	at jakarta.servlet.http.HttpServlet.service(HttpServlet.java:547) ~[jakarta.servlet-api-6.0.0.jar:6.0.0]
	at org.springframework.web.servlet.FrameworkServlet.service(FrameworkServlet.java:885) ~[spring-webmvc-6.1.10.jar:6.1.10]
	at jakarta.servlet.http.HttpServlet.service(HttpServlet.java:614) ~[jakarta.servlet-api-6.0.0.jar:6.0.0]
	at io.undertow.servlet.handlers.ServletHandler.handleRequest(ServletHandler.java:74) ~[undertow-servlet-2.3.13.Final.jar:2.3.13.Final]
	at io.undertow.servlet.handlers.FilterHandler$FilterChainImpl.doFilter(FilterHandler.java:129) ~[undertow-servlet-2.3.13.Final.jar:2.3.13.Final]
	at org.springframework.web.filter.CorsFilter.doFilterInternal(CorsFilter.java:91) ~[spring-web-6.1.10.jar:6.1.10]
	at org.springframework.web.filter.OncePerRequestFilter.doFilter(OncePerRequestFilter.java:116) ~[spring-web-6.1.10.jar:6.1.10]
	at io.undertow.servlet.core.ManagedFilter.doFilter(ManagedFilter.java:67) ~[undertow-servlet-2.3.13.Final.jar:2.3.13.Final]
	at io.undertow.servlet.handlers.FilterHandler$FilterChainImpl.doFilter(FilterHandler.java:131) ~[undertow-servlet-2.3.13.Final.jar:2.3.13.Final]
	at org.springframework.web.filter.RequestContextFilter.doFilterInternal(RequestContextFilter.java:100) ~[spring-web-6.1.10.jar:6.1.10]
	at org.springframework.web.filter.OncePerRequestFilter.doFilter(OncePerRequestFilter.java:116) ~[spring-web-6.1.10.jar:6.1.10]
	at io.undertow.servlet.core.ManagedFilter.doFilter(ManagedFilter.java:67) ~[undertow-servlet-2.3.13.Final.jar:2.3.13.Final]
	at io.undertow.servlet.handlers.FilterHandler$FilterChainImpl.doFilter(FilterHandler.java:131) ~[undertow-servlet-2.3.13.Final.jar:2.3.13.Final]
	at org.springframework.web.filter.FormContentFilter.doFilterInternal(FormContentFilter.java:93) ~[spring-web-6.1.10.jar:6.1.10]
	at org.springframework.web.filter.OncePerRequestFilter.doFilter(OncePerRequestFilter.java:116) ~[spring-web-6.1.10.jar:6.1.10]
	at io.undertow.servlet.core.ManagedFilter.doFilter(ManagedFilter.java:67) ~[undertow-servlet-2.3.13.Final.jar:2.3.13.Final]
	at io.undertow.servlet.handlers.FilterHandler$FilterChainImpl.doFilter(FilterHandler.java:131) ~[undertow-servlet-2.3.13.Final.jar:2.3.13.Final]
	at org.springframework.web.filter.CharacterEncodingFilter.doFilterInternal(CharacterEncodingFilter.java:201) ~[spring-web-6.1.10.jar:6.1.10]
	at org.springframework.web.filter.OncePerRequestFilter.doFilter(OncePerRequestFilter.java:116) ~[spring-web-6.1.10.jar:6.1.10]
	at io.undertow.servlet.core.ManagedFilter.doFilter(ManagedFilter.java:67) ~[undertow-servlet-2.3.13.Final.jar:2.3.13.Final]
	at io.undertow.servlet.handlers.FilterHandler$FilterChainImpl.doFilter(FilterHandler.java:131) ~[undertow-servlet-2.3.13.Final.jar:2.3.13.Final]
	at io.undertow.servlet.handlers.FilterHandler.handleRequest(FilterHandler.java:84) ~[undertow-servlet-2.3.13.Final.jar:2.3.13.Final]
	at io.undertow.servlet.handlers.security.ServletSecurityRoleHandler.handleRequest(ServletSecurityRoleHandler.java:62) ~[undertow-servlet-2.3.13.Final.jar:2.3.13.Final]
	at io.undertow.servlet.handlers.ServletChain$1.handleRequest(ServletChain.java:68) ~[undertow-servlet-2.3.13.Final.jar:2.3.13.Final]
	at io.undertow.servlet.handlers.ServletDispatchingHandler.handleRequest(ServletDispatchingHandler.java:36) ~[undertow-servlet-2.3.13.Final.jar:2.3.13.Final]
	at io.undertow.servlet.handlers.RedirectDirHandler.handleRequest(RedirectDirHandler.java:68) ~[undertow-servlet-2.3.13.Final.jar:2.3.13.Final]
	at io.undertow.servlet.handlers.security.SSLInformationAssociationHandler.handleRequest(SSLInformationAssociationHandler.java:117) ~[undertow-servlet-2.3.13.Final.jar:2.3.13.Final]
	at io.undertow.servlet.handlers.security.ServletAuthenticationCallHandler.handleRequest(ServletAuthenticationCallHandler.java:57) ~[undertow-servlet-2.3.13.Final.jar:2.3.13.Final]
	at io.undertow.server.handlers.PredicateHandler.handleRequest(PredicateHandler.java:43) ~[undertow-core-2.3.13.Final.jar:2.3.13.Final]
	at io.undertow.security.handlers.AbstractConfidentialityHandler.handleRequest(AbstractConfidentialityHandler.java:46) ~[undertow-core-2.3.13.Final.jar:2.3.13.Final]
	at io.undertow.servlet.handlers.security.ServletConfidentialityConstraintHandler.handleRequest(ServletConfidentialityConstraintHandler.java:64) ~[undertow-servlet-2.3.13.Final.jar:2.3.13.Final]
	at io.undertow.security.handlers.AuthenticationMechanismsHandler.handleRequest(AuthenticationMechanismsHandler.java:60) ~[undertow-core-2.3.13.Final.jar:2.3.13.Final]
	at io.undertow.servlet.handlers.security.CachedAuthenticatedSessionHandler.handleRequest(CachedAuthenticatedSessionHandler.java:77) ~[undertow-servlet-2.3.13.Final.jar:2.3.13.Final]
	at io.undertow.security.handlers.AbstractSecurityContextAssociationHandler.handleRequest(AbstractSecurityContextAssociationHandler.java:43) ~[undertow-core-2.3.13.Final.jar:2.3.13.Final]
	at io.undertow.server.handlers.PredicateHandler.handleRequest(PredicateHandler.java:43) ~[undertow-core-2.3.13.Final.jar:2.3.13.Final]
	at io.undertow.servlet.handlers.SendErrorPageHandler.handleRequest(SendErrorPageHandler.java:52) ~[undertow-servlet-2.3.13.Final.jar:2.3.13.Final]
	at io.undertow.server.handlers.PredicateHandler.handleRequest(PredicateHandler.java:43) ~[undertow-core-2.3.13.Final.jar:2.3.13.Final]
	at io.undertow.servlet.handlers.ServletInitialHandler.handleFirstRequest(ServletInitialHandler.java:276) ~[undertow-servlet-2.3.13.Final.jar:2.3.13.Final]
	at io.undertow.servlet.handlers.ServletInitialHandler$2.call(ServletInitialHandler.java:135) ~[undertow-servlet-2.3.13.Final.jar:2.3.13.Final]
	at io.undertow.servlet.handlers.ServletInitialHandler$2.call(ServletInitialHandler.java:132) ~[undertow-servlet-2.3.13.Final.jar:2.3.13.Final]
	at io.undertow.servlet.core.ServletRequestContextThreadSetupAction$1.call(ServletRequestContextThreadSetupAction.java:48) ~[undertow-servlet-2.3.13.Final.jar:2.3.13.Final]
	at io.undertow.servlet.core.ContextClassLoaderSetupAction$1.call(ContextClassLoaderSetupAction.java:43) ~[undertow-servlet-2.3.13.Final.jar:2.3.13.Final]
	at io.undertow.servlet.handlers.ServletInitialHandler.dispatchRequest(ServletInitialHandler.java:256) ~[undertow-servlet-2.3.13.Final.jar:2.3.13.Final]
	at io.undertow.servlet.handlers.ServletInitialHandler$1.handleRequest(ServletInitialHandler.java:101) ~[undertow-servlet-2.3.13.Final.jar:2.3.13.Final]
	at io.undertow.server.Connectors.executeRootHandler(Connectors.java:393) ~[undertow-core-2.3.13.Final.jar:2.3.13.Final]
	at io.undertow.server.HttpServerExchange$1.run(HttpServerExchange.java:859) ~[undertow-core-2.3.13.Final.jar:2.3.13.Final]
	at org.jboss.threads.ContextHandler$1.runWith(ContextHandler.java:18) ~[jboss-threads-3.5.0.Final.jar:3.5.0.Final]
	at org.jboss.threads.EnhancedQueueExecutor$Task.run(EnhancedQueueExecutor.java:2513) ~[jboss-threads-3.5.0.Final.jar:3.5.0.Final]
	at org.jboss.threads.EnhancedQueueExecutor$ThreadBody.run(EnhancedQueueExecutor.java:1538) ~[jboss-threads-3.5.0.Final.jar:3.5.0.Final]
	at org.xnio.XnioWorker$WorkerThreadFactory$1$1.run(XnioWorker.java:1282) ~[xnio-api-3.8.8.Final.jar:3.8.8.Final]
	at java.base/java.lang.Thread.run(Thread.java:1583) [?:?]
	Suppressed: org.springframework.web.context.request.async.AsyncRequestNotUsableException: Response not usable after response errors.
		at org.springframework.web.context.request.async.StandardServletAsyncWebRequest$LifecycleHttpServletResponse.obtainLockAndCheckState(StandardServletAsyncWebRequest.java:314) ~[spring-web-6.1.10.jar:6.1.10]
		at org.springframework.web.context.request.async.StandardServletAsyncWebRequest$LifecycleServletOutputStream.write(StandardServletAsyncWebRequest.java:373) ~[spring-web-6.1.10.jar:6.1.10]
		at org.springframework.util.StreamUtils$NonClosingOutputStream.write(StreamUtils.java:261) ~[spring-core-6.1.10.jar:6.1.10]
		at com.fasterxml.jackson.core.json.UTF8JsonGenerator._flushBuffer(UTF8JsonGenerator.java:2210) ~[jackson-core-2.17.1.jar:2.17.1]
		at com.fasterxml.jackson.core.json.UTF8JsonGenerator.close(UTF8JsonGenerator.java:1234) ~[jackson-core-2.17.1.jar:2.17.1]
		at org.springframework.http.converter.json.AbstractJackson2HttpMessageConverter.writeInternal(AbstractJackson2HttpMessageConverter.java:452) ~[spring-web-6.1.10.jar:6.1.10]
		at org.springframework.http.converter.AbstractGenericHttpMessageConverter.write(AbstractGenericHttpMessageConverter.java:114) ~[spring-web-6.1.10.jar:6.1.10]
		at org.springframework.web.servlet.mvc.method.annotation.AbstractMessageConverterMethodProcessor.writeWithMessageConverters(AbstractMessageConverterMethodProcessor.java:297) ~[spring-webmvc-6.1.10.jar:6.1.10]
		at org.springframework.web.servlet.mvc.method.annotation.RequestResponseBodyMethodProcessor.handleReturnValue(RequestResponseBodyMethodProcessor.java:192) ~[spring-webmvc-6.1.10.jar:6.1.10]
		at org.springframework.web.method.support.HandlerMethodReturnValueHandlerComposite.handleReturnValue(HandlerMethodReturnValueHandlerComposite.java:78) ~[spring-web-6.1.10.jar:6.1.10]
		at org.springframework.web.servlet.mvc.method.annotation.ServletInvocableHandlerMethod.invokeAndHandle(ServletInvocableHandlerMethod.java:136) ~[spring-webmvc-6.1.10.jar:6.1.10]
		at org.springframework.web.servlet.mvc.method.annotation.RequestMappingHandlerAdapter.invokeHandlerMethod(RequestMappingHandlerAdapter.java:926) ~[spring-webmvc-6.1.10.jar:6.1.10]
		at org.springframework.web.servlet.mvc.method.annotation.RequestMappingHandlerAdapter.handleInternal(RequestMappingHandlerAdapter.java:831) ~[spring-webmvc-6.1.10.jar:6.1.10]
		at org.springframework.web.servlet.mvc.method.AbstractHandlerMethodAdapter.handle(AbstractHandlerMethodAdapter.java:87) ~[spring-webmvc-6.1.10.jar:6.1.10]
		at org.springframework.web.servlet.DispatcherServlet.doDispatch(DispatcherServlet.java:1089) ~[spring-webmvc-6.1.10.jar:6.1.10]
		at org.springframework.web.servlet.DispatcherServlet.doService(DispatcherServlet.java:979) ~[spring-webmvc-6.1.10.jar:6.1.10]
		at org.springframework.web.servlet.FrameworkServlet.processRequest(FrameworkServlet.java:1014) ~[spring-webmvc-6.1.10.jar:6.1.10]
		at org.springframework.web.servlet.FrameworkServlet.doPost(FrameworkServlet.java:914) ~[spring-webmvc-6.1.10.jar:6.1.10]
		at jakarta.servlet.http.HttpServlet.service(HttpServlet.java:547) ~[jakarta.servlet-api-6.0.0.jar:6.0.0]
		at org.springframework.web.servlet.FrameworkServlet.service(FrameworkServlet.java:885) ~[spring-webmvc-6.1.10.jar:6.1.10]
		at jakarta.servlet.http.HttpServlet.service(HttpServlet.java:614) ~[jakarta.servlet-api-6.0.0.jar:6.0.0]
		at io.undertow.servlet.handlers.ServletHandler.handleRequest(ServletHandler.java:74) ~[undertow-servlet-2.3.13.Final.jar:2.3.13.Final]
		at io.undertow.servlet.handlers.FilterHandler$FilterChainImpl.doFilter(FilterHandler.java:129) ~[undertow-servlet-2.3.13.Final.jar:2.3.13.Final]
		at org.springframework.web.filter.CorsFilter.doFilterInternal(CorsFilter.java:91) ~[spring-web-6.1.10.jar:6.1.10]
		at org.springframework.web.filter.OncePerRequestFilter.doFilter(OncePerRequestFilter.java:116) ~[spring-web-6.1.10.jar:6.1.10]
		at io.undertow.servlet.core.ManagedFilter.doFilter(ManagedFilter.java:67) ~[undertow-servlet-2.3.13.Final.jar:2.3.13.Final]
		at io.undertow.servlet.handlers.FilterHandler$FilterChainImpl.doFilter(FilterHandler.java:131) ~[undertow-servlet-2.3.13.Final.jar:2.3.13.Final]
		at org.springframework.web.filter.RequestContextFilter.doFilterInternal(RequestContextFilter.java:100) ~[spring-web-6.1.10.jar:6.1.10]
		at org.springframework.web.filter.OncePerRequestFilter.doFilter(OncePerRequestFilter.java:116) ~[spring-web-6.1.10.jar:6.1.10]
		at io.undertow.servlet.core.ManagedFilter.doFilter(ManagedFilter.java:67) ~[undertow-servlet-2.3.13.Final.jar:2.3.13.Final]
		at io.undertow.servlet.handlers.FilterHandler$FilterChainImpl.doFilter(FilterHandler.java:131) ~[undertow-servlet-2.3.13.Final.jar:2.3.13.Final]
		at org.springframework.web.filter.FormContentFilter.doFilterInternal(FormContentFilter.java:93) ~[spring-web-6.1.10.jar:6.1.10]
		at org.springframework.web.filter.OncePerRequestFilter.doFilter(OncePerRequestFilter.java:116) ~[spring-web-6.1.10.jar:6.1.10]
		at io.undertow.servlet.core.ManagedFilter.doFilter(ManagedFilter.java:67) ~[undertow-servlet-2.3.13.Final.jar:2.3.13.Final]
		at io.undertow.servlet.handlers.FilterHandler$FilterChainImpl.doFilter(FilterHandler.java:131) ~[undertow-servlet-2.3.13.Final.jar:2.3.13.Final]
		at org.springframework.web.filter.CharacterEncodingFilter.doFilterInternal(CharacterEncodingFilter.java:201) ~[spring-web-6.1.10.jar:6.1.10]
		at org.springframework.web.filter.OncePerRequestFilter.doFilter(OncePerRequestFilter.java:116) ~[spring-web-6.1.10.jar:6.1.10]
		at io.undertow.servlet.core.ManagedFilter.doFilter(ManagedFilter.java:67) ~[undertow-servlet-2.3.13.Final.jar:2.3.13.Final]
		at io.undertow.servlet.handlers.FilterHandler$FilterChainImpl.doFilter(FilterHandler.java:131) ~[undertow-servlet-2.3.13.Final.jar:2.3.13.Final]
		at io.undertow.servlet.handlers.FilterHandler.handleRequest(FilterHandler.java:84) ~[undertow-servlet-2.3.13.Final.jar:2.3.13.Final]
		at io.undertow.servlet.handlers.security.ServletSecurityRoleHandler.handleRequest(ServletSecurityRoleHandler.java:62) ~[undertow-servlet-2.3.13.Final.jar:2.3.13.Final]
		at io.undertow.servlet.handlers.ServletChain$1.handleRequest(ServletChain.java:68) ~[undertow-servlet-2.3.13.Final.jar:2.3.13.Final]
		at io.undertow.servlet.handlers.ServletDispatchingHandler.handleRequest(ServletDispatchingHandler.java:36) ~[undertow-servlet-2.3.13.Final.jar:2.3.13.Final]
		at io.undertow.servlet.handlers.RedirectDirHandler.handleRequest(RedirectDirHandler.java:68) ~[undertow-servlet-2.3.13.Final.jar:2.3.13.Final]
		at io.undertow.servlet.handlers.security.SSLInformationAssociationHandler.handleRequest(SSLInformationAssociationHandler.java:117) ~[undertow-servlet-2.3.13.Final.jar:2.3.13.Final]
		at io.undertow.servlet.handlers.security.ServletAuthenticationCallHandler.handleRequest(ServletAuthenticationCallHandler.java:57) ~[undertow-servlet-2.3.13.Final.jar:2.3.13.Final]
		at io.undertow.server.handlers.PredicateHandler.handleRequest(PredicateHandler.java:43) ~[undertow-core-2.3.13.Final.jar:2.3.13.Final]
		at io.undertow.security.handlers.AbstractConfidentialityHandler.handleRequest(AbstractConfidentialityHandler.java:46) ~[undertow-core-2.3.13.Final.jar:2.3.13.Final]
		at io.undertow.servlet.handlers.security.ServletConfidentialityConstraintHandler.handleRequest(ServletConfidentialityConstraintHandler.java:64) ~[undertow-servlet-2.3.13.Final.jar:2.3.13.Final]
		at io.undertow.security.handlers.AuthenticationMechanismsHandler.handleRequest(AuthenticationMechanismsHandler.java:60) ~[undertow-core-2.3.13.Final.jar:2.3.13.Final]
		at io.undertow.servlet.handlers.security.CachedAuthenticatedSessionHandler.handleRequest(CachedAuthenticatedSessionHandler.java:77) ~[undertow-servlet-2.3.13.Final.jar:2.3.13.Final]
		at io.undertow.security.handlers.AbstractSecurityContextAssociationHandler.handleRequest(AbstractSecurityContextAssociationHandler.java:43) ~[undertow-core-2.3.13.Final.jar:2.3.13.Final]
		at io.undertow.server.handlers.PredicateHandler.handleRequest(PredicateHandler.java:43) ~[undertow-core-2.3.13.Final.jar:2.3.13.Final]
		at io.undertow.servlet.handlers.SendErrorPageHandler.handleRequest(SendErrorPageHandler.java:52) ~[undertow-servlet-2.3.13.Final.jar:2.3.13.Final]
		at io.undertow.server.handlers.PredicateHandler.handleRequest(PredicateHandler.java:43) ~[undertow-core-2.3.13.Final.jar:2.3.13.Final]
		at io.undertow.servlet.handlers.ServletInitialHandler.handleFirstRequest(ServletInitialHandler.java:276) ~[undertow-servlet-2.3.13.Final.jar:2.3.13.Final]
		at io.undertow.servlet.handlers.ServletInitialHandler$2.call(ServletInitialHandler.java:135) ~[undertow-servlet-2.3.13.Final.jar:2.3.13.Final]
		at io.undertow.servlet.handlers.ServletInitialHandler$2.call(ServletInitialHandler.java:132) ~[undertow-servlet-2.3.13.Final.jar:2.3.13.Final]
		at io.undertow.servlet.core.ServletRequestContextThreadSetupAction$1.call(ServletRequestContextThreadSetupAction.java:48) ~[undertow-servlet-2.3.13.Final.jar:2.3.13.Final]
		at io.undertow.servlet.core.ContextClassLoaderSetupAction$1.call(ContextClassLoaderSetupAction.java:43) ~[undertow-servlet-2.3.13.Final.jar:2.3.13.Final]
		at io.undertow.servlet.handlers.ServletInitialHandler.dispatchRequest(ServletInitialHandler.java:256) ~[undertow-servlet-2.3.13.Final.jar:2.3.13.Final]
		at io.undertow.servlet.handlers.ServletInitialHandler$1.handleRequest(ServletInitialHandler.java:101) ~[undertow-servlet-2.3.13.Final.jar:2.3.13.Final]
		at io.undertow.server.Connectors.executeRootHandler(Connectors.java:393) ~[undertow-core-2.3.13.Final.jar:2.3.13.Final]
		at io.undertow.server.HttpServerExchange$1.run(HttpServerExchange.java:859) ~[undertow-core-2.3.13.Final.jar:2.3.13.Final]
		at org.jboss.threads.ContextHandler$1.runWith(ContextHandler.java:18) ~[jboss-threads-3.5.0.Final.jar:3.5.0.Final]
		at org.jboss.threads.EnhancedQueueExecutor$Task.run(EnhancedQueueExecutor.java:2513) ~[jboss-threads-3.5.0.Final.jar:3.5.0.Final]
		at org.jboss.threads.EnhancedQueueExecutor$ThreadBody.run(EnhancedQueueExecutor.java:1538) ~[jboss-threads-3.5.0.Final.jar:3.5.0.Final]
		at org.xnio.XnioWorker$WorkerThreadFactory$1$1.run(XnioWorker.java:1282) ~[xnio-api-3.8.8.Final.jar:3.8.8.Final]
		at java.base/java.lang.Thread.run(Thread.java:1583) [?:?]
Caused by: java.io.IOException: Broken pipe
	at java.base/sun.nio.ch.SocketDispatcher.write0(Native Method) ~[?:?]
	at java.base/sun.nio.ch.SocketDispatcher.write(SocketDispatcher.java:62) ~[?:?]
	at java.base/sun.nio.ch.IOUtil.writeFromNativeBuffer(IOUtil.java:137) ~[?:?]
	at java.base/sun.nio.ch.IOUtil.write(IOUtil.java:81) ~[?:?]
	at java.base/sun.nio.ch.IOUtil.write(IOUtil.java:58) ~[?:?]
	at java.base/sun.nio.ch.SocketChannelImpl.write(SocketChannelImpl.java:542) ~[?:?]
	at org.xnio.nio.NioSocketConduit.write(NioSocketConduit.java:153) ~[xnio-nio-3.8.8.Final.jar:3.8.8.Final]
	at io.undertow.server.protocol.http.HttpResponseConduit.write(HttpResponseConduit.java:629) ~[undertow-core-2.3.13.Final.jar:2.3.13.Final]
	at org.xnio.conduits.AbstractStreamSinkConduit.write(AbstractStreamSinkConduit.java:51) ~[xnio-api-3.8.8.Final.jar:3.8.8.Final]
	at io.undertow.conduits.DeflatingStreamSinkConduit.performFlushIfRequiredSingleBuffer(DeflatingStreamSinkConduit.java:445) ~[undertow-core-2.3.13.Final.jar:2.3.13.Final]
	at io.undertow.conduits.DeflatingStreamSinkConduit.performFlushIfRequired(DeflatingStreamSinkConduit.java:432) ~[undertow-core-2.3.13.Final.jar:2.3.13.Final]
	at io.undertow.conduits.DeflatingStreamSinkConduit.deflateData(DeflatingStreamSinkConduit.java:522) ~[undertow-core-2.3.13.Final.jar:2.3.13.Final]
	at io.undertow.conduits.DeflatingStreamSinkConduit.write(DeflatingStreamSinkConduit.java:130) ~[undertow-core-2.3.13.Final.jar:2.3.13.Final]
	at io.undertow.conduits.DeflatingStreamSinkConduit.write(DeflatingStreamSinkConduit.java:165) ~[undertow-core-2.3.13.Final.jar:2.3.13.Final]
	at org.xnio.conduits.ConduitStreamSinkChannel.write(ConduitStreamSinkChannel.java:158) ~[xnio-api-3.8.8.Final.jar:3.8.8.Final]
	at io.undertow.channels.DetachableStreamSinkChannel.write(DetachableStreamSinkChannel.java:179) ~[undertow-core-2.3.13.Final.jar:2.3.13.Final]
	at io.undertow.server.HttpServerExchange$WriteDispatchChannel.write(HttpServerExchange.java:2172) ~[undertow-core-2.3.13.Final.jar:2.3.13.Final]
	at org.xnio.channels.Channels.writeBlocking(Channels.java:202) ~[xnio-api-3.8.8.Final.jar:3.8.8.Final]
	at io.undertow.servlet.spec.ServletOutputStreamImpl.writeTooLargeForBuffer(ServletOutputStreamImpl.java:201) ~[undertow-servlet-2.3.13.Final.jar:2.3.13.Final]
	at io.undertow.servlet.spec.ServletOutputStreamImpl.write(ServletOutputStreamImpl.java:149) ~[undertow-servlet-2.3.13.Final.jar:2.3.13.Final]
	at org.springframework.web.context.request.async.StandardServletAsyncWebRequest$LifecycleServletOutputStream.write(StandardServletAsyncWebRequest.java:375) ~[spring-web-6.1.10.jar:6.1.10]
	... 86 more
[2026-05-21 11:33:02.096] ERROR XNIO-1 task-3 com.jts.gjcxfzksh.exception.handler.GlobalExceptionHandler[63] - 请求地址'/pt/network/tile',发生系统异常. 
org.springframework.web.context.request.async.AsyncRequestNotUsableException: ServletOutputStream failed to write: Broken pipe
	at org.springframework.web.context.request.async.StandardServletAsyncWebRequest$LifecycleHttpServletResponse.handleIOException(StandardServletAsyncWebRequest.java:320) ~[spring-web-6.1.10.jar:6.1.10]
	at org.springframework.web.context.request.async.StandardServletAsyncWebRequest$LifecycleServletOutputStream.write(StandardServletAsyncWebRequest.java:378) ~[spring-web-6.1.10.jar:6.1.10]
	at org.springframework.util.StreamUtils$NonClosingOutputStream.write(StreamUtils.java:261) ~[spring-core-6.1.10.jar:6.1.10]
	at com.fasterxml.jackson.core.json.UTF8JsonGenerator._flushBuffer(UTF8JsonGenerator.java:2210) ~[jackson-core-2.17.1.jar:2.17.1]
	at com.fasterxml.jackson.core.json.UTF8JsonGenerator.writeRaw(UTF8JsonGenerator.java:764) ~[jackson-core-2.17.1.jar:2.17.1]
	at com.fasterxml.jackson.core.json.UTF8JsonGenerator.writeRaw(UTF8JsonGenerator.java:674) ~[jackson-core-2.17.1.jar:2.17.1]
	at com.fasterxml.jackson.core.json.UTF8JsonGenerator.writeNumber(UTF8JsonGenerator.java:1065) ~[jackson-core-2.17.1.jar:2.17.1]
	at com.fasterxml.jackson.databind.ser.std.NumberSerializers$FloatSerializer.serialize(NumberSerializers.java:214) ~[jackson-databind-2.17.1.jar:2.17.1]
	at com.fasterxml.jackson.databind.ser.BeanPropertyWriter.serializeAsField(BeanPropertyWriter.java:732) ~[jackson-databind-2.17.1.jar:2.17.1]
	at com.fasterxml.jackson.databind.ser.std.BeanSerializerBase.serializeFields(BeanSerializerBase.java:770) ~[jackson-databind-2.17.1.jar:2.17.1]
	at com.fasterxml.jackson.databind.ser.BeanSerializer.serialize(BeanSerializer.java:183) ~[jackson-databind-2.17.1.jar:2.17.1]
	at com.fasterxml.jackson.databind.ser.BeanPropertyWriter.serializeAsField(BeanPropertyWriter.java:732) ~[jackson-databind-2.17.1.jar:2.17.1]
	at com.fasterxml.jackson.databind.ser.std.BeanSerializerBase.serializeFields(BeanSerializerBase.java:770) ~[jackson-databind-2.17.1.jar:2.17.1]
	at com.fasterxml.jackson.databind.ser.BeanSerializer.serialize(BeanSerializer.java:183) ~[jackson-databind-2.17.1.jar:2.17.1]
	at com.fasterxml.jackson.databind.ser.impl.IndexedListSerializer.serializeContents(IndexedListSerializer.java:119) ~[jackson-databind-2.17.1.jar:2.17.1]
	at com.fasterxml.jackson.databind.ser.impl.IndexedListSerializer.serialize(IndexedListSerializer.java:79) ~[jackson-databind-2.17.1.jar:2.17.1]
	at com.fasterxml.jackson.databind.ser.impl.IndexedListSerializer.serialize(IndexedListSerializer.java:18) ~[jackson-databind-2.17.1.jar:2.17.1]
	at com.fasterxml.jackson.databind.ser.BeanPropertyWriter.serializeAsField(BeanPropertyWriter.java:732) ~[jackson-databind-2.17.1.jar:2.17.1]
	at com.fasterxml.jackson.databind.ser.std.BeanSerializerBase.serializeFields(BeanSerializerBase.java:770) ~[jackson-databind-2.17.1.jar:2.17.1]
	at com.fasterxml.jackson.databind.ser.BeanSerializer.serialize(BeanSerializer.java:183) ~[jackson-databind-2.17.1.jar:2.17.1]
	at com.fasterxml.jackson.databind.ser.DefaultSerializerProvider._serialize(DefaultSerializerProvider.java:502) ~[jackson-databind-2.17.1.jar:2.17.1]
	at com.fasterxml.jackson.databind.ser.DefaultSerializerProvider.serializeValue(DefaultSerializerProvider.java:341) ~[jackson-databind-2.17.1.jar:2.17.1]
	at com.fasterxml.jackson.databind.ObjectWriter$Prefetch.serialize(ObjectWriter.java:1574) ~[jackson-databind-2.17.1.jar:2.17.1]
	at com.fasterxml.jackson.databind.ObjectWriter.writeValue(ObjectWriter.java:1061) ~[jackson-databind-2.17.1.jar:2.17.1]
	at org.springframework.http.converter.json.AbstractJackson2HttpMessageConverter.writeInternal(AbstractJackson2HttpMessageConverter.java:483) ~[spring-web-6.1.10.jar:6.1.10]
	at org.springframework.http.converter.AbstractGenericHttpMessageConverter.write(AbstractGenericHttpMessageConverter.java:114) ~[spring-web-6.1.10.jar:6.1.10]
	at org.springframework.web.servlet.mvc.method.annotation.AbstractMessageConverterMethodProcessor.writeWithMessageConverters(AbstractMessageConverterMethodProcessor.java:297) ~[spring-webmvc-6.1.10.jar:6.1.10]
	at org.springframework.web.servlet.mvc.method.annotation.RequestResponseBodyMethodProcessor.handleReturnValue(RequestResponseBodyMethodProcessor.java:192) ~[spring-webmvc-6.1.10.jar:6.1.10]
	at org.springframework.web.method.support.HandlerMethodReturnValueHandlerComposite.handleReturnValue(HandlerMethodReturnValueHandlerComposite.java:78) ~[spring-web-6.1.10.jar:6.1.10]
	at org.springframework.web.servlet.mvc.method.annotation.ServletInvocableHandlerMethod.invokeAndHandle(ServletInvocableHandlerMethod.java:136) ~[spring-webmvc-6.1.10.jar:6.1.10]
	at org.springframework.web.servlet.mvc.method.annotation.RequestMappingHandlerAdapter.invokeHandlerMethod(RequestMappingHandlerAdapter.java:926) ~[spring-webmvc-6.1.10.jar:6.1.10]
	at org.springframework.web.servlet.mvc.method.annotation.RequestMappingHandlerAdapter.handleInternal(RequestMappingHandlerAdapter.java:831) ~[spring-webmvc-6.1.10.jar:6.1.10]
	at org.springframework.web.servlet.mvc.method.AbstractHandlerMethodAdapter.handle(AbstractHandlerMethodAdapter.java:87) ~[spring-webmvc-6.1.10.jar:6.1.10]
	at org.springframework.web.servlet.DispatcherServlet.doDispatch(DispatcherServlet.java:1089) ~[spring-webmvc-6.1.10.jar:6.1.10]
	at org.springframework.web.servlet.DispatcherServlet.doService(DispatcherServlet.java:979) ~[spring-webmvc-6.1.10.jar:6.1.10]
	at org.springframework.web.servlet.FrameworkServlet.processRequest(FrameworkServlet.java:1014) ~[spring-webmvc-6.1.10.jar:6.1.10]
	at org.springframework.web.servlet.FrameworkServlet.doPost(FrameworkServlet.java:914) ~[spring-webmvc-6.1.10.jar:6.1.10]
	at jakarta.servlet.http.HttpServlet.service(HttpServlet.java:547) ~[jakarta.servlet-api-6.0.0.jar:6.0.0]
	at org.springframework.web.servlet.FrameworkServlet.service(FrameworkServlet.java:885) ~[spring-webmvc-6.1.10.jar:6.1.10]
	at jakarta.servlet.http.HttpServlet.service(HttpServlet.java:614) ~[jakarta.servlet-api-6.0.0.jar:6.0.0]
	at io.undertow.servlet.handlers.ServletHandler.handleRequest(ServletHandler.java:74) ~[undertow-servlet-2.3.13.Final.jar:2.3.13.Final]
	at io.undertow.servlet.handlers.FilterHandler$FilterChainImpl.doFilter(FilterHandler.java:129) ~[undertow-servlet-2.3.13.Final.jar:2.3.13.Final]
	at org.springframework.web.filter.CorsFilter.doFilterInternal(CorsFilter.java:91) ~[spring-web-6.1.10.jar:6.1.10]
	at org.springframework.web.filter.OncePerRequestFilter.doFilter(OncePerRequestFilter.java:116) ~[spring-web-6.1.10.jar:6.1.10]
	at io.undertow.servlet.core.ManagedFilter.doFilter(ManagedFilter.java:67) ~[undertow-servlet-2.3.13.Final.jar:2.3.13.Final]
	at io.undertow.servlet.handlers.FilterHandler$FilterChainImpl.doFilter(FilterHandler.java:131) ~[undertow-servlet-2.3.13.Final.jar:2.3.13.Final]
	at org.springframework.web.filter.RequestContextFilter.doFilterInternal(RequestContextFilter.java:100) ~[spring-web-6.1.10.jar:6.1.10]
	at org.springframework.web.filter.OncePerRequestFilter.doFilter(OncePerRequestFilter.java:116) ~[spring-web-6.1.10.jar:6.1.10]
	at io.undertow.servlet.core.ManagedFilter.doFilter(ManagedFilter.java:67) ~[undertow-servlet-2.3.13.Final.jar:2.3.13.Final]
	at io.undertow.servlet.handlers.FilterHandler$FilterChainImpl.doFilter(FilterHandler.java:131) ~[undertow-servlet-2.3.13.Final.jar:2.3.13.Final]
	at org.springframework.web.filter.FormContentFilter.doFilterInternal(FormContentFilter.java:93) ~[spring-web-6.1.10.jar:6.1.10]
	at org.springframework.web.filter.OncePerRequestFilter.doFilter(OncePerRequestFilter.java:116) ~[spring-web-6.1.10.jar:6.1.10]
	at io.undertow.servlet.core.ManagedFilter.doFilter(ManagedFilter.java:67) ~[undertow-servlet-2.3.13.Final.jar:2.3.13.Final]
	at io.undertow.servlet.handlers.FilterHandler$FilterChainImpl.doFilter(FilterHandler.java:131) ~[undertow-servlet-2.3.13.Final.jar:2.3.13.Final]
	at org.springframework.web.filter.CharacterEncodingFilter.doFilterInternal(CharacterEncodingFilter.java:201) ~[spring-web-6.1.10.jar:6.1.10]
	at org.springframework.web.filter.OncePerRequestFilter.doFilter(OncePerRequestFilter.java:116) ~[spring-web-6.1.10.jar:6.1.10]
	at io.undertow.servlet.core.ManagedFilter.doFilter(ManagedFilter.java:67) ~[undertow-servlet-2.3.13.Final.jar:2.3.13.Final]
	at io.undertow.servlet.handlers.FilterHandler$FilterChainImpl.doFilter(FilterHandler.java:131) ~[undertow-servlet-2.3.13.Final.jar:2.3.13.Final]
	at io.undertow.servlet.handlers.FilterHandler.handleRequest(FilterHandler.java:84) ~[undertow-servlet-2.3.13.Final.jar:2.3.13.Final]
	at io.undertow.servlet.handlers.security.ServletSecurityRoleHandler.handleRequest(ServletSecurityRoleHandler.java:62) ~[undertow-servlet-2.3.13.Final.jar:2.3.13.Final]
	at io.undertow.servlet.handlers.ServletChain$1.handleRequest(ServletChain.java:68) ~[undertow-servlet-2.3.13.Final.jar:2.3.13.Final]
	at io.undertow.servlet.handlers.ServletDispatchingHandler.handleRequest(ServletDispatchingHandler.java:36) ~[undertow-servlet-2.3.13.Final.jar:2.3.13.Final]
	at io.undertow.servlet.handlers.RedirectDirHandler.handleRequest(RedirectDirHandler.java:68) ~[undertow-servlet-2.3.13.Final.jar:2.3.13.Final]
	at io.undertow.servlet.handlers.security.SSLInformationAssociationHandler.handleRequest(SSLInformationAssociationHandler.java:117) ~[undertow-servlet-2.3.13.Final.jar:2.3.13.Final]
	at io.undertow.servlet.handlers.security.ServletAuthenticationCallHandler.handleRequest(ServletAuthenticationCallHandler.java:57) ~[undertow-servlet-2.3.13.Final.jar:2.3.13.Final]
	at io.undertow.server.handlers.PredicateHandler.handleRequest(PredicateHandler.java:43) ~[undertow-core-2.3.13.Final.jar:2.3.13.Final]
	at io.undertow.security.handlers.AbstractConfidentialityHandler.handleRequest(AbstractConfidentialityHandler.java:46) ~[undertow-core-2.3.13.Final.jar:2.3.13.Final]
	at io.undertow.servlet.handlers.security.ServletConfidentialityConstraintHandler.handleRequest(ServletConfidentialityConstraintHandler.java:64) ~[undertow-servlet-2.3.13.Final.jar:2.3.13.Final]
	at io.undertow.security.handlers.AuthenticationMechanismsHandler.handleRequest(AuthenticationMechanismsHandler.java:60) ~[undertow-core-2.3.13.Final.jar:2.3.13.Final]
	at io.undertow.servlet.handlers.security.CachedAuthenticatedSessionHandler.handleRequest(CachedAuthenticatedSessionHandler.java:77) ~[undertow-servlet-2.3.13.Final.jar:2.3.13.Final]
	at io.undertow.security.handlers.AbstractSecurityContextAssociationHandler.handleRequest(AbstractSecurityContextAssociationHandler.java:43) ~[undertow-core-2.3.13.Final.jar:2.3.13.Final]
	at io.undertow.server.handlers.PredicateHandler.handleRequest(PredicateHandler.java:43) ~[undertow-core-2.3.13.Final.jar:2.3.13.Final]
	at io.undertow.servlet.handlers.SendErrorPageHandler.handleRequest(SendErrorPageHandler.java:52) ~[undertow-servlet-2.3.13.Final.jar:2.3.13.Final]
	at io.undertow.server.handlers.PredicateHandler.handleRequest(PredicateHandler.java:43) ~[undertow-core-2.3.13.Final.jar:2.3.13.Final]
	at io.undertow.servlet.handlers.ServletInitialHandler.handleFirstRequest(ServletInitialHandler.java:276) ~[undertow-servlet-2.3.13.Final.jar:2.3.13.Final]
	at io.undertow.servlet.handlers.ServletInitialHandler$2.call(ServletInitialHandler.java:135) ~[undertow-servlet-2.3.13.Final.jar:2.3.13.Final]
	at io.undertow.servlet.handlers.ServletInitialHandler$2.call(ServletInitialHandler.java:132) ~[undertow-servlet-2.3.13.Final.jar:2.3.13.Final]
	at io.undertow.servlet.core.ServletRequestContextThreadSetupAction$1.call(ServletRequestContextThreadSetupAction.java:48) ~[undertow-servlet-2.3.13.Final.jar:2.3.13.Final]
	at io.undertow.servlet.core.ContextClassLoaderSetupAction$1.call(ContextClassLoaderSetupAction.java:43) ~[undertow-servlet-2.3.13.Final.jar:2.3.13.Final]
	at io.undertow.servlet.handlers.ServletInitialHandler.dispatchRequest(ServletInitialHandler.java:256) ~[undertow-servlet-2.3.13.Final.jar:2.3.13.Final]
	at io.undertow.servlet.handlers.ServletInitialHandler$1.handleRequest(ServletInitialHandler.java:101) ~[undertow-servlet-2.3.13.Final.jar:2.3.13.Final]
	at io.undertow.server.Connectors.executeRootHandler(Connectors.java:393) ~[undertow-core-2.3.13.Final.jar:2.3.13.Final]
	at io.undertow.server.HttpServerExchange$1.run(HttpServerExchange.java:859) ~[undertow-core-2.3.13.Final.jar:2.3.13.Final]
	at org.jboss.threads.ContextHandler$1.runWith(ContextHandler.java:18) ~[jboss-threads-3.5.0.Final.jar:3.5.0.Final]
	at org.jboss.threads.EnhancedQueueExecutor$Task.run(EnhancedQueueExecutor.java:2513) ~[jboss-threads-3.5.0.Final.jar:3.5.0.Final]
	at org.jboss.threads.EnhancedQueueExecutor$ThreadBody.run(EnhancedQueueExecutor.java:1538) ~[jboss-threads-3.5.0.Final.jar:3.5.0.Final]
	at org.xnio.XnioWorker$WorkerThreadFactory$1$1.run(XnioWorker.java:1282) ~[xnio-api-3.8.8.Final.jar:3.8.8.Final]
	at java.base/java.lang.Thread.run(Thread.java:1583) [?:?]
	Suppressed: org.springframework.web.context.request.async.AsyncRequestNotUsableException: Response not usable after response errors.
		at org.springframework.web.context.request.async.StandardServletAsyncWebRequest$LifecycleHttpServletResponse.obtainLockAndCheckState(StandardServletAsyncWebRequest.java:314) ~[spring-web-6.1.10.jar:6.1.10]
		at org.springframework.web.context.request.async.StandardServletAsyncWebRequest$LifecycleServletOutputStream.write(StandardServletAsyncWebRequest.java:373) ~[spring-web-6.1.10.jar:6.1.10]
		at org.springframework.util.StreamUtils$NonClosingOutputStream.write(StreamUtils.java:261) ~[spring-core-6.1.10.jar:6.1.10]
		at com.fasterxml.jackson.core.json.UTF8JsonGenerator._flushBuffer(UTF8JsonGenerator.java:2210) ~[jackson-core-2.17.1.jar:2.17.1]
		at com.fasterxml.jackson.core.json.UTF8JsonGenerator.close(UTF8JsonGenerator.java:1234) ~[jackson-core-2.17.1.jar:2.17.1]
		at org.springframework.http.converter.json.AbstractJackson2HttpMessageConverter.writeInternal(AbstractJackson2HttpMessageConverter.java:452) ~[spring-web-6.1.10.jar:6.1.10]
		at org.springframework.http.converter.AbstractGenericHttpMessageConverter.write(AbstractGenericHttpMessageConverter.java:114) ~[spring-web-6.1.10.jar:6.1.10]
		at org.springframework.web.servlet.mvc.method.annotation.AbstractMessageConverterMethodProcessor.writeWithMessageConverters(AbstractMessageConverterMethodProcessor.java:297) ~[spring-webmvc-6.1.10.jar:6.1.10]
		at org.springframework.web.servlet.mvc.method.annotation.RequestResponseBodyMethodProcessor.handleReturnValue(RequestResponseBodyMethodProcessor.java:192) ~[spring-webmvc-6.1.10.jar:6.1.10]
		at org.springframework.web.method.support.HandlerMethodReturnValueHandlerComposite.handleReturnValue(HandlerMethodReturnValueHandlerComposite.java:78) ~[spring-web-6.1.10.jar:6.1.10]
		at org.springframework.web.servlet.mvc.method.annotation.ServletInvocableHandlerMethod.invokeAndHandle(ServletInvocableHandlerMethod.java:136) ~[spring-webmvc-6.1.10.jar:6.1.10]
		at org.springframework.web.servlet.mvc.method.annotation.RequestMappingHandlerAdapter.invokeHandlerMethod(RequestMappingHandlerAdapter.java:926) ~[spring-webmvc-6.1.10.jar:6.1.10]
		at org.springframework.web.servlet.mvc.method.annotation.RequestMappingHandlerAdapter.handleInternal(RequestMappingHandlerAdapter.java:831) ~[spring-webmvc-6.1.10.jar:6.1.10]
		at org.springframework.web.servlet.mvc.method.AbstractHandlerMethodAdapter.handle(AbstractHandlerMethodAdapter.java:87) ~[spring-webmvc-6.1.10.jar:6.1.10]
		at org.springframework.web.servlet.DispatcherServlet.doDispatch(DispatcherServlet.java:1089) ~[spring-webmvc-6.1.10.jar:6.1.10]
		at org.springframework.web.servlet.DispatcherServlet.doService(DispatcherServlet.java:979) ~[spring-webmvc-6.1.10.jar:6.1.10]
		at org.springframework.web.servlet.FrameworkServlet.processRequest(FrameworkServlet.java:1014) ~[spring-webmvc-6.1.10.jar:6.1.10]
		at org.springframework.web.servlet.FrameworkServlet.doPost(FrameworkServlet.java:914) ~[spring-webmvc-6.1.10.jar:6.1.10]
		at jakarta.servlet.http.HttpServlet.service(HttpServlet.java:547) ~[jakarta.servlet-api-6.0.0.jar:6.0.0]
		at org.springframework.web.servlet.FrameworkServlet.service(FrameworkServlet.java:885) ~[spring-webmvc-6.1.10.jar:6.1.10]
		at jakarta.servlet.http.HttpServlet.service(HttpServlet.java:614) ~[jakarta.servlet-api-6.0.0.jar:6.0.0]
		at io.undertow.servlet.handlers.ServletHandler.handleRequest(ServletHandler.java:74) ~[undertow-servlet-2.3.13.Final.jar:2.3.13.Final]
		at io.undertow.servlet.handlers.FilterHandler$FilterChainImpl.doFilter(FilterHandler.java:129) ~[undertow-servlet-2.3.13.Final.jar:2.3.13.Final]
		at org.springframework.web.filter.CorsFilter.doFilterInternal(CorsFilter.java:91) ~[spring-web-6.1.10.jar:6.1.10]
		at org.springframework.web.filter.OncePerRequestFilter.doFilter(OncePerRequestFilter.java:116) ~[spring-web-6.1.10.jar:6.1.10]
		at io.undertow.servlet.core.ManagedFilter.doFilter(ManagedFilter.java:67) ~[undertow-servlet-2.3.13.Final.jar:2.3.13.Final]
		at io.undertow.servlet.handlers.FilterHandler$FilterChainImpl.doFilter(FilterHandler.java:131) ~[undertow-servlet-2.3.13.Final.jar:2.3.13.Final]
		at org.springframework.web.filter.RequestContextFilter.doFilterInternal(RequestContextFilter.java:100) ~[spring-web-6.1.10.jar:6.1.10]
		at org.springframework.web.filter.OncePerRequestFilter.doFilter(OncePerRequestFilter.java:116) ~[spring-web-6.1.10.jar:6.1.10]
		at io.undertow.servlet.core.ManagedFilter.doFilter(ManagedFilter.java:67) ~[undertow-servlet-2.3.13.Final.jar:2.3.13.Final]
		at io.undertow.servlet.handlers.FilterHandler$FilterChainImpl.doFilter(FilterHandler.java:131) ~[undertow-servlet-2.3.13.Final.jar:2.3.13.Final]
		at org.springframework.web.filter.FormContentFilter.doFilterInternal(FormContentFilter.java:93) ~[spring-web-6.1.10.jar:6.1.10]
		at org.springframework.web.filter.OncePerRequestFilter.doFilter(OncePerRequestFilter.java:116) ~[spring-web-6.1.10.jar:6.1.10]
		at io.undertow.servlet.core.ManagedFilter.doFilter(ManagedFilter.java:67) ~[undertow-servlet-2.3.13.Final.jar:2.3.13.Final]
		at io.undertow.servlet.handlers.FilterHandler$FilterChainImpl.doFilter(FilterHandler.java:131) ~[undertow-servlet-2.3.13.Final.jar:2.3.13.Final]
		at org.springframework.web.filter.CharacterEncodingFilter.doFilterInternal(CharacterEncodingFilter.java:201) ~[spring-web-6.1.10.jar:6.1.10]
		at org.springframework.web.filter.OncePerRequestFilter.doFilter(OncePerRequestFilter.java:116) ~[spring-web-6.1.10.jar:6.1.10]
		at io.undertow.servlet.core.ManagedFilter.doFilter(ManagedFilter.java:67) ~[undertow-servlet-2.3.13.Final.jar:2.3.13.Final]
		at io.undertow.servlet.handlers.FilterHandler$FilterChainImpl.doFilter(FilterHandler.java:131) ~[undertow-servlet-2.3.13.Final.jar:2.3.13.Final]
		at io.undertow.servlet.handlers.FilterHandler.handleRequest(FilterHandler.java:84) ~[undertow-servlet-2.3.13.Final.jar:2.3.13.Final]
		at io.undertow.servlet.handlers.security.ServletSecurityRoleHandler.handleRequest(ServletSecurityRoleHandler.java:62) ~[undertow-servlet-2.3.13.Final.jar:2.3.13.Final]
		at io.undertow.servlet.handlers.ServletChain$1.handleRequest(ServletChain.java:68) ~[undertow-servlet-2.3.13.Final.jar:2.3.13.Final]
		at io.undertow.servlet.handlers.ServletDispatchingHandler.handleRequest(ServletDispatchingHandler.java:36) ~[undertow-servlet-2.3.13.Final.jar:2.3.13.Final]
		at io.undertow.servlet.handlers.RedirectDirHandler.handleRequest(RedirectDirHandler.java:68) ~[undertow-servlet-2.3.13.Final.jar:2.3.13.Final]
		at io.undertow.servlet.handlers.security.SSLInformationAssociationHandler.handleRequest(SSLInformationAssociationHandler.java:117) ~[undertow-servlet-2.3.13.Final.jar:2.3.13.Final]
		at io.undertow.servlet.handlers.security.ServletAuthenticationCallHandler.handleRequest(ServletAuthenticationCallHandler.java:57) ~[undertow-servlet-2.3.13.Final.jar:2.3.13.Final]
		at io.undertow.server.handlers.PredicateHandler.handleRequest(PredicateHandler.java:43) ~[undertow-core-2.3.13.Final.jar:2.3.13.Final]
		at io.undertow.security.handlers.AbstractConfidentialityHandler.handleRequest(AbstractConfidentialityHandler.java:46) ~[undertow-core-2.3.13.Final.jar:2.3.13.Final]
		at io.undertow.servlet.handlers.security.ServletConfidentialityConstraintHandler.handleRequest(ServletConfidentialityConstraintHandler.java:64) ~[undertow-servlet-2.3.13.Final.jar:2.3.13.Final]
		at io.undertow.security.handlers.AuthenticationMechanismsHandler.handleRequest(AuthenticationMechanismsHandler.java:60) ~[undertow-core-2.3.13.Final.jar:2.3.13.Final]
		at io.undertow.servlet.handlers.security.CachedAuthenticatedSessionHandler.handleRequest(CachedAuthenticatedSessionHandler.java:77) ~[undertow-servlet-2.3.13.Final.jar:2.3.13.Final]
		at io.undertow.security.handlers.AbstractSecurityContextAssociationHandler.handleRequest(AbstractSecurityContextAssociationHandler.java:43) ~[undertow-core-2.3.13.Final.jar:2.3.13.Final]
		at io.undertow.server.handlers.PredicateHandler.handleRequest(PredicateHandler.java:43) ~[undertow-core-2.3.13.Final.jar:2.3.13.Final]
		at io.undertow.servlet.handlers.SendErrorPageHandler.handleRequest(SendErrorPageHandler.java:52) ~[undertow-servlet-2.3.13.Final.jar:2.3.13.Final]
		at io.undertow.server.handlers.PredicateHandler.handleRequest(PredicateHandler.java:43) ~[undertow-core-2.3.13.Final.jar:2.3.13.Final]
		at io.undertow.servlet.handlers.ServletInitialHandler.handleFirstRequest(ServletInitialHandler.java:276) ~[undertow-servlet-2.3.13.Final.jar:2.3.13.Final]
		at io.undertow.servlet.handlers.ServletInitialHandler$2.call(ServletInitialHandler.java:135) ~[undertow-servlet-2.3.13.Final.jar:2.3.13.Final]
		at io.undertow.servlet.handlers.ServletInitialHandler$2.call(ServletInitialHandler.java:132) ~[undertow-servlet-2.3.13.Final.jar:2.3.13.Final]
		at io.undertow.servlet.core.ServletRequestContextThreadSetupAction$1.call(ServletRequestContextThreadSetupAction.java:48) ~[undertow-servlet-2.3.13.Final.jar:2.3.13.Final]
		at io.undertow.servlet.core.ContextClassLoaderSetupAction$1.call(ContextClassLoaderSetupAction.java:43) ~[undertow-servlet-2.3.13.Final.jar:2.3.13.Final]
		at io.undertow.servlet.handlers.ServletInitialHandler.dispatchRequest(ServletInitialHandler.java:256) ~[undertow-servlet-2.3.13.Final.jar:2.3.13.Final]
		at io.undertow.servlet.handlers.ServletInitialHandler$1.handleRequest(ServletInitialHandler.java:101) ~[undertow-servlet-2.3.13.Final.jar:2.3.13.Final]
		at io.undertow.server.Connectors.executeRootHandler(Connectors.java:393) ~[undertow-core-2.3.13.Final.jar:2.3.13.Final]
		at io.undertow.server.HttpServerExchange$1.run(HttpServerExchange.java:859) ~[undertow-core-2.3.13.Final.jar:2.3.13.Final]
		at org.jboss.threads.ContextHandler$1.runWith(ContextHandler.java:18) ~[jboss-threads-3.5.0.Final.jar:3.5.0.Final]
		at org.jboss.threads.EnhancedQueueExecutor$Task.run(EnhancedQueueExecutor.java:2513) ~[jboss-threads-3.5.0.Final.jar:3.5.0.Final]
		at org.jboss.threads.EnhancedQueueExecutor$ThreadBody.run(EnhancedQueueExecutor.java:1538) ~[jboss-threads-3.5.0.Final.jar:3.5.0.Final]
		at org.xnio.XnioWorker$WorkerThreadFactory$1$1.run(XnioWorker.java:1282) ~[xnio-api-3.8.8.Final.jar:3.8.8.Final]
		at java.base/java.lang.Thread.run(Thread.java:1583) [?:?]
Caused by: java.io.IOException: Broken pipe
	at java.base/sun.nio.ch.SocketDispatcher.write0(Native Method) ~[?:?]
	at java.base/sun.nio.ch.SocketDispatcher.write(SocketDispatcher.java:62) ~[?:?]
	at java.base/sun.nio.ch.IOUtil.writeFromNativeBuffer(IOUtil.java:137) ~[?:?]
	at java.base/sun.nio.ch.IOUtil.write(IOUtil.java:81) ~[?:?]
	at java.base/sun.nio.ch.IOUtil.write(IOUtil.java:58) ~[?:?]
	at java.base/sun.nio.ch.SocketChannelImpl.write(SocketChannelImpl.java:542) ~[?:?]
	at org.xnio.nio.NioSocketConduit.write(NioSocketConduit.java:153) ~[xnio-nio-3.8.8.Final.jar:3.8.8.Final]
	at io.undertow.server.protocol.http.HttpResponseConduit.write(HttpResponseConduit.java:629) ~[undertow-core-2.3.13.Final.jar:2.3.13.Final]
	at org.xnio.conduits.AbstractStreamSinkConduit.write(AbstractStreamSinkConduit.java:51) ~[xnio-api-3.8.8.Final.jar:3.8.8.Final]
	at io.undertow.conduits.DeflatingStreamSinkConduit.performFlushIfRequiredSingleBuffer(DeflatingStreamSinkConduit.java:445) ~[undertow-core-2.3.13.Final.jar:2.3.13.Final]
	at io.undertow.conduits.DeflatingStreamSinkConduit.performFlushIfRequired(DeflatingStreamSinkConduit.java:432) ~[undertow-core-2.3.13.Final.jar:2.3.13.Final]
	at io.undertow.conduits.DeflatingStreamSinkConduit.deflateData(DeflatingStreamSinkConduit.java:522) ~[undertow-core-2.3.13.Final.jar:2.3.13.Final]
	at io.undertow.conduits.DeflatingStreamSinkConduit.write(DeflatingStreamSinkConduit.java:130) ~[undertow-core-2.3.13.Final.jar:2.3.13.Final]
	at io.undertow.conduits.DeflatingStreamSinkConduit.write(DeflatingStreamSinkConduit.java:165) ~[undertow-core-2.3.13.Final.jar:2.3.13.Final]
	at org.xnio.conduits.ConduitStreamSinkChannel.write(ConduitStreamSinkChannel.java:158) ~[xnio-api-3.8.8.Final.jar:3.8.8.Final]
	at io.undertow.channels.DetachableStreamSinkChannel.write(DetachableStreamSinkChannel.java:179) ~[undertow-core-2.3.13.Final.jar:2.3.13.Final]
	at io.undertow.server.HttpServerExchange$WriteDispatchChannel.write(HttpServerExchange.java:2172) ~[undertow-core-2.3.13.Final.jar:2.3.13.Final]
	at org.xnio.channels.Channels.writeBlocking(Channels.java:202) ~[xnio-api-3.8.8.Final.jar:3.8.8.Final]
	at io.undertow.servlet.spec.ServletOutputStreamImpl.writeTooLargeForBuffer(ServletOutputStreamImpl.java:201) ~[undertow-servlet-2.3.13.Final.jar:2.3.13.Final]
	at io.undertow.servlet.spec.ServletOutputStreamImpl.write(ServletOutputStreamImpl.java:149) ~[undertow-servlet-2.3.13.Final.jar:2.3.13.Final]
	at org.springframework.web.context.request.async.StandardServletAsyncWebRequest$LifecycleServletOutputStream.write(StandardServletAsyncWebRequest.java:375) ~[spring-web-6.1.10.jar:6.1.10]
	... 86 more
[2026-05-21 11:33:43.241] ERROR XNIO-1 task-4 com.jts.gjcxfzksh.exception.handler.GlobalExceptionHandler[63] - 请求地址'/pt/network/tile',发生系统异常. 
org.springframework.web.context.request.async.AsyncRequestNotUsableException: ServletOutputStream failed to write: Broken pipe
	at org.springframework.web.context.request.async.StandardServletAsyncWebRequest$LifecycleHttpServletResponse.handleIOException(StandardServletAsyncWebRequest.java:320) ~[spring-web-6.1.10.jar:6.1.10]
	at org.springframework.web.context.request.async.StandardServletAsyncWebRequest$LifecycleServletOutputStream.write(StandardServletAsyncWebRequest.java:378) ~[spring-web-6.1.10.jar:6.1.10]
	at org.springframework.util.StreamUtils$NonClosingOutputStream.write(StreamUtils.java:261) ~[spring-core-6.1.10.jar:6.1.10]
	at com.fasterxml.jackson.core.json.UTF8JsonGenerator._flushBuffer(UTF8JsonGenerator.java:2210) ~[jackson-core-2.17.1.jar:2.17.1]
	at com.fasterxml.jackson.core.json.UTF8JsonGenerator.writeRaw(UTF8JsonGenerator.java:764) ~[jackson-core-2.17.1.jar:2.17.1]
	at com.fasterxml.jackson.core.json.UTF8JsonGenerator.writeRaw(UTF8JsonGenerator.java:674) ~[jackson-core-2.17.1.jar:2.17.1]
	at com.fasterxml.jackson.core.json.UTF8JsonGenerator.writeNumber(UTF8JsonGenerator.java:1065) ~[jackson-core-2.17.1.jar:2.17.1]
	at com.fasterxml.jackson.databind.ser.std.NumberSerializers$FloatSerializer.serialize(NumberSerializers.java:214) ~[jackson-databind-2.17.1.jar:2.17.1]
	at com.fasterxml.jackson.databind.ser.BeanPropertyWriter.serializeAsField(BeanPropertyWriter.java:732) ~[jackson-databind-2.17.1.jar:2.17.1]
	at com.fasterxml.jackson.databind.ser.std.BeanSerializerBase.serializeFields(BeanSerializerBase.java:770) ~[jackson-databind-2.17.1.jar:2.17.1]
	at com.fasterxml.jackson.databind.ser.BeanSerializer.serialize(BeanSerializer.java:183) ~[jackson-databind-2.17.1.jar:2.17.1]
	at com.fasterxml.jackson.databind.ser.BeanPropertyWriter.serializeAsField(BeanPropertyWriter.java:732) ~[jackson-databind-2.17.1.jar:2.17.1]
	at com.fasterxml.jackson.databind.ser.std.BeanSerializerBase.serializeFields(BeanSerializerBase.java:770) ~[jackson-databind-2.17.1.jar:2.17.1]
	at com.fasterxml.jackson.databind.ser.BeanSerializer.serialize(BeanSerializer.java:183) ~[jackson-databind-2.17.1.jar:2.17.1]
	at com.fasterxml.jackson.databind.ser.impl.IndexedListSerializer.serializeContents(IndexedListSerializer.java:119) ~[jackson-databind-2.17.1.jar:2.17.1]
	at com.fasterxml.jackson.databind.ser.impl.IndexedListSerializer.serialize(IndexedListSerializer.java:79) ~[jackson-databind-2.17.1.jar:2.17.1]
	at com.fasterxml.jackson.databind.ser.impl.IndexedListSerializer.serialize(IndexedListSerializer.java:18) ~[jackson-databind-2.17.1.jar:2.17.1]
	at com.fasterxml.jackson.databind.ser.BeanPropertyWriter.serializeAsField(BeanPropertyWriter.java:732) ~[jackson-databind-2.17.1.jar:2.17.1]
	at com.fasterxml.jackson.databind.ser.std.BeanSerializerBase.serializeFields(BeanSerializerBase.java:770) ~[jackson-databind-2.17.1.jar:2.17.1]
	at com.fasterxml.jackson.databind.ser.BeanSerializer.serialize(BeanSerializer.java:183) ~[jackson-databind-2.17.1.jar:2.17.1]
	at com.fasterxml.jackson.databind.ser.DefaultSerializerProvider._serialize(DefaultSerializerProvider.java:502) ~[jackson-databind-2.17.1.jar:2.17.1]
	at com.fasterxml.jackson.databind.ser.DefaultSerializerProvider.serializeValue(DefaultSerializerProvider.java:341) ~[jackson-databind-2.17.1.jar:2.17.1]
	at com.fasterxml.jackson.databind.ObjectWriter$Prefetch.serialize(ObjectWriter.java:1574) ~[jackson-databind-2.17.1.jar:2.17.1]
	at com.fasterxml.jackson.databind.ObjectWriter.writeValue(ObjectWriter.java:1061) ~[jackson-databind-2.17.1.jar:2.17.1]
	at org.springframework.http.converter.json.AbstractJackson2HttpMessageConverter.writeInternal(AbstractJackson2HttpMessageConverter.java:483) ~[spring-web-6.1.10.jar:6.1.10]
	at org.springframework.http.converter.AbstractGenericHttpMessageConverter.write(AbstractGenericHttpMessageConverter.java:114) ~[spring-web-6.1.10.jar:6.1.10]
	at org.springframework.web.servlet.mvc.method.annotation.AbstractMessageConverterMethodProcessor.writeWithMessageConverters(AbstractMessageConverterMethodProcessor.java:297) ~[spring-webmvc-6.1.10.jar:6.1.10]
	at org.springframework.web.servlet.mvc.method.annotation.RequestResponseBodyMethodProcessor.handleReturnValue(RequestResponseBodyMethodProcessor.java:192) ~[spring-webmvc-6.1.10.jar:6.1.10]
	at org.springframework.web.method.support.HandlerMethodReturnValueHandlerComposite.handleReturnValue(HandlerMethodReturnValueHandlerComposite.java:78) ~[spring-web-6.1.10.jar:6.1.10]
	at org.springframework.web.servlet.mvc.method.annotation.ServletInvocableHandlerMethod.invokeAndHandle(ServletInvocableHandlerMethod.java:136) ~[spring-webmvc-6.1.10.jar:6.1.10]
	at org.springframework.web.servlet.mvc.method.annotation.RequestMappingHandlerAdapter.invokeHandlerMethod(RequestMappingHandlerAdapter.java:926) ~[spring-webmvc-6.1.10.jar:6.1.10]
	at org.springframework.web.servlet.mvc.method.annotation.RequestMappingHandlerAdapter.handleInternal(RequestMappingHandlerAdapter.java:831) ~[spring-webmvc-6.1.10.jar:6.1.10]
	at org.springframework.web.servlet.mvc.method.AbstractHandlerMethodAdapter.handle(AbstractHandlerMethodAdapter.java:87) ~[spring-webmvc-6.1.10.jar:6.1.10]
	at org.springframework.web.servlet.DispatcherServlet.doDispatch(DispatcherServlet.java:1089) ~[spring-webmvc-6.1.10.jar:6.1.10]
	at org.springframework.web.servlet.DispatcherServlet.doService(DispatcherServlet.java:979) ~[spring-webmvc-6.1.10.jar:6.1.10]
	at org.springframework.web.servlet.FrameworkServlet.processRequest(FrameworkServlet.java:1014) ~[spring-webmvc-6.1.10.jar:6.1.10]
	at org.springframework.web.servlet.FrameworkServlet.doPost(FrameworkServlet.java:914) ~[spring-webmvc-6.1.10.jar:6.1.10]
	at jakarta.servlet.http.HttpServlet.service(HttpServlet.java:547) ~[jakarta.servlet-api-6.0.0.jar:6.0.0]
	at org.springframework.web.servlet.FrameworkServlet.service(FrameworkServlet.java:885) ~[spring-webmvc-6.1.10.jar:6.1.10]
	at jakarta.servlet.http.HttpServlet.service(HttpServlet.java:614) ~[jakarta.servlet-api-6.0.0.jar:6.0.0]
	at io.undertow.servlet.handlers.ServletHandler.handleRequest(ServletHandler.java:74) ~[undertow-servlet-2.3.13.Final.jar:2.3.13.Final]
	at io.undertow.servlet.handlers.FilterHandler$FilterChainImpl.doFilter(FilterHandler.java:129) ~[undertow-servlet-2.3.13.Final.jar:2.3.13.Final]
	at org.springframework.web.filter.CorsFilter.doFilterInternal(CorsFilter.java:91) ~[spring-web-6.1.10.jar:6.1.10]
	at org.springframework.web.filter.OncePerRequestFilter.doFilter(OncePerRequestFilter.java:116) ~[spring-web-6.1.10.jar:6.1.10]
	at io.undertow.servlet.core.ManagedFilter.doFilter(ManagedFilter.java:67) ~[undertow-servlet-2.3.13.Final.jar:2.3.13.Final]
	at io.undertow.servlet.handlers.FilterHandler$FilterChainImpl.doFilter(FilterHandler.java:131) ~[undertow-servlet-2.3.13.Final.jar:2.3.13.Final]
	at org.springframework.web.filter.RequestContextFilter.doFilterInternal(RequestContextFilter.java:100) ~[spring-web-6.1.10.jar:6.1.10]
	at org.springframework.web.filter.OncePerRequestFilter.doFilter(OncePerRequestFilter.java:116) ~[spring-web-6.1.10.jar:6.1.10]
	at io.undertow.servlet.core.ManagedFilter.doFilter(ManagedFilter.java:67) ~[undertow-servlet-2.3.13.Final.jar:2.3.13.Final]
	at io.undertow.servlet.handlers.FilterHandler$FilterChainImpl.doFilter(FilterHandler.java:131) ~[undertow-servlet-2.3.13.Final.jar:2.3.13.Final]
	at org.springframework.web.filter.FormContentFilter.doFilterInternal(FormContentFilter.java:93) ~[spring-web-6.1.10.jar:6.1.10]
	at org.springframework.web.filter.OncePerRequestFilter.doFilter(OncePerRequestFilter.java:116) ~[spring-web-6.1.10.jar:6.1.10]
	at io.undertow.servlet.core.ManagedFilter.doFilter(ManagedFilter.java:67) ~[undertow-servlet-2.3.13.Final.jar:2.3.13.Final]
	at io.undertow.servlet.handlers.FilterHandler$FilterChainImpl.doFilter(FilterHandler.java:131) ~[undertow-servlet-2.3.13.Final.jar:2.3.13.Final]
	at org.springframework.web.filter.CharacterEncodingFilter.doFilterInternal(CharacterEncodingFilter.java:201) ~[spring-web-6.1.10.jar:6.1.10]
	at org.springframework.web.filter.OncePerRequestFilter.doFilter(OncePerRequestFilter.java:116) ~[spring-web-6.1.10.jar:6.1.10]
	at io.undertow.servlet.core.ManagedFilter.doFilter(ManagedFilter.java:67) ~[undertow-servlet-2.3.13.Final.jar:2.3.13.Final]
	at io.undertow.servlet.handlers.FilterHandler$FilterChainImpl.doFilter(FilterHandler.java:131) ~[undertow-servlet-2.3.13.Final.jar:2.3.13.Final]
	at io.undertow.servlet.handlers.FilterHandler.handleRequest(FilterHandler.java:84) ~[undertow-servlet-2.3.13.Final.jar:2.3.13.Final]
	at io.undertow.servlet.handlers.security.ServletSecurityRoleHandler.handleRequest(ServletSecurityRoleHandler.java:62) ~[undertow-servlet-2.3.13.Final.jar:2.3.13.Final]
	at io.undertow.servlet.handlers.ServletChain$1.handleRequest(ServletChain.java:68) ~[undertow-servlet-2.3.13.Final.jar:2.3.13.Final]
	at io.undertow.servlet.handlers.ServletDispatchingHandler.handleRequest(ServletDispatchingHandler.java:36) ~[undertow-servlet-2.3.13.Final.jar:2.3.13.Final]
	at io.undertow.servlet.handlers.RedirectDirHandler.handleRequest(RedirectDirHandler.java:68) ~[undertow-servlet-2.3.13.Final.jar:2.3.13.Final]
	at io.undertow.servlet.handlers.security.SSLInformationAssociationHandler.handleRequest(SSLInformationAssociationHandler.java:117) ~[undertow-servlet-2.3.13.Final.jar:2.3.13.Final]
	at io.undertow.servlet.handlers.security.ServletAuthenticationCallHandler.handleRequest(ServletAuthenticationCallHandler.java:57) ~[undertow-servlet-2.3.13.Final.jar:2.3.13.Final]
	at io.undertow.server.handlers.PredicateHandler.handleRequest(PredicateHandler.java:43) ~[undertow-core-2.3.13.Final.jar:2.3.13.Final]
	at io.undertow.security.handlers.AbstractConfidentialityHandler.handleRequest(AbstractConfidentialityHandler.java:46) ~[undertow-core-2.3.13.Final.jar:2.3.13.Final]
	at io.undertow.servlet.handlers.security.ServletConfidentialityConstraintHandler.handleRequest(ServletConfidentialityConstraintHandler.java:64) ~[undertow-servlet-2.3.13.Final.jar:2.3.13.Final]
	at io.undertow.security.handlers.AuthenticationMechanismsHandler.handleRequest(AuthenticationMechanismsHandler.java:60) ~[undertow-core-2.3.13.Final.jar:2.3.13.Final]
	at io.undertow.servlet.handlers.security.CachedAuthenticatedSessionHandler.handleRequest(CachedAuthenticatedSessionHandler.java:77) ~[undertow-servlet-2.3.13.Final.jar:2.3.13.Final]
	at io.undertow.security.handlers.AbstractSecurityContextAssociationHandler.handleRequest(AbstractSecurityContextAssociationHandler.java:43) ~[undertow-core-2.3.13.Final.jar:2.3.13.Final]
	at io.undertow.server.handlers.PredicateHandler.handleRequest(PredicateHandler.java:43) ~[undertow-core-2.3.13.Final.jar:2.3.13.Final]
	at io.undertow.servlet.handlers.SendErrorPageHandler.handleRequest(SendErrorPageHandler.java:52) ~[undertow-servlet-2.3.13.Final.jar:2.3.13.Final]
	at io.undertow.server.handlers.PredicateHandler.handleRequest(PredicateHandler.java:43) ~[undertow-core-2.3.13.Final.jar:2.3.13.Final]
	at io.undertow.servlet.handlers.ServletInitialHandler.handleFirstRequest(ServletInitialHandler.java:276) ~[undertow-servlet-2.3.13.Final.jar:2.3.13.Final]
	at io.undertow.servlet.handlers.ServletInitialHandler$2.call(ServletInitialHandler.java:135) ~[undertow-servlet-2.3.13.Final.jar:2.3.13.Final]
	at io.undertow.servlet.handlers.ServletInitialHandler$2.call(ServletInitialHandler.java:132) ~[undertow-servlet-2.3.13.Final.jar:2.3.13.Final]
	at io.undertow.servlet.core.ServletRequestContextThreadSetupAction$1.call(ServletRequestContextThreadSetupAction.java:48) ~[undertow-servlet-2.3.13.Final.jar:2.3.13.Final]
	at io.undertow.servlet.core.ContextClassLoaderSetupAction$1.call(ContextClassLoaderSetupAction.java:43) ~[undertow-servlet-2.3.13.Final.jar:2.3.13.Final]
	at io.undertow.servlet.handlers.ServletInitialHandler.dispatchRequest(ServletInitialHandler.java:256) ~[undertow-servlet-2.3.13.Final.jar:2.3.13.Final]
	at io.undertow.servlet.handlers.ServletInitialHandler$1.handleRequest(ServletInitialHandler.java:101) ~[undertow-servlet-2.3.13.Final.jar:2.3.13.Final]
	at io.undertow.server.Connectors.executeRootHandler(Connectors.java:393) ~[undertow-core-2.3.13.Final.jar:2.3.13.Final]
	at io.undertow.server.HttpServerExchange$1.run(HttpServerExchange.java:859) ~[undertow-core-2.3.13.Final.jar:2.3.13.Final]
	at org.jboss.threads.ContextHandler$1.runWith(ContextHandler.java:18) ~[jboss-threads-3.5.0.Final.jar:3.5.0.Final]
	at org.jboss.threads.EnhancedQueueExecutor$Task.run(EnhancedQueueExecutor.java:2513) ~[jboss-threads-3.5.0.Final.jar:3.5.0.Final]
	at org.jboss.threads.EnhancedQueueExecutor$ThreadBody.run(EnhancedQueueExecutor.java:1538) ~[jboss-threads-3.5.0.Final.jar:3.5.0.Final]
	at org.xnio.XnioWorker$WorkerThreadFactory$1$1.run(XnioWorker.java:1282) ~[xnio-api-3.8.8.Final.jar:3.8.8.Final]
	at java.base/java.lang.Thread.run(Thread.java:1583) [?:?]
	Suppressed: org.springframework.web.context.request.async.AsyncRequestNotUsableException: Response not usable after response errors.
		at org.springframework.web.context.request.async.StandardServletAsyncWebRequest$LifecycleHttpServletResponse.obtainLockAndCheckState(StandardServletAsyncWebRequest.java:314) ~[spring-web-6.1.10.jar:6.1.10]
		at org.springframework.web.context.request.async.StandardServletAsyncWebRequest$LifecycleServletOutputStream.write(StandardServletAsyncWebRequest.java:373) ~[spring-web-6.1.10.jar:6.1.10]
		at org.springframework.util.StreamUtils$NonClosingOutputStream.write(StreamUtils.java:261) ~[spring-core-6.1.10.jar:6.1.10]
		at com.fasterxml.jackson.core.json.UTF8JsonGenerator._flushBuffer(UTF8JsonGenerator.java:2210) ~[jackson-core-2.17.1.jar:2.17.1]
		at com.fasterxml.jackson.core.json.UTF8JsonGenerator.close(UTF8JsonGenerator.java:1234) ~[jackson-core-2.17.1.jar:2.17.1]
		at org.springframework.http.converter.json.AbstractJackson2HttpMessageConverter.writeInternal(AbstractJackson2HttpMessageConverter.java:452) ~[spring-web-6.1.10.jar:6.1.10]
		at org.springframework.http.converter.AbstractGenericHttpMessageConverter.write(AbstractGenericHttpMessageConverter.java:114) ~[spring-web-6.1.10.jar:6.1.10]
		at org.springframework.web.servlet.mvc.method.annotation.AbstractMessageConverterMethodProcessor.writeWithMessageConverters(AbstractMessageConverterMethodProcessor.java:297) ~[spring-webmvc-6.1.10.jar:6.1.10]
		at org.springframework.web.servlet.mvc.method.annotation.RequestResponseBodyMethodProcessor.handleReturnValue(RequestResponseBodyMethodProcessor.java:192) ~[spring-webmvc-6.1.10.jar:6.1.10]
		at org.springframework.web.method.support.HandlerMethodReturnValueHandlerComposite.handleReturnValue(HandlerMethodReturnValueHandlerComposite.java:78) ~[spring-web-6.1.10.jar:6.1.10]
		at org.springframework.web.servlet.mvc.method.annotation.ServletInvocableHandlerMethod.invokeAndHandle(ServletInvocableHandlerMethod.java:136) ~[spring-webmvc-6.1.10.jar:6.1.10]
		at org.springframework.web.servlet.mvc.method.annotation.RequestMappingHandlerAdapter.invokeHandlerMethod(RequestMappingHandlerAdapter.java:926) ~[spring-webmvc-6.1.10.jar:6.1.10]
		at org.springframework.web.servlet.mvc.method.annotation.RequestMappingHandlerAdapter.handleInternal(RequestMappingHandlerAdapter.java:831) ~[spring-webmvc-6.1.10.jar:6.1.10]
		at org.springframework.web.servlet.mvc.method.AbstractHandlerMethodAdapter.handle(AbstractHandlerMethodAdapter.java:87) ~[spring-webmvc-6.1.10.jar:6.1.10]
		at org.springframework.web.servlet.DispatcherServlet.doDispatch(DispatcherServlet.java:1089) ~[spring-webmvc-6.1.10.jar:6.1.10]
		at org.springframework.web.servlet.DispatcherServlet.doService(DispatcherServlet.java:979) ~[spring-webmvc-6.1.10.jar:6.1.10]
		at org.springframework.web.servlet.FrameworkServlet.processRequest(FrameworkServlet.java:1014) ~[spring-webmvc-6.1.10.jar:6.1.10]
		at org.springframework.web.servlet.FrameworkServlet.doPost(FrameworkServlet.java:914) ~[spring-webmvc-6.1.10.jar:6.1.10]
		at jakarta.servlet.http.HttpServlet.service(HttpServlet.java:547) ~[jakarta.servlet-api-6.0.0.jar:6.0.0]
		at org.springframework.web.servlet.FrameworkServlet.service(FrameworkServlet.java:885) ~[spring-webmvc-6.1.10.jar:6.1.10]
		at jakarta.servlet.http.HttpServlet.service(HttpServlet.java:614) ~[jakarta.servlet-api-6.0.0.jar:6.0.0]
		at io.undertow.servlet.handlers.ServletHandler.handleRequest(ServletHandler.java:74) ~[undertow-servlet-2.3.13.Final.jar:2.3.13.Final]
		at io.undertow.servlet.handlers.FilterHandler$FilterChainImpl.doFilter(FilterHandler.java:129) ~[undertow-servlet-2.3.13.Final.jar:2.3.13.Final]
		at org.springframework.web.filter.CorsFilter.doFilterInternal(CorsFilter.java:91) ~[spring-web-6.1.10.jar:6.1.10]
		at org.springframework.web.filter.OncePerRequestFilter.doFilter(OncePerRequestFilter.java:116) ~[spring-web-6.1.10.jar:6.1.10]
		at io.undertow.servlet.core.ManagedFilter.doFilter(ManagedFilter.java:67) ~[undertow-servlet-2.3.13.Final.jar:2.3.13.Final]
		at io.undertow.servlet.handlers.FilterHandler$FilterChainImpl.doFilter(FilterHandler.java:131) ~[undertow-servlet-2.3.13.Final.jar:2.3.13.Final]
		at org.springframework.web.filter.RequestContextFilter.doFilterInternal(RequestContextFilter.java:100) ~[spring-web-6.1.10.jar:6.1.10]
		at org.springframework.web.filter.OncePerRequestFilter.doFilter(OncePerRequestFilter.java:116) ~[spring-web-6.1.10.jar:6.1.10]
		at io.undertow.servlet.core.ManagedFilter.doFilter(ManagedFilter.java:67) ~[undertow-servlet-2.3.13.Final.jar:2.3.13.Final]
		at io.undertow.servlet.handlers.FilterHandler$FilterChainImpl.doFilter(FilterHandler.java:131) ~[undertow-servlet-2.3.13.Final.jar:2.3.13.Final]
		at org.springframework.web.filter.FormContentFilter.doFilterInternal(FormContentFilter.java:93) ~[spring-web-6.1.10.jar:6.1.10]
		at org.springframework.web.filter.OncePerRequestFilter.doFilter(OncePerRequestFilter.java:116) ~[spring-web-6.1.10.jar:6.1.10]
		at io.undertow.servlet.core.ManagedFilter.doFilter(ManagedFilter.java:67) ~[undertow-servlet-2.3.13.Final.jar:2.3.13.Final]
		at io.undertow.servlet.handlers.FilterHandler$FilterChainImpl.doFilter(FilterHandler.java:131) ~[undertow-servlet-2.3.13.Final.jar:2.3.13.Final]
		at org.springframework.web.filter.CharacterEncodingFilter.doFilterInternal(CharacterEncodingFilter.java:201) ~[spring-web-6.1.10.jar:6.1.10]
		at org.springframework.web.filter.OncePerRequestFilter.doFilter(OncePerRequestFilter.java:116) ~[spring-web-6.1.10.jar:6.1.10]
		at io.undertow.servlet.core.ManagedFilter.doFilter(ManagedFilter.java:67) ~[undertow-servlet-2.3.13.Final.jar:2.3.13.Final]
		at io.undertow.servlet.handlers.FilterHandler$FilterChainImpl.doFilter(FilterHandler.java:131) ~[undertow-servlet-2.3.13.Final.jar:2.3.13.Final]
		at io.undertow.servlet.handlers.FilterHandler.handleRequest(FilterHandler.java:84) ~[undertow-servlet-2.3.13.Final.jar:2.3.13.Final]
		at io.undertow.servlet.handlers.security.ServletSecurityRoleHandler.handleRequest(ServletSecurityRoleHandler.java:62) ~[undertow-servlet-2.3.13.Final.jar:2.3.13.Final]
		at io.undertow.servlet.handlers.ServletChain$1.handleRequest(ServletChain.java:68) ~[undertow-servlet-2.3.13.Final.jar:2.3.13.Final]
		at io.undertow.servlet.handlers.ServletDispatchingHandler.handleRequest(ServletDispatchingHandler.java:36) ~[undertow-servlet-2.3.13.Final.jar:2.3.13.Final]
		at io.undertow.servlet.handlers.RedirectDirHandler.handleRequest(RedirectDirHandler.java:68) ~[undertow-servlet-2.3.13.Final.jar:2.3.13.Final]
		at io.undertow.servlet.handlers.security.SSLInformationAssociationHandler.handleRequest(SSLInformationAssociationHandler.java:117) ~[undertow-servlet-2.3.13.Final.jar:2.3.13.Final]
		at io.undertow.servlet.handlers.security.ServletAuthenticationCallHandler.handleRequest(ServletAuthenticationCallHandler.java:57) ~[undertow-servlet-2.3.13.Final.jar:2.3.13.Final]
		at io.undertow.server.handlers.PredicateHandler.handleRequest(PredicateHandler.java:43) ~[undertow-core-2.3.13.Final.jar:2.3.13.Final]
		at io.undertow.security.handlers.AbstractConfidentialityHandler.handleRequest(AbstractConfidentialityHandler.java:46) ~[undertow-core-2.3.13.Final.jar:2.3.13.Final]
		at io.undertow.servlet.handlers.security.ServletConfidentialityConstraintHandler.handleRequest(ServletConfidentialityConstraintHandler.java:64) ~[undertow-servlet-2.3.13.Final.jar:2.3.13.Final]
		at io.undertow.security.handlers.AuthenticationMechanismsHandler.handleRequest(AuthenticationMechanismsHandler.java:60) ~[undertow-core-2.3.13.Final.jar:2.3.13.Final]
		at io.undertow.servlet.handlers.security.CachedAuthenticatedSessionHandler.handleRequest(CachedAuthenticatedSessionHandler.java:77) ~[undertow-servlet-2.3.13.Final.jar:2.3.13.Final]
		at io.undertow.security.handlers.AbstractSecurityContextAssociationHandler.handleRequest(AbstractSecurityContextAssociationHandler.java:43) ~[undertow-core-2.3.13.Final.jar:2.3.13.Final]
		at io.undertow.server.handlers.PredicateHandler.handleRequest(PredicateHandler.java:43) ~[undertow-core-2.3.13.Final.jar:2.3.13.Final]
		at io.undertow.servlet.handlers.SendErrorPageHandler.handleRequest(SendErrorPageHandler.java:52) ~[undertow-servlet-2.3.13.Final.jar:2.3.13.Final]
		at io.undertow.server.handlers.PredicateHandler.handleRequest(PredicateHandler.java:43) ~[undertow-core-2.3.13.Final.jar:2.3.13.Final]
		at io.undertow.servlet.handlers.ServletInitialHandler.handleFirstRequest(ServletInitialHandler.java:276) ~[undertow-servlet-2.3.13.Final.jar:2.3.13.Final]
		at io.undertow.servlet.handlers.ServletInitialHandler$2.call(ServletInitialHandler.java:135) ~[undertow-servlet-2.3.13.Final.jar:2.3.13.Final]
		at io.undertow.servlet.handlers.ServletInitialHandler$2.call(ServletInitialHandler.java:132) ~[undertow-servlet-2.3.13.Final.jar:2.3.13.Final]
		at io.undertow.servlet.core.ServletRequestContextThreadSetupAction$1.call(ServletRequestContextThreadSetupAction.java:48) ~[undertow-servlet-2.3.13.Final.jar:2.3.13.Final]
		at io.undertow.servlet.core.ContextClassLoaderSetupAction$1.call(ContextClassLoaderSetupAction.java:43) ~[undertow-servlet-2.3.13.Final.jar:2.3.13.Final]
		at io.undertow.servlet.handlers.ServletInitialHandler.dispatchRequest(ServletInitialHandler.java:256) ~[undertow-servlet-2.3.13.Final.jar:2.3.13.Final]
		at io.undertow.servlet.handlers.ServletInitialHandler$1.handleRequest(ServletInitialHandler.java:101) ~[undertow-servlet-2.3.13.Final.jar:2.3.13.Final]
		at io.undertow.server.Connectors.executeRootHandler(Connectors.java:393) ~[undertow-core-2.3.13.Final.jar:2.3.13.Final]
		at io.undertow.server.HttpServerExchange$1.run(HttpServerExchange.java:859) ~[undertow-core-2.3.13.Final.jar:2.3.13.Final]
		at org.jboss.threads.ContextHandler$1.runWith(ContextHandler.java:18) ~[jboss-threads-3.5.0.Final.jar:3.5.0.Final]
		at org.jboss.threads.EnhancedQueueExecutor$Task.run(EnhancedQueueExecutor.java:2513) ~[jboss-threads-3.5.0.Final.jar:3.5.0.Final]
		at org.jboss.threads.EnhancedQueueExecutor$ThreadBody.run(EnhancedQueueExecutor.java:1538) ~[jboss-threads-3.5.0.Final.jar:3.5.0.Final]
		at org.xnio.XnioWorker$WorkerThreadFactory$1$1.run(XnioWorker.java:1282) ~[xnio-api-3.8.8.Final.jar:3.8.8.Final]
		at java.base/java.lang.Thread.run(Thread.java:1583) [?:?]
Caused by: java.io.IOException: Broken pipe
	at java.base/sun.nio.ch.SocketDispatcher.write0(Native Method) ~[?:?]
	at java.base/sun.nio.ch.SocketDispatcher.write(SocketDispatcher.java:62) ~[?:?]
	at java.base/sun.nio.ch.IOUtil.writeFromNativeBuffer(IOUtil.java:137) ~[?:?]
	at java.base/sun.nio.ch.IOUtil.write(IOUtil.java:81) ~[?:?]
	at java.base/sun.nio.ch.IOUtil.write(IOUtil.java:58) ~[?:?]
	at java.base/sun.nio.ch.SocketChannelImpl.write(SocketChannelImpl.java:542) ~[?:?]
	at org.xnio.nio.NioSocketConduit.write(NioSocketConduit.java:153) ~[xnio-nio-3.8.8.Final.jar:3.8.8.Final]
	at io.undertow.server.protocol.http.HttpResponseConduit.write(HttpResponseConduit.java:629) ~[undertow-core-2.3.13.Final.jar:2.3.13.Final]
	at org.xnio.conduits.AbstractStreamSinkConduit.write(AbstractStreamSinkConduit.java:51) ~[xnio-api-3.8.8.Final.jar:3.8.8.Final]
	at io.undertow.conduits.DeflatingStreamSinkConduit.performFlushIfRequiredSingleBuffer(DeflatingStreamSinkConduit.java:445) ~[undertow-core-2.3.13.Final.jar:2.3.13.Final]
	at io.undertow.conduits.DeflatingStreamSinkConduit.performFlushIfRequired(DeflatingStreamSinkConduit.java:432) ~[undertow-core-2.3.13.Final.jar:2.3.13.Final]
	at io.undertow.conduits.DeflatingStreamSinkConduit.deflateData(DeflatingStreamSinkConduit.java:522) ~[undertow-core-2.3.13.Final.jar:2.3.13.Final]
	at io.undertow.conduits.DeflatingStreamSinkConduit.write(DeflatingStreamSinkConduit.java:130) ~[undertow-core-2.3.13.Final.jar:2.3.13.Final]
	at io.undertow.conduits.DeflatingStreamSinkConduit.write(DeflatingStreamSinkConduit.java:165) ~[undertow-core-2.3.13.Final.jar:2.3.13.Final]
	at org.xnio.conduits.ConduitStreamSinkChannel.write(ConduitStreamSinkChannel.java:158) ~[xnio-api-3.8.8.Final.jar:3.8.8.Final]
	at io.undertow.channels.DetachableStreamSinkChannel.write(DetachableStreamSinkChannel.java:179) ~[undertow-core-2.3.13.Final.jar:2.3.13.Final]
	at io.undertow.server.HttpServerExchange$WriteDispatchChannel.write(HttpServerExchange.java:2172) ~[undertow-core-2.3.13.Final.jar:2.3.13.Final]
	at org.xnio.channels.Channels.writeBlocking(Channels.java:202) ~[xnio-api-3.8.8.Final.jar:3.8.8.Final]
	at io.undertow.servlet.spec.ServletOutputStreamImpl.writeTooLargeForBuffer(ServletOutputStreamImpl.java:201) ~[undertow-servlet-2.3.13.Final.jar:2.3.13.Final]
	at io.undertow.servlet.spec.ServletOutputStreamImpl.write(ServletOutputStreamImpl.java:149) ~[undertow-servlet-2.3.13.Final.jar:2.3.13.Final]
	at org.springframework.web.context.request.async.StandardServletAsyncWebRequest$LifecycleServletOutputStream.write(StandardServletAsyncWebRequest.java:375) ~[spring-web-6.1.10.jar:6.1.10]
	... 86 more
[2026-05-21 11:43:01.756] ERROR XNIO-1 task-4 com.jts.gjcxfzksh.exception.handler.GlobalExceptionHandler[63] - 请求地址'/pt/network/tile',发生系统异常. 
org.springframework.web.context.request.async.AsyncRequestNotUsableException: ServletOutputStream failed to write: Broken pipe
	at org.springframework.web.context.request.async.StandardServletAsyncWebRequest$LifecycleHttpServletResponse.handleIOException(StandardServletAsyncWebRequest.java:320) ~[spring-web-6.1.10.jar:6.1.10]
	at org.springframework.web.context.request.async.StandardServletAsyncWebRequest$LifecycleServletOutputStream.write(StandardServletAsyncWebRequest.java:378) ~[spring-web-6.1.10.jar:6.1.10]
	at org.springframework.util.StreamUtils$NonClosingOutputStream.write(StreamUtils.java:261) ~[spring-core-6.1.10.jar:6.1.10]
	at com.fasterxml.jackson.core.json.UTF8JsonGenerator._flushBuffer(UTF8JsonGenerator.java:2210) ~[jackson-core-2.17.1.jar:2.17.1]
	at com.fasterxml.jackson.core.json.UTF8JsonGenerator.writeRaw(UTF8JsonGenerator.java:764) ~[jackson-core-2.17.1.jar:2.17.1]
	at com.fasterxml.jackson.core.json.UTF8JsonGenerator.writeRaw(UTF8JsonGenerator.java:674) ~[jackson-core-2.17.1.jar:2.17.1]
	at com.fasterxml.jackson.core.json.UTF8JsonGenerator.writeNumber(UTF8JsonGenerator.java:1050) ~[jackson-core-2.17.1.jar:2.17.1]
	at com.fasterxml.jackson.databind.ser.std.NumberSerializers$DoubleSerializer.serialize(NumberSerializers.java:235) ~[jackson-databind-2.17.1.jar:2.17.1]
	at com.fasterxml.jackson.databind.ser.BeanPropertyWriter.serializeAsField(BeanPropertyWriter.java:732) ~[jackson-databind-2.17.1.jar:2.17.1]
	at com.fasterxml.jackson.databind.ser.std.BeanSerializerBase.serializeFields(BeanSerializerBase.java:770) ~[jackson-databind-2.17.1.jar:2.17.1]
	at com.fasterxml.jackson.databind.ser.BeanSerializer.serialize(BeanSerializer.java:183) ~[jackson-databind-2.17.1.jar:2.17.1]
	at com.fasterxml.jackson.databind.ser.impl.IndexedListSerializer.serializeContents(IndexedListSerializer.java:119) ~[jackson-databind-2.17.1.jar:2.17.1]
	at com.fasterxml.jackson.databind.ser.impl.IndexedListSerializer.serialize(IndexedListSerializer.java:79) ~[jackson-databind-2.17.1.jar:2.17.1]
	at com.fasterxml.jackson.databind.ser.impl.IndexedListSerializer.serialize(IndexedListSerializer.java:18) ~[jackson-databind-2.17.1.jar:2.17.1]
	at com.fasterxml.jackson.databind.ser.BeanPropertyWriter.serializeAsField(BeanPropertyWriter.java:732) ~[jackson-databind-2.17.1.jar:2.17.1]
	at com.fasterxml.jackson.databind.ser.std.BeanSerializerBase.serializeFields(BeanSerializerBase.java:770) ~[jackson-databind-2.17.1.jar:2.17.1]
	at com.fasterxml.jackson.databind.ser.BeanSerializer.serialize(BeanSerializer.java:183) ~[jackson-databind-2.17.1.jar:2.17.1]
	at com.fasterxml.jackson.databind.ser.DefaultSerializerProvider._serialize(DefaultSerializerProvider.java:502) ~[jackson-databind-2.17.1.jar:2.17.1]
	at com.fasterxml.jackson.databind.ser.DefaultSerializerProvider.serializeValue(DefaultSerializerProvider.java:341) ~[jackson-databind-2.17.1.jar:2.17.1]
	at com.fasterxml.jackson.databind.ObjectWriter$Prefetch.serialize(ObjectWriter.java:1574) ~[jackson-databind-2.17.1.jar:2.17.1]
	at com.fasterxml.jackson.databind.ObjectWriter.writeValue(ObjectWriter.java:1061) ~[jackson-databind-2.17.1.jar:2.17.1]
	at org.springframework.http.converter.json.AbstractJackson2HttpMessageConverter.writeInternal(AbstractJackson2HttpMessageConverter.java:483) ~[spring-web-6.1.10.jar:6.1.10]
	at org.springframework.http.converter.AbstractGenericHttpMessageConverter.write(AbstractGenericHttpMessageConverter.java:114) ~[spring-web-6.1.10.jar:6.1.10]
	at org.springframework.web.servlet.mvc.method.annotation.AbstractMessageConverterMethodProcessor.writeWithMessageConverters(AbstractMessageConverterMethodProcessor.java:297) ~[spring-webmvc-6.1.10.jar:6.1.10]
	at org.springframework.web.servlet.mvc.method.annotation.RequestResponseBodyMethodProcessor.handleReturnValue(RequestResponseBodyMethodProcessor.java:192) ~[spring-webmvc-6.1.10.jar:6.1.10]
	at org.springframework.web.method.support.HandlerMethodReturnValueHandlerComposite.handleReturnValue(HandlerMethodReturnValueHandlerComposite.java:78) ~[spring-web-6.1.10.jar:6.1.10]
	at org.springframework.web.servlet.mvc.method.annotation.ServletInvocableHandlerMethod.invokeAndHandle(ServletInvocableHandlerMethod.java:136) ~[spring-webmvc-6.1.10.jar:6.1.10]
	at org.springframework.web.servlet.mvc.method.annotation.RequestMappingHandlerAdapter.invokeHandlerMethod(RequestMappingHandlerAdapter.java:926) ~[spring-webmvc-6.1.10.jar:6.1.10]
	at org.springframework.web.servlet.mvc.method.annotation.RequestMappingHandlerAdapter.handleInternal(RequestMappingHandlerAdapter.java:831) ~[spring-webmvc-6.1.10.jar:6.1.10]
	at org.springframework.web.servlet.mvc.method.AbstractHandlerMethodAdapter.handle(AbstractHandlerMethodAdapter.java:87) ~[spring-webmvc-6.1.10.jar:6.1.10]
	at org.springframework.web.servlet.DispatcherServlet.doDispatch(DispatcherServlet.java:1089) ~[spring-webmvc-6.1.10.jar:6.1.10]
	at org.springframework.web.servlet.DispatcherServlet.doService(DispatcherServlet.java:979) ~[spring-webmvc-6.1.10.jar:6.1.10]
	at org.springframework.web.servlet.FrameworkServlet.processRequest(FrameworkServlet.java:1014) ~[spring-webmvc-6.1.10.jar:6.1.10]
	at org.springframework.web.servlet.FrameworkServlet.doPost(FrameworkServlet.java:914) ~[spring-webmvc-6.1.10.jar:6.1.10]
	at jakarta.servlet.http.HttpServlet.service(HttpServlet.java:547) ~[jakarta.servlet-api-6.0.0.jar:6.0.0]
	at org.springframework.web.servlet.FrameworkServlet.service(FrameworkServlet.java:885) ~[spring-webmvc-6.1.10.jar:6.1.10]
	at jakarta.servlet.http.HttpServlet.service(HttpServlet.java:614) ~[jakarta.servlet-api-6.0.0.jar:6.0.0]
	at io.undertow.servlet.handlers.ServletHandler.handleRequest(ServletHandler.java:74) ~[undertow-servlet-2.3.13.Final.jar:2.3.13.Final]
	at io.undertow.servlet.handlers.FilterHandler$FilterChainImpl.doFilter(FilterHandler.java:129) ~[undertow-servlet-2.3.13.Final.jar:2.3.13.Final]
	at org.springframework.web.filter.CorsFilter.doFilterInternal(CorsFilter.java:91) ~[spring-web-6.1.10.jar:6.1.10]
	at org.springframework.web.filter.OncePerRequestFilter.doFilter(OncePerRequestFilter.java:116) ~[spring-web-6.1.10.jar:6.1.10]
	at io.undertow.servlet.core.ManagedFilter.doFilter(ManagedFilter.java:67) ~[undertow-servlet-2.3.13.Final.jar:2.3.13.Final]
	at io.undertow.servlet.handlers.FilterHandler$FilterChainImpl.doFilter(FilterHandler.java:131) ~[undertow-servlet-2.3.13.Final.jar:2.3.13.Final]
	at org.springframework.web.filter.RequestContextFilter.doFilterInternal(RequestContextFilter.java:100) ~[spring-web-6.1.10.jar:6.1.10]
	at org.springframework.web.filter.OncePerRequestFilter.doFilter(OncePerRequestFilter.java:116) ~[spring-web-6.1.10.jar:6.1.10]
	at io.undertow.servlet.core.ManagedFilter.doFilter(ManagedFilter.java:67) ~[undertow-servlet-2.3.13.Final.jar:2.3.13.Final]
	at io.undertow.servlet.handlers.FilterHandler$FilterChainImpl.doFilter(FilterHandler.java:131) ~[undertow-servlet-2.3.13.Final.jar:2.3.13.Final]
	at org.springframework.web.filter.FormContentFilter.doFilterInternal(FormContentFilter.java:93) ~[spring-web-6.1.10.jar:6.1.10]
	at org.springframework.web.filter.OncePerRequestFilter.doFilter(OncePerRequestFilter.java:116) ~[spring-web-6.1.10.jar:6.1.10]
	at io.undertow.servlet.core.ManagedFilter.doFilter(ManagedFilter.java:67) ~[undertow-servlet-2.3.13.Final.jar:2.3.13.Final]
	at io.undertow.servlet.handlers.FilterHandler$FilterChainImpl.doFilter(FilterHandler.java:131) ~[undertow-servlet-2.3.13.Final.jar:2.3.13.Final]
	at org.springframework.web.filter.CharacterEncodingFilter.doFilterInternal(CharacterEncodingFilter.java:201) ~[spring-web-6.1.10.jar:6.1.10]
	at org.springframework.web.filter.OncePerRequestFilter.doFilter(OncePerRequestFilter.java:116) ~[spring-web-6.1.10.jar:6.1.10]
	at io.undertow.servlet.core.ManagedFilter.doFilter(ManagedFilter.java:67) ~[undertow-servlet-2.3.13.Final.jar:2.3.13.Final]
	at io.undertow.servlet.handlers.FilterHandler$FilterChainImpl.doFilter(FilterHandler.java:131) ~[undertow-servlet-2.3.13.Final.jar:2.3.13.Final]
	at io.undertow.servlet.handlers.FilterHandler.handleRequest(FilterHandler.java:84) ~[undertow-servlet-2.3.13.Final.jar:2.3.13.Final]
	at io.undertow.servlet.handlers.security.ServletSecurityRoleHandler.handleRequest(ServletSecurityRoleHandler.java:62) ~[undertow-servlet-2.3.13.Final.jar:2.3.13.Final]
	at io.undertow.servlet.handlers.ServletChain$1.handleRequest(ServletChain.java:68) ~[undertow-servlet-2.3.13.Final.jar:2.3.13.Final]
	at io.undertow.servlet.handlers.ServletDispatchingHandler.handleRequest(ServletDispatchingHandler.java:36) ~[undertow-servlet-2.3.13.Final.jar:2.3.13.Final]
	at io.undertow.servlet.handlers.RedirectDirHandler.handleRequest(RedirectDirHandler.java:68) ~[undertow-servlet-2.3.13.Final.jar:2.3.13.Final]
	at io.undertow.servlet.handlers.security.SSLInformationAssociationHandler.handleRequest(SSLInformationAssociationHandler.java:117) ~[undertow-servlet-2.3.13.Final.jar:2.3.13.Final]
	at io.undertow.servlet.handlers.security.ServletAuthenticationCallHandler.handleRequest(ServletAuthenticationCallHandler.java:57) ~[undertow-servlet-2.3.13.Final.jar:2.3.13.Final]
	at io.undertow.server.handlers.PredicateHandler.handleRequest(PredicateHandler.java:43) ~[undertow-core-2.3.13.Final.jar:2.3.13.Final]
	at io.undertow.security.handlers.AbstractConfidentialityHandler.handleRequest(AbstractConfidentialityHandler.java:46) ~[undertow-core-2.3.13.Final.jar:2.3.13.Final]
	at io.undertow.servlet.handlers.security.ServletConfidentialityConstraintHandler.handleRequest(ServletConfidentialityConstraintHandler.java:64) ~[undertow-servlet-2.3.13.Final.jar:2.3.13.Final]
	at io.undertow.security.handlers.AuthenticationMechanismsHandler.handleRequest(AuthenticationMechanismsHandler.java:60) ~[undertow-core-2.3.13.Final.jar:2.3.13.Final]
	at io.undertow.servlet.handlers.security.CachedAuthenticatedSessionHandler.handleRequest(CachedAuthenticatedSessionHandler.java:77) ~[undertow-servlet-2.3.13.Final.jar:2.3.13.Final]
	at io.undertow.security.handlers.AbstractSecurityContextAssociationHandler.handleRequest(AbstractSecurityContextAssociationHandler.java:43) ~[undertow-core-2.3.13.Final.jar:2.3.13.Final]
	at io.undertow.server.handlers.PredicateHandler.handleRequest(PredicateHandler.java:43) ~[undertow-core-2.3.13.Final.jar:2.3.13.Final]
	at io.undertow.servlet.handlers.SendErrorPageHandler.handleRequest(SendErrorPageHandler.java:52) ~[undertow-servlet-2.3.13.Final.jar:2.3.13.Final]
	at io.undertow.server.handlers.PredicateHandler.handleRequest(PredicateHandler.java:43) ~[undertow-core-2.3.13.Final.jar:2.3.13.Final]
	at io.undertow.servlet.handlers.ServletInitialHandler.handleFirstRequest(ServletInitialHandler.java:276) ~[undertow-servlet-2.3.13.Final.jar:2.3.13.Final]
	at io.undertow.servlet.handlers.ServletInitialHandler$2.call(ServletInitialHandler.java:135) ~[undertow-servlet-2.3.13.Final.jar:2.3.13.Final]
	at io.undertow.servlet.handlers.ServletInitialHandler$2.call(ServletInitialHandler.java:132) ~[undertow-servlet-2.3.13.Final.jar:2.3.13.Final]
	at io.undertow.servlet.core.ServletRequestContextThreadSetupAction$1.call(ServletRequestContextThreadSetupAction.java:48) ~[undertow-servlet-2.3.13.Final.jar:2.3.13.Final]
	at io.undertow.servlet.core.ContextClassLoaderSetupAction$1.call(ContextClassLoaderSetupAction.java:43) ~[undertow-servlet-2.3.13.Final.jar:2.3.13.Final]
	at io.undertow.servlet.handlers.ServletInitialHandler.dispatchRequest(ServletInitialHandler.java:256) ~[undertow-servlet-2.3.13.Final.jar:2.3.13.Final]
	at io.undertow.servlet.handlers.ServletInitialHandler$1.handleRequest(ServletInitialHandler.java:101) ~[undertow-servlet-2.3.13.Final.jar:2.3.13.Final]
	at io.undertow.server.Connectors.executeRootHandler(Connectors.java:393) ~[undertow-core-2.3.13.Final.jar:2.3.13.Final]
	at io.undertow.server.HttpServerExchange$1.run(HttpServerExchange.java:859) ~[undertow-core-2.3.13.Final.jar:2.3.13.Final]
	at org.jboss.threads.ContextHandler$1.runWith(ContextHandler.java:18) ~[jboss-threads-3.5.0.Final.jar:3.5.0.Final]
	at org.jboss.threads.EnhancedQueueExecutor$Task.run(EnhancedQueueExecutor.java:2513) ~[jboss-threads-3.5.0.Final.jar:3.5.0.Final]
	at org.jboss.threads.EnhancedQueueExecutor$ThreadBody.run(EnhancedQueueExecutor.java:1538) ~[jboss-threads-3.5.0.Final.jar:3.5.0.Final]
	at org.xnio.XnioWorker$WorkerThreadFactory$1$1.run(XnioWorker.java:1282) ~[xnio-api-3.8.8.Final.jar:3.8.8.Final]
	at java.base/java.lang.Thread.run(Thread.java:1583) [?:?]
	Suppressed: org.springframework.web.context.request.async.AsyncRequestNotUsableException: Response not usable after response errors.
		at org.springframework.web.context.request.async.StandardServletAsyncWebRequest$LifecycleHttpServletResponse.obtainLockAndCheckState(StandardServletAsyncWebRequest.java:314) ~[spring-web-6.1.10.jar:6.1.10]
		at org.springframework.web.context.request.async.StandardServletAsyncWebRequest$LifecycleServletOutputStream.write(StandardServletAsyncWebRequest.java:373) ~[spring-web-6.1.10.jar:6.1.10]
		at org.springframework.util.StreamUtils$NonClosingOutputStream.write(StreamUtils.java:261) ~[spring-core-6.1.10.jar:6.1.10]
		at com.fasterxml.jackson.core.json.UTF8JsonGenerator._flushBuffer(UTF8JsonGenerator.java:2210) ~[jackson-core-2.17.1.jar:2.17.1]
		at com.fasterxml.jackson.core.json.UTF8JsonGenerator.close(UTF8JsonGenerator.java:1234) ~[jackson-core-2.17.1.jar:2.17.1]
		at org.springframework.http.converter.json.AbstractJackson2HttpMessageConverter.writeInternal(AbstractJackson2HttpMessageConverter.java:452) ~[spring-web-6.1.10.jar:6.1.10]
		at org.springframework.http.converter.AbstractGenericHttpMessageConverter.write(AbstractGenericHttpMessageConverter.java:114) ~[spring-web-6.1.10.jar:6.1.10]
		at org.springframework.web.servlet.mvc.method.annotation.AbstractMessageConverterMethodProcessor.writeWithMessageConverters(AbstractMessageConverterMethodProcessor.java:297) ~[spring-webmvc-6.1.10.jar:6.1.10]
		at org.springframework.web.servlet.mvc.method.annotation.RequestResponseBodyMethodProcessor.handleReturnValue(RequestResponseBodyMethodProcessor.java:192) ~[spring-webmvc-6.1.10.jar:6.1.10]
		at org.springframework.web.method.support.HandlerMethodReturnValueHandlerComposite.handleReturnValue(HandlerMethodReturnValueHandlerComposite.java:78) ~[spring-web-6.1.10.jar:6.1.10]
		at org.springframework.web.servlet.mvc.method.annotation.ServletInvocableHandlerMethod.invokeAndHandle(ServletInvocableHandlerMethod.java:136) ~[spring-webmvc-6.1.10.jar:6.1.10]
		at org.springframework.web.servlet.mvc.method.annotation.RequestMappingHandlerAdapter.invokeHandlerMethod(RequestMappingHandlerAdapter.java:926) ~[spring-webmvc-6.1.10.jar:6.1.10]
		at org.springframework.web.servlet.mvc.method.annotation.RequestMappingHandlerAdapter.handleInternal(RequestMappingHandlerAdapter.java:831) ~[spring-webmvc-6.1.10.jar:6.1.10]
		at org.springframework.web.servlet.mvc.method.AbstractHandlerMethodAdapter.handle(AbstractHandlerMethodAdapter.java:87) ~[spring-webmvc-6.1.10.jar:6.1.10]
		at org.springframework.web.servlet.DispatcherServlet.doDispatch(DispatcherServlet.java:1089) ~[spring-webmvc-6.1.10.jar:6.1.10]
		at org.springframework.web.servlet.DispatcherServlet.doService(DispatcherServlet.java:979) ~[spring-webmvc-6.1.10.jar:6.1.10]
		at org.springframework.web.servlet.FrameworkServlet.processRequest(FrameworkServlet.java:1014) ~[spring-webmvc-6.1.10.jar:6.1.10]
		at org.springframework.web.servlet.FrameworkServlet.doPost(FrameworkServlet.java:914) ~[spring-webmvc-6.1.10.jar:6.1.10]
		at jakarta.servlet.http.HttpServlet.service(HttpServlet.java:547) ~[jakarta.servlet-api-6.0.0.jar:6.0.0]
		at org.springframework.web.servlet.FrameworkServlet.service(FrameworkServlet.java:885) ~[spring-webmvc-6.1.10.jar:6.1.10]
		at jakarta.servlet.http.HttpServlet.service(HttpServlet.java:614) ~[jakarta.servlet-api-6.0.0.jar:6.0.0]
		at io.undertow.servlet.handlers.ServletHandler.handleRequest(ServletHandler.java:74) ~[undertow-servlet-2.3.13.Final.jar:2.3.13.Final]
		at io.undertow.servlet.handlers.FilterHandler$FilterChainImpl.doFilter(FilterHandler.java:129) ~[undertow-servlet-2.3.13.Final.jar:2.3.13.Final]
		at org.springframework.web.filter.CorsFilter.doFilterInternal(CorsFilter.java:91) ~[spring-web-6.1.10.jar:6.1.10]
		at org.springframework.web.filter.OncePerRequestFilter.doFilter(OncePerRequestFilter.java:116) ~[spring-web-6.1.10.jar:6.1.10]
		at io.undertow.servlet.core.ManagedFilter.doFilter(ManagedFilter.java:67) ~[undertow-servlet-2.3.13.Final.jar:2.3.13.Final]
		at io.undertow.servlet.handlers.FilterHandler$FilterChainImpl.doFilter(FilterHandler.java:131) ~[undertow-servlet-2.3.13.Final.jar:2.3.13.Final]
		at org.springframework.web.filter.RequestContextFilter.doFilterInternal(RequestContextFilter.java:100) ~[spring-web-6.1.10.jar:6.1.10]
		at org.springframework.web.filter.OncePerRequestFilter.doFilter(OncePerRequestFilter.java:116) ~[spring-web-6.1.10.jar:6.1.10]
		at io.undertow.servlet.core.ManagedFilter.doFilter(ManagedFilter.java:67) ~[undertow-servlet-2.3.13.Final.jar:2.3.13.Final]
		at io.undertow.servlet.handlers.FilterHandler$FilterChainImpl.doFilter(FilterHandler.java:131) ~[undertow-servlet-2.3.13.Final.jar:2.3.13.Final]
		at org.springframework.web.filter.FormContentFilter.doFilterInternal(FormContentFilter.java:93) ~[spring-web-6.1.10.jar:6.1.10]
		at org.springframework.web.filter.OncePerRequestFilter.doFilter(OncePerRequestFilter.java:116) ~[spring-web-6.1.10.jar:6.1.10]
		at io.undertow.servlet.core.ManagedFilter.doFilter(ManagedFilter.java:67) ~[undertow-servlet-2.3.13.Final.jar:2.3.13.Final]
		at io.undertow.servlet.handlers.FilterHandler$FilterChainImpl.doFilter(FilterHandler.java:131) ~[undertow-servlet-2.3.13.Final.jar:2.3.13.Final]
		at org.springframework.web.filter.CharacterEncodingFilter.doFilterInternal(CharacterEncodingFilter.java:201) ~[spring-web-6.1.10.jar:6.1.10]
		at org.springframework.web.filter.OncePerRequestFilter.doFilter(OncePerRequestFilter.java:116) ~[spring-web-6.1.10.jar:6.1.10]
		at io.undertow.servlet.core.ManagedFilter.doFilter(ManagedFilter.java:67) ~[undertow-servlet-2.3.13.Final.jar:2.3.13.Final]
		at io.undertow.servlet.handlers.FilterHandler$FilterChainImpl.doFilter(FilterHandler.java:131) ~[undertow-servlet-2.3.13.Final.jar:2.3.13.Final]
		at io.undertow.servlet.handlers.FilterHandler.handleRequest(FilterHandler.java:84) ~[undertow-servlet-2.3.13.Final.jar:2.3.13.Final]
		at io.undertow.servlet.handlers.security.ServletSecurityRoleHandler.handleRequest(ServletSecurityRoleHandler.java:62) ~[undertow-servlet-2.3.13.Final.jar:2.3.13.Final]
		at io.undertow.servlet.handlers.ServletChain$1.handleRequest(ServletChain.java:68) ~[undertow-servlet-2.3.13.Final.jar:2.3.13.Final]
		at io.undertow.servlet.handlers.ServletDispatchingHandler.handleRequest(ServletDispatchingHandler.java:36) ~[undertow-servlet-2.3.13.Final.jar:2.3.13.Final]
		at io.undertow.servlet.handlers.RedirectDirHandler.handleRequest(RedirectDirHandler.java:68) ~[undertow-servlet-2.3.13.Final.jar:2.3.13.Final]
		at io.undertow.servlet.handlers.security.SSLInformationAssociationHandler.handleRequest(SSLInformationAssociationHandler.java:117) ~[undertow-servlet-2.3.13.Final.jar:2.3.13.Final]
		at io.undertow.servlet.handlers.security.ServletAuthenticationCallHandler.handleRequest(ServletAuthenticationCallHandler.java:57) ~[undertow-servlet-2.3.13.Final.jar:2.3.13.Final]
		at io.undertow.server.handlers.PredicateHandler.handleRequest(PredicateHandler.java:43) ~[undertow-core-2.3.13.Final.jar:2.3.13.Final]
		at io.undertow.security.handlers.AbstractConfidentialityHandler.handleRequest(AbstractConfidentialityHandler.java:46) ~[undertow-core-2.3.13.Final.jar:2.3.13.Final]
		at io.undertow.servlet.handlers.security.ServletConfidentialityConstraintHandler.handleRequest(ServletConfidentialityConstraintHandler.java:64) ~[undertow-servlet-2.3.13.Final.jar:2.3.13.Final]
		at io.undertow.security.handlers.AuthenticationMechanismsHandler.handleRequest(AuthenticationMechanismsHandler.java:60) ~[undertow-core-2.3.13.Final.jar:2.3.13.Final]
		at io.undertow.servlet.handlers.security.CachedAuthenticatedSessionHandler.handleRequest(CachedAuthenticatedSessionHandler.java:77) ~[undertow-servlet-2.3.13.Final.jar:2.3.13.Final]
		at io.undertow.security.handlers.AbstractSecurityContextAssociationHandler.handleRequest(AbstractSecurityContextAssociationHandler.java:43) ~[undertow-core-2.3.13.Final.jar:2.3.13.Final]
		at io.undertow.server.handlers.PredicateHandler.handleRequest(PredicateHandler.java:43) ~[undertow-core-2.3.13.Final.jar:2.3.13.Final]
		at io.undertow.servlet.handlers.SendErrorPageHandler.handleRequest(SendErrorPageHandler.java:52) ~[undertow-servlet-2.3.13.Final.jar:2.3.13.Final]
		at io.undertow.server.handlers.PredicateHandler.handleRequest(PredicateHandler.java:43) ~[undertow-core-2.3.13.Final.jar:2.3.13.Final]
		at io.undertow.servlet.handlers.ServletInitialHandler.handleFirstRequest(ServletInitialHandler.java:276) ~[undertow-servlet-2.3.13.Final.jar:2.3.13.Final]
		at io.undertow.servlet.handlers.ServletInitialHandler$2.call(ServletInitialHandler.java:135) ~[undertow-servlet-2.3.13.Final.jar:2.3.13.Final]
		at io.undertow.servlet.handlers.ServletInitialHandler$2.call(ServletInitialHandler.java:132) ~[undertow-servlet-2.3.13.Final.jar:2.3.13.Final]
		at io.undertow.servlet.core.ServletRequestContextThreadSetupAction$1.call(ServletRequestContextThreadSetupAction.java:48) ~[undertow-servlet-2.3.13.Final.jar:2.3.13.Final]
		at io.undertow.servlet.core.ContextClassLoaderSetupAction$1.call(ContextClassLoaderSetupAction.java:43) ~[undertow-servlet-2.3.13.Final.jar:2.3.13.Final]
		at io.undertow.servlet.handlers.ServletInitialHandler.dispatchRequest(ServletInitialHandler.java:256) ~[undertow-servlet-2.3.13.Final.jar:2.3.13.Final]
		at io.undertow.servlet.handlers.ServletInitialHandler$1.handleRequest(ServletInitialHandler.java:101) ~[undertow-servlet-2.3.13.Final.jar:2.3.13.Final]
		at io.undertow.server.Connectors.executeRootHandler(Connectors.java:393) ~[undertow-core-2.3.13.Final.jar:2.3.13.Final]
		at io.undertow.server.HttpServerExchange$1.run(HttpServerExchange.java:859) ~[undertow-core-2.3.13.Final.jar:2.3.13.Final]
		at org.jboss.threads.ContextHandler$1.runWith(ContextHandler.java:18) ~[jboss-threads-3.5.0.Final.jar:3.5.0.Final]
		at org.jboss.threads.EnhancedQueueExecutor$Task.run(EnhancedQueueExecutor.java:2513) ~[jboss-threads-3.5.0.Final.jar:3.5.0.Final]
		at org.jboss.threads.EnhancedQueueExecutor$ThreadBody.run(EnhancedQueueExecutor.java:1538) ~[jboss-threads-3.5.0.Final.jar:3.5.0.Final]
		at org.xnio.XnioWorker$WorkerThreadFactory$1$1.run(XnioWorker.java:1282) ~[xnio-api-3.8.8.Final.jar:3.8.8.Final]
		at java.base/java.lang.Thread.run(Thread.java:1583) [?:?]
Caused by: java.io.IOException: Broken pipe
	at java.base/sun.nio.ch.SocketDispatcher.write0(Native Method) ~[?:?]
	at java.base/sun.nio.ch.SocketDispatcher.write(SocketDispatcher.java:62) ~[?:?]
	at java.base/sun.nio.ch.IOUtil.writeFromNativeBuffer(IOUtil.java:137) ~[?:?]
	at java.base/sun.nio.ch.IOUtil.write(IOUtil.java:81) ~[?:?]
	at java.base/sun.nio.ch.IOUtil.write(IOUtil.java:58) ~[?:?]
	at java.base/sun.nio.ch.SocketChannelImpl.write(SocketChannelImpl.java:542) ~[?:?]
	at org.xnio.nio.NioSocketConduit.write(NioSocketConduit.java:153) ~[xnio-nio-3.8.8.Final.jar:3.8.8.Final]
	at io.undertow.server.protocol.http.HttpResponseConduit.write(HttpResponseConduit.java:629) ~[undertow-core-2.3.13.Final.jar:2.3.13.Final]
	at org.xnio.conduits.AbstractStreamSinkConduit.write(AbstractStreamSinkConduit.java:51) ~[xnio-api-3.8.8.Final.jar:3.8.8.Final]
	at io.undertow.conduits.DeflatingStreamSinkConduit.performFlushIfRequiredSingleBuffer(DeflatingStreamSinkConduit.java:445) ~[undertow-core-2.3.13.Final.jar:2.3.13.Final]
	at io.undertow.conduits.DeflatingStreamSinkConduit.performFlushIfRequired(DeflatingStreamSinkConduit.java:432) ~[undertow-core-2.3.13.Final.jar:2.3.13.Final]
	at io.undertow.conduits.DeflatingStreamSinkConduit.deflateData(DeflatingStreamSinkConduit.java:522) ~[undertow-core-2.3.13.Final.jar:2.3.13.Final]
	at io.undertow.conduits.DeflatingStreamSinkConduit.write(DeflatingStreamSinkConduit.java:130) ~[undertow-core-2.3.13.Final.jar:2.3.13.Final]
	at io.undertow.conduits.DeflatingStreamSinkConduit.write(DeflatingStreamSinkConduit.java:165) ~[undertow-core-2.3.13.Final.jar:2.3.13.Final]
	at org.xnio.conduits.ConduitStreamSinkChannel.write(ConduitStreamSinkChannel.java:158) ~[xnio-api-3.8.8.Final.jar:3.8.8.Final]
	at io.undertow.channels.DetachableStreamSinkChannel.write(DetachableStreamSinkChannel.java:179) ~[undertow-core-2.3.13.Final.jar:2.3.13.Final]
	at io.undertow.server.HttpServerExchange$WriteDispatchChannel.write(HttpServerExchange.java:2172) ~[undertow-core-2.3.13.Final.jar:2.3.13.Final]
	at org.xnio.channels.Channels.writeBlocking(Channels.java:202) ~[xnio-api-3.8.8.Final.jar:3.8.8.Final]
	at io.undertow.servlet.spec.ServletOutputStreamImpl.writeTooLargeForBuffer(ServletOutputStreamImpl.java:201) ~[undertow-servlet-2.3.13.Final.jar:2.3.13.Final]
	at io.undertow.servlet.spec.ServletOutputStreamImpl.write(ServletOutputStreamImpl.java:149) ~[undertow-servlet-2.3.13.Final.jar:2.3.13.Final]
	at org.springframework.web.context.request.async.StandardServletAsyncWebRequest$LifecycleServletOutputStream.write(StandardServletAsyncWebRequest.java:375) ~[spring-web-6.1.10.jar:6.1.10]
	... 83 more
[2026-05-21 11:43:52.824] ERROR XNIO-1 task-3 com.jts.gjcxfzksh.exception.handler.GlobalExceptionHandler[63] - 请求地址'/pt/network/tile',发生系统异常. 
org.springframework.web.context.request.async.AsyncRequestNotUsableException: ServletOutputStream failed to write: Broken pipe
	at org.springframework.web.context.request.async.StandardServletAsyncWebRequest$LifecycleHttpServletResponse.handleIOException(StandardServletAsyncWebRequest.java:320) ~[spring-web-6.1.10.jar:6.1.10]
	at org.springframework.web.context.request.async.StandardServletAsyncWebRequest$LifecycleServletOutputStream.write(StandardServletAsyncWebRequest.java:378) ~[spring-web-6.1.10.jar:6.1.10]
	at org.springframework.util.StreamUtils$NonClosingOutputStream.write(StreamUtils.java:261) ~[spring-core-6.1.10.jar:6.1.10]
	at com.fasterxml.jackson.core.json.UTF8JsonGenerator._flushBuffer(UTF8JsonGenerator.java:2210) ~[jackson-core-2.17.1.jar:2.17.1]
	at com.fasterxml.jackson.core.json.UTF8JsonGenerator.writeRaw(UTF8JsonGenerator.java:764) ~[jackson-core-2.17.1.jar:2.17.1]
	at com.fasterxml.jackson.core.json.UTF8JsonGenerator.writeRaw(UTF8JsonGenerator.java:674) ~[jackson-core-2.17.1.jar:2.17.1]
	at com.fasterxml.jackson.core.json.UTF8JsonGenerator.writeNumber(UTF8JsonGenerator.java:1065) ~[jackson-core-2.17.1.jar:2.17.1]
	at com.fasterxml.jackson.databind.ser.std.NumberSerializers$FloatSerializer.serialize(NumberSerializers.java:214) ~[jackson-databind-2.17.1.jar:2.17.1]
	at com.fasterxml.jackson.databind.ser.BeanPropertyWriter.serializeAsField(BeanPropertyWriter.java:732) ~[jackson-databind-2.17.1.jar:2.17.1]
	at com.fasterxml.jackson.databind.ser.std.BeanSerializerBase.serializeFields(BeanSerializerBase.java:770) ~[jackson-databind-2.17.1.jar:2.17.1]
	at com.fasterxml.jackson.databind.ser.BeanSerializer.serialize(BeanSerializer.java:183) ~[jackson-databind-2.17.1.jar:2.17.1]
	at com.fasterxml.jackson.databind.ser.BeanPropertyWriter.serializeAsField(BeanPropertyWriter.java:732) ~[jackson-databind-2.17.1.jar:2.17.1]
	at com.fasterxml.jackson.databind.ser.std.BeanSerializerBase.serializeFields(BeanSerializerBase.java:770) ~[jackson-databind-2.17.1.jar:2.17.1]
	at com.fasterxml.jackson.databind.ser.BeanSerializer.serialize(BeanSerializer.java:183) ~[jackson-databind-2.17.1.jar:2.17.1]
	at com.fasterxml.jackson.databind.ser.impl.IndexedListSerializer.serializeContents(IndexedListSerializer.java:119) ~[jackson-databind-2.17.1.jar:2.17.1]
	at com.fasterxml.jackson.databind.ser.impl.IndexedListSerializer.serialize(IndexedListSerializer.java:79) ~[jackson-databind-2.17.1.jar:2.17.1]
	at com.fasterxml.jackson.databind.ser.impl.IndexedListSerializer.serialize(IndexedListSerializer.java:18) ~[jackson-databind-2.17.1.jar:2.17.1]
	at com.fasterxml.jackson.databind.ser.BeanPropertyWriter.serializeAsField(BeanPropertyWriter.java:732) ~[jackson-databind-2.17.1.jar:2.17.1]
	at com.fasterxml.jackson.databind.ser.std.BeanSerializerBase.serializeFields(BeanSerializerBase.java:770) ~[jackson-databind-2.17.1.jar:2.17.1]
	at com.fasterxml.jackson.databind.ser.BeanSerializer.serialize(BeanSerializer.java:183) ~[jackson-databind-2.17.1.jar:2.17.1]
	at com.fasterxml.jackson.databind.ser.DefaultSerializerProvider._serialize(DefaultSerializerProvider.java:502) ~[jackson-databind-2.17.1.jar:2.17.1]
	at com.fasterxml.jackson.databind.ser.DefaultSerializerProvider.serializeValue(DefaultSerializerProvider.java:341) ~[jackson-databind-2.17.1.jar:2.17.1]
	at com.fasterxml.jackson.databind.ObjectWriter$Prefetch.serialize(ObjectWriter.java:1574) ~[jackson-databind-2.17.1.jar:2.17.1]
	at com.fasterxml.jackson.databind.ObjectWriter.writeValue(ObjectWriter.java:1061) ~[jackson-databind-2.17.1.jar:2.17.1]
	at org.springframework.http.converter.json.AbstractJackson2HttpMessageConverter.writeInternal(AbstractJackson2HttpMessageConverter.java:483) ~[spring-web-6.1.10.jar:6.1.10]
	at org.springframework.http.converter.AbstractGenericHttpMessageConverter.write(AbstractGenericHttpMessageConverter.java:114) ~[spring-web-6.1.10.jar:6.1.10]
	at org.springframework.web.servlet.mvc.method.annotation.AbstractMessageConverterMethodProcessor.writeWithMessageConverters(AbstractMessageConverterMethodProcessor.java:297) ~[spring-webmvc-6.1.10.jar:6.1.10]
	at org.springframework.web.servlet.mvc.method.annotation.RequestResponseBodyMethodProcessor.handleReturnValue(RequestResponseBodyMethodProcessor.java:192) ~[spring-webmvc-6.1.10.jar:6.1.10]
	at org.springframework.web.method.support.HandlerMethodReturnValueHandlerComposite.handleReturnValue(HandlerMethodReturnValueHandlerComposite.java:78) ~[spring-web-6.1.10.jar:6.1.10]
	at org.springframework.web.servlet.mvc.method.annotation.ServletInvocableHandlerMethod.invokeAndHandle(ServletInvocableHandlerMethod.java:136) ~[spring-webmvc-6.1.10.jar:6.1.10]
	at org.springframework.web.servlet.mvc.method.annotation.RequestMappingHandlerAdapter.invokeHandlerMethod(RequestMappingHandlerAdapter.java:926) ~[spring-webmvc-6.1.10.jar:6.1.10]
	at org.springframework.web.servlet.mvc.method.annotation.RequestMappingHandlerAdapter.handleInternal(RequestMappingHandlerAdapter.java:831) ~[spring-webmvc-6.1.10.jar:6.1.10]
	at org.springframework.web.servlet.mvc.method.AbstractHandlerMethodAdapter.handle(AbstractHandlerMethodAdapter.java:87) ~[spring-webmvc-6.1.10.jar:6.1.10]
	at org.springframework.web.servlet.DispatcherServlet.doDispatch(DispatcherServlet.java:1089) ~[spring-webmvc-6.1.10.jar:6.1.10]
	at org.springframework.web.servlet.DispatcherServlet.doService(DispatcherServlet.java:979) ~[spring-webmvc-6.1.10.jar:6.1.10]
	at org.springframework.web.servlet.FrameworkServlet.processRequest(FrameworkServlet.java:1014) ~[spring-webmvc-6.1.10.jar:6.1.10]
	at org.springframework.web.servlet.FrameworkServlet.doPost(FrameworkServlet.java:914) ~[spring-webmvc-6.1.10.jar:6.1.10]
	at jakarta.servlet.http.HttpServlet.service(HttpServlet.java:547) ~[jakarta.servlet-api-6.0.0.jar:6.0.0]
	at org.springframework.web.servlet.FrameworkServlet.service(FrameworkServlet.java:885) ~[spring-webmvc-6.1.10.jar:6.1.10]
	at jakarta.servlet.http.HttpServlet.service(HttpServlet.java:614) ~[jakarta.servlet-api-6.0.0.jar:6.0.0]
	at io.undertow.servlet.handlers.ServletHandler.handleRequest(ServletHandler.java:74) ~[undertow-servlet-2.3.13.Final.jar:2.3.13.Final]
	at io.undertow.servlet.handlers.FilterHandler$FilterChainImpl.doFilter(FilterHandler.java:129) ~[undertow-servlet-2.3.13.Final.jar:2.3.13.Final]
	at org.springframework.web.filter.CorsFilter.doFilterInternal(CorsFilter.java:91) ~[spring-web-6.1.10.jar:6.1.10]
	at org.springframework.web.filter.OncePerRequestFilter.doFilter(OncePerRequestFilter.java:116) ~[spring-web-6.1.10.jar:6.1.10]
	at io.undertow.servlet.core.ManagedFilter.doFilter(ManagedFilter.java:67) ~[undertow-servlet-2.3.13.Final.jar:2.3.13.Final]
	at io.undertow.servlet.handlers.FilterHandler$FilterChainImpl.doFilter(FilterHandler.java:131) ~[undertow-servlet-2.3.13.Final.jar:2.3.13.Final]
	at org.springframework.web.filter.RequestContextFilter.doFilterInternal(RequestContextFilter.java:100) ~[spring-web-6.1.10.jar:6.1.10]
	at org.springframework.web.filter.OncePerRequestFilter.doFilter(OncePerRequestFilter.java:116) ~[spring-web-6.1.10.jar:6.1.10]
	at io.undertow.servlet.core.ManagedFilter.doFilter(ManagedFilter.java:67) ~[undertow-servlet-2.3.13.Final.jar:2.3.13.Final]
	at io.undertow.servlet.handlers.FilterHandler$FilterChainImpl.doFilter(FilterHandler.java:131) ~[undertow-servlet-2.3.13.Final.jar:2.3.13.Final]
	at org.springframework.web.filter.FormContentFilter.doFilterInternal(FormContentFilter.java:93) ~[spring-web-6.1.10.jar:6.1.10]
	at org.springframework.web.filter.OncePerRequestFilter.doFilter(OncePerRequestFilter.java:116) ~[spring-web-6.1.10.jar:6.1.10]
	at io.undertow.servlet.core.ManagedFilter.doFilter(ManagedFilter.java:67) ~[undertow-servlet-2.3.13.Final.jar:2.3.13.Final]
	at io.undertow.servlet.handlers.FilterHandler$FilterChainImpl.doFilter(FilterHandler.java:131) ~[undertow-servlet-2.3.13.Final.jar:2.3.13.Final]
	at org.springframework.web.filter.CharacterEncodingFilter.doFilterInternal(CharacterEncodingFilter.java:201) ~[spring-web-6.1.10.jar:6.1.10]
	at org.springframework.web.filter.OncePerRequestFilter.doFilter(OncePerRequestFilter.java:116) ~[spring-web-6.1.10.jar:6.1.10]
	at io.undertow.servlet.core.ManagedFilter.doFilter(ManagedFilter.java:67) ~[undertow-servlet-2.3.13.Final.jar:2.3.13.Final]
	at io.undertow.servlet.handlers.FilterHandler$FilterChainImpl.doFilter(FilterHandler.java:131) ~[undertow-servlet-2.3.13.Final.jar:2.3.13.Final]
	at io.undertow.servlet.handlers.FilterHandler.handleRequest(FilterHandler.java:84) ~[undertow-servlet-2.3.13.Final.jar:2.3.13.Final]
	at io.undertow.servlet.handlers.security.ServletSecurityRoleHandler.handleRequest(ServletSecurityRoleHandler.java:62) ~[undertow-servlet-2.3.13.Final.jar:2.3.13.Final]
	at io.undertow.servlet.handlers.ServletChain$1.handleRequest(ServletChain.java:68) ~[undertow-servlet-2.3.13.Final.jar:2.3.13.Final]
	at io.undertow.servlet.handlers.ServletDispatchingHandler.handleRequest(ServletDispatchingHandler.java:36) ~[undertow-servlet-2.3.13.Final.jar:2.3.13.Final]
	at io.undertow.servlet.handlers.RedirectDirHandler.handleRequest(RedirectDirHandler.java:68) ~[undertow-servlet-2.3.13.Final.jar:2.3.13.Final]
	at io.undertow.servlet.handlers.security.SSLInformationAssociationHandler.handleRequest(SSLInformationAssociationHandler.java:117) ~[undertow-servlet-2.3.13.Final.jar:2.3.13.Final]
	at io.undertow.servlet.handlers.security.ServletAuthenticationCallHandler.handleRequest(ServletAuthenticationCallHandler.java:57) ~[undertow-servlet-2.3.13.Final.jar:2.3.13.Final]
	at io.undertow.server.handlers.PredicateHandler.handleRequest(PredicateHandler.java:43) ~[undertow-core-2.3.13.Final.jar:2.3.13.Final]
	at io.undertow.security.handlers.AbstractConfidentialityHandler.handleRequest(AbstractConfidentialityHandler.java:46) ~[undertow-core-2.3.13.Final.jar:2.3.13.Final]
	at io.undertow.servlet.handlers.security.ServletConfidentialityConstraintHandler.handleRequest(ServletConfidentialityConstraintHandler.java:64) ~[undertow-servlet-2.3.13.Final.jar:2.3.13.Final]
	at io.undertow.security.handlers.AuthenticationMechanismsHandler.handleRequest(AuthenticationMechanismsHandler.java:60) ~[undertow-core-2.3.13.Final.jar:2.3.13.Final]
	at io.undertow.servlet.handlers.security.CachedAuthenticatedSessionHandler.handleRequest(CachedAuthenticatedSessionHandler.java:77) ~[undertow-servlet-2.3.13.Final.jar:2.3.13.Final]
	at io.undertow.security.handlers.AbstractSecurityContextAssociationHandler.handleRequest(AbstractSecurityContextAssociationHandler.java:43) ~[undertow-core-2.3.13.Final.jar:2.3.13.Final]
	at io.undertow.server.handlers.PredicateHandler.handleRequest(PredicateHandler.java:43) ~[undertow-core-2.3.13.Final.jar:2.3.13.Final]
	at io.undertow.servlet.handlers.SendErrorPageHandler.handleRequest(SendErrorPageHandler.java:52) ~[undertow-servlet-2.3.13.Final.jar:2.3.13.Final]
	at io.undertow.server.handlers.PredicateHandler.handleRequest(PredicateHandler.java:43) ~[undertow-core-2.3.13.Final.jar:2.3.13.Final]
	at io.undertow.servlet.handlers.ServletInitialHandler.handleFirstRequest(ServletInitialHandler.java:276) ~[undertow-servlet-2.3.13.Final.jar:2.3.13.Final]
	at io.undertow.servlet.handlers.ServletInitialHandler$2.call(ServletInitialHandler.java:135) ~[undertow-servlet-2.3.13.Final.jar:2.3.13.Final]
	at io.undertow.servlet.handlers.ServletInitialHandler$2.call(ServletInitialHandler.java:132) ~[undertow-servlet-2.3.13.Final.jar:2.3.13.Final]
	at io.undertow.servlet.core.ServletRequestContextThreadSetupAction$1.call(ServletRequestContextThreadSetupAction.java:48) ~[undertow-servlet-2.3.13.Final.jar:2.3.13.Final]
	at io.undertow.servlet.core.ContextClassLoaderSetupAction$1.call(ContextClassLoaderSetupAction.java:43) ~[undertow-servlet-2.3.13.Final.jar:2.3.13.Final]
	at io.undertow.servlet.handlers.ServletInitialHandler.dispatchRequest(ServletInitialHandler.java:256) ~[undertow-servlet-2.3.13.Final.jar:2.3.13.Final]
	at io.undertow.servlet.handlers.ServletInitialHandler$1.handleRequest(ServletInitialHandler.java:101) ~[undertow-servlet-2.3.13.Final.jar:2.3.13.Final]
	at io.undertow.server.Connectors.executeRootHandler(Connectors.java:393) ~[undertow-core-2.3.13.Final.jar:2.3.13.Final]
	at io.undertow.server.HttpServerExchange$1.run(HttpServerExchange.java:859) ~[undertow-core-2.3.13.Final.jar:2.3.13.Final]
	at org.jboss.threads.ContextHandler$1.runWith(ContextHandler.java:18) ~[jboss-threads-3.5.0.Final.jar:3.5.0.Final]
	at org.jboss.threads.EnhancedQueueExecutor$Task.run(EnhancedQueueExecutor.java:2513) ~[jboss-threads-3.5.0.Final.jar:3.5.0.Final]
	at org.jboss.threads.EnhancedQueueExecutor$ThreadBody.run(EnhancedQueueExecutor.java:1538) ~[jboss-threads-3.5.0.Final.jar:3.5.0.Final]
	at org.xnio.XnioWorker$WorkerThreadFactory$1$1.run(XnioWorker.java:1282) ~[xnio-api-3.8.8.Final.jar:3.8.8.Final]
	at java.base/java.lang.Thread.run(Thread.java:1583) [?:?]
	Suppressed: org.springframework.web.context.request.async.AsyncRequestNotUsableException: Response not usable after response errors.
		at org.springframework.web.context.request.async.StandardServletAsyncWebRequest$LifecycleHttpServletResponse.obtainLockAndCheckState(StandardServletAsyncWebRequest.java:314) ~[spring-web-6.1.10.jar:6.1.10]
		at org.springframework.web.context.request.async.StandardServletAsyncWebRequest$LifecycleServletOutputStream.write(StandardServletAsyncWebRequest.java:373) ~[spring-web-6.1.10.jar:6.1.10]
		at org.springframework.util.StreamUtils$NonClosingOutputStream.write(StreamUtils.java:261) ~[spring-core-6.1.10.jar:6.1.10]
		at com.fasterxml.jackson.core.json.UTF8JsonGenerator._flushBuffer(UTF8JsonGenerator.java:2210) ~[jackson-core-2.17.1.jar:2.17.1]
		at com.fasterxml.jackson.core.json.UTF8JsonGenerator.close(UTF8JsonGenerator.java:1234) ~[jackson-core-2.17.1.jar:2.17.1]
		at org.springframework.http.converter.json.AbstractJackson2HttpMessageConverter.writeInternal(AbstractJackson2HttpMessageConverter.java:452) ~[spring-web-6.1.10.jar:6.1.10]
		at org.springframework.http.converter.AbstractGenericHttpMessageConverter.write(AbstractGenericHttpMessageConverter.java:114) ~[spring-web-6.1.10.jar:6.1.10]
		at org.springframework.web.servlet.mvc.method.annotation.AbstractMessageConverterMethodProcessor.writeWithMessageConverters(AbstractMessageConverterMethodProcessor.java:297) ~[spring-webmvc-6.1.10.jar:6.1.10]
		at org.springframework.web.servlet.mvc.method.annotation.RequestResponseBodyMethodProcessor.handleReturnValue(RequestResponseBodyMethodProcessor.java:192) ~[spring-webmvc-6.1.10.jar:6.1.10]
		at org.springframework.web.method.support.HandlerMethodReturnValueHandlerComposite.handleReturnValue(HandlerMethodReturnValueHandlerComposite.java:78) ~[spring-web-6.1.10.jar:6.1.10]
		at org.springframework.web.servlet.mvc.method.annotation.ServletInvocableHandlerMethod.invokeAndHandle(ServletInvocableHandlerMethod.java:136) ~[spring-webmvc-6.1.10.jar:6.1.10]
		at org.springframework.web.servlet.mvc.method.annotation.RequestMappingHandlerAdapter.invokeHandlerMethod(RequestMappingHandlerAdapter.java:926) ~[spring-webmvc-6.1.10.jar:6.1.10]
		at org.springframework.web.servlet.mvc.method.annotation.RequestMappingHandlerAdapter.handleInternal(RequestMappingHandlerAdapter.java:831) ~[spring-webmvc-6.1.10.jar:6.1.10]
		at org.springframework.web.servlet.mvc.method.AbstractHandlerMethodAdapter.handle(AbstractHandlerMethodAdapter.java:87) ~[spring-webmvc-6.1.10.jar:6.1.10]
		at org.springframework.web.servlet.DispatcherServlet.doDispatch(DispatcherServlet.java:1089) ~[spring-webmvc-6.1.10.jar:6.1.10]
		at org.springframework.web.servlet.DispatcherServlet.doService(DispatcherServlet.java:979) ~[spring-webmvc-6.1.10.jar:6.1.10]
		at org.springframework.web.servlet.FrameworkServlet.processRequest(FrameworkServlet.java:1014) ~[spring-webmvc-6.1.10.jar:6.1.10]
		at org.springframework.web.servlet.FrameworkServlet.doPost(FrameworkServlet.java:914) ~[spring-webmvc-6.1.10.jar:6.1.10]
		at jakarta.servlet.http.HttpServlet.service(HttpServlet.java:547) ~[jakarta.servlet-api-6.0.0.jar:6.0.0]
		at org.springframework.web.servlet.FrameworkServlet.service(FrameworkServlet.java:885) ~[spring-webmvc-6.1.10.jar:6.1.10]
		at jakarta.servlet.http.HttpServlet.service(HttpServlet.java:614) ~[jakarta.servlet-api-6.0.0.jar:6.0.0]
		at io.undertow.servlet.handlers.ServletHandler.handleRequest(ServletHandler.java:74) ~[undertow-servlet-2.3.13.Final.jar:2.3.13.Final]
		at io.undertow.servlet.handlers.FilterHandler$FilterChainImpl.doFilter(FilterHandler.java:129) ~[undertow-servlet-2.3.13.Final.jar:2.3.13.Final]
		at org.springframework.web.filter.CorsFilter.doFilterInternal(CorsFilter.java:91) ~[spring-web-6.1.10.jar:6.1.10]
		at org.springframework.web.filter.OncePerRequestFilter.doFilter(OncePerRequestFilter.java:116) ~[spring-web-6.1.10.jar:6.1.10]
		at io.undertow.servlet.core.ManagedFilter.doFilter(ManagedFilter.java:67) ~[undertow-servlet-2.3.13.Final.jar:2.3.13.Final]
		at io.undertow.servlet.handlers.FilterHandler$FilterChainImpl.doFilter(FilterHandler.java:131) ~[undertow-servlet-2.3.13.Final.jar:2.3.13.Final]
		at org.springframework.web.filter.RequestContextFilter.doFilterInternal(RequestContextFilter.java:100) ~[spring-web-6.1.10.jar:6.1.10]
		at org.springframework.web.filter.OncePerRequestFilter.doFilter(OncePerRequestFilter.java:116) ~[spring-web-6.1.10.jar:6.1.10]
		at io.undertow.servlet.core.ManagedFilter.doFilter(ManagedFilter.java:67) ~[undertow-servlet-2.3.13.Final.jar:2.3.13.Final]
		at io.undertow.servlet.handlers.FilterHandler$FilterChainImpl.doFilter(FilterHandler.java:131) ~[undertow-servlet-2.3.13.Final.jar:2.3.13.Final]
		at org.springframework.web.filter.FormContentFilter.doFilterInternal(FormContentFilter.java:93) ~[spring-web-6.1.10.jar:6.1.10]
		at org.springframework.web.filter.OncePerRequestFilter.doFilter(OncePerRequestFilter.java:116) ~[spring-web-6.1.10.jar:6.1.10]
		at io.undertow.servlet.core.ManagedFilter.doFilter(ManagedFilter.java:67) ~[undertow-servlet-2.3.13.Final.jar:2.3.13.Final]
		at io.undertow.servlet.handlers.FilterHandler$FilterChainImpl.doFilter(FilterHandler.java:131) ~[undertow-servlet-2.3.13.Final.jar:2.3.13.Final]
		at org.springframework.web.filter.CharacterEncodingFilter.doFilterInternal(CharacterEncodingFilter.java:201) ~[spring-web-6.1.10.jar:6.1.10]
		at org.springframework.web.filter.OncePerRequestFilter.doFilter(OncePerRequestFilter.java:116) ~[spring-web-6.1.10.jar:6.1.10]
		at io.undertow.servlet.core.ManagedFilter.doFilter(ManagedFilter.java:67) ~[undertow-servlet-2.3.13.Final.jar:2.3.13.Final]
		at io.undertow.servlet.handlers.FilterHandler$FilterChainImpl.doFilter(FilterHandler.java:131) ~[undertow-servlet-2.3.13.Final.jar:2.3.13.Final]
		at io.undertow.servlet.handlers.FilterHandler.handleRequest(FilterHandler.java:84) ~[undertow-servlet-2.3.13.Final.jar:2.3.13.Final]
		at io.undertow.servlet.handlers.security.ServletSecurityRoleHandler.handleRequest(ServletSecurityRoleHandler.java:62) ~[undertow-servlet-2.3.13.Final.jar:2.3.13.Final]
		at io.undertow.servlet.handlers.ServletChain$1.handleRequest(ServletChain.java:68) ~[undertow-servlet-2.3.13.Final.jar:2.3.13.Final]
		at io.undertow.servlet.handlers.ServletDispatchingHandler.handleRequest(ServletDispatchingHandler.java:36) ~[undertow-servlet-2.3.13.Final.jar:2.3.13.Final]
		at io.undertow.servlet.handlers.RedirectDirHandler.handleRequest(RedirectDirHandler.java:68) ~[undertow-servlet-2.3.13.Final.jar:2.3.13.Final]
		at io.undertow.servlet.handlers.security.SSLInformationAssociationHandler.handleRequest(SSLInformationAssociationHandler.java:117) ~[undertow-servlet-2.3.13.Final.jar:2.3.13.Final]
		at io.undertow.servlet.handlers.security.ServletAuthenticationCallHandler.handleRequest(ServletAuthenticationCallHandler.java:57) ~[undertow-servlet-2.3.13.Final.jar:2.3.13.Final]
		at io.undertow.server.handlers.PredicateHandler.handleRequest(PredicateHandler.java:43) ~[undertow-core-2.3.13.Final.jar:2.3.13.Final]
		at io.undertow.security.handlers.AbstractConfidentialityHandler.handleRequest(AbstractConfidentialityHandler.java:46) ~[undertow-core-2.3.13.Final.jar:2.3.13.Final]
		at io.undertow.servlet.handlers.security.ServletConfidentialityConstraintHandler.handleRequest(ServletConfidentialityConstraintHandler.java:64) ~[undertow-servlet-2.3.13.Final.jar:2.3.13.Final]
		at io.undertow.security.handlers.AuthenticationMechanismsHandler.handleRequest(AuthenticationMechanismsHandler.java:60) ~[undertow-core-2.3.13.Final.jar:2.3.13.Final]
		at io.undertow.servlet.handlers.security.CachedAuthenticatedSessionHandler.handleRequest(CachedAuthenticatedSessionHandler.java:77) ~[undertow-servlet-2.3.13.Final.jar:2.3.13.Final]
		at io.undertow.security.handlers.AbstractSecurityContextAssociationHandler.handleRequest(AbstractSecurityContextAssociationHandler.java:43) ~[undertow-core-2.3.13.Final.jar:2.3.13.Final]
		at io.undertow.server.handlers.PredicateHandler.handleRequest(PredicateHandler.java:43) ~[undertow-core-2.3.13.Final.jar:2.3.13.Final]
		at io.undertow.servlet.handlers.SendErrorPageHandler.handleRequest(SendErrorPageHandler.java:52) ~[undertow-servlet-2.3.13.Final.jar:2.3.13.Final]
		at io.undertow.server.handlers.PredicateHandler.handleRequest(PredicateHandler.java:43) ~[undertow-core-2.3.13.Final.jar:2.3.13.Final]
		at io.undertow.servlet.handlers.ServletInitialHandler.handleFirstRequest(ServletInitialHandler.java:276) ~[undertow-servlet-2.3.13.Final.jar:2.3.13.Final]
		at io.undertow.servlet.handlers.ServletInitialHandler$2.call(ServletInitialHandler.java:135) ~[undertow-servlet-2.3.13.Final.jar:2.3.13.Final]
		at io.undertow.servlet.handlers.ServletInitialHandler$2.call(ServletInitialHandler.java:132) ~[undertow-servlet-2.3.13.Final.jar:2.3.13.Final]
		at io.undertow.servlet.core.ServletRequestContextThreadSetupAction$1.call(ServletRequestContextThreadSetupAction.java:48) ~[undertow-servlet-2.3.13.Final.jar:2.3.13.Final]
		at io.undertow.servlet.core.ContextClassLoaderSetupAction$1.call(ContextClassLoaderSetupAction.java:43) ~[undertow-servlet-2.3.13.Final.jar:2.3.13.Final]
		at io.undertow.servlet.handlers.ServletInitialHandler.dispatchRequest(ServletInitialHandler.java:256) ~[undertow-servlet-2.3.13.Final.jar:2.3.13.Final]
		at io.undertow.servlet.handlers.ServletInitialHandler$1.handleRequest(ServletInitialHandler.java:101) ~[undertow-servlet-2.3.13.Final.jar:2.3.13.Final]
		at io.undertow.server.Connectors.executeRootHandler(Connectors.java:393) ~[undertow-core-2.3.13.Final.jar:2.3.13.Final]
		at io.undertow.server.HttpServerExchange$1.run(HttpServerExchange.java:859) ~[undertow-core-2.3.13.Final.jar:2.3.13.Final]
		at org.jboss.threads.ContextHandler$1.runWith(ContextHandler.java:18) ~[jboss-threads-3.5.0.Final.jar:3.5.0.Final]
		at org.jboss.threads.EnhancedQueueExecutor$Task.run(EnhancedQueueExecutor.java:2513) ~[jboss-threads-3.5.0.Final.jar:3.5.0.Final]
		at org.jboss.threads.EnhancedQueueExecutor$ThreadBody.run(EnhancedQueueExecutor.java:1538) ~[jboss-threads-3.5.0.Final.jar:3.5.0.Final]
		at org.xnio.XnioWorker$WorkerThreadFactory$1$1.run(XnioWorker.java:1282) ~[xnio-api-3.8.8.Final.jar:3.8.8.Final]
		at java.base/java.lang.Thread.run(Thread.java:1583) [?:?]
Caused by: java.io.IOException: Broken pipe
	at java.base/sun.nio.ch.SocketDispatcher.write0(Native Method) ~[?:?]
	at java.base/sun.nio.ch.SocketDispatcher.write(SocketDispatcher.java:62) ~[?:?]
	at java.base/sun.nio.ch.IOUtil.writeFromNativeBuffer(IOUtil.java:137) ~[?:?]
	at java.base/sun.nio.ch.IOUtil.write(IOUtil.java:81) ~[?:?]
	at java.base/sun.nio.ch.IOUtil.write(IOUtil.java:58) ~[?:?]
	at java.base/sun.nio.ch.SocketChannelImpl.write(SocketChannelImpl.java:542) ~[?:?]
	at org.xnio.nio.NioSocketConduit.write(NioSocketConduit.java:153) ~[xnio-nio-3.8.8.Final.jar:3.8.8.Final]
	at io.undertow.server.protocol.http.HttpResponseConduit.write(HttpResponseConduit.java:629) ~[undertow-core-2.3.13.Final.jar:2.3.13.Final]
	at org.xnio.conduits.AbstractStreamSinkConduit.write(AbstractStreamSinkConduit.java:51) ~[xnio-api-3.8.8.Final.jar:3.8.8.Final]
	at io.undertow.conduits.DeflatingStreamSinkConduit.performFlushIfRequiredSingleBuffer(DeflatingStreamSinkConduit.java:445) ~[undertow-core-2.3.13.Final.jar:2.3.13.Final]
	at io.undertow.conduits.DeflatingStreamSinkConduit.performFlushIfRequired(DeflatingStreamSinkConduit.java:432) ~[undertow-core-2.3.13.Final.jar:2.3.13.Final]
	at io.undertow.conduits.DeflatingStreamSinkConduit.deflateData(DeflatingStreamSinkConduit.java:522) ~[undertow-core-2.3.13.Final.jar:2.3.13.Final]
	at io.undertow.conduits.DeflatingStreamSinkConduit.write(DeflatingStreamSinkConduit.java:130) ~[undertow-core-2.3.13.Final.jar:2.3.13.Final]
	at io.undertow.conduits.DeflatingStreamSinkConduit.write(DeflatingStreamSinkConduit.java:165) ~[undertow-core-2.3.13.Final.jar:2.3.13.Final]
	at org.xnio.conduits.ConduitStreamSinkChannel.write(ConduitStreamSinkChannel.java:158) ~[xnio-api-3.8.8.Final.jar:3.8.8.Final]
	at io.undertow.channels.DetachableStreamSinkChannel.write(DetachableStreamSinkChannel.java:179) ~[undertow-core-2.3.13.Final.jar:2.3.13.Final]
	at io.undertow.server.HttpServerExchange$WriteDispatchChannel.write(HttpServerExchange.java:2172) ~[undertow-core-2.3.13.Final.jar:2.3.13.Final]
	at org.xnio.channels.Channels.writeBlocking(Channels.java:202) ~[xnio-api-3.8.8.Final.jar:3.8.8.Final]
	at io.undertow.servlet.spec.ServletOutputStreamImpl.writeTooLargeForBuffer(ServletOutputStreamImpl.java:201) ~[undertow-servlet-2.3.13.Final.jar:2.3.13.Final]
	at io.undertow.servlet.spec.ServletOutputStreamImpl.write(ServletOutputStreamImpl.java:149) ~[undertow-servlet-2.3.13.Final.jar:2.3.13.Final]
	at org.springframework.web.context.request.async.StandardServletAsyncWebRequest$LifecycleServletOutputStream.write(StandardServletAsyncWebRequest.java:375) ~[spring-web-6.1.10.jar:6.1.10]
	... 86 more
[2026-05-21 11:59:59.858] INFO scheduling-1 com.jts.gjcxfzksh.task.RemoveLoadTask[37] - 执行定时清理任务... 
[2026-05-21 12:59:59.810] INFO scheduling-1 com.jts.gjcxfzksh.task.RemoveLoadTask[37] - 执行定时清理任务... 
[2026-05-21 13:26:29.590] INFO SpringApplicationShutdownHook io.undertow[259] - stopping server: Undertow - 2.3.13.Final 
[2026-05-21 13:26:29.607] INFO SpringApplicationShutdownHook io.undertow.servlet[372] - Destroying Spring FrameworkServlet 'dispatcherServlet' 
[2026-05-21 13:54:45.644] INFO background-preinit org.hibernate.validator.internal.util.Version[21] - HV000001: Hibernate Validator 8.0.1.Final 
[2026-05-21 13:54:45.725] INFO main com.jts.gjcxfzksh.Application[50] - Starting Application using Java 21.0.9 with PID 55037 (/Users/a../模型算法/新公交平台/backend/target/classes started by a.. in /Users/a../模型算法/新公交平台/backend) 
[2026-05-21 13:54:45.731] INFO main com.jts.gjcxfzksh.Application[654] - No active profile set, falling back to 1 default profile: "default" 
[2026-05-21 13:54:47.441] INFO main io.undertow.servlet[372] - Initializing Spring embedded WebApplicationContext 
[2026-05-21 13:54:47.644] INFO main com.jts.gjcxfzksh.config.MatsimConfig[93] - 共找到1个方案 
[2026-05-21 13:54:49.076] INFO main io.undertow[120] - starting server: Undertow - 2.3.13.Final 
[2026-05-21 13:54:49.086] INFO main org.xnio[95] - XNIO version 3.8.8.Final 
[2026-05-21 13:54:49.095] INFO main org.xnio.nio[58] - XNIO NIO Implementation Version 3.8.8.Final 
[2026-05-21 13:54:49.143] INFO main org.jboss.threads[55] - JBoss Threads version 3.5.0.Final 
[2026-05-21 13:54:49.257] INFO main com.jts.gjcxfzksh.Application[56] - Started Application in 4.011 seconds (process running for 5.008) 
[2026-05-21 13:54:50.812] INFO XNIO-1 task-2 io.undertow.servlet[372] - Initializing Spring DispatcherServlet 'dispatcherServlet' 
[2026-05-21 13:54:51.177] INFO XNIO-1 task-2 com.jts.gjcxfzksh.api.service.impl.SchemeServiceImpl[64] - [广州市/广州市抽样模型]已加载，无需重复加载 
[2026-05-21 13:54:51.217] INFO XNIO-1 task-2 org.matsim.core.utils.io.IOUtils[224] - Resolved /Volumes/USB DISK/pt_data/广州市/广州市抽样模型/output/output_config_reduced.xml to /Volumes/USB DISK/pt_data/广州市/广州市抽样模型/output/output_config_reduced.xml 
[2026-05-21 13:54:51.222] INFO XNIO-1 task-2 org.matsim.core.config.Config[550] - setting context to [file:/Users/a../%E6%A8%A1%E5%9E%8B%E7%AE%97%E6%B3%95/%E6%96%B0%E5%85%AC%E4%BA%A4%E5%B9%B3%E5%8F%B0/backend/] 
[2026-05-21 13:54:51.298] INFO XNIO-1 task-2 org.matsim.core.utils.io.MatsimXmlParser[170] - starting to parse xml from url file:/Volumes/USB%20DISK/pt_data/广州市/广州市抽样模型/output/output_config_reduced.xml ... 
[2026-05-21 13:54:51.354] INFO XNIO-1 task-2 org.matsim.core.config.ConfigReader[105] - using config_v2-reader 
[2026-05-21 13:54:51.355] INFO XNIO-1 task-2 org.matsim.core.utils.io.MatsimXmlParser[296] - Trying to load http://www.matsim.org/files/dtd/config_v2.dtd. In some cases (e.g. network interface up but no connection), this may take a bit. 
[2026-05-21 13:54:52.433] INFO XNIO-1 task-2 org.matsim.core.config.groups.GlobalConfigGroup[93] - setting number of threads to: 8 
[2026-05-21 13:54:52.454] WARN XNIO-1 task-2 org.matsim.core.config.groups.RoutingConfigGroup[403] - The first mode routing (= teleported mode) params that are explicitly defined clear the default mode routing (= teleported mode) params.  If you want to avoid this  
[2026-05-21 13:54:52.460] WARN XNIO-1 task-2 org.matsim.core.config.groups.RoutingConfigGroup[404] -     warning, use clearTeleportedModeParams(true) in code, and "clearDefaultTeleportedModeParams"=true in xml config. 
[2026-05-21 13:54:52.477] INFO XNIO-1 task-2 org.matsim.core.config.groups.ScoringConfigGroup[560] - scoring parameters for subpopulation null were just replaced. 
[2026-05-21 13:54:52.480] INFO XNIO-1 task-2 org.matsim.core.config.Config[550] - setting context to [file:/Volumes/USB%20DISK/pt_data/广州市/广州市抽样模型/output/output_config_reduced.xml] 
[2026-05-21 13:54:52.493] INFO XNIO-1 task-2 org.matsim.core.config.Config[550] - setting context to [file:/Users/a../%E6%A8%A1%E5%9E%8B%E7%AE%97%E6%B3%95/%E6%96%B0%E5%85%AC%E4%BA%A4%E5%B9%B3%E5%8F%B0/backend/] 
[2026-05-21 13:54:52.495] INFO XNIO-1 task-2 org.matsim.core.utils.io.MatsimXmlParser[153] - starting to parse xml from file /Volumes/USB DISK/pt_data/广州市/广州市抽样模型/output/output_config_reduced.xml ... 
[2026-05-21 13:54:52.495] INFO XNIO-1 task-2 org.matsim.core.utils.io.IOUtils[224] - Resolved /Volumes/USB DISK/pt_data/广州市/广州市抽样模型/output/output_config_reduced.xml to /Volumes/USB DISK/pt_data/广州市/广州市抽样模型/output/output_config_reduced.xml 
[2026-05-21 13:54:52.496] INFO XNIO-1 task-2 org.matsim.core.config.ConfigReader[105] - using config_v2-reader 
[2026-05-21 13:54:52.497] INFO XNIO-1 task-2 org.matsim.core.utils.io.MatsimXmlParser[296] - Trying to load http://www.matsim.org/files/dtd/config_v2.dtd. In some cases (e.g. network interface up but no connection), this may take a bit. 
[2026-05-21 13:54:52.738] INFO XNIO-1 task-2 org.matsim.core.config.groups.GlobalConfigGroup[93] - setting number of threads to: 8 
[2026-05-21 13:54:52.741] WARN XNIO-1 task-2 org.matsim.core.config.groups.RoutingConfigGroup[403] - The first mode routing (= teleported mode) params that are explicitly defined clear the default mode routing (= teleported mode) params.  If you want to avoid this  
[2026-05-21 13:54:52.742] WARN XNIO-1 task-2 org.matsim.core.config.groups.RoutingConfigGroup[404] -     warning, use clearTeleportedModeParams(true) in code, and "clearDefaultTeleportedModeParams"=true in xml config. 
[2026-05-21 13:54:52.753] INFO XNIO-1 task-2 org.matsim.core.config.groups.ScoringConfigGroup[560] - scoring parameters for subpopulation null were just replaced. 
[2026-05-21 13:54:52.782] INFO XNIO-1 task-2 org.matsim.core.scenario.ScenarioLoaderImpl[135] - loading network from file:/Volumes/USB%20DISK/pt_data/广州市/广州市抽样模型/output/output_network.xml.gz 
[2026-05-21 13:54:52.786] INFO XNIO-1 task-2 org.matsim.core.utils.io.MatsimXmlParser[170] - starting to parse xml from url file:/Volumes/USB%20DISK/pt_data/广州市/广州市抽样模型/output/output_network.xml.gz ... 
[2026-05-21 13:54:52.799] INFO XNIO-1 task-2 org.matsim.core.network.io.MatsimNetworkReader[122] - using network_v2-reader. 
[2026-05-21 13:54:52.800] INFO XNIO-1 task-2 org.matsim.core.utils.io.MatsimXmlParser[296] - Trying to load http://www.matsim.org/files/dtd/network_v2.dtd. In some cases (e.g. network interface up but no connection), this may take a bit. 
[2026-05-21 13:54:53.056] INFO XNIO-1 task-2 org.matsim.core.network.NetworkImpl[165] -  node # 1 
[2026-05-21 13:54:53.056] INFO XNIO-1 task-2 org.matsim.core.network.NetworkImpl[165] -  node # 4 
[2026-05-21 13:54:53.057] INFO XNIO-1 task-2 org.matsim.core.network.NetworkImpl[165] -  node # 16 
[2026-05-21 13:54:53.060] INFO XNIO-1 task-2 org.matsim.core.network.NetworkImpl[165] -  node # 64 
[2026-05-21 13:54:53.065] INFO XNIO-1 task-2 org.matsim.core.network.NetworkImpl[165] -  node # 256 
[2026-05-21 13:54:53.082] INFO XNIO-1 task-2 org.matsim.core.network.NetworkImpl[165] -  node # 1024 
[2026-05-21 13:54:53.097] INFO XNIO-1 task-2 org.matsim.core.network.NetworkImpl[165] -  node # 4096 
[2026-05-21 13:54:53.163] INFO XNIO-1 task-2 org.matsim.core.network.NetworkImpl[165] -  node # 16384 
[2026-05-21 13:54:53.349] INFO XNIO-1 task-2 org.matsim.core.network.NetworkImpl[165] -  node # 65536 
[2026-05-21 13:54:54.023] INFO XNIO-1 task-2 org.matsim.core.network.NetworkImpl[165] -  node # 262144 
[2026-05-21 13:54:55.495] INFO XNIO-1 task-2 org.matsim.core.network.NetworkImpl[161] -  link # 1 
[2026-05-21 13:54:55.496] INFO XNIO-1 task-2 org.matsim.core.network.NetworkImpl[161] -  link # 4 
[2026-05-21 13:54:55.497] INFO XNIO-1 task-2 org.matsim.core.network.NetworkImpl[161] -  link # 16 
[2026-05-21 13:54:55.497] INFO XNIO-1 task-2 org.matsim.core.network.NetworkImpl[161] -  link # 64 
[2026-05-21 13:54:55.499] INFO XNIO-1 task-2 org.matsim.core.network.NetworkImpl[161] -  link # 256 
[2026-05-21 13:54:55.505] INFO XNIO-1 task-2 org.matsim.core.network.NetworkImpl[161] -  link # 1024 
[2026-05-21 13:54:55.524] INFO XNIO-1 task-2 org.matsim.core.network.NetworkImpl[161] -  link # 4096 
[2026-05-21 13:54:55.609] INFO XNIO-1 task-2 org.matsim.core.network.NetworkImpl[161] -  link # 16384 
[2026-05-21 13:54:55.953] INFO XNIO-1 task-2 org.matsim.core.network.NetworkImpl[161] -  link # 65536 
[2026-05-21 13:54:57.364] INFO XNIO-1 task-2 org.matsim.core.network.NetworkImpl[161] -  link # 262144 
[2026-05-21 13:55:03.576] INFO XNIO-1 task-2 org.matsim.core.scenario.ScenarioLoaderImpl[160] - loading facilities from file:/Volumes/USB%20DISK/pt_data/广州市/广州市抽样模型/output/output_facilities.xml.gz 
[2026-05-21 13:55:03.593] INFO XNIO-1 task-2 org.matsim.core.utils.io.MatsimXmlParser[170] - starting to parse xml from url file:/Volumes/USB%20DISK/pt_data/广州市/广州市抽样模型/output/output_facilities.xml.gz ... 
[2026-05-21 13:55:03.594] INFO XNIO-1 task-2 org.matsim.facilities.MatsimFacilitiesReader[143] - using facilities_v2-reader. 
[2026-05-21 13:55:03.594] INFO XNIO-1 task-2 org.matsim.core.utils.io.MatsimXmlParser[296] - Trying to load http://www.matsim.org/files/dtd/facilities_v2.dtd. In some cases (e.g. network interface up but no connection), this may take a bit. 
[2026-05-21 13:55:04.389] INFO XNIO-1 task-2 org.matsim.core.scenario.ScenarioLoaderImpl[169] - loaded 0 facilities from file:/Volumes/USB%20DISK/pt_data/广州市/广州市抽样模型/output/output_facilities.xml.gz 
[2026-05-21 13:55:04.389] INFO XNIO-1 task-2 org.matsim.core.scenario.ScenarioLoaderImpl[188] - no facility-attributes file set in config, not loading any facility attributes 
[2026-05-21 13:55:04.390] INFO XNIO-1 task-2 org.matsim.core.scenario.ScenarioLoaderImpl[196] - loading population from file:/Volumes/USB%20DISK/pt_data/广州市/广州市抽样模型/output/output_plans.xml.gz 
[2026-05-21 13:55:04.395] INFO XNIO-1 task-2 org.matsim.core.utils.io.MatsimXmlParser[170] - starting to parse xml from url file:/Volumes/USB%20DISK/pt_data/广州市/广州市抽样模型/output/output_plans.xml.gz ... 
[2026-05-21 13:55:04.396] INFO XNIO-1 task-2 org.matsim.core.population.io.PopulationReader[135] - using population_v6-reader. 
[2026-05-21 13:55:04.397] INFO XNIO-1 task-2 org.matsim.core.utils.io.MatsimXmlParser[296] - Trying to load http://www.matsim.org/files/dtd/population_v6.dtd. In some cases (e.g. network interface up but no connection), this may take a bit. 
[2026-05-21 13:55:04.674] WARN XNIO-1 task-2 org.matsim.core.population.io.PopulationReaderMatsimV6[227] - coordinate transformation defined both in config and in input file: setting from input file will be used 
[2026-05-21 13:55:04.675] INFO XNIO-1 task-2 org.matsim.core.population.io.ParallelPopulationReaderMatsimV6[168] - Start parallel population reading... 
[2026-05-21 13:55:04.679] INFO XNIO-1 task-2 org.matsim.core.population.PopulationImpl[107] -  person # 1 
[2026-05-21 13:55:04.685] INFO XNIO-1 task-2 org.matsim.core.population.PopulationImpl[107] -  person # 4 
[2026-05-21 13:55:04.691] INFO XNIO-1 task-2 org.matsim.core.population.PopulationImpl[107] -  person # 16 
[2026-05-21 13:55:04.704] INFO XNIO-1 task-2 org.matsim.core.population.PopulationImpl[107] -  person # 64 
[2026-05-21 13:55:04.740] INFO XNIO-1 task-2 org.matsim.core.population.PopulationImpl[107] -  person # 256 
[2026-05-21 13:55:04.895] INFO XNIO-1 task-2 org.matsim.core.population.PopulationImpl[107] -  person # 1024 
[2026-05-21 13:55:05.438] INFO XNIO-1 task-2 org.matsim.core.population.PopulationImpl[107] -  person # 4096 
[2026-05-21 13:55:07.745] INFO XNIO-1 task-2 org.matsim.core.population.PopulationImpl[107] -  person # 16384 
[2026-05-21 13:55:17.117] INFO XNIO-1 task-2 org.matsim.core.population.PopulationImpl[107] -  person # 65536 
[2026-05-21 13:55:42.131] INFO XNIO-1 task-2 org.matsim.core.population.io.ParallelPopulationReaderMatsimV6[238] - Finished parallel population reading... 
[2026-05-21 13:55:42.132] INFO XNIO-1 task-2 org.matsim.core.population.PopulationUtils[1122] -  person # 199488 
[2026-05-21 13:55:42.132] INFO XNIO-1 task-2 org.matsim.core.scenario.ScenarioLoaderImpl[244] - no person-attributes file set in config, not loading any person attributes 
[2026-05-21 13:55:42.132] INFO XNIO-1 task-2 org.matsim.core.scenario.ScenarioLoaderImpl[258] - no households file set in config, not loading households 
[2026-05-21 13:55:42.135] INFO XNIO-1 task-2 org.matsim.core.utils.io.MatsimXmlParser[170] - starting to parse xml from url file:/Volumes/USB%20DISK/pt_data/广州市/广州市抽样模型/output/output_transitSchedule.xml.gz ... 
[2026-05-21 13:55:42.139] INFO XNIO-1 task-2 org.matsim.core.utils.io.MatsimXmlParser[296] - Trying to load http://www.matsim.org/files/dtd/transitSchedule_v2.dtd. In some cases (e.g. network interface up but no connection), this may take a bit. 
[2026-05-21 13:55:46.344] INFO XNIO-1 task-2 org.matsim.core.scenario.ScenarioLoaderImpl[329] - loading transit vehicles from /Volumes/USB DISK/pt_data/广州市/广州市抽样模型/output/output_transitVehicles.xml.gz 
[2026-05-21 13:55:46.350] INFO XNIO-1 task-2 org.matsim.core.utils.io.MatsimXmlParser[170] - starting to parse xml from url file:/Volumes/USB%20DISK/pt_data/广州市/广州市抽样模型/output/output_transitVehicles.xml.gz ... 
[2026-05-21 13:55:46.408] INFO XNIO-1 task-2 org.matsim.core.utils.io.MatsimXmlParser[296] - Trying to load http://www.matsim.org/files/dtd/vehicleDefinitions_v2.0.xsd. In some cases (e.g. network interface up but no connection), this may take a bit. 
[2026-05-21 13:55:46.744] INFO XNIO-1 task-2 org.matsim.core.utils.io.MatsimXmlParser[296] - Trying to load http://www.matsim.org/files/dtd/matsimCommon.xsd. In some cases (e.g. network interface up but no connection), this may take a bit. 
[2026-05-21 13:55:47.029] INFO XNIO-1 task-2 org.matsim.core.utils.io.MatsimXmlParser[296] - Trying to load http://www.matsim.org/files/dtd/vehicleDefinitionsEnumTypes.xsd. In some cases (e.g. network interface up but no connection), this may take a bit. 
[2026-05-21 13:55:47.331] INFO XNIO-1 task-2 org.matsim.vehicles.MatsimVehicleReader[77] - Found following schemaLocation in vehicle definition file: http://www.matsim.org/files/dtd http://www.matsim.org/files/dtd/vehicleDefinitions_v2.0.xsd 
[2026-05-21 13:55:47.332] INFO XNIO-1 task-2 org.matsim.vehicles.VehicleReaderV2[24] - Using org.matsim.vehicles.VehicleReaderV2 
[2026-05-21 13:55:47.352] INFO XNIO-1 task-2 org.matsim.core.utils.misc.Counter[70] - [VehiclesImpl] added vehicle # 1 
[2026-05-21 13:55:47.352] INFO XNIO-1 task-2 org.matsim.core.utils.misc.Counter[70] - [VehiclesImpl] added vehicle # 2 
[2026-05-21 13:55:47.353] INFO XNIO-1 task-2 org.matsim.core.utils.misc.Counter[70] - [VehiclesImpl] added vehicle # 4 
[2026-05-21 13:55:47.353] INFO XNIO-1 task-2 org.matsim.core.utils.misc.Counter[70] - [VehiclesImpl] added vehicle # 8 
[2026-05-21 13:55:47.354] INFO XNIO-1 task-2 org.matsim.core.utils.misc.Counter[70] - [VehiclesImpl] added vehicle # 16 
[2026-05-21 13:55:47.354] INFO XNIO-1 task-2 org.matsim.core.utils.misc.Counter[70] - [VehiclesImpl] added vehicle # 32 
[2026-05-21 13:55:47.356] INFO XNIO-1 task-2 org.matsim.core.utils.misc.Counter[70] - [VehiclesImpl] added vehicle # 64 
[2026-05-21 13:55:47.361] INFO XNIO-1 task-2 org.matsim.core.utils.misc.Counter[70] - [VehiclesImpl] added vehicle # 128 
[2026-05-21 13:55:47.366] INFO XNIO-1 task-2 org.matsim.core.utils.misc.Counter[70] - [VehiclesImpl] added vehicle # 256 
[2026-05-21 13:55:47.371] INFO XNIO-1 task-2 org.matsim.core.utils.misc.Counter[70] - [VehiclesImpl] added vehicle # 512 
[2026-05-21 13:55:47.375] INFO XNIO-1 task-2 org.matsim.core.utils.misc.Counter[70] - [VehiclesImpl] added vehicle # 1024 
[2026-05-21 13:55:47.378] INFO XNIO-1 task-2 org.matsim.core.utils.misc.Counter[70] - [VehiclesImpl] added vehicle # 2048 
[2026-05-21 13:55:47.384] INFO XNIO-1 task-2 org.matsim.core.utils.misc.Counter[70] - [VehiclesImpl] added vehicle # 4096 
[2026-05-21 13:55:47.394] INFO XNIO-1 task-2 org.matsim.core.utils.misc.Counter[70] - [VehiclesImpl] added vehicle # 8192 
[2026-05-21 13:55:47.433] INFO XNIO-1 task-2 org.matsim.core.utils.misc.Counter[70] - [VehiclesImpl] added vehicle # 16384 
[2026-05-21 13:55:47.476] INFO XNIO-1 task-2 org.matsim.core.utils.misc.Counter[70] - [VehiclesImpl] added vehicle # 32768 
[2026-05-21 13:55:47.576] INFO XNIO-1 task-2 org.matsim.core.utils.misc.Counter[70] - [VehiclesImpl] added vehicle # 65536 
[2026-05-21 13:55:47.845] INFO XNIO-1 task-2 org.matsim.core.utils.misc.Counter[70] - [VehiclesImpl] added vehicle # 131072 
[2026-05-21 13:55:47.892] INFO XNIO-1 task-2 org.matsim.core.scenario.ScenarioLoaderImpl[339] - loading vehicles from /Volumes/USB DISK/pt_data/广州市/广州市抽样模型/output/output_vehicles.xml.gz 
[2026-05-21 13:55:47.892] INFO XNIO-1 task-2 org.matsim.core.utils.io.MatsimXmlParser[170] - starting to parse xml from url file:/Volumes/USB DISK/pt_data/广州市/广州市抽样模型/output/output_vehicles.xml.gz ... 
[2026-05-21 13:55:47.895] INFO XNIO-1 task-2 org.matsim.core.utils.io.MatsimXmlParser[296] - Trying to load http://www.matsim.org/files/dtd/vehicleDefinitions_v2.0.xsd. In some cases (e.g. network interface up but no connection), this may take a bit. 
[2026-05-21 13:55:48.184] INFO XNIO-1 task-2 org.matsim.core.utils.io.MatsimXmlParser[296] - Trying to load http://www.matsim.org/files/dtd/matsimCommon.xsd. In some cases (e.g. network interface up but no connection), this may take a bit. 
[2026-05-21 13:55:48.449] INFO XNIO-1 task-2 org.matsim.core.utils.io.MatsimXmlParser[296] - Trying to load http://www.matsim.org/files/dtd/vehicleDefinitionsEnumTypes.xsd. In some cases (e.g. network interface up but no connection), this may take a bit. 
[2026-05-21 13:55:48.714] INFO XNIO-1 task-2 org.matsim.vehicles.MatsimVehicleReader[77] - Found following schemaLocation in vehicle definition file: http://www.matsim.org/files/dtd http://www.matsim.org/files/dtd/vehicleDefinitions_v2.0.xsd 
[2026-05-21 13:55:48.714] INFO XNIO-1 task-2 org.matsim.vehicles.VehicleReaderV2[24] - Using org.matsim.vehicles.VehicleReaderV2 
[2026-05-21 13:55:48.715] INFO XNIO-1 task-2 org.matsim.core.utils.misc.Counter[70] - [VehiclesImpl] added vehicle # 1 
[2026-05-21 13:55:48.715] INFO XNIO-1 task-2 org.matsim.core.utils.misc.Counter[70] - [VehiclesImpl] added vehicle # 2 
[2026-05-21 13:55:48.715] INFO XNIO-1 task-2 org.matsim.core.utils.misc.Counter[70] - [VehiclesImpl] added vehicle # 4 
[2026-05-21 13:55:48.715] INFO XNIO-1 task-2 org.matsim.core.utils.misc.Counter[70] - [VehiclesImpl] added vehicle # 8 
[2026-05-21 13:55:48.715] INFO XNIO-1 task-2 org.matsim.core.utils.misc.Counter[70] - [VehiclesImpl] added vehicle # 16 
[2026-05-21 13:55:48.715] INFO XNIO-1 task-2 org.matsim.core.utils.misc.Counter[70] - [VehiclesImpl] added vehicle # 32 
[2026-05-21 13:55:48.715] INFO XNIO-1 task-2 org.matsim.core.utils.misc.Counter[70] - [VehiclesImpl] added vehicle # 64 
[2026-05-21 13:55:48.715] INFO XNIO-1 task-2 org.matsim.core.utils.misc.Counter[70] - [VehiclesImpl] added vehicle # 128 
[2026-05-21 13:55:48.716] INFO XNIO-1 task-2 org.matsim.core.utils.misc.Counter[70] - [VehiclesImpl] added vehicle # 256 
[2026-05-21 13:55:48.717] INFO XNIO-1 task-2 org.matsim.core.utils.misc.Counter[70] - [VehiclesImpl] added vehicle # 512 
[2026-05-21 13:55:48.719] INFO XNIO-1 task-2 org.matsim.core.utils.misc.Counter[70] - [VehiclesImpl] added vehicle # 1024 
[2026-05-21 13:55:48.724] INFO XNIO-1 task-2 org.matsim.core.utils.misc.Counter[70] - [VehiclesImpl] added vehicle # 2048 
[2026-05-21 13:55:48.732] INFO XNIO-1 task-2 org.matsim.core.utils.misc.Counter[70] - [VehiclesImpl] added vehicle # 4096 
[2026-05-21 13:55:48.747] INFO XNIO-1 task-2 org.matsim.core.utils.misc.Counter[70] - [VehiclesImpl] added vehicle # 8192 
[2026-05-21 13:55:48.771] INFO XNIO-1 task-2 org.matsim.core.utils.misc.Counter[70] - [VehiclesImpl] added vehicle # 16384 
[2026-05-21 13:55:48.815] INFO XNIO-1 task-2 org.matsim.core.utils.misc.Counter[70] - [VehiclesImpl] added vehicle # 32768 
[2026-05-21 13:55:48.910] INFO XNIO-1 task-2 org.matsim.core.utils.misc.Counter[70] - [VehiclesImpl] added vehicle # 65536 
[2026-05-21 13:55:49.146] INFO XNIO-1 task-2 org.matsim.core.utils.misc.Counter[70] - [VehiclesImpl] added vehicle # 131072 
[2026-05-21 13:55:49.540] INFO XNIO-1 task-2 org.matsim.core.utils.misc.Counter[70] - [VehiclesImpl] added vehicle # 262144 
[2026-05-21 13:55:50.219] INFO XNIO-1 task-2 org.matsim.core.utils.io.IOUtils[224] - Resolved /Volumes/USB DISK/pt_data/广州市/广州市抽样模型/output/output_events.xml.gz to /Volumes/USB DISK/pt_data/广州市/广州市抽样模型/output/output_events.xml.gz 
[2026-05-21 13:55:50.221] INFO XNIO-1 task-2 com.jts.gjcxfzksh.data.read.EventReader[92] - 开始解析：/Volumes/USB DISK/pt_data/广州市/广州市抽样模型/output/output_events.xml.gz 
[2026-05-21 13:55:50.221] INFO XNIO-1 task-2 com.jts.gjcxfzksh.data.read.EventReader[106] -  event # 1 
[2026-05-21 13:55:50.222] INFO XNIO-1 task-2 com.jts.gjcxfzksh.data.read.EventReader[106] -  event # 4 
[2026-05-21 13:55:50.224] INFO XNIO-1 task-2 com.jts.gjcxfzksh.data.read.EventReader[106] -  event # 16 
[2026-05-21 13:55:50.224] INFO XNIO-1 task-2 com.jts.gjcxfzksh.data.read.EventReader[106] -  event # 64 
[2026-05-21 13:55:50.225] INFO XNIO-1 task-2 com.jts.gjcxfzksh.data.read.EventReader[106] -  event # 256 
[2026-05-21 13:55:50.230] INFO XNIO-1 task-2 com.jts.gjcxfzksh.data.read.EventReader[106] -  event # 1024 
[2026-05-21 13:55:50.237] INFO XNIO-1 task-2 com.jts.gjcxfzksh.data.read.EventReader[106] -  event # 4096 
[2026-05-21 13:55:50.264] INFO XNIO-1 task-2 com.jts.gjcxfzksh.data.read.EventReader[106] -  event # 16384 
[2026-05-21 13:55:50.394] INFO XNIO-1 task-2 com.jts.gjcxfzksh.data.read.EventReader[106] -  event # 65536 
[2026-05-21 13:55:50.851] INFO XNIO-1 task-2 com.jts.gjcxfzksh.data.read.EventReader[106] -  event # 262144 
[2026-05-21 13:55:52.895] INFO XNIO-1 task-2 com.jts.gjcxfzksh.data.read.EventReader[106] -  event # 1048576 
[2026-05-21 13:56:03.516] INFO XNIO-1 task-2 com.jts.gjcxfzksh.data.read.EventReader[106] -  event # 4194304 
[2026-05-21 13:56:43.539] INFO XNIO-1 task-2 com.jts.gjcxfzksh.data.read.EventReader[106] -  event # 16777216 
[2026-05-21 13:59:25.909] INFO XNIO-1 task-2 com.jts.gjcxfzksh.data.read.EventReader[106] -  event # 67108864 
[2026-05-21 14:00:00.064] INFO scheduling-1 com.jts.gjcxfzksh.task.RemoveLoadTask[37] - 执行定时清理任务... 
[2026-05-21 14:04:06.085] INFO XNIO-1 task-2 com.jts.gjcxfzksh.data.read.EventReader[98] - 完成解析，耗时 495863ms 
[2026-05-21 14:04:06.089] INFO XNIO-1 task-2 com.jts.gjcxfzksh.data.read.EventReader[86] - 解析耗时:495871ms 
[2026-05-21 14:04:06.460] INFO XNIO-1 task-2 com.jts.gjcxfzksh.data.Datasource[97] - 加载[广州市/广州市抽样模型]耗时: 555281ms 
[2026-05-21 14:04:20.647] INFO XNIO-1 task-3 com.jts.gjcxfzksh.api.service.impl.NetworkServiceImpl[111] - 读取 link 流量 1015617 条: /Volumes/USB DISK/pt_data/广州市/广州市抽样模型/output/output_links.csv.gz 
[2026-05-21 14:04:24.589] INFO XNIO-1 task-3 com.jts.gjcxfzksh.data.processed.ProcessedNetworkCache[91] - 路网预处理缓存完成: /Volumes/USB DISK/pt_data/广州市/广州市抽样模型/output/.gjcxfzksh-cache/network-v3/z12, 耗时 3915ms 
[2026-05-21 14:04:24.592] INFO XNIO-1 task-2 com.jts.gjcxfzksh.api.service.impl.SchemeServiceImpl[84] - [广州市/广州市抽样模型]预处理缓存完成，耗时 18132ms 
[2026-05-21 14:08:05.360] ERROR XNIO-1 task-5 com.jts.gjcxfzksh.exception.handler.GlobalExceptionHandler[63] - 请求地址'/pt/network/tile',发生系统异常. 
org.springframework.web.context.request.async.AsyncRequestNotUsableException: ServletOutputStream failed to write: Broken pipe
	at org.springframework.web.context.request.async.StandardServletAsyncWebRequest$LifecycleHttpServletResponse.handleIOException(StandardServletAsyncWebRequest.java:320) ~[spring-web-6.1.10.jar:6.1.10]
	at org.springframework.web.context.request.async.StandardServletAsyncWebRequest$LifecycleServletOutputStream.write(StandardServletAsyncWebRequest.java:378) ~[spring-web-6.1.10.jar:6.1.10]
	at org.springframework.util.StreamUtils$NonClosingOutputStream.write(StreamUtils.java:261) ~[spring-core-6.1.10.jar:6.1.10]
	at com.fasterxml.jackson.core.json.UTF8JsonGenerator._flushBuffer(UTF8JsonGenerator.java:2210) ~[jackson-core-2.17.1.jar:2.17.1]
	at com.fasterxml.jackson.core.json.UTF8JsonGenerator.writeRaw(UTF8JsonGenerator.java:764) ~[jackson-core-2.17.1.jar:2.17.1]
	at com.fasterxml.jackson.core.json.UTF8JsonGenerator.writeRaw(UTF8JsonGenerator.java:674) ~[jackson-core-2.17.1.jar:2.17.1]
	at com.fasterxml.jackson.core.json.UTF8JsonGenerator.writeNumber(UTF8JsonGenerator.java:1050) ~[jackson-core-2.17.1.jar:2.17.1]
	at com.fasterxml.jackson.databind.ser.std.NumberSerializers$DoubleSerializer.serialize(NumberSerializers.java:235) ~[jackson-databind-2.17.1.jar:2.17.1]
	at com.fasterxml.jackson.databind.ser.BeanPropertyWriter.serializeAsField(BeanPropertyWriter.java:732) ~[jackson-databind-2.17.1.jar:2.17.1]
	at com.fasterxml.jackson.databind.ser.std.BeanSerializerBase.serializeFields(BeanSerializerBase.java:770) ~[jackson-databind-2.17.1.jar:2.17.1]
	at com.fasterxml.jackson.databind.ser.BeanSerializer.serialize(BeanSerializer.java:183) ~[jackson-databind-2.17.1.jar:2.17.1]
	at com.fasterxml.jackson.databind.ser.impl.IndexedListSerializer.serializeContents(IndexedListSerializer.java:119) ~[jackson-databind-2.17.1.jar:2.17.1]
	at com.fasterxml.jackson.databind.ser.impl.IndexedListSerializer.serialize(IndexedListSerializer.java:79) ~[jackson-databind-2.17.1.jar:2.17.1]
	at com.fasterxml.jackson.databind.ser.impl.IndexedListSerializer.serialize(IndexedListSerializer.java:18) ~[jackson-databind-2.17.1.jar:2.17.1]
	at com.fasterxml.jackson.databind.ser.BeanPropertyWriter.serializeAsField(BeanPropertyWriter.java:732) ~[jackson-databind-2.17.1.jar:2.17.1]
	at com.fasterxml.jackson.databind.ser.std.BeanSerializerBase.serializeFields(BeanSerializerBase.java:770) ~[jackson-databind-2.17.1.jar:2.17.1]
	at com.fasterxml.jackson.databind.ser.BeanSerializer.serialize(BeanSerializer.java:183) ~[jackson-databind-2.17.1.jar:2.17.1]
	at com.fasterxml.jackson.databind.ser.DefaultSerializerProvider._serialize(DefaultSerializerProvider.java:502) ~[jackson-databind-2.17.1.jar:2.17.1]
	at com.fasterxml.jackson.databind.ser.DefaultSerializerProvider.serializeValue(DefaultSerializerProvider.java:341) ~[jackson-databind-2.17.1.jar:2.17.1]
	at com.fasterxml.jackson.databind.ObjectWriter$Prefetch.serialize(ObjectWriter.java:1574) ~[jackson-databind-2.17.1.jar:2.17.1]
	at com.fasterxml.jackson.databind.ObjectWriter.writeValue(ObjectWriter.java:1061) ~[jackson-databind-2.17.1.jar:2.17.1]
	at org.springframework.http.converter.json.AbstractJackson2HttpMessageConverter.writeInternal(AbstractJackson2HttpMessageConverter.java:483) ~[spring-web-6.1.10.jar:6.1.10]
	at org.springframework.http.converter.AbstractGenericHttpMessageConverter.write(AbstractGenericHttpMessageConverter.java:114) ~[spring-web-6.1.10.jar:6.1.10]
	at org.springframework.web.servlet.mvc.method.annotation.AbstractMessageConverterMethodProcessor.writeWithMessageConverters(AbstractMessageConverterMethodProcessor.java:297) ~[spring-webmvc-6.1.10.jar:6.1.10]
	at org.springframework.web.servlet.mvc.method.annotation.RequestResponseBodyMethodProcessor.handleReturnValue(RequestResponseBodyMethodProcessor.java:192) ~[spring-webmvc-6.1.10.jar:6.1.10]
	at org.springframework.web.method.support.HandlerMethodReturnValueHandlerComposite.handleReturnValue(HandlerMethodReturnValueHandlerComposite.java:78) ~[spring-web-6.1.10.jar:6.1.10]
	at org.springframework.web.servlet.mvc.method.annotation.ServletInvocableHandlerMethod.invokeAndHandle(ServletInvocableHandlerMethod.java:136) ~[spring-webmvc-6.1.10.jar:6.1.10]
	at org.springframework.web.servlet.mvc.method.annotation.RequestMappingHandlerAdapter.invokeHandlerMethod(RequestMappingHandlerAdapter.java:926) ~[spring-webmvc-6.1.10.jar:6.1.10]
	at org.springframework.web.servlet.mvc.method.annotation.RequestMappingHandlerAdapter.handleInternal(RequestMappingHandlerAdapter.java:831) ~[spring-webmvc-6.1.10.jar:6.1.10]
	at org.springframework.web.servlet.mvc.method.AbstractHandlerMethodAdapter.handle(AbstractHandlerMethodAdapter.java:87) ~[spring-webmvc-6.1.10.jar:6.1.10]
	at org.springframework.web.servlet.DispatcherServlet.doDispatch(DispatcherServlet.java:1089) ~[spring-webmvc-6.1.10.jar:6.1.10]
	at org.springframework.web.servlet.DispatcherServlet.doService(DispatcherServlet.java:979) ~[spring-webmvc-6.1.10.jar:6.1.10]
	at org.springframework.web.servlet.FrameworkServlet.processRequest(FrameworkServlet.java:1014) ~[spring-webmvc-6.1.10.jar:6.1.10]
	at org.springframework.web.servlet.FrameworkServlet.doPost(FrameworkServlet.java:914) ~[spring-webmvc-6.1.10.jar:6.1.10]
	at jakarta.servlet.http.HttpServlet.service(HttpServlet.java:547) ~[jakarta.servlet-api-6.0.0.jar:6.0.0]
	at org.springframework.web.servlet.FrameworkServlet.service(FrameworkServlet.java:885) ~[spring-webmvc-6.1.10.jar:6.1.10]
	at jakarta.servlet.http.HttpServlet.service(HttpServlet.java:614) ~[jakarta.servlet-api-6.0.0.jar:6.0.0]
	at io.undertow.servlet.handlers.ServletHandler.handleRequest(ServletHandler.java:74) ~[undertow-servlet-2.3.13.Final.jar:2.3.13.Final]
	at io.undertow.servlet.handlers.FilterHandler$FilterChainImpl.doFilter(FilterHandler.java:129) ~[undertow-servlet-2.3.13.Final.jar:2.3.13.Final]
	at org.springframework.web.filter.CorsFilter.doFilterInternal(CorsFilter.java:91) ~[spring-web-6.1.10.jar:6.1.10]
	at org.springframework.web.filter.OncePerRequestFilter.doFilter(OncePerRequestFilter.java:116) ~[spring-web-6.1.10.jar:6.1.10]
	at io.undertow.servlet.core.ManagedFilter.doFilter(ManagedFilter.java:67) ~[undertow-servlet-2.3.13.Final.jar:2.3.13.Final]
	at io.undertow.servlet.handlers.FilterHandler$FilterChainImpl.doFilter(FilterHandler.java:131) ~[undertow-servlet-2.3.13.Final.jar:2.3.13.Final]
	at org.springframework.web.filter.RequestContextFilter.doFilterInternal(RequestContextFilter.java:100) ~[spring-web-6.1.10.jar:6.1.10]
	at org.springframework.web.filter.OncePerRequestFilter.doFilter(OncePerRequestFilter.java:116) ~[spring-web-6.1.10.jar:6.1.10]
	at io.undertow.servlet.core.ManagedFilter.doFilter(ManagedFilter.java:67) ~[undertow-servlet-2.3.13.Final.jar:2.3.13.Final]
	at io.undertow.servlet.handlers.FilterHandler$FilterChainImpl.doFilter(FilterHandler.java:131) ~[undertow-servlet-2.3.13.Final.jar:2.3.13.Final]
	at org.springframework.web.filter.FormContentFilter.doFilterInternal(FormContentFilter.java:93) ~[spring-web-6.1.10.jar:6.1.10]
	at org.springframework.web.filter.OncePerRequestFilter.doFilter(OncePerRequestFilter.java:116) ~[spring-web-6.1.10.jar:6.1.10]
	at io.undertow.servlet.core.ManagedFilter.doFilter(ManagedFilter.java:67) ~[undertow-servlet-2.3.13.Final.jar:2.3.13.Final]
	at io.undertow.servlet.handlers.FilterHandler$FilterChainImpl.doFilter(FilterHandler.java:131) ~[undertow-servlet-2.3.13.Final.jar:2.3.13.Final]
	at org.springframework.web.filter.CharacterEncodingFilter.doFilterInternal(CharacterEncodingFilter.java:201) ~[spring-web-6.1.10.jar:6.1.10]
	at org.springframework.web.filter.OncePerRequestFilter.doFilter(OncePerRequestFilter.java:116) ~[spring-web-6.1.10.jar:6.1.10]
	at io.undertow.servlet.core.ManagedFilter.doFilter(ManagedFilter.java:67) ~[undertow-servlet-2.3.13.Final.jar:2.3.13.Final]
	at io.undertow.servlet.handlers.FilterHandler$FilterChainImpl.doFilter(FilterHandler.java:131) ~[undertow-servlet-2.3.13.Final.jar:2.3.13.Final]
	at io.undertow.servlet.handlers.FilterHandler.handleRequest(FilterHandler.java:84) ~[undertow-servlet-2.3.13.Final.jar:2.3.13.Final]
	at io.undertow.servlet.handlers.security.ServletSecurityRoleHandler.handleRequest(ServletSecurityRoleHandler.java:62) ~[undertow-servlet-2.3.13.Final.jar:2.3.13.Final]
	at io.undertow.servlet.handlers.ServletChain$1.handleRequest(ServletChain.java:68) ~[undertow-servlet-2.3.13.Final.jar:2.3.13.Final]
	at io.undertow.servlet.handlers.ServletDispatchingHandler.handleRequest(ServletDispatchingHandler.java:36) ~[undertow-servlet-2.3.13.Final.jar:2.3.13.Final]
	at io.undertow.servlet.handlers.RedirectDirHandler.handleRequest(RedirectDirHandler.java:68) ~[undertow-servlet-2.3.13.Final.jar:2.3.13.Final]
	at io.undertow.servlet.handlers.security.SSLInformationAssociationHandler.handleRequest(SSLInformationAssociationHandler.java:117) ~[undertow-servlet-2.3.13.Final.jar:2.3.13.Final]
	at io.undertow.servlet.handlers.security.ServletAuthenticationCallHandler.handleRequest(ServletAuthenticationCallHandler.java:57) ~[undertow-servlet-2.3.13.Final.jar:2.3.13.Final]
	at io.undertow.server.handlers.PredicateHandler.handleRequest(PredicateHandler.java:43) ~[undertow-core-2.3.13.Final.jar:2.3.13.Final]
	at io.undertow.security.handlers.AbstractConfidentialityHandler.handleRequest(AbstractConfidentialityHandler.java:46) ~[undertow-core-2.3.13.Final.jar:2.3.13.Final]
	at io.undertow.servlet.handlers.security.ServletConfidentialityConstraintHandler.handleRequest(ServletConfidentialityConstraintHandler.java:64) ~[undertow-servlet-2.3.13.Final.jar:2.3.13.Final]
	at io.undertow.security.handlers.AuthenticationMechanismsHandler.handleRequest(AuthenticationMechanismsHandler.java:60) ~[undertow-core-2.3.13.Final.jar:2.3.13.Final]
	at io.undertow.servlet.handlers.security.CachedAuthenticatedSessionHandler.handleRequest(CachedAuthenticatedSessionHandler.java:77) ~[undertow-servlet-2.3.13.Final.jar:2.3.13.Final]
	at io.undertow.security.handlers.AbstractSecurityContextAssociationHandler.handleRequest(AbstractSecurityContextAssociationHandler.java:43) ~[undertow-core-2.3.13.Final.jar:2.3.13.Final]
	at io.undertow.server.handlers.PredicateHandler.handleRequest(PredicateHandler.java:43) ~[undertow-core-2.3.13.Final.jar:2.3.13.Final]
	at io.undertow.servlet.handlers.SendErrorPageHandler.handleRequest(SendErrorPageHandler.java:52) ~[undertow-servlet-2.3.13.Final.jar:2.3.13.Final]
	at io.undertow.server.handlers.PredicateHandler.handleRequest(PredicateHandler.java:43) ~[undertow-core-2.3.13.Final.jar:2.3.13.Final]
	at io.undertow.servlet.handlers.ServletInitialHandler.handleFirstRequest(ServletInitialHandler.java:276) ~[undertow-servlet-2.3.13.Final.jar:2.3.13.Final]
	at io.undertow.servlet.handlers.ServletInitialHandler$2.call(ServletInitialHandler.java:135) ~[undertow-servlet-2.3.13.Final.jar:2.3.13.Final]
	at io.undertow.servlet.handlers.ServletInitialHandler$2.call(ServletInitialHandler.java:132) ~[undertow-servlet-2.3.13.Final.jar:2.3.13.Final]
	at io.undertow.servlet.core.ServletRequestContextThreadSetupAction$1.call(ServletRequestContextThreadSetupAction.java:48) ~[undertow-servlet-2.3.13.Final.jar:2.3.13.Final]
	at io.undertow.servlet.core.ContextClassLoaderSetupAction$1.call(ContextClassLoaderSetupAction.java:43) ~[undertow-servlet-2.3.13.Final.jar:2.3.13.Final]
	at io.undertow.servlet.handlers.ServletInitialHandler.dispatchRequest(ServletInitialHandler.java:256) ~[undertow-servlet-2.3.13.Final.jar:2.3.13.Final]
	at io.undertow.servlet.handlers.ServletInitialHandler$1.handleRequest(ServletInitialHandler.java:101) ~[undertow-servlet-2.3.13.Final.jar:2.3.13.Final]
	at io.undertow.server.Connectors.executeRootHandler(Connectors.java:393) ~[undertow-core-2.3.13.Final.jar:2.3.13.Final]
	at io.undertow.server.HttpServerExchange$1.run(HttpServerExchange.java:859) ~[undertow-core-2.3.13.Final.jar:2.3.13.Final]
	at org.jboss.threads.ContextHandler$1.runWith(ContextHandler.java:18) ~[jboss-threads-3.5.0.Final.jar:3.5.0.Final]
	at org.jboss.threads.EnhancedQueueExecutor$Task.run(EnhancedQueueExecutor.java:2513) ~[jboss-threads-3.5.0.Final.jar:3.5.0.Final]
	at org.jboss.threads.EnhancedQueueExecutor$ThreadBody.run(EnhancedQueueExecutor.java:1538) ~[jboss-threads-3.5.0.Final.jar:3.5.0.Final]
	at org.xnio.XnioWorker$WorkerThreadFactory$1$1.run(XnioWorker.java:1282) ~[xnio-api-3.8.8.Final.jar:3.8.8.Final]
	at java.base/java.lang.Thread.run(Thread.java:1583) [?:?]
	Suppressed: org.springframework.web.context.request.async.AsyncRequestNotUsableException: Response not usable after response errors.
		at org.springframework.web.context.request.async.StandardServletAsyncWebRequest$LifecycleHttpServletResponse.obtainLockAndCheckState(StandardServletAsyncWebRequest.java:314) ~[spring-web-6.1.10.jar:6.1.10]
		at org.springframework.web.context.request.async.StandardServletAsyncWebRequest$LifecycleServletOutputStream.write(StandardServletAsyncWebRequest.java:373) ~[spring-web-6.1.10.jar:6.1.10]
		at org.springframework.util.StreamUtils$NonClosingOutputStream.write(StreamUtils.java:261) ~[spring-core-6.1.10.jar:6.1.10]
		at com.fasterxml.jackson.core.json.UTF8JsonGenerator._flushBuffer(UTF8JsonGenerator.java:2210) ~[jackson-core-2.17.1.jar:2.17.1]
		at com.fasterxml.jackson.core.json.UTF8JsonGenerator.close(UTF8JsonGenerator.java:1234) ~[jackson-core-2.17.1.jar:2.17.1]
		at org.springframework.http.converter.json.AbstractJackson2HttpMessageConverter.writeInternal(AbstractJackson2HttpMessageConverter.java:452) ~[spring-web-6.1.10.jar:6.1.10]
		at org.springframework.http.converter.AbstractGenericHttpMessageConverter.write(AbstractGenericHttpMessageConverter.java:114) ~[spring-web-6.1.10.jar:6.1.10]
		at org.springframework.web.servlet.mvc.method.annotation.AbstractMessageConverterMethodProcessor.writeWithMessageConverters(AbstractMessageConverterMethodProcessor.java:297) ~[spring-webmvc-6.1.10.jar:6.1.10]
		at org.springframework.web.servlet.mvc.method.annotation.RequestResponseBodyMethodProcessor.handleReturnValue(RequestResponseBodyMethodProcessor.java:192) ~[spring-webmvc-6.1.10.jar:6.1.10]
		at org.springframework.web.method.support.HandlerMethodReturnValueHandlerComposite.handleReturnValue(HandlerMethodReturnValueHandlerComposite.java:78) ~[spring-web-6.1.10.jar:6.1.10]
		at org.springframework.web.servlet.mvc.method.annotation.ServletInvocableHandlerMethod.invokeAndHandle(ServletInvocableHandlerMethod.java:136) ~[spring-webmvc-6.1.10.jar:6.1.10]
		at org.springframework.web.servlet.mvc.method.annotation.RequestMappingHandlerAdapter.invokeHandlerMethod(RequestMappingHandlerAdapter.java:926) ~[spring-webmvc-6.1.10.jar:6.1.10]
		at org.springframework.web.servlet.mvc.method.annotation.RequestMappingHandlerAdapter.handleInternal(RequestMappingHandlerAdapter.java:831) ~[spring-webmvc-6.1.10.jar:6.1.10]
		at org.springframework.web.servlet.mvc.method.AbstractHandlerMethodAdapter.handle(AbstractHandlerMethodAdapter.java:87) ~[spring-webmvc-6.1.10.jar:6.1.10]
		at org.springframework.web.servlet.DispatcherServlet.doDispatch(DispatcherServlet.java:1089) ~[spring-webmvc-6.1.10.jar:6.1.10]
		at org.springframework.web.servlet.DispatcherServlet.doService(DispatcherServlet.java:979) ~[spring-webmvc-6.1.10.jar:6.1.10]
		at org.springframework.web.servlet.FrameworkServlet.processRequest(FrameworkServlet.java:1014) ~[spring-webmvc-6.1.10.jar:6.1.10]
		at org.springframework.web.servlet.FrameworkServlet.doPost(FrameworkServlet.java:914) ~[spring-webmvc-6.1.10.jar:6.1.10]
		at jakarta.servlet.http.HttpServlet.service(HttpServlet.java:547) ~[jakarta.servlet-api-6.0.0.jar:6.0.0]
		at org.springframework.web.servlet.FrameworkServlet.service(FrameworkServlet.java:885) ~[spring-webmvc-6.1.10.jar:6.1.10]
		at jakarta.servlet.http.HttpServlet.service(HttpServlet.java:614) ~[jakarta.servlet-api-6.0.0.jar:6.0.0]
		at io.undertow.servlet.handlers.ServletHandler.handleRequest(ServletHandler.java:74) ~[undertow-servlet-2.3.13.Final.jar:2.3.13.Final]
		at io.undertow.servlet.handlers.FilterHandler$FilterChainImpl.doFilter(FilterHandler.java:129) ~[undertow-servlet-2.3.13.Final.jar:2.3.13.Final]
		at org.springframework.web.filter.CorsFilter.doFilterInternal(CorsFilter.java:91) ~[spring-web-6.1.10.jar:6.1.10]
		at org.springframework.web.filter.OncePerRequestFilter.doFilter(OncePerRequestFilter.java:116) ~[spring-web-6.1.10.jar:6.1.10]
		at io.undertow.servlet.core.ManagedFilter.doFilter(ManagedFilter.java:67) ~[undertow-servlet-2.3.13.Final.jar:2.3.13.Final]
		at io.undertow.servlet.handlers.FilterHandler$FilterChainImpl.doFilter(FilterHandler.java:131) ~[undertow-servlet-2.3.13.Final.jar:2.3.13.Final]
		at org.springframework.web.filter.RequestContextFilter.doFilterInternal(RequestContextFilter.java:100) ~[spring-web-6.1.10.jar:6.1.10]
		at org.springframework.web.filter.OncePerRequestFilter.doFilter(OncePerRequestFilter.java:116) ~[spring-web-6.1.10.jar:6.1.10]
		at io.undertow.servlet.core.ManagedFilter.doFilter(ManagedFilter.java:67) ~[undertow-servlet-2.3.13.Final.jar:2.3.13.Final]
		at io.undertow.servlet.handlers.FilterHandler$FilterChainImpl.doFilter(FilterHandler.java:131) ~[undertow-servlet-2.3.13.Final.jar:2.3.13.Final]
		at org.springframework.web.filter.FormContentFilter.doFilterInternal(FormContentFilter.java:93) ~[spring-web-6.1.10.jar:6.1.10]
		at org.springframework.web.filter.OncePerRequestFilter.doFilter(OncePerRequestFilter.java:116) ~[spring-web-6.1.10.jar:6.1.10]
		at io.undertow.servlet.core.ManagedFilter.doFilter(ManagedFilter.java:67) ~[undertow-servlet-2.3.13.Final.jar:2.3.13.Final]
		at io.undertow.servlet.handlers.FilterHandler$FilterChainImpl.doFilter(FilterHandler.java:131) ~[undertow-servlet-2.3.13.Final.jar:2.3.13.Final]
		at org.springframework.web.filter.CharacterEncodingFilter.doFilterInternal(CharacterEncodingFilter.java:201) ~[spring-web-6.1.10.jar:6.1.10]
		at org.springframework.web.filter.OncePerRequestFilter.doFilter(OncePerRequestFilter.java:116) ~[spring-web-6.1.10.jar:6.1.10]
		at io.undertow.servlet.core.ManagedFilter.doFilter(ManagedFilter.java:67) ~[undertow-servlet-2.3.13.Final.jar:2.3.13.Final]
		at io.undertow.servlet.handlers.FilterHandler$FilterChainImpl.doFilter(FilterHandler.java:131) ~[undertow-servlet-2.3.13.Final.jar:2.3.13.Final]
		at io.undertow.servlet.handlers.FilterHandler.handleRequest(FilterHandler.java:84) ~[undertow-servlet-2.3.13.Final.jar:2.3.13.Final]
		at io.undertow.servlet.handlers.security.ServletSecurityRoleHandler.handleRequest(ServletSecurityRoleHandler.java:62) ~[undertow-servlet-2.3.13.Final.jar:2.3.13.Final]
		at io.undertow.servlet.handlers.ServletChain$1.handleRequest(ServletChain.java:68) ~[undertow-servlet-2.3.13.Final.jar:2.3.13.Final]
		at io.undertow.servlet.handlers.ServletDispatchingHandler.handleRequest(ServletDispatchingHandler.java:36) ~[undertow-servlet-2.3.13.Final.jar:2.3.13.Final]
		at io.undertow.servlet.handlers.RedirectDirHandler.handleRequest(RedirectDirHandler.java:68) ~[undertow-servlet-2.3.13.Final.jar:2.3.13.Final]
		at io.undertow.servlet.handlers.security.SSLInformationAssociationHandler.handleRequest(SSLInformationAssociationHandler.java:117) ~[undertow-servlet-2.3.13.Final.jar:2.3.13.Final]
		at io.undertow.servlet.handlers.security.ServletAuthenticationCallHandler.handleRequest(ServletAuthenticationCallHandler.java:57) ~[undertow-servlet-2.3.13.Final.jar:2.3.13.Final]
		at io.undertow.server.handlers.PredicateHandler.handleRequest(PredicateHandler.java:43) ~[undertow-core-2.3.13.Final.jar:2.3.13.Final]
		at io.undertow.security.handlers.AbstractConfidentialityHandler.handleRequest(AbstractConfidentialityHandler.java:46) ~[undertow-core-2.3.13.Final.jar:2.3.13.Final]
		at io.undertow.servlet.handlers.security.ServletConfidentialityConstraintHandler.handleRequest(ServletConfidentialityConstraintHandler.java:64) ~[undertow-servlet-2.3.13.Final.jar:2.3.13.Final]
		at io.undertow.security.handlers.AuthenticationMechanismsHandler.handleRequest(AuthenticationMechanismsHandler.java:60) ~[undertow-core-2.3.13.Final.jar:2.3.13.Final]
		at io.undertow.servlet.handlers.security.CachedAuthenticatedSessionHandler.handleRequest(CachedAuthenticatedSessionHandler.java:77) ~[undertow-servlet-2.3.13.Final.jar:2.3.13.Final]
		at io.undertow.security.handlers.AbstractSecurityContextAssociationHandler.handleRequest(AbstractSecurityContextAssociationHandler.java:43) ~[undertow-core-2.3.13.Final.jar:2.3.13.Final]
		at io.undertow.server.handlers.PredicateHandler.handleRequest(PredicateHandler.java:43) ~[undertow-core-2.3.13.Final.jar:2.3.13.Final]
		at io.undertow.servlet.handlers.SendErrorPageHandler.handleRequest(SendErrorPageHandler.java:52) ~[undertow-servlet-2.3.13.Final.jar:2.3.13.Final]
		at io.undertow.server.handlers.PredicateHandler.handleRequest(PredicateHandler.java:43) ~[undertow-core-2.3.13.Final.jar:2.3.13.Final]
		at io.undertow.servlet.handlers.ServletInitialHandler.handleFirstRequest(ServletInitialHandler.java:276) ~[undertow-servlet-2.3.13.Final.jar:2.3.13.Final]
		at io.undertow.servlet.handlers.ServletInitialHandler$2.call(ServletInitialHandler.java:135) ~[undertow-servlet-2.3.13.Final.jar:2.3.13.Final]
		at io.undertow.servlet.handlers.ServletInitialHandler$2.call(ServletInitialHandler.java:132) ~[undertow-servlet-2.3.13.Final.jar:2.3.13.Final]
		at io.undertow.servlet.core.ServletRequestContextThreadSetupAction$1.call(ServletRequestContextThreadSetupAction.java:48) ~[undertow-servlet-2.3.13.Final.jar:2.3.13.Final]
		at io.undertow.servlet.core.ContextClassLoaderSetupAction$1.call(ContextClassLoaderSetupAction.java:43) ~[undertow-servlet-2.3.13.Final.jar:2.3.13.Final]
		at io.undertow.servlet.handlers.ServletInitialHandler.dispatchRequest(ServletInitialHandler.java:256) ~[undertow-servlet-2.3.13.Final.jar:2.3.13.Final]
		at io.undertow.servlet.handlers.ServletInitialHandler$1.handleRequest(ServletInitialHandler.java:101) ~[undertow-servlet-2.3.13.Final.jar:2.3.13.Final]
		at io.undertow.server.Connectors.executeRootHandler(Connectors.java:393) ~[undertow-core-2.3.13.Final.jar:2.3.13.Final]
		at io.undertow.server.HttpServerExchange$1.run(HttpServerExchange.java:859) ~[undertow-core-2.3.13.Final.jar:2.3.13.Final]
		at org.jboss.threads.ContextHandler$1.runWith(ContextHandler.java:18) ~[jboss-threads-3.5.0.Final.jar:3.5.0.Final]
		at org.jboss.threads.EnhancedQueueExecutor$Task.run(EnhancedQueueExecutor.java:2513) ~[jboss-threads-3.5.0.Final.jar:3.5.0.Final]
		at org.jboss.threads.EnhancedQueueExecutor$ThreadBody.run(EnhancedQueueExecutor.java:1538) ~[jboss-threads-3.5.0.Final.jar:3.5.0.Final]
		at org.xnio.XnioWorker$WorkerThreadFactory$1$1.run(XnioWorker.java:1282) ~[xnio-api-3.8.8.Final.jar:3.8.8.Final]
		at java.base/java.lang.Thread.run(Thread.java:1583) [?:?]
Caused by: java.io.IOException: Broken pipe
	at java.base/sun.nio.ch.SocketDispatcher.write0(Native Method) ~[?:?]
	at java.base/sun.nio.ch.SocketDispatcher.write(SocketDispatcher.java:62) ~[?:?]
	at java.base/sun.nio.ch.IOUtil.writeFromNativeBuffer(IOUtil.java:137) ~[?:?]
	at java.base/sun.nio.ch.IOUtil.write(IOUtil.java:81) ~[?:?]
	at java.base/sun.nio.ch.IOUtil.write(IOUtil.java:58) ~[?:?]
	at java.base/sun.nio.ch.SocketChannelImpl.write(SocketChannelImpl.java:542) ~[?:?]
	at org.xnio.nio.NioSocketConduit.write(NioSocketConduit.java:153) ~[xnio-nio-3.8.8.Final.jar:3.8.8.Final]
	at io.undertow.server.protocol.http.HttpResponseConduit.write(HttpResponseConduit.java:629) ~[undertow-core-2.3.13.Final.jar:2.3.13.Final]
	at org.xnio.conduits.AbstractStreamSinkConduit.write(AbstractStreamSinkConduit.java:51) ~[xnio-api-3.8.8.Final.jar:3.8.8.Final]
	at io.undertow.conduits.DeflatingStreamSinkConduit.performFlushIfRequiredSingleBuffer(DeflatingStreamSinkConduit.java:445) ~[undertow-core-2.3.13.Final.jar:2.3.13.Final]
	at io.undertow.conduits.DeflatingStreamSinkConduit.performFlushIfRequired(DeflatingStreamSinkConduit.java:432) ~[undertow-core-2.3.13.Final.jar:2.3.13.Final]
	at io.undertow.conduits.DeflatingStreamSinkConduit.deflateData(DeflatingStreamSinkConduit.java:522) ~[undertow-core-2.3.13.Final.jar:2.3.13.Final]
	at io.undertow.conduits.DeflatingStreamSinkConduit.write(DeflatingStreamSinkConduit.java:130) ~[undertow-core-2.3.13.Final.jar:2.3.13.Final]
	at io.undertow.conduits.DeflatingStreamSinkConduit.write(DeflatingStreamSinkConduit.java:165) ~[undertow-core-2.3.13.Final.jar:2.3.13.Final]
	at org.xnio.conduits.ConduitStreamSinkChannel.write(ConduitStreamSinkChannel.java:158) ~[xnio-api-3.8.8.Final.jar:3.8.8.Final]
	at io.undertow.channels.DetachableStreamSinkChannel.write(DetachableStreamSinkChannel.java:179) ~[undertow-core-2.3.13.Final.jar:2.3.13.Final]
	at io.undertow.server.HttpServerExchange$WriteDispatchChannel.write(HttpServerExchange.java:2172) ~[undertow-core-2.3.13.Final.jar:2.3.13.Final]
	at org.xnio.channels.Channels.writeBlocking(Channels.java:202) ~[xnio-api-3.8.8.Final.jar:3.8.8.Final]
	at io.undertow.servlet.spec.ServletOutputStreamImpl.writeTooLargeForBuffer(ServletOutputStreamImpl.java:201) ~[undertow-servlet-2.3.13.Final.jar:2.3.13.Final]
	at io.undertow.servlet.spec.ServletOutputStreamImpl.write(ServletOutputStreamImpl.java:149) ~[undertow-servlet-2.3.13.Final.jar:2.3.13.Final]
	at org.springframework.web.context.request.async.StandardServletAsyncWebRequest$LifecycleServletOutputStream.write(StandardServletAsyncWebRequest.java:375) ~[spring-web-6.1.10.jar:6.1.10]
	... 83 more
[2026-05-21 14:08:05.361] ERROR XNIO-1 task-3 com.jts.gjcxfzksh.exception.handler.GlobalExceptionHandler[63] - 请求地址'/pt/network/tile',发生系统异常. 
org.springframework.web.context.request.async.AsyncRequestNotUsableException: ServletOutputStream failed to write: Broken pipe
	at org.springframework.web.context.request.async.StandardServletAsyncWebRequest$LifecycleHttpServletResponse.handleIOException(StandardServletAsyncWebRequest.java:320) ~[spring-web-6.1.10.jar:6.1.10]
	at org.springframework.web.context.request.async.StandardServletAsyncWebRequest$LifecycleServletOutputStream.write(StandardServletAsyncWebRequest.java:378) ~[spring-web-6.1.10.jar:6.1.10]
	at org.springframework.util.StreamUtils$NonClosingOutputStream.write(StreamUtils.java:261) ~[spring-core-6.1.10.jar:6.1.10]
	at com.fasterxml.jackson.core.json.UTF8JsonGenerator._flushBuffer(UTF8JsonGenerator.java:2210) ~[jackson-core-2.17.1.jar:2.17.1]
	at com.fasterxml.jackson.core.json.UTF8JsonGenerator.writeRaw(UTF8JsonGenerator.java:764) ~[jackson-core-2.17.1.jar:2.17.1]
	at com.fasterxml.jackson.core.json.UTF8JsonGenerator.writeRaw(UTF8JsonGenerator.java:674) ~[jackson-core-2.17.1.jar:2.17.1]
	at com.fasterxml.jackson.core.json.UTF8JsonGenerator.writeNumber(UTF8JsonGenerator.java:1050) ~[jackson-core-2.17.1.jar:2.17.1]
	at com.fasterxml.jackson.databind.ser.std.NumberSerializers$DoubleSerializer.serialize(NumberSerializers.java:235) ~[jackson-databind-2.17.1.jar:2.17.1]
	at com.fasterxml.jackson.databind.ser.BeanPropertyWriter.serializeAsField(BeanPropertyWriter.java:732) ~[jackson-databind-2.17.1.jar:2.17.1]
	at com.fasterxml.jackson.databind.ser.std.BeanSerializerBase.serializeFields(BeanSerializerBase.java:770) ~[jackson-databind-2.17.1.jar:2.17.1]
	at com.fasterxml.jackson.databind.ser.BeanSerializer.serialize(BeanSerializer.java:183) ~[jackson-databind-2.17.1.jar:2.17.1]
	at com.fasterxml.jackson.databind.ser.impl.IndexedListSerializer.serializeContents(IndexedListSerializer.java:119) ~[jackson-databind-2.17.1.jar:2.17.1]
	at com.fasterxml.jackson.databind.ser.impl.IndexedListSerializer.serialize(IndexedListSerializer.java:79) ~[jackson-databind-2.17.1.jar:2.17.1]
	at com.fasterxml.jackson.databind.ser.impl.IndexedListSerializer.serialize(IndexedListSerializer.java:18) ~[jackson-databind-2.17.1.jar:2.17.1]
	at com.fasterxml.jackson.databind.ser.BeanPropertyWriter.serializeAsField(BeanPropertyWriter.java:732) ~[jackson-databind-2.17.1.jar:2.17.1]
	at com.fasterxml.jackson.databind.ser.std.BeanSerializerBase.serializeFields(BeanSerializerBase.java:770) ~[jackson-databind-2.17.1.jar:2.17.1]
	at com.fasterxml.jackson.databind.ser.BeanSerializer.serialize(BeanSerializer.java:183) ~[jackson-databind-2.17.1.jar:2.17.1]
	at com.fasterxml.jackson.databind.ser.DefaultSerializerProvider._serialize(DefaultSerializerProvider.java:502) ~[jackson-databind-2.17.1.jar:2.17.1]
	at com.fasterxml.jackson.databind.ser.DefaultSerializerProvider.serializeValue(DefaultSerializerProvider.java:341) ~[jackson-databind-2.17.1.jar:2.17.1]
	at com.fasterxml.jackson.databind.ObjectWriter$Prefetch.serialize(ObjectWriter.java:1574) ~[jackson-databind-2.17.1.jar:2.17.1]
	at com.fasterxml.jackson.databind.ObjectWriter.writeValue(ObjectWriter.java:1061) ~[jackson-databind-2.17.1.jar:2.17.1]
	at org.springframework.http.converter.json.AbstractJackson2HttpMessageConverter.writeInternal(AbstractJackson2HttpMessageConverter.java:483) ~[spring-web-6.1.10.jar:6.1.10]
	at org.springframework.http.converter.AbstractGenericHttpMessageConverter.write(AbstractGenericHttpMessageConverter.java:114) ~[spring-web-6.1.10.jar:6.1.10]
	at org.springframework.web.servlet.mvc.method.annotation.AbstractMessageConverterMethodProcessor.writeWithMessageConverters(AbstractMessageConverterMethodProcessor.java:297) ~[spring-webmvc-6.1.10.jar:6.1.10]
	at org.springframework.web.servlet.mvc.method.annotation.RequestResponseBodyMethodProcessor.handleReturnValue(RequestResponseBodyMethodProcessor.java:192) ~[spring-webmvc-6.1.10.jar:6.1.10]
	at org.springframework.web.method.support.HandlerMethodReturnValueHandlerComposite.handleReturnValue(HandlerMethodReturnValueHandlerComposite.java:78) ~[spring-web-6.1.10.jar:6.1.10]
	at org.springframework.web.servlet.mvc.method.annotation.ServletInvocableHandlerMethod.invokeAndHandle(ServletInvocableHandlerMethod.java:136) ~[spring-webmvc-6.1.10.jar:6.1.10]
	at org.springframework.web.servlet.mvc.method.annotation.RequestMappingHandlerAdapter.invokeHandlerMethod(RequestMappingHandlerAdapter.java:926) ~[spring-webmvc-6.1.10.jar:6.1.10]
	at org.springframework.web.servlet.mvc.method.annotation.RequestMappingHandlerAdapter.handleInternal(RequestMappingHandlerAdapter.java:831) ~[spring-webmvc-6.1.10.jar:6.1.10]
	at org.springframework.web.servlet.mvc.method.AbstractHandlerMethodAdapter.handle(AbstractHandlerMethodAdapter.java:87) ~[spring-webmvc-6.1.10.jar:6.1.10]
	at org.springframework.web.servlet.DispatcherServlet.doDispatch(DispatcherServlet.java:1089) ~[spring-webmvc-6.1.10.jar:6.1.10]
	at org.springframework.web.servlet.DispatcherServlet.doService(DispatcherServlet.java:979) ~[spring-webmvc-6.1.10.jar:6.1.10]
	at org.springframework.web.servlet.FrameworkServlet.processRequest(FrameworkServlet.java:1014) ~[spring-webmvc-6.1.10.jar:6.1.10]
	at org.springframework.web.servlet.FrameworkServlet.doPost(FrameworkServlet.java:914) ~[spring-webmvc-6.1.10.jar:6.1.10]
	at jakarta.servlet.http.HttpServlet.service(HttpServlet.java:547) ~[jakarta.servlet-api-6.0.0.jar:6.0.0]
	at org.springframework.web.servlet.FrameworkServlet.service(FrameworkServlet.java:885) ~[spring-webmvc-6.1.10.jar:6.1.10]
	at jakarta.servlet.http.HttpServlet.service(HttpServlet.java:614) ~[jakarta.servlet-api-6.0.0.jar:6.0.0]
	at io.undertow.servlet.handlers.ServletHandler.handleRequest(ServletHandler.java:74) ~[undertow-servlet-2.3.13.Final.jar:2.3.13.Final]
	at io.undertow.servlet.handlers.FilterHandler$FilterChainImpl.doFilter(FilterHandler.java:129) ~[undertow-servlet-2.3.13.Final.jar:2.3.13.Final]
	at org.springframework.web.filter.CorsFilter.doFilterInternal(CorsFilter.java:91) ~[spring-web-6.1.10.jar:6.1.10]
	at org.springframework.web.filter.OncePerRequestFilter.doFilter(OncePerRequestFilter.java:116) ~[spring-web-6.1.10.jar:6.1.10]
	at io.undertow.servlet.core.ManagedFilter.doFilter(ManagedFilter.java:67) ~[undertow-servlet-2.3.13.Final.jar:2.3.13.Final]
	at io.undertow.servlet.handlers.FilterHandler$FilterChainImpl.doFilter(FilterHandler.java:131) ~[undertow-servlet-2.3.13.Final.jar:2.3.13.Final]
	at org.springframework.web.filter.RequestContextFilter.doFilterInternal(RequestContextFilter.java:100) ~[spring-web-6.1.10.jar:6.1.10]
	at org.springframework.web.filter.OncePerRequestFilter.doFilter(OncePerRequestFilter.java:116) ~[spring-web-6.1.10.jar:6.1.10]
	at io.undertow.servlet.core.ManagedFilter.doFilter(ManagedFilter.java:67) ~[undertow-servlet-2.3.13.Final.jar:2.3.13.Final]
	at io.undertow.servlet.handlers.FilterHandler$FilterChainImpl.doFilter(FilterHandler.java:131) ~[undertow-servlet-2.3.13.Final.jar:2.3.13.Final]
	at org.springframework.web.filter.FormContentFilter.doFilterInternal(FormContentFilter.java:93) ~[spring-web-6.1.10.jar:6.1.10]
	at org.springframework.web.filter.OncePerRequestFilter.doFilter(OncePerRequestFilter.java:116) ~[spring-web-6.1.10.jar:6.1.10]
	at io.undertow.servlet.core.ManagedFilter.doFilter(ManagedFilter.java:67) ~[undertow-servlet-2.3.13.Final.jar:2.3.13.Final]
	at io.undertow.servlet.handlers.FilterHandler$FilterChainImpl.doFilter(FilterHandler.java:131) ~[undertow-servlet-2.3.13.Final.jar:2.3.13.Final]
	at org.springframework.web.filter.CharacterEncodingFilter.doFilterInternal(CharacterEncodingFilter.java:201) ~[spring-web-6.1.10.jar:6.1.10]
	at org.springframework.web.filter.OncePerRequestFilter.doFilter(OncePerRequestFilter.java:116) ~[spring-web-6.1.10.jar:6.1.10]
	at io.undertow.servlet.core.ManagedFilter.doFilter(ManagedFilter.java:67) ~[undertow-servlet-2.3.13.Final.jar:2.3.13.Final]
	at io.undertow.servlet.handlers.FilterHandler$FilterChainImpl.doFilter(FilterHandler.java:131) ~[undertow-servlet-2.3.13.Final.jar:2.3.13.Final]
	at io.undertow.servlet.handlers.FilterHandler.handleRequest(FilterHandler.java:84) ~[undertow-servlet-2.3.13.Final.jar:2.3.13.Final]
	at io.undertow.servlet.handlers.security.ServletSecurityRoleHandler.handleRequest(ServletSecurityRoleHandler.java:62) ~[undertow-servlet-2.3.13.Final.jar:2.3.13.Final]
	at io.undertow.servlet.handlers.ServletChain$1.handleRequest(ServletChain.java:68) ~[undertow-servlet-2.3.13.Final.jar:2.3.13.Final]
	at io.undertow.servlet.handlers.ServletDispatchingHandler.handleRequest(ServletDispatchingHandler.java:36) ~[undertow-servlet-2.3.13.Final.jar:2.3.13.Final]
	at io.undertow.servlet.handlers.RedirectDirHandler.handleRequest(RedirectDirHandler.java:68) ~[undertow-servlet-2.3.13.Final.jar:2.3.13.Final]
	at io.undertow.servlet.handlers.security.SSLInformationAssociationHandler.handleRequest(SSLInformationAssociationHandler.java:117) ~[undertow-servlet-2.3.13.Final.jar:2.3.13.Final]
	at io.undertow.servlet.handlers.security.ServletAuthenticationCallHandler.handleRequest(ServletAuthenticationCallHandler.java:57) ~[undertow-servlet-2.3.13.Final.jar:2.3.13.Final]
	at io.undertow.server.handlers.PredicateHandler.handleRequest(PredicateHandler.java:43) ~[undertow-core-2.3.13.Final.jar:2.3.13.Final]
	at io.undertow.security.handlers.AbstractConfidentialityHandler.handleRequest(AbstractConfidentialityHandler.java:46) ~[undertow-core-2.3.13.Final.jar:2.3.13.Final]
	at io.undertow.servlet.handlers.security.ServletConfidentialityConstraintHandler.handleRequest(ServletConfidentialityConstraintHandler.java:64) ~[undertow-servlet-2.3.13.Final.jar:2.3.13.Final]
	at io.undertow.security.handlers.AuthenticationMechanismsHandler.handleRequest(AuthenticationMechanismsHandler.java:60) ~[undertow-core-2.3.13.Final.jar:2.3.13.Final]
	at io.undertow.servlet.handlers.security.CachedAuthenticatedSessionHandler.handleRequest(CachedAuthenticatedSessionHandler.java:77) ~[undertow-servlet-2.3.13.Final.jar:2.3.13.Final]
	at io.undertow.security.handlers.AbstractSecurityContextAssociationHandler.handleRequest(AbstractSecurityContextAssociationHandler.java:43) ~[undertow-core-2.3.13.Final.jar:2.3.13.Final]
	at io.undertow.server.handlers.PredicateHandler.handleRequest(PredicateHandler.java:43) ~[undertow-core-2.3.13.Final.jar:2.3.13.Final]
	at io.undertow.servlet.handlers.SendErrorPageHandler.handleRequest(SendErrorPageHandler.java:52) ~[undertow-servlet-2.3.13.Final.jar:2.3.13.Final]
	at io.undertow.server.handlers.PredicateHandler.handleRequest(PredicateHandler.java:43) ~[undertow-core-2.3.13.Final.jar:2.3.13.Final]
	at io.undertow.servlet.handlers.ServletInitialHandler.handleFirstRequest(ServletInitialHandler.java:276) ~[undertow-servlet-2.3.13.Final.jar:2.3.13.Final]
	at io.undertow.servlet.handlers.ServletInitialHandler$2.call(ServletInitialHandler.java:135) ~[undertow-servlet-2.3.13.Final.jar:2.3.13.Final]
	at io.undertow.servlet.handlers.ServletInitialHandler$2.call(ServletInitialHandler.java:132) ~[undertow-servlet-2.3.13.Final.jar:2.3.13.Final]
	at io.undertow.servlet.core.ServletRequestContextThreadSetupAction$1.call(ServletRequestContextThreadSetupAction.java:48) ~[undertow-servlet-2.3.13.Final.jar:2.3.13.Final]
	at io.undertow.servlet.core.ContextClassLoaderSetupAction$1.call(ContextClassLoaderSetupAction.java:43) ~[undertow-servlet-2.3.13.Final.jar:2.3.13.Final]
	at io.undertow.servlet.handlers.ServletInitialHandler.dispatchRequest(ServletInitialHandler.java:256) ~[undertow-servlet-2.3.13.Final.jar:2.3.13.Final]
	at io.undertow.servlet.handlers.ServletInitialHandler$1.handleRequest(ServletInitialHandler.java:101) ~[undertow-servlet-2.3.13.Final.jar:2.3.13.Final]
	at io.undertow.server.Connectors.executeRootHandler(Connectors.java:393) ~[undertow-core-2.3.13.Final.jar:2.3.13.Final]
	at io.undertow.server.HttpServerExchange$1.run(HttpServerExchange.java:859) ~[undertow-core-2.3.13.Final.jar:2.3.13.Final]
	at org.jboss.threads.ContextHandler$1.runWith(ContextHandler.java:18) ~[jboss-threads-3.5.0.Final.jar:3.5.0.Final]
	at org.jboss.threads.EnhancedQueueExecutor$Task.run(EnhancedQueueExecutor.java:2513) ~[jboss-threads-3.5.0.Final.jar:3.5.0.Final]
	at org.jboss.threads.EnhancedQueueExecutor$ThreadBody.run(EnhancedQueueExecutor.java:1538) ~[jboss-threads-3.5.0.Final.jar:3.5.0.Final]
	at org.xnio.XnioWorker$WorkerThreadFactory$1$1.run(XnioWorker.java:1282) ~[xnio-api-3.8.8.Final.jar:3.8.8.Final]
	at java.base/java.lang.Thread.run(Thread.java:1583) [?:?]
	Suppressed: org.springframework.web.context.request.async.AsyncRequestNotUsableException: Response not usable after response errors.
		at org.springframework.web.context.request.async.StandardServletAsyncWebRequest$LifecycleHttpServletResponse.obtainLockAndCheckState(StandardServletAsyncWebRequest.java:314) ~[spring-web-6.1.10.jar:6.1.10]
		at org.springframework.web.context.request.async.StandardServletAsyncWebRequest$LifecycleServletOutputStream.write(StandardServletAsyncWebRequest.java:373) ~[spring-web-6.1.10.jar:6.1.10]
		at org.springframework.util.StreamUtils$NonClosingOutputStream.write(StreamUtils.java:261) ~[spring-core-6.1.10.jar:6.1.10]
		at com.fasterxml.jackson.core.json.UTF8JsonGenerator._flushBuffer(UTF8JsonGenerator.java:2210) ~[jackson-core-2.17.1.jar:2.17.1]
		at com.fasterxml.jackson.core.json.UTF8JsonGenerator.close(UTF8JsonGenerator.java:1234) ~[jackson-core-2.17.1.jar:2.17.1]
		at org.springframework.http.converter.json.AbstractJackson2HttpMessageConverter.writeInternal(AbstractJackson2HttpMessageConverter.java:452) ~[spring-web-6.1.10.jar:6.1.10]
		at org.springframework.http.converter.AbstractGenericHttpMessageConverter.write(AbstractGenericHttpMessageConverter.java:114) ~[spring-web-6.1.10.jar:6.1.10]
		at org.springframework.web.servlet.mvc.method.annotation.AbstractMessageConverterMethodProcessor.writeWithMessageConverters(AbstractMessageConverterMethodProcessor.java:297) ~[spring-webmvc-6.1.10.jar:6.1.10]
		at org.springframework.web.servlet.mvc.method.annotation.RequestResponseBodyMethodProcessor.handleReturnValue(RequestResponseBodyMethodProcessor.java:192) ~[spring-webmvc-6.1.10.jar:6.1.10]
		at org.springframework.web.method.support.HandlerMethodReturnValueHandlerComposite.handleReturnValue(HandlerMethodReturnValueHandlerComposite.java:78) ~[spring-web-6.1.10.jar:6.1.10]
		at org.springframework.web.servlet.mvc.method.annotation.ServletInvocableHandlerMethod.invokeAndHandle(ServletInvocableHandlerMethod.java:136) ~[spring-webmvc-6.1.10.jar:6.1.10]
		at org.springframework.web.servlet.mvc.method.annotation.RequestMappingHandlerAdapter.invokeHandlerMethod(RequestMappingHandlerAdapter.java:926) ~[spring-webmvc-6.1.10.jar:6.1.10]
		at org.springframework.web.servlet.mvc.method.annotation.RequestMappingHandlerAdapter.handleInternal(RequestMappingHandlerAdapter.java:831) ~[spring-webmvc-6.1.10.jar:6.1.10]
		at org.springframework.web.servlet.mvc.method.AbstractHandlerMethodAdapter.handle(AbstractHandlerMethodAdapter.java:87) ~[spring-webmvc-6.1.10.jar:6.1.10]
		at org.springframework.web.servlet.DispatcherServlet.doDispatch(DispatcherServlet.java:1089) ~[spring-webmvc-6.1.10.jar:6.1.10]
		at org.springframework.web.servlet.DispatcherServlet.doService(DispatcherServlet.java:979) ~[spring-webmvc-6.1.10.jar:6.1.10]
		at org.springframework.web.servlet.FrameworkServlet.processRequest(FrameworkServlet.java:1014) ~[spring-webmvc-6.1.10.jar:6.1.10]
		at org.springframework.web.servlet.FrameworkServlet.doPost(FrameworkServlet.java:914) ~[spring-webmvc-6.1.10.jar:6.1.10]
		at jakarta.servlet.http.HttpServlet.service(HttpServlet.java:547) ~[jakarta.servlet-api-6.0.0.jar:6.0.0]
		at org.springframework.web.servlet.FrameworkServlet.service(FrameworkServlet.java:885) ~[spring-webmvc-6.1.10.jar:6.1.10]
		at jakarta.servlet.http.HttpServlet.service(HttpServlet.java:614) ~[jakarta.servlet-api-6.0.0.jar:6.0.0]
		at io.undertow.servlet.handlers.ServletHandler.handleRequest(ServletHandler.java:74) ~[undertow-servlet-2.3.13.Final.jar:2.3.13.Final]
		at io.undertow.servlet.handlers.FilterHandler$FilterChainImpl.doFilter(FilterHandler.java:129) ~[undertow-servlet-2.3.13.Final.jar:2.3.13.Final]
		at org.springframework.web.filter.CorsFilter.doFilterInternal(CorsFilter.java:91) ~[spring-web-6.1.10.jar:6.1.10]
		at org.springframework.web.filter.OncePerRequestFilter.doFilter(OncePerRequestFilter.java:116) ~[spring-web-6.1.10.jar:6.1.10]
		at io.undertow.servlet.core.ManagedFilter.doFilter(ManagedFilter.java:67) ~[undertow-servlet-2.3.13.Final.jar:2.3.13.Final]
		at io.undertow.servlet.handlers.FilterHandler$FilterChainImpl.doFilter(FilterHandler.java:131) ~[undertow-servlet-2.3.13.Final.jar:2.3.13.Final]
		at org.springframework.web.filter.RequestContextFilter.doFilterInternal(RequestContextFilter.java:100) ~[spring-web-6.1.10.jar:6.1.10]
		at org.springframework.web.filter.OncePerRequestFilter.doFilter(OncePerRequestFilter.java:116) ~[spring-web-6.1.10.jar:6.1.10]
		at io.undertow.servlet.core.ManagedFilter.doFilter(ManagedFilter.java:67) ~[undertow-servlet-2.3.13.Final.jar:2.3.13.Final]
		at io.undertow.servlet.handlers.FilterHandler$FilterChainImpl.doFilter(FilterHandler.java:131) ~[undertow-servlet-2.3.13.Final.jar:2.3.13.Final]
		at org.springframework.web.filter.FormContentFilter.doFilterInternal(FormContentFilter.java:93) ~[spring-web-6.1.10.jar:6.1.10]
		at org.springframework.web.filter.OncePerRequestFilter.doFilter(OncePerRequestFilter.java:116) ~[spring-web-6.1.10.jar:6.1.10]
		at io.undertow.servlet.core.ManagedFilter.doFilter(ManagedFilter.java:67) ~[undertow-servlet-2.3.13.Final.jar:2.3.13.Final]
		at io.undertow.servlet.handlers.FilterHandler$FilterChainImpl.doFilter(FilterHandler.java:131) ~[undertow-servlet-2.3.13.Final.jar:2.3.13.Final]
		at org.springframework.web.filter.CharacterEncodingFilter.doFilterInternal(CharacterEncodingFilter.java:201) ~[spring-web-6.1.10.jar:6.1.10]
		at org.springframework.web.filter.OncePerRequestFilter.doFilter(OncePerRequestFilter.java:116) ~[spring-web-6.1.10.jar:6.1.10]
		at io.undertow.servlet.core.ManagedFilter.doFilter(ManagedFilter.java:67) ~[undertow-servlet-2.3.13.Final.jar:2.3.13.Final]
		at io.undertow.servlet.handlers.FilterHandler$FilterChainImpl.doFilter(FilterHandler.java:131) ~[undertow-servlet-2.3.13.Final.jar:2.3.13.Final]
		at io.undertow.servlet.handlers.FilterHandler.handleRequest(FilterHandler.java:84) ~[undertow-servlet-2.3.13.Final.jar:2.3.13.Final]
		at io.undertow.servlet.handlers.security.ServletSecurityRoleHandler.handleRequest(ServletSecurityRoleHandler.java:62) ~[undertow-servlet-2.3.13.Final.jar:2.3.13.Final]
		at io.undertow.servlet.handlers.ServletChain$1.handleRequest(ServletChain.java:68) ~[undertow-servlet-2.3.13.Final.jar:2.3.13.Final]
		at io.undertow.servlet.handlers.ServletDispatchingHandler.handleRequest(ServletDispatchingHandler.java:36) ~[undertow-servlet-2.3.13.Final.jar:2.3.13.Final]
		at io.undertow.servlet.handlers.RedirectDirHandler.handleRequest(RedirectDirHandler.java:68) ~[undertow-servlet-2.3.13.Final.jar:2.3.13.Final]
		at io.undertow.servlet.handlers.security.SSLInformationAssociationHandler.handleRequest(SSLInformationAssociationHandler.java:117) ~[undertow-servlet-2.3.13.Final.jar:2.3.13.Final]
		at io.undertow.servlet.handlers.security.ServletAuthenticationCallHandler.handleRequest(ServletAuthenticationCallHandler.java:57) ~[undertow-servlet-2.3.13.Final.jar:2.3.13.Final]
		at io.undertow.server.handlers.PredicateHandler.handleRequest(PredicateHandler.java:43) ~[undertow-core-2.3.13.Final.jar:2.3.13.Final]
		at io.undertow.security.handlers.AbstractConfidentialityHandler.handleRequest(AbstractConfidentialityHandler.java:46) ~[undertow-core-2.3.13.Final.jar:2.3.13.Final]
		at io.undertow.servlet.handlers.security.ServletConfidentialityConstraintHandler.handleRequest(ServletConfidentialityConstraintHandler.java:64) ~[undertow-servlet-2.3.13.Final.jar:2.3.13.Final]
		at io.undertow.security.handlers.AuthenticationMechanismsHandler.handleRequest(AuthenticationMechanismsHandler.java:60) ~[undertow-core-2.3.13.Final.jar:2.3.13.Final]
		at io.undertow.servlet.handlers.security.CachedAuthenticatedSessionHandler.handleRequest(CachedAuthenticatedSessionHandler.java:77) ~[undertow-servlet-2.3.13.Final.jar:2.3.13.Final]
		at io.undertow.security.handlers.AbstractSecurityContextAssociationHandler.handleRequest(AbstractSecurityContextAssociationHandler.java:43) ~[undertow-core-2.3.13.Final.jar:2.3.13.Final]
		at io.undertow.server.handlers.PredicateHandler.handleRequest(PredicateHandler.java:43) ~[undertow-core-2.3.13.Final.jar:2.3.13.Final]
		at io.undertow.servlet.handlers.SendErrorPageHandler.handleRequest(SendErrorPageHandler.java:52) ~[undertow-servlet-2.3.13.Final.jar:2.3.13.Final]
		at io.undertow.server.handlers.PredicateHandler.handleRequest(PredicateHandler.java:43) ~[undertow-core-2.3.13.Final.jar:2.3.13.Final]
		at io.undertow.servlet.handlers.ServletInitialHandler.handleFirstRequest(ServletInitialHandler.java:276) ~[undertow-servlet-2.3.13.Final.jar:2.3.13.Final]
		at io.undertow.servlet.handlers.ServletInitialHandler$2.call(ServletInitialHandler.java:135) ~[undertow-servlet-2.3.13.Final.jar:2.3.13.Final]
		at io.undertow.servlet.handlers.ServletInitialHandler$2.call(ServletInitialHandler.java:132) ~[undertow-servlet-2.3.13.Final.jar:2.3.13.Final]
		at io.undertow.servlet.core.ServletRequestContextThreadSetupAction$1.call(ServletRequestContextThreadSetupAction.java:48) ~[undertow-servlet-2.3.13.Final.jar:2.3.13.Final]
		at io.undertow.servlet.core.ContextClassLoaderSetupAction$1.call(ContextClassLoaderSetupAction.java:43) ~[undertow-servlet-2.3.13.Final.jar:2.3.13.Final]
		at io.undertow.servlet.handlers.ServletInitialHandler.dispatchRequest(ServletInitialHandler.java:256) ~[undertow-servlet-2.3.13.Final.jar:2.3.13.Final]
		at io.undertow.servlet.handlers.ServletInitialHandler$1.handleRequest(ServletInitialHandler.java:101) ~[undertow-servlet-2.3.13.Final.jar:2.3.13.Final]
		at io.undertow.server.Connectors.executeRootHandler(Connectors.java:393) ~[undertow-core-2.3.13.Final.jar:2.3.13.Final]
		at io.undertow.server.HttpServerExchange$1.run(HttpServerExchange.java:859) ~[undertow-core-2.3.13.Final.jar:2.3.13.Final]
		at org.jboss.threads.ContextHandler$1.runWith(ContextHandler.java:18) ~[jboss-threads-3.5.0.Final.jar:3.5.0.Final]
		at org.jboss.threads.EnhancedQueueExecutor$Task.run(EnhancedQueueExecutor.java:2513) ~[jboss-threads-3.5.0.Final.jar:3.5.0.Final]
		at org.jboss.threads.EnhancedQueueExecutor$ThreadBody.run(EnhancedQueueExecutor.java:1538) ~[jboss-threads-3.5.0.Final.jar:3.5.0.Final]
		at org.xnio.XnioWorker$WorkerThreadFactory$1$1.run(XnioWorker.java:1282) ~[xnio-api-3.8.8.Final.jar:3.8.8.Final]
		at java.base/java.lang.Thread.run(Thread.java:1583) [?:?]
Caused by: java.io.IOException: Broken pipe
	at java.base/sun.nio.ch.SocketDispatcher.write0(Native Method) ~[?:?]
	at java.base/sun.nio.ch.SocketDispatcher.write(SocketDispatcher.java:62) ~[?:?]
	at java.base/sun.nio.ch.IOUtil.writeFromNativeBuffer(IOUtil.java:137) ~[?:?]
	at java.base/sun.nio.ch.IOUtil.write(IOUtil.java:81) ~[?:?]
	at java.base/sun.nio.ch.IOUtil.write(IOUtil.java:58) ~[?:?]
	at java.base/sun.nio.ch.SocketChannelImpl.write(SocketChannelImpl.java:542) ~[?:?]
	at org.xnio.nio.NioSocketConduit.write(NioSocketConduit.java:153) ~[xnio-nio-3.8.8.Final.jar:3.8.8.Final]
	at io.undertow.server.protocol.http.HttpResponseConduit.write(HttpResponseConduit.java:629) ~[undertow-core-2.3.13.Final.jar:2.3.13.Final]
	at org.xnio.conduits.AbstractStreamSinkConduit.write(AbstractStreamSinkConduit.java:51) ~[xnio-api-3.8.8.Final.jar:3.8.8.Final]
	at io.undertow.conduits.DeflatingStreamSinkConduit.performFlushIfRequiredSingleBuffer(DeflatingStreamSinkConduit.java:445) ~[undertow-core-2.3.13.Final.jar:2.3.13.Final]
	at io.undertow.conduits.DeflatingStreamSinkConduit.performFlushIfRequired(DeflatingStreamSinkConduit.java:432) ~[undertow-core-2.3.13.Final.jar:2.3.13.Final]
	at io.undertow.conduits.DeflatingStreamSinkConduit.deflateData(DeflatingStreamSinkConduit.java:522) ~[undertow-core-2.3.13.Final.jar:2.3.13.Final]
	at io.undertow.conduits.DeflatingStreamSinkConduit.write(DeflatingStreamSinkConduit.java:130) ~[undertow-core-2.3.13.Final.jar:2.3.13.Final]
	at io.undertow.conduits.DeflatingStreamSinkConduit.write(DeflatingStreamSinkConduit.java:165) ~[undertow-core-2.3.13.Final.jar:2.3.13.Final]
	at org.xnio.conduits.ConduitStreamSinkChannel.write(ConduitStreamSinkChannel.java:158) ~[xnio-api-3.8.8.Final.jar:3.8.8.Final]
	at io.undertow.channels.DetachableStreamSinkChannel.write(DetachableStreamSinkChannel.java:179) ~[undertow-core-2.3.13.Final.jar:2.3.13.Final]
	at io.undertow.server.HttpServerExchange$WriteDispatchChannel.write(HttpServerExchange.java:2172) ~[undertow-core-2.3.13.Final.jar:2.3.13.Final]
	at org.xnio.channels.Channels.writeBlocking(Channels.java:202) ~[xnio-api-3.8.8.Final.jar:3.8.8.Final]
	at io.undertow.servlet.spec.ServletOutputStreamImpl.writeTooLargeForBuffer(ServletOutputStreamImpl.java:201) ~[undertow-servlet-2.3.13.Final.jar:2.3.13.Final]
	at io.undertow.servlet.spec.ServletOutputStreamImpl.write(ServletOutputStreamImpl.java:149) ~[undertow-servlet-2.3.13.Final.jar:2.3.13.Final]
	at org.springframework.web.context.request.async.StandardServletAsyncWebRequest$LifecycleServletOutputStream.write(StandardServletAsyncWebRequest.java:375) ~[spring-web-6.1.10.jar:6.1.10]
	... 83 more
[2026-05-21 14:08:05.360] ERROR XNIO-1 task-7 com.jts.gjcxfzksh.exception.handler.GlobalExceptionHandler[63] - 请求地址'/pt/network/tile',发生系统异常. 
org.springframework.web.context.request.async.AsyncRequestNotUsableException: ServletOutputStream failed to write: Broken pipe
	at org.springframework.web.context.request.async.StandardServletAsyncWebRequest$LifecycleHttpServletResponse.handleIOException(StandardServletAsyncWebRequest.java:320) ~[spring-web-6.1.10.jar:6.1.10]
	at org.springframework.web.context.request.async.StandardServletAsyncWebRequest$LifecycleServletOutputStream.write(StandardServletAsyncWebRequest.java:378) ~[spring-web-6.1.10.jar:6.1.10]
	at org.springframework.util.StreamUtils$NonClosingOutputStream.write(StreamUtils.java:261) ~[spring-core-6.1.10.jar:6.1.10]
	at com.fasterxml.jackson.core.json.UTF8JsonGenerator._flushBuffer(UTF8JsonGenerator.java:2210) ~[jackson-core-2.17.1.jar:2.17.1]
	at com.fasterxml.jackson.core.json.UTF8JsonGenerator.writeRaw(UTF8JsonGenerator.java:764) ~[jackson-core-2.17.1.jar:2.17.1]
	at com.fasterxml.jackson.core.json.UTF8JsonGenerator.writeRaw(UTF8JsonGenerator.java:674) ~[jackson-core-2.17.1.jar:2.17.1]
	at com.fasterxml.jackson.core.json.UTF8JsonGenerator.writeNumber(UTF8JsonGenerator.java:1065) ~[jackson-core-2.17.1.jar:2.17.1]
	at com.fasterxml.jackson.databind.ser.std.NumberSerializers$FloatSerializer.serialize(NumberSerializers.java:214) ~[jackson-databind-2.17.1.jar:2.17.1]
	at com.fasterxml.jackson.databind.ser.BeanPropertyWriter.serializeAsField(BeanPropertyWriter.java:732) ~[jackson-databind-2.17.1.jar:2.17.1]
	at com.fasterxml.jackson.databind.ser.std.BeanSerializerBase.serializeFields(BeanSerializerBase.java:770) ~[jackson-databind-2.17.1.jar:2.17.1]
	at com.fasterxml.jackson.databind.ser.BeanSerializer.serialize(BeanSerializer.java:183) ~[jackson-databind-2.17.1.jar:2.17.1]
	at com.fasterxml.jackson.databind.ser.BeanPropertyWriter.serializeAsField(BeanPropertyWriter.java:732) ~[jackson-databind-2.17.1.jar:2.17.1]
	at com.fasterxml.jackson.databind.ser.std.BeanSerializerBase.serializeFields(BeanSerializerBase.java:770) ~[jackson-databind-2.17.1.jar:2.17.1]
	at com.fasterxml.jackson.databind.ser.BeanSerializer.serialize(BeanSerializer.java:183) ~[jackson-databind-2.17.1.jar:2.17.1]
	at com.fasterxml.jackson.databind.ser.impl.IndexedListSerializer.serializeContents(IndexedListSerializer.java:119) ~[jackson-databind-2.17.1.jar:2.17.1]
	at com.fasterxml.jackson.databind.ser.impl.IndexedListSerializer.serialize(IndexedListSerializer.java:79) ~[jackson-databind-2.17.1.jar:2.17.1]
	at com.fasterxml.jackson.databind.ser.impl.IndexedListSerializer.serialize(IndexedListSerializer.java:18) ~[jackson-databind-2.17.1.jar:2.17.1]
	at com.fasterxml.jackson.databind.ser.BeanPropertyWriter.serializeAsField(BeanPropertyWriter.java:732) ~[jackson-databind-2.17.1.jar:2.17.1]
	at com.fasterxml.jackson.databind.ser.std.BeanSerializerBase.serializeFields(BeanSerializerBase.java:770) ~[jackson-databind-2.17.1.jar:2.17.1]
	at com.fasterxml.jackson.databind.ser.BeanSerializer.serialize(BeanSerializer.java:183) ~[jackson-databind-2.17.1.jar:2.17.1]
	at com.fasterxml.jackson.databind.ser.DefaultSerializerProvider._serialize(DefaultSerializerProvider.java:502) ~[jackson-databind-2.17.1.jar:2.17.1]
	at com.fasterxml.jackson.databind.ser.DefaultSerializerProvider.serializeValue(DefaultSerializerProvider.java:341) ~[jackson-databind-2.17.1.jar:2.17.1]
	at com.fasterxml.jackson.databind.ObjectWriter$Prefetch.serialize(ObjectWriter.java:1574) ~[jackson-databind-2.17.1.jar:2.17.1]
	at com.fasterxml.jackson.databind.ObjectWriter.writeValue(ObjectWriter.java:1061) ~[jackson-databind-2.17.1.jar:2.17.1]
	at org.springframework.http.converter.json.AbstractJackson2HttpMessageConverter.writeInternal(AbstractJackson2HttpMessageConverter.java:483) ~[spring-web-6.1.10.jar:6.1.10]
	at org.springframework.http.converter.AbstractGenericHttpMessageConverter.write(AbstractGenericHttpMessageConverter.java:114) ~[spring-web-6.1.10.jar:6.1.10]
	at org.springframework.web.servlet.mvc.method.annotation.AbstractMessageConverterMethodProcessor.writeWithMessageConverters(AbstractMessageConverterMethodProcessor.java:297) ~[spring-webmvc-6.1.10.jar:6.1.10]
	at org.springframework.web.servlet.mvc.method.annotation.RequestResponseBodyMethodProcessor.handleReturnValue(RequestResponseBodyMethodProcessor.java:192) ~[spring-webmvc-6.1.10.jar:6.1.10]
	at org.springframework.web.method.support.HandlerMethodReturnValueHandlerComposite.handleReturnValue(HandlerMethodReturnValueHandlerComposite.java:78) ~[spring-web-6.1.10.jar:6.1.10]
	at org.springframework.web.servlet.mvc.method.annotation.ServletInvocableHandlerMethod.invokeAndHandle(ServletInvocableHandlerMethod.java:136) ~[spring-webmvc-6.1.10.jar:6.1.10]
	at org.springframework.web.servlet.mvc.method.annotation.RequestMappingHandlerAdapter.invokeHandlerMethod(RequestMappingHandlerAdapter.java:926) ~[spring-webmvc-6.1.10.jar:6.1.10]
	at org.springframework.web.servlet.mvc.method.annotation.RequestMappingHandlerAdapter.handleInternal(RequestMappingHandlerAdapter.java:831) ~[spring-webmvc-6.1.10.jar:6.1.10]
	at org.springframework.web.servlet.mvc.method.AbstractHandlerMethodAdapter.handle(AbstractHandlerMethodAdapter.java:87) ~[spring-webmvc-6.1.10.jar:6.1.10]
	at org.springframework.web.servlet.DispatcherServlet.doDispatch(DispatcherServlet.java:1089) ~[spring-webmvc-6.1.10.jar:6.1.10]
	at org.springframework.web.servlet.DispatcherServlet.doService(DispatcherServlet.java:979) ~[spring-webmvc-6.1.10.jar:6.1.10]
	at org.springframework.web.servlet.FrameworkServlet.processRequest(FrameworkServlet.java:1014) ~[spring-webmvc-6.1.10.jar:6.1.10]
	at org.springframework.web.servlet.FrameworkServlet.doPost(FrameworkServlet.java:914) ~[spring-webmvc-6.1.10.jar:6.1.10]
	at jakarta.servlet.http.HttpServlet.service(HttpServlet.java:547) ~[jakarta.servlet-api-6.0.0.jar:6.0.0]
	at org.springframework.web.servlet.FrameworkServlet.service(FrameworkServlet.java:885) ~[spring-webmvc-6.1.10.jar:6.1.10]
	at jakarta.servlet.http.HttpServlet.service(HttpServlet.java:614) ~[jakarta.servlet-api-6.0.0.jar:6.0.0]
	at io.undertow.servlet.handlers.ServletHandler.handleRequest(ServletHandler.java:74) ~[undertow-servlet-2.3.13.Final.jar:2.3.13.Final]
	at io.undertow.servlet.handlers.FilterHandler$FilterChainImpl.doFilter(FilterHandler.java:129) ~[undertow-servlet-2.3.13.Final.jar:2.3.13.Final]
	at org.springframework.web.filter.CorsFilter.doFilterInternal(CorsFilter.java:91) ~[spring-web-6.1.10.jar:6.1.10]
	at org.springframework.web.filter.OncePerRequestFilter.doFilter(OncePerRequestFilter.java:116) ~[spring-web-6.1.10.jar:6.1.10]
	at io.undertow.servlet.core.ManagedFilter.doFilter(ManagedFilter.java:67) ~[undertow-servlet-2.3.13.Final.jar:2.3.13.Final]
	at io.undertow.servlet.handlers.FilterHandler$FilterChainImpl.doFilter(FilterHandler.java:131) ~[undertow-servlet-2.3.13.Final.jar:2.3.13.Final]
	at org.springframework.web.filter.RequestContextFilter.doFilterInternal(RequestContextFilter.java:100) ~[spring-web-6.1.10.jar:6.1.10]
	at org.springframework.web.filter.OncePerRequestFilter.doFilter(OncePerRequestFilter.java:116) ~[spring-web-6.1.10.jar:6.1.10]
	at io.undertow.servlet.core.ManagedFilter.doFilter(ManagedFilter.java:67) ~[undertow-servlet-2.3.13.Final.jar:2.3.13.Final]
	at io.undertow.servlet.handlers.FilterHandler$FilterChainImpl.doFilter(FilterHandler.java:131) ~[undertow-servlet-2.3.13.Final.jar:2.3.13.Final]
	at org.springframework.web.filter.FormContentFilter.doFilterInternal(FormContentFilter.java:93) ~[spring-web-6.1.10.jar:6.1.10]
	at org.springframework.web.filter.OncePerRequestFilter.doFilter(OncePerRequestFilter.java:116) ~[spring-web-6.1.10.jar:6.1.10]
	at io.undertow.servlet.core.ManagedFilter.doFilter(ManagedFilter.java:67) ~[undertow-servlet-2.3.13.Final.jar:2.3.13.Final]
	at io.undertow.servlet.handlers.FilterHandler$FilterChainImpl.doFilter(FilterHandler.java:131) ~[undertow-servlet-2.3.13.Final.jar:2.3.13.Final]
	at org.springframework.web.filter.CharacterEncodingFilter.doFilterInternal(CharacterEncodingFilter.java:201) ~[spring-web-6.1.10.jar:6.1.10]
	at org.springframework.web.filter.OncePerRequestFilter.doFilter(OncePerRequestFilter.java:116) ~[spring-web-6.1.10.jar:6.1.10]
	at io.undertow.servlet.core.ManagedFilter.doFilter(ManagedFilter.java:67) ~[undertow-servlet-2.3.13.Final.jar:2.3.13.Final]
	at io.undertow.servlet.handlers.FilterHandler$FilterChainImpl.doFilter(FilterHandler.java:131) ~[undertow-servlet-2.3.13.Final.jar:2.3.13.Final]
	at io.undertow.servlet.handlers.FilterHandler.handleRequest(FilterHandler.java:84) ~[undertow-servlet-2.3.13.Final.jar:2.3.13.Final]
	at io.undertow.servlet.handlers.security.ServletSecurityRoleHandler.handleRequest(ServletSecurityRoleHandler.java:62) ~[undertow-servlet-2.3.13.Final.jar:2.3.13.Final]
	at io.undertow.servlet.handlers.ServletChain$1.handleRequest(ServletChain.java:68) ~[undertow-servlet-2.3.13.Final.jar:2.3.13.Final]
	at io.undertow.servlet.handlers.ServletDispatchingHandler.handleRequest(ServletDispatchingHandler.java:36) ~[undertow-servlet-2.3.13.Final.jar:2.3.13.Final]
	at io.undertow.servlet.handlers.RedirectDirHandler.handleRequest(RedirectDirHandler.java:68) ~[undertow-servlet-2.3.13.Final.jar:2.3.13.Final]
	at io.undertow.servlet.handlers.security.SSLInformationAssociationHandler.handleRequest(SSLInformationAssociationHandler.java:117) ~[undertow-servlet-2.3.13.Final.jar:2.3.13.Final]
	at io.undertow.servlet.handlers.security.ServletAuthenticationCallHandler.handleRequest(ServletAuthenticationCallHandler.java:57) ~[undertow-servlet-2.3.13.Final.jar:2.3.13.Final]
	at io.undertow.server.handlers.PredicateHandler.handleRequest(PredicateHandler.java:43) ~[undertow-core-2.3.13.Final.jar:2.3.13.Final]
	at io.undertow.security.handlers.AbstractConfidentialityHandler.handleRequest(AbstractConfidentialityHandler.java:46) ~[undertow-core-2.3.13.Final.jar:2.3.13.Final]
	at io.undertow.servlet.handlers.security.ServletConfidentialityConstraintHandler.handleRequest(ServletConfidentialityConstraintHandler.java:64) ~[undertow-servlet-2.3.13.Final.jar:2.3.13.Final]
	at io.undertow.security.handlers.AuthenticationMechanismsHandler.handleRequest(AuthenticationMechanismsHandler.java:60) ~[undertow-core-2.3.13.Final.jar:2.3.13.Final]
	at io.undertow.servlet.handlers.security.CachedAuthenticatedSessionHandler.handleRequest(CachedAuthenticatedSessionHandler.java:77) ~[undertow-servlet-2.3.13.Final.jar:2.3.13.Final]
	at io.undertow.security.handlers.AbstractSecurityContextAssociationHandler.handleRequest(AbstractSecurityContextAssociationHandler.java:43) ~[undertow-core-2.3.13.Final.jar:2.3.13.Final]
	at io.undertow.server.handlers.PredicateHandler.handleRequest(PredicateHandler.java:43) ~[undertow-core-2.3.13.Final.jar:2.3.13.Final]
	at io.undertow.servlet.handlers.SendErrorPageHandler.handleRequest(SendErrorPageHandler.java:52) ~[undertow-servlet-2.3.13.Final.jar:2.3.13.Final]
	at io.undertow.server.handlers.PredicateHandler.handleRequest(PredicateHandler.java:43) ~[undertow-core-2.3.13.Final.jar:2.3.13.Final]
	at io.undertow.servlet.handlers.ServletInitialHandler.handleFirstRequest(ServletInitialHandler.java:276) ~[undertow-servlet-2.3.13.Final.jar:2.3.13.Final]
	at io.undertow.servlet.handlers.ServletInitialHandler$2.call(ServletInitialHandler.java:135) ~[undertow-servlet-2.3.13.Final.jar:2.3.13.Final]
	at io.undertow.servlet.handlers.ServletInitialHandler$2.call(ServletInitialHandler.java:132) ~[undertow-servlet-2.3.13.Final.jar:2.3.13.Final]
	at io.undertow.servlet.core.ServletRequestContextThreadSetupAction$1.call(ServletRequestContextThreadSetupAction.java:48) ~[undertow-servlet-2.3.13.Final.jar:2.3.13.Final]
	at io.undertow.servlet.core.ContextClassLoaderSetupAction$1.call(ContextClassLoaderSetupAction.java:43) ~[undertow-servlet-2.3.13.Final.jar:2.3.13.Final]
	at io.undertow.servlet.handlers.ServletInitialHandler.dispatchRequest(ServletInitialHandler.java:256) ~[undertow-servlet-2.3.13.Final.jar:2.3.13.Final]
	at io.undertow.servlet.handlers.ServletInitialHandler$1.handleRequest(ServletInitialHandler.java:101) ~[undertow-servlet-2.3.13.Final.jar:2.3.13.Final]
	at io.undertow.server.Connectors.executeRootHandler(Connectors.java:393) ~[undertow-core-2.3.13.Final.jar:2.3.13.Final]
	at io.undertow.server.HttpServerExchange$1.run(HttpServerExchange.java:859) ~[undertow-core-2.3.13.Final.jar:2.3.13.Final]
	at org.jboss.threads.ContextHandler$1.runWith(ContextHandler.java:18) ~[jboss-threads-3.5.0.Final.jar:3.5.0.Final]
	at org.jboss.threads.EnhancedQueueExecutor$Task.run(EnhancedQueueExecutor.java:2513) ~[jboss-threads-3.5.0.Final.jar:3.5.0.Final]
	at org.jboss.threads.EnhancedQueueExecutor$ThreadBody.run(EnhancedQueueExecutor.java:1538) ~[jboss-threads-3.5.0.Final.jar:3.5.0.Final]
	at org.xnio.XnioWorker$WorkerThreadFactory$1$1.run(XnioWorker.java:1282) ~[xnio-api-3.8.8.Final.jar:3.8.8.Final]
	at java.base/java.lang.Thread.run(Thread.java:1583) [?:?]
	Suppressed: org.springframework.web.context.request.async.AsyncRequestNotUsableException: Response not usable after response errors.
		at org.springframework.web.context.request.async.StandardServletAsyncWebRequest$LifecycleHttpServletResponse.obtainLockAndCheckState(StandardServletAsyncWebRequest.java:314) ~[spring-web-6.1.10.jar:6.1.10]
		at org.springframework.web.context.request.async.StandardServletAsyncWebRequest$LifecycleServletOutputStream.write(StandardServletAsyncWebRequest.java:373) ~[spring-web-6.1.10.jar:6.1.10]
		at org.springframework.util.StreamUtils$NonClosingOutputStream.write(StreamUtils.java:261) ~[spring-core-6.1.10.jar:6.1.10]
		at com.fasterxml.jackson.core.json.UTF8JsonGenerator._flushBuffer(UTF8JsonGenerator.java:2210) ~[jackson-core-2.17.1.jar:2.17.1]
		at com.fasterxml.jackson.core.json.UTF8JsonGenerator.close(UTF8JsonGenerator.java:1234) ~[jackson-core-2.17.1.jar:2.17.1]
		at org.springframework.http.converter.json.AbstractJackson2HttpMessageConverter.writeInternal(AbstractJackson2HttpMessageConverter.java:452) ~[spring-web-6.1.10.jar:6.1.10]
		at org.springframework.http.converter.AbstractGenericHttpMessageConverter.write(AbstractGenericHttpMessageConverter.java:114) ~[spring-web-6.1.10.jar:6.1.10]
		at org.springframework.web.servlet.mvc.method.annotation.AbstractMessageConverterMethodProcessor.writeWithMessageConverters(AbstractMessageConverterMethodProcessor.java:297) ~[spring-webmvc-6.1.10.jar:6.1.10]
		at org.springframework.web.servlet.mvc.method.annotation.RequestResponseBodyMethodProcessor.handleReturnValue(RequestResponseBodyMethodProcessor.java:192) ~[spring-webmvc-6.1.10.jar:6.1.10]
		at org.springframework.web.method.support.HandlerMethodReturnValueHandlerComposite.handleReturnValue(HandlerMethodReturnValueHandlerComposite.java:78) ~[spring-web-6.1.10.jar:6.1.10]
		at org.springframework.web.servlet.mvc.method.annotation.ServletInvocableHandlerMethod.invokeAndHandle(ServletInvocableHandlerMethod.java:136) ~[spring-webmvc-6.1.10.jar:6.1.10]
		at org.springframework.web.servlet.mvc.method.annotation.RequestMappingHandlerAdapter.invokeHandlerMethod(RequestMappingHandlerAdapter.java:926) ~[spring-webmvc-6.1.10.jar:6.1.10]
		at org.springframework.web.servlet.mvc.method.annotation.RequestMappingHandlerAdapter.handleInternal(RequestMappingHandlerAdapter.java:831) ~[spring-webmvc-6.1.10.jar:6.1.10]
		at org.springframework.web.servlet.mvc.method.AbstractHandlerMethodAdapter.handle(AbstractHandlerMethodAdapter.java:87) ~[spring-webmvc-6.1.10.jar:6.1.10]
		at org.springframework.web.servlet.DispatcherServlet.doDispatch(DispatcherServlet.java:1089) ~[spring-webmvc-6.1.10.jar:6.1.10]
		at org.springframework.web.servlet.DispatcherServlet.doService(DispatcherServlet.java:979) ~[spring-webmvc-6.1.10.jar:6.1.10]
		at org.springframework.web.servlet.FrameworkServlet.processRequest(FrameworkServlet.java:1014) ~[spring-webmvc-6.1.10.jar:6.1.10]
		at org.springframework.web.servlet.FrameworkServlet.doPost(FrameworkServlet.java:914) ~[spring-webmvc-6.1.10.jar:6.1.10]
		at jakarta.servlet.http.HttpServlet.service(HttpServlet.java:547) ~[jakarta.servlet-api-6.0.0.jar:6.0.0]
		at org.springframework.web.servlet.FrameworkServlet.service(FrameworkServlet.java:885) ~[spring-webmvc-6.1.10.jar:6.1.10]
		at jakarta.servlet.http.HttpServlet.service(HttpServlet.java:614) ~[jakarta.servlet-api-6.0.0.jar:6.0.0]
		at io.undertow.servlet.handlers.ServletHandler.handleRequest(ServletHandler.java:74) ~[undertow-servlet-2.3.13.Final.jar:2.3.13.Final]
		at io.undertow.servlet.handlers.FilterHandler$FilterChainImpl.doFilter(FilterHandler.java:129) ~[undertow-servlet-2.3.13.Final.jar:2.3.13.Final]
		at org.springframework.web.filter.CorsFilter.doFilterInternal(CorsFilter.java:91) ~[spring-web-6.1.10.jar:6.1.10]
		at org.springframework.web.filter.OncePerRequestFilter.doFilter(OncePerRequestFilter.java:116) ~[spring-web-6.1.10.jar:6.1.10]
		at io.undertow.servlet.core.ManagedFilter.doFilter(ManagedFilter.java:67) ~[undertow-servlet-2.3.13.Final.jar:2.3.13.Final]
		at io.undertow.servlet.handlers.FilterHandler$FilterChainImpl.doFilter(FilterHandler.java:131) ~[undertow-servlet-2.3.13.Final.jar:2.3.13.Final]
		at org.springframework.web.filter.RequestContextFilter.doFilterInternal(RequestContextFilter.java:100) ~[spring-web-6.1.10.jar:6.1.10]
		at org.springframework.web.filter.OncePerRequestFilter.doFilter(OncePerRequestFilter.java:116) ~[spring-web-6.1.10.jar:6.1.10]
		at io.undertow.servlet.core.ManagedFilter.doFilter(ManagedFilter.java:67) ~[undertow-servlet-2.3.13.Final.jar:2.3.13.Final]
		at io.undertow.servlet.handlers.FilterHandler$FilterChainImpl.doFilter(FilterHandler.java:131) ~[undertow-servlet-2.3.13.Final.jar:2.3.13.Final]
		at org.springframework.web.filter.FormContentFilter.doFilterInternal(FormContentFilter.java:93) ~[spring-web-6.1.10.jar:6.1.10]
		at org.springframework.web.filter.OncePerRequestFilter.doFilter(OncePerRequestFilter.java:116) ~[spring-web-6.1.10.jar:6.1.10]
		at io.undertow.servlet.core.ManagedFilter.doFilter(ManagedFilter.java:67) ~[undertow-servlet-2.3.13.Final.jar:2.3.13.Final]
		at io.undertow.servlet.handlers.FilterHandler$FilterChainImpl.doFilter(FilterHandler.java:131) ~[undertow-servlet-2.3.13.Final.jar:2.3.13.Final]
		at org.springframework.web.filter.CharacterEncodingFilter.doFilterInternal(CharacterEncodingFilter.java:201) ~[spring-web-6.1.10.jar:6.1.10]
		at org.springframework.web.filter.OncePerRequestFilter.doFilter(OncePerRequestFilter.java:116) ~[spring-web-6.1.10.jar:6.1.10]
		at io.undertow.servlet.core.ManagedFilter.doFilter(ManagedFilter.java:67) ~[undertow-servlet-2.3.13.Final.jar:2.3.13.Final]
		at io.undertow.servlet.handlers.FilterHandler$FilterChainImpl.doFilter(FilterHandler.java:131) ~[undertow-servlet-2.3.13.Final.jar:2.3.13.Final]
		at io.undertow.servlet.handlers.FilterHandler.handleRequest(FilterHandler.java:84) ~[undertow-servlet-2.3.13.Final.jar:2.3.13.Final]
		at io.undertow.servlet.handlers.security.ServletSecurityRoleHandler.handleRequest(ServletSecurityRoleHandler.java:62) ~[undertow-servlet-2.3.13.Final.jar:2.3.13.Final]
		at io.undertow.servlet.handlers.ServletChain$1.handleRequest(ServletChain.java:68) ~[undertow-servlet-2.3.13.Final.jar:2.3.13.Final]
		at io.undertow.servlet.handlers.ServletDispatchingHandler.handleRequest(ServletDispatchingHandler.java:36) ~[undertow-servlet-2.3.13.Final.jar:2.3.13.Final]
		at io.undertow.servlet.handlers.RedirectDirHandler.handleRequest(RedirectDirHandler.java:68) ~[undertow-servlet-2.3.13.Final.jar:2.3.13.Final]
		at io.undertow.servlet.handlers.security.SSLInformationAssociationHandler.handleRequest(SSLInformationAssociationHandler.java:117) ~[undertow-servlet-2.3.13.Final.jar:2.3.13.Final]
		at io.undertow.servlet.handlers.security.ServletAuthenticationCallHandler.handleRequest(ServletAuthenticationCallHandler.java:57) ~[undertow-servlet-2.3.13.Final.jar:2.3.13.Final]
		at io.undertow.server.handlers.PredicateHandler.handleRequest(PredicateHandler.java:43) ~[undertow-core-2.3.13.Final.jar:2.3.13.Final]
		at io.undertow.security.handlers.AbstractConfidentialityHandler.handleRequest(AbstractConfidentialityHandler.java:46) ~[undertow-core-2.3.13.Final.jar:2.3.13.Final]
		at io.undertow.servlet.handlers.security.ServletConfidentialityConstraintHandler.handleRequest(ServletConfidentialityConstraintHandler.java:64) ~[undertow-servlet-2.3.13.Final.jar:2.3.13.Final]
		at io.undertow.security.handlers.AuthenticationMechanismsHandler.handleRequest(AuthenticationMechanismsHandler.java:60) ~[undertow-core-2.3.13.Final.jar:2.3.13.Final]
		at io.undertow.servlet.handlers.security.CachedAuthenticatedSessionHandler.handleRequest(CachedAuthenticatedSessionHandler.java:77) ~[undertow-servlet-2.3.13.Final.jar:2.3.13.Final]
		at io.undertow.security.handlers.AbstractSecurityContextAssociationHandler.handleRequest(AbstractSecurityContextAssociationHandler.java:43) ~[undertow-core-2.3.13.Final.jar:2.3.13.Final]
		at io.undertow.server.handlers.PredicateHandler.handleRequest(PredicateHandler.java:43) ~[undertow-core-2.3.13.Final.jar:2.3.13.Final]
		at io.undertow.servlet.handlers.SendErrorPageHandler.handleRequest(SendErrorPageHandler.java:52) ~[undertow-servlet-2.3.13.Final.jar:2.3.13.Final]
		at io.undertow.server.handlers.PredicateHandler.handleRequest(PredicateHandler.java:43) ~[undertow-core-2.3.13.Final.jar:2.3.13.Final]
		at io.undertow.servlet.handlers.ServletInitialHandler.handleFirstRequest(ServletInitialHandler.java:276) ~[undertow-servlet-2.3.13.Final.jar:2.3.13.Final]
		at io.undertow.servlet.handlers.ServletInitialHandler$2.call(ServletInitialHandler.java:135) ~[undertow-servlet-2.3.13.Final.jar:2.3.13.Final]
		at io.undertow.servlet.handlers.ServletInitialHandler$2.call(ServletInitialHandler.java:132) ~[undertow-servlet-2.3.13.Final.jar:2.3.13.Final]
		at io.undertow.servlet.core.ServletRequestContextThreadSetupAction$1.call(ServletRequestContextThreadSetupAction.java:48) ~[undertow-servlet-2.3.13.Final.jar:2.3.13.Final]
		at io.undertow.servlet.core.ContextClassLoaderSetupAction$1.call(ContextClassLoaderSetupAction.java:43) ~[undertow-servlet-2.3.13.Final.jar:2.3.13.Final]
		at io.undertow.servlet.handlers.ServletInitialHandler.dispatchRequest(ServletInitialHandler.java:256) ~[undertow-servlet-2.3.13.Final.jar:2.3.13.Final]
		at io.undertow.servlet.handlers.ServletInitialHandler$1.handleRequest(ServletInitialHandler.java:101) ~[undertow-servlet-2.3.13.Final.jar:2.3.13.Final]
		at io.undertow.server.Connectors.executeRootHandler(Connectors.java:393) ~[undertow-core-2.3.13.Final.jar:2.3.13.Final]
		at io.undertow.server.HttpServerExchange$1.run(HttpServerExchange.java:859) ~[undertow-core-2.3.13.Final.jar:2.3.13.Final]
		at org.jboss.threads.ContextHandler$1.runWith(ContextHandler.java:18) ~[jboss-threads-3.5.0.Final.jar:3.5.0.Final]
		at org.jboss.threads.EnhancedQueueExecutor$Task.run(EnhancedQueueExecutor.java:2513) ~[jboss-threads-3.5.0.Final.jar:3.5.0.Final]
		at org.jboss.threads.EnhancedQueueExecutor$ThreadBody.run(EnhancedQueueExecutor.java:1538) ~[jboss-threads-3.5.0.Final.jar:3.5.0.Final]
		at org.xnio.XnioWorker$WorkerThreadFactory$1$1.run(XnioWorker.java:1282) ~[xnio-api-3.8.8.Final.jar:3.8.8.Final]
		at java.base/java.lang.Thread.run(Thread.java:1583) [?:?]
Caused by: java.io.IOException: Broken pipe
	at java.base/sun.nio.ch.SocketDispatcher.write0(Native Method) ~[?:?]
	at java.base/sun.nio.ch.SocketDispatcher.write(SocketDispatcher.java:62) ~[?:?]
	at java.base/sun.nio.ch.IOUtil.writeFromNativeBuffer(IOUtil.java:137) ~[?:?]
	at java.base/sun.nio.ch.IOUtil.write(IOUtil.java:81) ~[?:?]
	at java.base/sun.nio.ch.IOUtil.write(IOUtil.java:58) ~[?:?]
	at java.base/sun.nio.ch.SocketChannelImpl.write(SocketChannelImpl.java:542) ~[?:?]
	at org.xnio.nio.NioSocketConduit.write(NioSocketConduit.java:153) ~[xnio-nio-3.8.8.Final.jar:3.8.8.Final]
	at io.undertow.server.protocol.http.HttpResponseConduit.write(HttpResponseConduit.java:629) ~[undertow-core-2.3.13.Final.jar:2.3.13.Final]
	at org.xnio.conduits.AbstractStreamSinkConduit.write(AbstractStreamSinkConduit.java:51) ~[xnio-api-3.8.8.Final.jar:3.8.8.Final]
	at io.undertow.conduits.DeflatingStreamSinkConduit.performFlushIfRequiredSingleBuffer(DeflatingStreamSinkConduit.java:445) ~[undertow-core-2.3.13.Final.jar:2.3.13.Final]
	at io.undertow.conduits.DeflatingStreamSinkConduit.performFlushIfRequired(DeflatingStreamSinkConduit.java:432) ~[undertow-core-2.3.13.Final.jar:2.3.13.Final]
	at io.undertow.conduits.DeflatingStreamSinkConduit.deflateData(DeflatingStreamSinkConduit.java:522) ~[undertow-core-2.3.13.Final.jar:2.3.13.Final]
	at io.undertow.conduits.DeflatingStreamSinkConduit.write(DeflatingStreamSinkConduit.java:130) ~[undertow-core-2.3.13.Final.jar:2.3.13.Final]
	at io.undertow.conduits.DeflatingStreamSinkConduit.write(DeflatingStreamSinkConduit.java:165) ~[undertow-core-2.3.13.Final.jar:2.3.13.Final]
	at org.xnio.conduits.ConduitStreamSinkChannel.write(ConduitStreamSinkChannel.java:158) ~[xnio-api-3.8.8.Final.jar:3.8.8.Final]
	at io.undertow.channels.DetachableStreamSinkChannel.write(DetachableStreamSinkChannel.java:179) ~[undertow-core-2.3.13.Final.jar:2.3.13.Final]
	at io.undertow.server.HttpServerExchange$WriteDispatchChannel.write(HttpServerExchange.java:2172) ~[undertow-core-2.3.13.Final.jar:2.3.13.Final]
	at org.xnio.channels.Channels.writeBlocking(Channels.java:202) ~[xnio-api-3.8.8.Final.jar:3.8.8.Final]
	at io.undertow.servlet.spec.ServletOutputStreamImpl.writeTooLargeForBuffer(ServletOutputStreamImpl.java:201) ~[undertow-servlet-2.3.13.Final.jar:2.3.13.Final]
	at io.undertow.servlet.spec.ServletOutputStreamImpl.write(ServletOutputStreamImpl.java:149) ~[undertow-servlet-2.3.13.Final.jar:2.3.13.Final]
	at org.springframework.web.context.request.async.StandardServletAsyncWebRequest$LifecycleServletOutputStream.write(StandardServletAsyncWebRequest.java:375) ~[spring-web-6.1.10.jar:6.1.10]
	... 86 more
[2026-05-21 14:08:05.361] ERROR XNIO-1 task-2 com.jts.gjcxfzksh.exception.handler.GlobalExceptionHandler[63] - 请求地址'/pt/network/tile',发生系统异常. 
org.springframework.web.context.request.async.AsyncRequestNotUsableException: ServletOutputStream failed to write: Broken pipe
	at org.springframework.web.context.request.async.StandardServletAsyncWebRequest$LifecycleHttpServletResponse.handleIOException(StandardServletAsyncWebRequest.java:320) ~[spring-web-6.1.10.jar:6.1.10]
	at org.springframework.web.context.request.async.StandardServletAsyncWebRequest$LifecycleServletOutputStream.write(StandardServletAsyncWebRequest.java:378) ~[spring-web-6.1.10.jar:6.1.10]
	at org.springframework.util.StreamUtils$NonClosingOutputStream.write(StreamUtils.java:261) ~[spring-core-6.1.10.jar:6.1.10]
	at com.fasterxml.jackson.core.json.UTF8JsonGenerator._flushBuffer(UTF8JsonGenerator.java:2210) ~[jackson-core-2.17.1.jar:2.17.1]
	at com.fasterxml.jackson.core.json.UTF8JsonGenerator.writeRaw(UTF8JsonGenerator.java:764) ~[jackson-core-2.17.1.jar:2.17.1]
	at com.fasterxml.jackson.core.json.UTF8JsonGenerator.writeRaw(UTF8JsonGenerator.java:674) ~[jackson-core-2.17.1.jar:2.17.1]
	at com.fasterxml.jackson.core.json.UTF8JsonGenerator.writeNumber(UTF8JsonGenerator.java:1065) ~[jackson-core-2.17.1.jar:2.17.1]
	at com.fasterxml.jackson.databind.ser.std.NumberSerializers$FloatSerializer.serialize(NumberSerializers.java:214) ~[jackson-databind-2.17.1.jar:2.17.1]
	at com.fasterxml.jackson.databind.ser.BeanPropertyWriter.serializeAsField(BeanPropertyWriter.java:732) ~[jackson-databind-2.17.1.jar:2.17.1]
	at com.fasterxml.jackson.databind.ser.std.BeanSerializerBase.serializeFields(BeanSerializerBase.java:770) ~[jackson-databind-2.17.1.jar:2.17.1]
	at com.fasterxml.jackson.databind.ser.BeanSerializer.serialize(BeanSerializer.java:183) ~[jackson-databind-2.17.1.jar:2.17.1]
	at com.fasterxml.jackson.databind.ser.BeanPropertyWriter.serializeAsField(BeanPropertyWriter.java:732) ~[jackson-databind-2.17.1.jar:2.17.1]
	at com.fasterxml.jackson.databind.ser.std.BeanSerializerBase.serializeFields(BeanSerializerBase.java:770) ~[jackson-databind-2.17.1.jar:2.17.1]
	at com.fasterxml.jackson.databind.ser.BeanSerializer.serialize(BeanSerializer.java:183) ~[jackson-databind-2.17.1.jar:2.17.1]
	at com.fasterxml.jackson.databind.ser.impl.IndexedListSerializer.serializeContents(IndexedListSerializer.java:119) ~[jackson-databind-2.17.1.jar:2.17.1]
	at com.fasterxml.jackson.databind.ser.impl.IndexedListSerializer.serialize(IndexedListSerializer.java:79) ~[jackson-databind-2.17.1.jar:2.17.1]
	at com.fasterxml.jackson.databind.ser.impl.IndexedListSerializer.serialize(IndexedListSerializer.java:18) ~[jackson-databind-2.17.1.jar:2.17.1]
	at com.fasterxml.jackson.databind.ser.BeanPropertyWriter.serializeAsField(BeanPropertyWriter.java:732) ~[jackson-databind-2.17.1.jar:2.17.1]
	at com.fasterxml.jackson.databind.ser.std.BeanSerializerBase.serializeFields(BeanSerializerBase.java:770) ~[jackson-databind-2.17.1.jar:2.17.1]
	at com.fasterxml.jackson.databind.ser.BeanSerializer.serialize(BeanSerializer.java:183) ~[jackson-databind-2.17.1.jar:2.17.1]
	at com.fasterxml.jackson.databind.ser.DefaultSerializerProvider._serialize(DefaultSerializerProvider.java:502) ~[jackson-databind-2.17.1.jar:2.17.1]
	at com.fasterxml.jackson.databind.ser.DefaultSerializerProvider.serializeValue(DefaultSerializerProvider.java:341) ~[jackson-databind-2.17.1.jar:2.17.1]
	at com.fasterxml.jackson.databind.ObjectWriter$Prefetch.serialize(ObjectWriter.java:1574) ~[jackson-databind-2.17.1.jar:2.17.1]
	at com.fasterxml.jackson.databind.ObjectWriter.writeValue(ObjectWriter.java:1061) ~[jackson-databind-2.17.1.jar:2.17.1]
	at org.springframework.http.converter.json.AbstractJackson2HttpMessageConverter.writeInternal(AbstractJackson2HttpMessageConverter.java:483) ~[spring-web-6.1.10.jar:6.1.10]
	at org.springframework.http.converter.AbstractGenericHttpMessageConverter.write(AbstractGenericHttpMessageConverter.java:114) ~[spring-web-6.1.10.jar:6.1.10]
	at org.springframework.web.servlet.mvc.method.annotation.AbstractMessageConverterMethodProcessor.writeWithMessageConverters(AbstractMessageConverterMethodProcessor.java:297) ~[spring-webmvc-6.1.10.jar:6.1.10]
	at org.springframework.web.servlet.mvc.method.annotation.RequestResponseBodyMethodProcessor.handleReturnValue(RequestResponseBodyMethodProcessor.java:192) ~[spring-webmvc-6.1.10.jar:6.1.10]
	at org.springframework.web.method.support.HandlerMethodReturnValueHandlerComposite.handleReturnValue(HandlerMethodReturnValueHandlerComposite.java:78) ~[spring-web-6.1.10.jar:6.1.10]
	at org.springframework.web.servlet.mvc.method.annotation.ServletInvocableHandlerMethod.invokeAndHandle(ServletInvocableHandlerMethod.java:136) ~[spring-webmvc-6.1.10.jar:6.1.10]
	at org.springframework.web.servlet.mvc.method.annotation.RequestMappingHandlerAdapter.invokeHandlerMethod(RequestMappingHandlerAdapter.java:926) ~[spring-webmvc-6.1.10.jar:6.1.10]
	at org.springframework.web.servlet.mvc.method.annotation.RequestMappingHandlerAdapter.handleInternal(RequestMappingHandlerAdapter.java:831) ~[spring-webmvc-6.1.10.jar:6.1.10]
	at org.springframework.web.servlet.mvc.method.AbstractHandlerMethodAdapter.handle(AbstractHandlerMethodAdapter.java:87) ~[spring-webmvc-6.1.10.jar:6.1.10]
	at org.springframework.web.servlet.DispatcherServlet.doDispatch(DispatcherServlet.java:1089) ~[spring-webmvc-6.1.10.jar:6.1.10]
	at org.springframework.web.servlet.DispatcherServlet.doService(DispatcherServlet.java:979) ~[spring-webmvc-6.1.10.jar:6.1.10]
	at org.springframework.web.servlet.FrameworkServlet.processRequest(FrameworkServlet.java:1014) ~[spring-webmvc-6.1.10.jar:6.1.10]
	at org.springframework.web.servlet.FrameworkServlet.doPost(FrameworkServlet.java:914) ~[spring-webmvc-6.1.10.jar:6.1.10]
	at jakarta.servlet.http.HttpServlet.service(HttpServlet.java:547) ~[jakarta.servlet-api-6.0.0.jar:6.0.0]
	at org.springframework.web.servlet.FrameworkServlet.service(FrameworkServlet.java:885) ~[spring-webmvc-6.1.10.jar:6.1.10]
	at jakarta.servlet.http.HttpServlet.service(HttpServlet.java:614) ~[jakarta.servlet-api-6.0.0.jar:6.0.0]
	at io.undertow.servlet.handlers.ServletHandler.handleRequest(ServletHandler.java:74) ~[undertow-servlet-2.3.13.Final.jar:2.3.13.Final]
	at io.undertow.servlet.handlers.FilterHandler$FilterChainImpl.doFilter(FilterHandler.java:129) ~[undertow-servlet-2.3.13.Final.jar:2.3.13.Final]
	at org.springframework.web.filter.CorsFilter.doFilterInternal(CorsFilter.java:91) ~[spring-web-6.1.10.jar:6.1.10]
	at org.springframework.web.filter.OncePerRequestFilter.doFilter(OncePerRequestFilter.java:116) ~[spring-web-6.1.10.jar:6.1.10]
	at io.undertow.servlet.core.ManagedFilter.doFilter(ManagedFilter.java:67) ~[undertow-servlet-2.3.13.Final.jar:2.3.13.Final]
	at io.undertow.servlet.handlers.FilterHandler$FilterChainImpl.doFilter(FilterHandler.java:131) ~[undertow-servlet-2.3.13.Final.jar:2.3.13.Final]
	at org.springframework.web.filter.RequestContextFilter.doFilterInternal(RequestContextFilter.java:100) ~[spring-web-6.1.10.jar:6.1.10]
	at org.springframework.web.filter.OncePerRequestFilter.doFilter(OncePerRequestFilter.java:116) ~[spring-web-6.1.10.jar:6.1.10]
	at io.undertow.servlet.core.ManagedFilter.doFilter(ManagedFilter.java:67) ~[undertow-servlet-2.3.13.Final.jar:2.3.13.Final]
	at io.undertow.servlet.handlers.FilterHandler$FilterChainImpl.doFilter(FilterHandler.java:131) ~[undertow-servlet-2.3.13.Final.jar:2.3.13.Final]
	at org.springframework.web.filter.FormContentFilter.doFilterInternal(FormContentFilter.java:93) ~[spring-web-6.1.10.jar:6.1.10]
	at org.springframework.web.filter.OncePerRequestFilter.doFilter(OncePerRequestFilter.java:116) ~[spring-web-6.1.10.jar:6.1.10]
	at io.undertow.servlet.core.ManagedFilter.doFilter(ManagedFilter.java:67) ~[undertow-servlet-2.3.13.Final.jar:2.3.13.Final]
	at io.undertow.servlet.handlers.FilterHandler$FilterChainImpl.doFilter(FilterHandler.java:131) ~[undertow-servlet-2.3.13.Final.jar:2.3.13.Final]
	at org.springframework.web.filter.CharacterEncodingFilter.doFilterInternal(CharacterEncodingFilter.java:201) ~[spring-web-6.1.10.jar:6.1.10]
	at org.springframework.web.filter.OncePerRequestFilter.doFilter(OncePerRequestFilter.java:116) ~[spring-web-6.1.10.jar:6.1.10]
	at io.undertow.servlet.core.ManagedFilter.doFilter(ManagedFilter.java:67) ~[undertow-servlet-2.3.13.Final.jar:2.3.13.Final]
	at io.undertow.servlet.handlers.FilterHandler$FilterChainImpl.doFilter(FilterHandler.java:131) ~[undertow-servlet-2.3.13.Final.jar:2.3.13.Final]
	at io.undertow.servlet.handlers.FilterHandler.handleRequest(FilterHandler.java:84) ~[undertow-servlet-2.3.13.Final.jar:2.3.13.Final]
	at io.undertow.servlet.handlers.security.ServletSecurityRoleHandler.handleRequest(ServletSecurityRoleHandler.java:62) ~[undertow-servlet-2.3.13.Final.jar:2.3.13.Final]
	at io.undertow.servlet.handlers.ServletChain$1.handleRequest(ServletChain.java:68) ~[undertow-servlet-2.3.13.Final.jar:2.3.13.Final]
	at io.undertow.servlet.handlers.ServletDispatchingHandler.handleRequest(ServletDispatchingHandler.java:36) ~[undertow-servlet-2.3.13.Final.jar:2.3.13.Final]
	at io.undertow.servlet.handlers.RedirectDirHandler.handleRequest(RedirectDirHandler.java:68) ~[undertow-servlet-2.3.13.Final.jar:2.3.13.Final]
	at io.undertow.servlet.handlers.security.SSLInformationAssociationHandler.handleRequest(SSLInformationAssociationHandler.java:117) ~[undertow-servlet-2.3.13.Final.jar:2.3.13.Final]
	at io.undertow.servlet.handlers.security.ServletAuthenticationCallHandler.handleRequest(ServletAuthenticationCallHandler.java:57) ~[undertow-servlet-2.3.13.Final.jar:2.3.13.Final]
	at io.undertow.server.handlers.PredicateHandler.handleRequest(PredicateHandler.java:43) ~[undertow-core-2.3.13.Final.jar:2.3.13.Final]
	at io.undertow.security.handlers.AbstractConfidentialityHandler.handleRequest(AbstractConfidentialityHandler.java:46) ~[undertow-core-2.3.13.Final.jar:2.3.13.Final]
	at io.undertow.servlet.handlers.security.ServletConfidentialityConstraintHandler.handleRequest(ServletConfidentialityConstraintHandler.java:64) ~[undertow-servlet-2.3.13.Final.jar:2.3.13.Final]
	at io.undertow.security.handlers.AuthenticationMechanismsHandler.handleRequest(AuthenticationMechanismsHandler.java:60) ~[undertow-core-2.3.13.Final.jar:2.3.13.Final]
	at io.undertow.servlet.handlers.security.CachedAuthenticatedSessionHandler.handleRequest(CachedAuthenticatedSessionHandler.java:77) ~[undertow-servlet-2.3.13.Final.jar:2.3.13.Final]
	at io.undertow.security.handlers.AbstractSecurityContextAssociationHandler.handleRequest(AbstractSecurityContextAssociationHandler.java:43) ~[undertow-core-2.3.13.Final.jar:2.3.13.Final]
	at io.undertow.server.handlers.PredicateHandler.handleRequest(PredicateHandler.java:43) ~[undertow-core-2.3.13.Final.jar:2.3.13.Final]
	at io.undertow.servlet.handlers.SendErrorPageHandler.handleRequest(SendErrorPageHandler.java:52) ~[undertow-servlet-2.3.13.Final.jar:2.3.13.Final]
	at io.undertow.server.handlers.PredicateHandler.handleRequest(PredicateHandler.java:43) ~[undertow-core-2.3.13.Final.jar:2.3.13.Final]
	at io.undertow.servlet.handlers.ServletInitialHandler.handleFirstRequest(ServletInitialHandler.java:276) ~[undertow-servlet-2.3.13.Final.jar:2.3.13.Final]
	at io.undertow.servlet.handlers.ServletInitialHandler$2.call(ServletInitialHandler.java:135) ~[undertow-servlet-2.3.13.Final.jar:2.3.13.Final]
	at io.undertow.servlet.handlers.ServletInitialHandler$2.call(ServletInitialHandler.java:132) ~[undertow-servlet-2.3.13.Final.jar:2.3.13.Final]
	at io.undertow.servlet.core.ServletRequestContextThreadSetupAction$1.call(ServletRequestContextThreadSetupAction.java:48) ~[undertow-servlet-2.3.13.Final.jar:2.3.13.Final]
	at io.undertow.servlet.core.ContextClassLoaderSetupAction$1.call(ContextClassLoaderSetupAction.java:43) ~[undertow-servlet-2.3.13.Final.jar:2.3.13.Final]
	at io.undertow.servlet.handlers.ServletInitialHandler.dispatchRequest(ServletInitialHandler.java:256) ~[undertow-servlet-2.3.13.Final.jar:2.3.13.Final]
	at io.undertow.servlet.handlers.ServletInitialHandler$1.handleRequest(ServletInitialHandler.java:101) ~[undertow-servlet-2.3.13.Final.jar:2.3.13.Final]
	at io.undertow.server.Connectors.executeRootHandler(Connectors.java:393) ~[undertow-core-2.3.13.Final.jar:2.3.13.Final]
	at io.undertow.server.HttpServerExchange$1.run(HttpServerExchange.java:859) ~[undertow-core-2.3.13.Final.jar:2.3.13.Final]
	at org.jboss.threads.ContextHandler$1.runWith(ContextHandler.java:18) ~[jboss-threads-3.5.0.Final.jar:3.5.0.Final]
	at org.jboss.threads.EnhancedQueueExecutor$Task.run(EnhancedQueueExecutor.java:2513) ~[jboss-threads-3.5.0.Final.jar:3.5.0.Final]
	at org.jboss.threads.EnhancedQueueExecutor$ThreadBody.run(EnhancedQueueExecutor.java:1538) ~[jboss-threads-3.5.0.Final.jar:3.5.0.Final]
	at org.xnio.XnioWorker$WorkerThreadFactory$1$1.run(XnioWorker.java:1282) ~[xnio-api-3.8.8.Final.jar:3.8.8.Final]
	at java.base/java.lang.Thread.run(Thread.java:1583) [?:?]
	Suppressed: org.springframework.web.context.request.async.AsyncRequestNotUsableException: Response not usable after response errors.
		at org.springframework.web.context.request.async.StandardServletAsyncWebRequest$LifecycleHttpServletResponse.obtainLockAndCheckState(StandardServletAsyncWebRequest.java:314) ~[spring-web-6.1.10.jar:6.1.10]
		at org.springframework.web.context.request.async.StandardServletAsyncWebRequest$LifecycleServletOutputStream.write(StandardServletAsyncWebRequest.java:373) ~[spring-web-6.1.10.jar:6.1.10]
		at org.springframework.util.StreamUtils$NonClosingOutputStream.write(StreamUtils.java:261) ~[spring-core-6.1.10.jar:6.1.10]
		at com.fasterxml.jackson.core.json.UTF8JsonGenerator._flushBuffer(UTF8JsonGenerator.java:2210) ~[jackson-core-2.17.1.jar:2.17.1]
		at com.fasterxml.jackson.core.json.UTF8JsonGenerator.close(UTF8JsonGenerator.java:1234) ~[jackson-core-2.17.1.jar:2.17.1]
		at org.springframework.http.converter.json.AbstractJackson2HttpMessageConverter.writeInternal(AbstractJackson2HttpMessageConverter.java:452) ~[spring-web-6.1.10.jar:6.1.10]
		at org.springframework.http.converter.AbstractGenericHttpMessageConverter.write(AbstractGenericHttpMessageConverter.java:114) ~[spring-web-6.1.10.jar:6.1.10]
		at org.springframework.web.servlet.mvc.method.annotation.AbstractMessageConverterMethodProcessor.writeWithMessageConverters(AbstractMessageConverterMethodProcessor.java:297) ~[spring-webmvc-6.1.10.jar:6.1.10]
		at org.springframework.web.servlet.mvc.method.annotation.RequestResponseBodyMethodProcessor.handleReturnValue(RequestResponseBodyMethodProcessor.java:192) ~[spring-webmvc-6.1.10.jar:6.1.10]
		at org.springframework.web.method.support.HandlerMethodReturnValueHandlerComposite.handleReturnValue(HandlerMethodReturnValueHandlerComposite.java:78) ~[spring-web-6.1.10.jar:6.1.10]
		at org.springframework.web.servlet.mvc.method.annotation.ServletInvocableHandlerMethod.invokeAndHandle(ServletInvocableHandlerMethod.java:136) ~[spring-webmvc-6.1.10.jar:6.1.10]
		at org.springframework.web.servlet.mvc.method.annotation.RequestMappingHandlerAdapter.invokeHandlerMethod(RequestMappingHandlerAdapter.java:926) ~[spring-webmvc-6.1.10.jar:6.1.10]
		at org.springframework.web.servlet.mvc.method.annotation.RequestMappingHandlerAdapter.handleInternal(RequestMappingHandlerAdapter.java:831) ~[spring-webmvc-6.1.10.jar:6.1.10]
		at org.springframework.web.servlet.mvc.method.AbstractHandlerMethodAdapter.handle(AbstractHandlerMethodAdapter.java:87) ~[spring-webmvc-6.1.10.jar:6.1.10]
		at org.springframework.web.servlet.DispatcherServlet.doDispatch(DispatcherServlet.java:1089) ~[spring-webmvc-6.1.10.jar:6.1.10]
		at org.springframework.web.servlet.DispatcherServlet.doService(DispatcherServlet.java:979) ~[spring-webmvc-6.1.10.jar:6.1.10]
		at org.springframework.web.servlet.FrameworkServlet.processRequest(FrameworkServlet.java:1014) ~[spring-webmvc-6.1.10.jar:6.1.10]
		at org.springframework.web.servlet.FrameworkServlet.doPost(FrameworkServlet.java:914) ~[spring-webmvc-6.1.10.jar:6.1.10]
		at jakarta.servlet.http.HttpServlet.service(HttpServlet.java:547) ~[jakarta.servlet-api-6.0.0.jar:6.0.0]
		at org.springframework.web.servlet.FrameworkServlet.service(FrameworkServlet.java:885) ~[spring-webmvc-6.1.10.jar:6.1.10]
		at jakarta.servlet.http.HttpServlet.service(HttpServlet.java:614) ~[jakarta.servlet-api-6.0.0.jar:6.0.0]
		at io.undertow.servlet.handlers.ServletHandler.handleRequest(ServletHandler.java:74) ~[undertow-servlet-2.3.13.Final.jar:2.3.13.Final]
		at io.undertow.servlet.handlers.FilterHandler$FilterChainImpl.doFilter(FilterHandler.java:129) ~[undertow-servlet-2.3.13.Final.jar:2.3.13.Final]
		at org.springframework.web.filter.CorsFilter.doFilterInternal(CorsFilter.java:91) ~[spring-web-6.1.10.jar:6.1.10]
		at org.springframework.web.filter.OncePerRequestFilter.doFilter(OncePerRequestFilter.java:116) ~[spring-web-6.1.10.jar:6.1.10]
		at io.undertow.servlet.core.ManagedFilter.doFilter(ManagedFilter.java:67) ~[undertow-servlet-2.3.13.Final.jar:2.3.13.Final]
		at io.undertow.servlet.handlers.FilterHandler$FilterChainImpl.doFilter(FilterHandler.java:131) ~[undertow-servlet-2.3.13.Final.jar:2.3.13.Final]
		at org.springframework.web.filter.RequestContextFilter.doFilterInternal(RequestContextFilter.java:100) ~[spring-web-6.1.10.jar:6.1.10]
		at org.springframework.web.filter.OncePerRequestFilter.doFilter(OncePerRequestFilter.java:116) ~[spring-web-6.1.10.jar:6.1.10]
		at io.undertow.servlet.core.ManagedFilter.doFilter(ManagedFilter.java:67) ~[undertow-servlet-2.3.13.Final.jar:2.3.13.Final]
		at io.undertow.servlet.handlers.FilterHandler$FilterChainImpl.doFilter(FilterHandler.java:131) ~[undertow-servlet-2.3.13.Final.jar:2.3.13.Final]
		at org.springframework.web.filter.FormContentFilter.doFilterInternal(FormContentFilter.java:93) ~[spring-web-6.1.10.jar:6.1.10]
		at org.springframework.web.filter.OncePerRequestFilter.doFilter(OncePerRequestFilter.java:116) ~[spring-web-6.1.10.jar:6.1.10]
		at io.undertow.servlet.core.ManagedFilter.doFilter(ManagedFilter.java:67) ~[undertow-servlet-2.3.13.Final.jar:2.3.13.Final]
		at io.undertow.servlet.handlers.FilterHandler$FilterChainImpl.doFilter(FilterHandler.java:131) ~[undertow-servlet-2.3.13.Final.jar:2.3.13.Final]
		at org.springframework.web.filter.CharacterEncodingFilter.doFilterInternal(CharacterEncodingFilter.java:201) ~[spring-web-6.1.10.jar:6.1.10]
		at org.springframework.web.filter.OncePerRequestFilter.doFilter(OncePerRequestFilter.java:116) ~[spring-web-6.1.10.jar:6.1.10]
		at io.undertow.servlet.core.ManagedFilter.doFilter(ManagedFilter.java:67) ~[undertow-servlet-2.3.13.Final.jar:2.3.13.Final]
		at io.undertow.servlet.handlers.FilterHandler$FilterChainImpl.doFilter(FilterHandler.java:131) ~[undertow-servlet-2.3.13.Final.jar:2.3.13.Final]
		at io.undertow.servlet.handlers.FilterHandler.handleRequest(FilterHandler.java:84) ~[undertow-servlet-2.3.13.Final.jar:2.3.13.Final]
		at io.undertow.servlet.handlers.security.ServletSecurityRoleHandler.handleRequest(ServletSecurityRoleHandler.java:62) ~[undertow-servlet-2.3.13.Final.jar:2.3.13.Final]
		at io.undertow.servlet.handlers.ServletChain$1.handleRequest(ServletChain.java:68) ~[undertow-servlet-2.3.13.Final.jar:2.3.13.Final]
		at io.undertow.servlet.handlers.ServletDispatchingHandler.handleRequest(ServletDispatchingHandler.java:36) ~[undertow-servlet-2.3.13.Final.jar:2.3.13.Final]
		at io.undertow.servlet.handlers.RedirectDirHandler.handleRequest(RedirectDirHandler.java:68) ~[undertow-servlet-2.3.13.Final.jar:2.3.13.Final]
		at io.undertow.servlet.handlers.security.SSLInformationAssociationHandler.handleRequest(SSLInformationAssociationHandler.java:117) ~[undertow-servlet-2.3.13.Final.jar:2.3.13.Final]
		at io.undertow.servlet.handlers.security.ServletAuthenticationCallHandler.handleRequest(ServletAuthenticationCallHandler.java:57) ~[undertow-servlet-2.3.13.Final.jar:2.3.13.Final]
		at io.undertow.server.handlers.PredicateHandler.handleRequest(PredicateHandler.java:43) ~[undertow-core-2.3.13.Final.jar:2.3.13.Final]
		at io.undertow.security.handlers.AbstractConfidentialityHandler.handleRequest(AbstractConfidentialityHandler.java:46) ~[undertow-core-2.3.13.Final.jar:2.3.13.Final]
		at io.undertow.servlet.handlers.security.ServletConfidentialityConstraintHandler.handleRequest(ServletConfidentialityConstraintHandler.java:64) ~[undertow-servlet-2.3.13.Final.jar:2.3.13.Final]
		at io.undertow.security.handlers.AuthenticationMechanismsHandler.handleRequest(AuthenticationMechanismsHandler.java:60) ~[undertow-core-2.3.13.Final.jar:2.3.13.Final]
		at io.undertow.servlet.handlers.security.CachedAuthenticatedSessionHandler.handleRequest(CachedAuthenticatedSessionHandler.java:77) ~[undertow-servlet-2.3.13.Final.jar:2.3.13.Final]
		at io.undertow.security.handlers.AbstractSecurityContextAssociationHandler.handleRequest(AbstractSecurityContextAssociationHandler.java:43) ~[undertow-core-2.3.13.Final.jar:2.3.13.Final]
		at io.undertow.server.handlers.PredicateHandler.handleRequest(PredicateHandler.java:43) ~[undertow-core-2.3.13.Final.jar:2.3.13.Final]
		at io.undertow.servlet.handlers.SendErrorPageHandler.handleRequest(SendErrorPageHandler.java:52) ~[undertow-servlet-2.3.13.Final.jar:2.3.13.Final]
		at io.undertow.server.handlers.PredicateHandler.handleRequest(PredicateHandler.java:43) ~[undertow-core-2.3.13.Final.jar:2.3.13.Final]
		at io.undertow.servlet.handlers.ServletInitialHandler.handleFirstRequest(ServletInitialHandler.java:276) ~[undertow-servlet-2.3.13.Final.jar:2.3.13.Final]
		at io.undertow.servlet.handlers.ServletInitialHandler$2.call(ServletInitialHandler.java:135) ~[undertow-servlet-2.3.13.Final.jar:2.3.13.Final]
		at io.undertow.servlet.handlers.ServletInitialHandler$2.call(ServletInitialHandler.java:132) ~[undertow-servlet-2.3.13.Final.jar:2.3.13.Final]
		at io.undertow.servlet.core.ServletRequestContextThreadSetupAction$1.call(ServletRequestContextThreadSetupAction.java:48) ~[undertow-servlet-2.3.13.Final.jar:2.3.13.Final]
		at io.undertow.servlet.core.ContextClassLoaderSetupAction$1.call(ContextClassLoaderSetupAction.java:43) ~[undertow-servlet-2.3.13.Final.jar:2.3.13.Final]
		at io.undertow.servlet.handlers.ServletInitialHandler.dispatchRequest(ServletInitialHandler.java:256) ~[undertow-servlet-2.3.13.Final.jar:2.3.13.Final]
		at io.undertow.servlet.handlers.ServletInitialHandler$1.handleRequest(ServletInitialHandler.java:101) ~[undertow-servlet-2.3.13.Final.jar:2.3.13.Final]
		at io.undertow.server.Connectors.executeRootHandler(Connectors.java:393) ~[undertow-core-2.3.13.Final.jar:2.3.13.Final]
		at io.undertow.server.HttpServerExchange$1.run(HttpServerExchange.java:859) ~[undertow-core-2.3.13.Final.jar:2.3.13.Final]
		at org.jboss.threads.ContextHandler$1.runWith(ContextHandler.java:18) ~[jboss-threads-3.5.0.Final.jar:3.5.0.Final]
		at org.jboss.threads.EnhancedQueueExecutor$Task.run(EnhancedQueueExecutor.java:2513) ~[jboss-threads-3.5.0.Final.jar:3.5.0.Final]
		at org.jboss.threads.EnhancedQueueExecutor$ThreadBody.run(EnhancedQueueExecutor.java:1538) ~[jboss-threads-3.5.0.Final.jar:3.5.0.Final]
		at org.xnio.XnioWorker$WorkerThreadFactory$1$1.run(XnioWorker.java:1282) ~[xnio-api-3.8.8.Final.jar:3.8.8.Final]
		at java.base/java.lang.Thread.run(Thread.java:1583) [?:?]
Caused by: java.io.IOException: Broken pipe
	at java.base/sun.nio.ch.SocketDispatcher.write0(Native Method) ~[?:?]
	at java.base/sun.nio.ch.SocketDispatcher.write(SocketDispatcher.java:62) ~[?:?]
	at java.base/sun.nio.ch.IOUtil.writeFromNativeBuffer(IOUtil.java:137) ~[?:?]
	at java.base/sun.nio.ch.IOUtil.write(IOUtil.java:81) ~[?:?]
	at java.base/sun.nio.ch.IOUtil.write(IOUtil.java:58) ~[?:?]
	at java.base/sun.nio.ch.SocketChannelImpl.write(SocketChannelImpl.java:542) ~[?:?]
	at org.xnio.nio.NioSocketConduit.write(NioSocketConduit.java:153) ~[xnio-nio-3.8.8.Final.jar:3.8.8.Final]
	at io.undertow.server.protocol.http.HttpResponseConduit.write(HttpResponseConduit.java:629) ~[undertow-core-2.3.13.Final.jar:2.3.13.Final]
	at org.xnio.conduits.AbstractStreamSinkConduit.write(AbstractStreamSinkConduit.java:51) ~[xnio-api-3.8.8.Final.jar:3.8.8.Final]
	at io.undertow.conduits.DeflatingStreamSinkConduit.performFlushIfRequiredSingleBuffer(DeflatingStreamSinkConduit.java:445) ~[undertow-core-2.3.13.Final.jar:2.3.13.Final]
	at io.undertow.conduits.DeflatingStreamSinkConduit.performFlushIfRequired(DeflatingStreamSinkConduit.java:432) ~[undertow-core-2.3.13.Final.jar:2.3.13.Final]
	at io.undertow.conduits.DeflatingStreamSinkConduit.deflateData(DeflatingStreamSinkConduit.java:522) ~[undertow-core-2.3.13.Final.jar:2.3.13.Final]
	at io.undertow.conduits.DeflatingStreamSinkConduit.write(DeflatingStreamSinkConduit.java:130) ~[undertow-core-2.3.13.Final.jar:2.3.13.Final]
	at io.undertow.conduits.DeflatingStreamSinkConduit.write(DeflatingStreamSinkConduit.java:165) ~[undertow-core-2.3.13.Final.jar:2.3.13.Final]
	at org.xnio.conduits.ConduitStreamSinkChannel.write(ConduitStreamSinkChannel.java:158) ~[xnio-api-3.8.8.Final.jar:3.8.8.Final]
	at io.undertow.channels.DetachableStreamSinkChannel.write(DetachableStreamSinkChannel.java:179) ~[undertow-core-2.3.13.Final.jar:2.3.13.Final]
	at io.undertow.server.HttpServerExchange$WriteDispatchChannel.write(HttpServerExchange.java:2172) ~[undertow-core-2.3.13.Final.jar:2.3.13.Final]
	at org.xnio.channels.Channels.writeBlocking(Channels.java:202) ~[xnio-api-3.8.8.Final.jar:3.8.8.Final]
	at io.undertow.servlet.spec.ServletOutputStreamImpl.writeTooLargeForBuffer(ServletOutputStreamImpl.java:201) ~[undertow-servlet-2.3.13.Final.jar:2.3.13.Final]
	at io.undertow.servlet.spec.ServletOutputStreamImpl.write(ServletOutputStreamImpl.java:149) ~[undertow-servlet-2.3.13.Final.jar:2.3.13.Final]
	at org.springframework.web.context.request.async.StandardServletAsyncWebRequest$LifecycleServletOutputStream.write(StandardServletAsyncWebRequest.java:375) ~[spring-web-6.1.10.jar:6.1.10]
	... 86 more
[2026-05-21 14:08:05.360] ERROR XNIO-1 task-6 com.jts.gjcxfzksh.exception.handler.GlobalExceptionHandler[63] - 请求地址'/pt/network/tile',发生系统异常. 
org.springframework.web.context.request.async.AsyncRequestNotUsableException: ServletOutputStream failed to write: Broken pipe
	at org.springframework.web.context.request.async.StandardServletAsyncWebRequest$LifecycleHttpServletResponse.handleIOException(StandardServletAsyncWebRequest.java:320) ~[spring-web-6.1.10.jar:6.1.10]
	at org.springframework.web.context.request.async.StandardServletAsyncWebRequest$LifecycleServletOutputStream.write(StandardServletAsyncWebRequest.java:378) ~[spring-web-6.1.10.jar:6.1.10]
	at org.springframework.util.StreamUtils$NonClosingOutputStream.write(StreamUtils.java:261) ~[spring-core-6.1.10.jar:6.1.10]
	at com.fasterxml.jackson.core.json.UTF8JsonGenerator._flushBuffer(UTF8JsonGenerator.java:2210) ~[jackson-core-2.17.1.jar:2.17.1]
	at com.fasterxml.jackson.core.json.UTF8JsonGenerator._writeBytes(UTF8JsonGenerator.java:1297) ~[jackson-core-2.17.1.jar:2.17.1]
	at com.fasterxml.jackson.core.json.UTF8JsonGenerator.writeFieldName(UTF8JsonGenerator.java:287) ~[jackson-core-2.17.1.jar:2.17.1]
	at com.fasterxml.jackson.databind.ser.BeanPropertyWriter.serializeAsField(BeanPropertyWriter.java:730) ~[jackson-databind-2.17.1.jar:2.17.1]
	at com.fasterxml.jackson.databind.ser.std.BeanSerializerBase.serializeFields(BeanSerializerBase.java:770) ~[jackson-databind-2.17.1.jar:2.17.1]
	at com.fasterxml.jackson.databind.ser.BeanSerializer.serialize(BeanSerializer.java:183) ~[jackson-databind-2.17.1.jar:2.17.1]
	at com.fasterxml.jackson.databind.ser.impl.IndexedListSerializer.serializeContents(IndexedListSerializer.java:119) ~[jackson-databind-2.17.1.jar:2.17.1]
	at com.fasterxml.jackson.databind.ser.impl.IndexedListSerializer.serialize(IndexedListSerializer.java:79) ~[jackson-databind-2.17.1.jar:2.17.1]
	at com.fasterxml.jackson.databind.ser.impl.IndexedListSerializer.serialize(IndexedListSerializer.java:18) ~[jackson-databind-2.17.1.jar:2.17.1]
	at com.fasterxml.jackson.databind.ser.BeanPropertyWriter.serializeAsField(BeanPropertyWriter.java:732) ~[jackson-databind-2.17.1.jar:2.17.1]
	at com.fasterxml.jackson.databind.ser.std.BeanSerializerBase.serializeFields(BeanSerializerBase.java:770) ~[jackson-databind-2.17.1.jar:2.17.1]
	at com.fasterxml.jackson.databind.ser.BeanSerializer.serialize(BeanSerializer.java:183) ~[jackson-databind-2.17.1.jar:2.17.1]
	at com.fasterxml.jackson.databind.ser.DefaultSerializerProvider._serialize(DefaultSerializerProvider.java:502) ~[jackson-databind-2.17.1.jar:2.17.1]
	at com.fasterxml.jackson.databind.ser.DefaultSerializerProvider.serializeValue(DefaultSerializerProvider.java:341) ~[jackson-databind-2.17.1.jar:2.17.1]
	at com.fasterxml.jackson.databind.ObjectWriter$Prefetch.serialize(ObjectWriter.java:1574) ~[jackson-databind-2.17.1.jar:2.17.1]
	at com.fasterxml.jackson.databind.ObjectWriter.writeValue(ObjectWriter.java:1061) ~[jackson-databind-2.17.1.jar:2.17.1]
	at org.springframework.http.converter.json.AbstractJackson2HttpMessageConverter.writeInternal(AbstractJackson2HttpMessageConverter.java:483) ~[spring-web-6.1.10.jar:6.1.10]
	at org.springframework.http.converter.AbstractGenericHttpMessageConverter.write(AbstractGenericHttpMessageConverter.java:114) ~[spring-web-6.1.10.jar:6.1.10]
	at org.springframework.web.servlet.mvc.method.annotation.AbstractMessageConverterMethodProcessor.writeWithMessageConverters(AbstractMessageConverterMethodProcessor.java:297) ~[spring-webmvc-6.1.10.jar:6.1.10]
	at org.springframework.web.servlet.mvc.method.annotation.RequestResponseBodyMethodProcessor.handleReturnValue(RequestResponseBodyMethodProcessor.java:192) ~[spring-webmvc-6.1.10.jar:6.1.10]
	at org.springframework.web.method.support.HandlerMethodReturnValueHandlerComposite.handleReturnValue(HandlerMethodReturnValueHandlerComposite.java:78) ~[spring-web-6.1.10.jar:6.1.10]
	at org.springframework.web.servlet.mvc.method.annotation.ServletInvocableHandlerMethod.invokeAndHandle(ServletInvocableHandlerMethod.java:136) ~[spring-webmvc-6.1.10.jar:6.1.10]
	at org.springframework.web.servlet.mvc.method.annotation.RequestMappingHandlerAdapter.invokeHandlerMethod(RequestMappingHandlerAdapter.java:926) ~[spring-webmvc-6.1.10.jar:6.1.10]
	at org.springframework.web.servlet.mvc.method.annotation.RequestMappingHandlerAdapter.handleInternal(RequestMappingHandlerAdapter.java:831) ~[spring-webmvc-6.1.10.jar:6.1.10]
	at org.springframework.web.servlet.mvc.method.AbstractHandlerMethodAdapter.handle(AbstractHandlerMethodAdapter.java:87) ~[spring-webmvc-6.1.10.jar:6.1.10]
	at org.springframework.web.servlet.DispatcherServlet.doDispatch(DispatcherServlet.java:1089) ~[spring-webmvc-6.1.10.jar:6.1.10]
	at org.springframework.web.servlet.DispatcherServlet.doService(DispatcherServlet.java:979) ~[spring-webmvc-6.1.10.jar:6.1.10]
	at org.springframework.web.servlet.FrameworkServlet.processRequest(FrameworkServlet.java:1014) ~[spring-webmvc-6.1.10.jar:6.1.10]
	at org.springframework.web.servlet.FrameworkServlet.doPost(FrameworkServlet.java:914) ~[spring-webmvc-6.1.10.jar:6.1.10]
	at jakarta.servlet.http.HttpServlet.service(HttpServlet.java:547) ~[jakarta.servlet-api-6.0.0.jar:6.0.0]
	at org.springframework.web.servlet.FrameworkServlet.service(FrameworkServlet.java:885) ~[spring-webmvc-6.1.10.jar:6.1.10]
	at jakarta.servlet.http.HttpServlet.service(HttpServlet.java:614) ~[jakarta.servlet-api-6.0.0.jar:6.0.0]
	at io.undertow.servlet.handlers.ServletHandler.handleRequest(ServletHandler.java:74) ~[undertow-servlet-2.3.13.Final.jar:2.3.13.Final]
	at io.undertow.servlet.handlers.FilterHandler$FilterChainImpl.doFilter(FilterHandler.java:129) ~[undertow-servlet-2.3.13.Final.jar:2.3.13.Final]
	at org.springframework.web.filter.CorsFilter.doFilterInternal(CorsFilter.java:91) ~[spring-web-6.1.10.jar:6.1.10]
	at org.springframework.web.filter.OncePerRequestFilter.doFilter(OncePerRequestFilter.java:116) ~[spring-web-6.1.10.jar:6.1.10]
	at io.undertow.servlet.core.ManagedFilter.doFilter(ManagedFilter.java:67) ~[undertow-servlet-2.3.13.Final.jar:2.3.13.Final]
	at io.undertow.servlet.handlers.FilterHandler$FilterChainImpl.doFilter(FilterHandler.java:131) ~[undertow-servlet-2.3.13.Final.jar:2.3.13.Final]
	at org.springframework.web.filter.RequestContextFilter.doFilterInternal(RequestContextFilter.java:100) ~[spring-web-6.1.10.jar:6.1.10]
	at org.springframework.web.filter.OncePerRequestFilter.doFilter(OncePerRequestFilter.java:116) ~[spring-web-6.1.10.jar:6.1.10]
	at io.undertow.servlet.core.ManagedFilter.doFilter(ManagedFilter.java:67) ~[undertow-servlet-2.3.13.Final.jar:2.3.13.Final]
	at io.undertow.servlet.handlers.FilterHandler$FilterChainImpl.doFilter(FilterHandler.java:131) ~[undertow-servlet-2.3.13.Final.jar:2.3.13.Final]
	at org.springframework.web.filter.FormContentFilter.doFilterInternal(FormContentFilter.java:93) ~[spring-web-6.1.10.jar:6.1.10]
	at org.springframework.web.filter.OncePerRequestFilter.doFilter(OncePerRequestFilter.java:116) ~[spring-web-6.1.10.jar:6.1.10]
	at io.undertow.servlet.core.ManagedFilter.doFilter(ManagedFilter.java:67) ~[undertow-servlet-2.3.13.Final.jar:2.3.13.Final]
	at io.undertow.servlet.handlers.FilterHandler$FilterChainImpl.doFilter(FilterHandler.java:131) ~[undertow-servlet-2.3.13.Final.jar:2.3.13.Final]
	at org.springframework.web.filter.CharacterEncodingFilter.doFilterInternal(CharacterEncodingFilter.java:201) ~[spring-web-6.1.10.jar:6.1.10]
	at org.springframework.web.filter.OncePerRequestFilter.doFilter(OncePerRequestFilter.java:116) ~[spring-web-6.1.10.jar:6.1.10]
	at io.undertow.servlet.core.ManagedFilter.doFilter(ManagedFilter.java:67) ~[undertow-servlet-2.3.13.Final.jar:2.3.13.Final]
	at io.undertow.servlet.handlers.FilterHandler$FilterChainImpl.doFilter(FilterHandler.java:131) ~[undertow-servlet-2.3.13.Final.jar:2.3.13.Final]
	at io.undertow.servlet.handlers.FilterHandler.handleRequest(FilterHandler.java:84) ~[undertow-servlet-2.3.13.Final.jar:2.3.13.Final]
	at io.undertow.servlet.handlers.security.ServletSecurityRoleHandler.handleRequest(ServletSecurityRoleHandler.java:62) ~[undertow-servlet-2.3.13.Final.jar:2.3.13.Final]
	at io.undertow.servlet.handlers.ServletChain$1.handleRequest(ServletChain.java:68) ~[undertow-servlet-2.3.13.Final.jar:2.3.13.Final]
	at io.undertow.servlet.handlers.ServletDispatchingHandler.handleRequest(ServletDispatchingHandler.java:36) ~[undertow-servlet-2.3.13.Final.jar:2.3.13.Final]
	at io.undertow.servlet.handlers.RedirectDirHandler.handleRequest(RedirectDirHandler.java:68) ~[undertow-servlet-2.3.13.Final.jar:2.3.13.Final]
	at io.undertow.servlet.handlers.security.SSLInformationAssociationHandler.handleRequest(SSLInformationAssociationHandler.java:117) ~[undertow-servlet-2.3.13.Final.jar:2.3.13.Final]
	at io.undertow.servlet.handlers.security.ServletAuthenticationCallHandler.handleRequest(ServletAuthenticationCallHandler.java:57) ~[undertow-servlet-2.3.13.Final.jar:2.3.13.Final]
	at io.undertow.server.handlers.PredicateHandler.handleRequest(PredicateHandler.java:43) ~[undertow-core-2.3.13.Final.jar:2.3.13.Final]
	at io.undertow.security.handlers.AbstractConfidentialityHandler.handleRequest(AbstractConfidentialityHandler.java:46) ~[undertow-core-2.3.13.Final.jar:2.3.13.Final]
	at io.undertow.servlet.handlers.security.ServletConfidentialityConstraintHandler.handleRequest(ServletConfidentialityConstraintHandler.java:64) ~[undertow-servlet-2.3.13.Final.jar:2.3.13.Final]
	at io.undertow.security.handlers.AuthenticationMechanismsHandler.handleRequest(AuthenticationMechanismsHandler.java:60) ~[undertow-core-2.3.13.Final.jar:2.3.13.Final]
	at io.undertow.servlet.handlers.security.CachedAuthenticatedSessionHandler.handleRequest(CachedAuthenticatedSessionHandler.java:77) ~[undertow-servlet-2.3.13.Final.jar:2.3.13.Final]
	at io.undertow.security.handlers.AbstractSecurityContextAssociationHandler.handleRequest(AbstractSecurityContextAssociationHandler.java:43) ~[undertow-core-2.3.13.Final.jar:2.3.13.Final]
	at io.undertow.server.handlers.PredicateHandler.handleRequest(PredicateHandler.java:43) ~[undertow-core-2.3.13.Final.jar:2.3.13.Final]
	at io.undertow.servlet.handlers.SendErrorPageHandler.handleRequest(SendErrorPageHandler.java:52) ~[undertow-servlet-2.3.13.Final.jar:2.3.13.Final]
	at io.undertow.server.handlers.PredicateHandler.handleRequest(PredicateHandler.java:43) ~[undertow-core-2.3.13.Final.jar:2.3.13.Final]
	at io.undertow.servlet.handlers.ServletInitialHandler.handleFirstRequest(ServletInitialHandler.java:276) ~[undertow-servlet-2.3.13.Final.jar:2.3.13.Final]
	at io.undertow.servlet.handlers.ServletInitialHandler$2.call(ServletInitialHandler.java:135) ~[undertow-servlet-2.3.13.Final.jar:2.3.13.Final]
	at io.undertow.servlet.handlers.ServletInitialHandler$2.call(ServletInitialHandler.java:132) ~[undertow-servlet-2.3.13.Final.jar:2.3.13.Final]
	at io.undertow.servlet.core.ServletRequestContextThreadSetupAction$1.call(ServletRequestContextThreadSetupAction.java:48) ~[undertow-servlet-2.3.13.Final.jar:2.3.13.Final]
	at io.undertow.servlet.core.ContextClassLoaderSetupAction$1.call(ContextClassLoaderSetupAction.java:43) ~[undertow-servlet-2.3.13.Final.jar:2.3.13.Final]
	at io.undertow.servlet.handlers.ServletInitialHandler.dispatchRequest(ServletInitialHandler.java:256) ~[undertow-servlet-2.3.13.Final.jar:2.3.13.Final]
	at io.undertow.servlet.handlers.ServletInitialHandler$1.handleRequest(ServletInitialHandler.java:101) ~[undertow-servlet-2.3.13.Final.jar:2.3.13.Final]
	at io.undertow.server.Connectors.executeRootHandler(Connectors.java:393) ~[undertow-core-2.3.13.Final.jar:2.3.13.Final]
	at io.undertow.server.HttpServerExchange$1.run(HttpServerExchange.java:859) ~[undertow-core-2.3.13.Final.jar:2.3.13.Final]
	at org.jboss.threads.ContextHandler$1.runWith(ContextHandler.java:18) ~[jboss-threads-3.5.0.Final.jar:3.5.0.Final]
	at org.jboss.threads.EnhancedQueueExecutor$Task.run(EnhancedQueueExecutor.java:2513) ~[jboss-threads-3.5.0.Final.jar:3.5.0.Final]
	at org.jboss.threads.EnhancedQueueExecutor$ThreadBody.run(EnhancedQueueExecutor.java:1538) ~[jboss-threads-3.5.0.Final.jar:3.5.0.Final]
	at org.xnio.XnioWorker$WorkerThreadFactory$1$1.run(XnioWorker.java:1282) ~[xnio-api-3.8.8.Final.jar:3.8.8.Final]
	at java.base/java.lang.Thread.run(Thread.java:1583) [?:?]
	Suppressed: org.springframework.web.context.request.async.AsyncRequestNotUsableException: Response not usable after response errors.
		at org.springframework.web.context.request.async.StandardServletAsyncWebRequest$LifecycleHttpServletResponse.obtainLockAndCheckState(StandardServletAsyncWebRequest.java:314) ~[spring-web-6.1.10.jar:6.1.10]
		at org.springframework.web.context.request.async.StandardServletAsyncWebRequest$LifecycleServletOutputStream.write(StandardServletAsyncWebRequest.java:373) ~[spring-web-6.1.10.jar:6.1.10]
		at org.springframework.util.StreamUtils$NonClosingOutputStream.write(StreamUtils.java:261) ~[spring-core-6.1.10.jar:6.1.10]
		at com.fasterxml.jackson.core.json.UTF8JsonGenerator._flushBuffer(UTF8JsonGenerator.java:2210) ~[jackson-core-2.17.1.jar:2.17.1]
		at com.fasterxml.jackson.core.json.UTF8JsonGenerator.close(UTF8JsonGenerator.java:1234) ~[jackson-core-2.17.1.jar:2.17.1]
		at org.springframework.http.converter.json.AbstractJackson2HttpMessageConverter.writeInternal(AbstractJackson2HttpMessageConverter.java:452) ~[spring-web-6.1.10.jar:6.1.10]
		at org.springframework.http.converter.AbstractGenericHttpMessageConverter.write(AbstractGenericHttpMessageConverter.java:114) ~[spring-web-6.1.10.jar:6.1.10]
		at org.springframework.web.servlet.mvc.method.annotation.AbstractMessageConverterMethodProcessor.writeWithMessageConverters(AbstractMessageConverterMethodProcessor.java:297) ~[spring-webmvc-6.1.10.jar:6.1.10]
		at org.springframework.web.servlet.mvc.method.annotation.RequestResponseBodyMethodProcessor.handleReturnValue(RequestResponseBodyMethodProcessor.java:192) ~[spring-webmvc-6.1.10.jar:6.1.10]
		at org.springframework.web.method.support.HandlerMethodReturnValueHandlerComposite.handleReturnValue(HandlerMethodReturnValueHandlerComposite.java:78) ~[spring-web-6.1.10.jar:6.1.10]
		at org.springframework.web.servlet.mvc.method.annotation.ServletInvocableHandlerMethod.invokeAndHandle(ServletInvocableHandlerMethod.java:136) ~[spring-webmvc-6.1.10.jar:6.1.10]
		at org.springframework.web.servlet.mvc.method.annotation.RequestMappingHandlerAdapter.invokeHandlerMethod(RequestMappingHandlerAdapter.java:926) ~[spring-webmvc-6.1.10.jar:6.1.10]
		at org.springframework.web.servlet.mvc.method.annotation.RequestMappingHandlerAdapter.handleInternal(RequestMappingHandlerAdapter.java:831) ~[spring-webmvc-6.1.10.jar:6.1.10]
		at org.springframework.web.servlet.mvc.method.AbstractHandlerMethodAdapter.handle(AbstractHandlerMethodAdapter.java:87) ~[spring-webmvc-6.1.10.jar:6.1.10]
		at org.springframework.web.servlet.DispatcherServlet.doDispatch(DispatcherServlet.java:1089) ~[spring-webmvc-6.1.10.jar:6.1.10]
		at org.springframework.web.servlet.DispatcherServlet.doService(DispatcherServlet.java:979) ~[spring-webmvc-6.1.10.jar:6.1.10]
		at org.springframework.web.servlet.FrameworkServlet.processRequest(FrameworkServlet.java:1014) ~[spring-webmvc-6.1.10.jar:6.1.10]
		at org.springframework.web.servlet.FrameworkServlet.doPost(FrameworkServlet.java:914) ~[spring-webmvc-6.1.10.jar:6.1.10]
		at jakarta.servlet.http.HttpServlet.service(HttpServlet.java:547) ~[jakarta.servlet-api-6.0.0.jar:6.0.0]
		at org.springframework.web.servlet.FrameworkServlet.service(FrameworkServlet.java:885) ~[spring-webmvc-6.1.10.jar:6.1.10]
		at jakarta.servlet.http.HttpServlet.service(HttpServlet.java:614) ~[jakarta.servlet-api-6.0.0.jar:6.0.0]
		at io.undertow.servlet.handlers.ServletHandler.handleRequest(ServletHandler.java:74) ~[undertow-servlet-2.3.13.Final.jar:2.3.13.Final]
		at io.undertow.servlet.handlers.FilterHandler$FilterChainImpl.doFilter(FilterHandler.java:129) ~[undertow-servlet-2.3.13.Final.jar:2.3.13.Final]
		at org.springframework.web.filter.CorsFilter.doFilterInternal(CorsFilter.java:91) ~[spring-web-6.1.10.jar:6.1.10]
		at org.springframework.web.filter.OncePerRequestFilter.doFilter(OncePerRequestFilter.java:116) ~[spring-web-6.1.10.jar:6.1.10]
		at io.undertow.servlet.core.ManagedFilter.doFilter(ManagedFilter.java:67) ~[undertow-servlet-2.3.13.Final.jar:2.3.13.Final]
		at io.undertow.servlet.handlers.FilterHandler$FilterChainImpl.doFilter(FilterHandler.java:131) ~[undertow-servlet-2.3.13.Final.jar:2.3.13.Final]
		at org.springframework.web.filter.RequestContextFilter.doFilterInternal(RequestContextFilter.java:100) ~[spring-web-6.1.10.jar:6.1.10]
		at org.springframework.web.filter.OncePerRequestFilter.doFilter(OncePerRequestFilter.java:116) ~[spring-web-6.1.10.jar:6.1.10]
		at io.undertow.servlet.core.ManagedFilter.doFilter(ManagedFilter.java:67) ~[undertow-servlet-2.3.13.Final.jar:2.3.13.Final]
		at io.undertow.servlet.handlers.FilterHandler$FilterChainImpl.doFilter(FilterHandler.java:131) ~[undertow-servlet-2.3.13.Final.jar:2.3.13.Final]
		at org.springframework.web.filter.FormContentFilter.doFilterInternal(FormContentFilter.java:93) ~[spring-web-6.1.10.jar:6.1.10]
		at org.springframework.web.filter.OncePerRequestFilter.doFilter(OncePerRequestFilter.java:116) ~[spring-web-6.1.10.jar:6.1.10]
		at io.undertow.servlet.core.ManagedFilter.doFilter(ManagedFilter.java:67) ~[undertow-servlet-2.3.13.Final.jar:2.3.13.Final]
		at io.undertow.servlet.handlers.FilterHandler$FilterChainImpl.doFilter(FilterHandler.java:131) ~[undertow-servlet-2.3.13.Final.jar:2.3.13.Final]
		at org.springframework.web.filter.CharacterEncodingFilter.doFilterInternal(CharacterEncodingFilter.java:201) ~[spring-web-6.1.10.jar:6.1.10]
		at org.springframework.web.filter.OncePerRequestFilter.doFilter(OncePerRequestFilter.java:116) ~[spring-web-6.1.10.jar:6.1.10]
		at io.undertow.servlet.core.ManagedFilter.doFilter(ManagedFilter.java:67) ~[undertow-servlet-2.3.13.Final.jar:2.3.13.Final]
		at io.undertow.servlet.handlers.FilterHandler$FilterChainImpl.doFilter(FilterHandler.java:131) ~[undertow-servlet-2.3.13.Final.jar:2.3.13.Final]
		at io.undertow.servlet.handlers.FilterHandler.handleRequest(FilterHandler.java:84) ~[undertow-servlet-2.3.13.Final.jar:2.3.13.Final]
		at io.undertow.servlet.handlers.security.ServletSecurityRoleHandler.handleRequest(ServletSecurityRoleHandler.java:62) ~[undertow-servlet-2.3.13.Final.jar:2.3.13.Final]
		at io.undertow.servlet.handlers.ServletChain$1.handleRequest(ServletChain.java:68) ~[undertow-servlet-2.3.13.Final.jar:2.3.13.Final]
		at io.undertow.servlet.handlers.ServletDispatchingHandler.handleRequest(ServletDispatchingHandler.java:36) ~[undertow-servlet-2.3.13.Final.jar:2.3.13.Final]
		at io.undertow.servlet.handlers.RedirectDirHandler.handleRequest(RedirectDirHandler.java:68) ~[undertow-servlet-2.3.13.Final.jar:2.3.13.Final]
		at io.undertow.servlet.handlers.security.SSLInformationAssociationHandler.handleRequest(SSLInformationAssociationHandler.java:117) ~[undertow-servlet-2.3.13.Final.jar:2.3.13.Final]
		at io.undertow.servlet.handlers.security.ServletAuthenticationCallHandler.handleRequest(ServletAuthenticationCallHandler.java:57) ~[undertow-servlet-2.3.13.Final.jar:2.3.13.Final]
		at io.undertow.server.handlers.PredicateHandler.handleRequest(PredicateHandler.java:43) ~[undertow-core-2.3.13.Final.jar:2.3.13.Final]
		at io.undertow.security.handlers.AbstractConfidentialityHandler.handleRequest(AbstractConfidentialityHandler.java:46) ~[undertow-core-2.3.13.Final.jar:2.3.13.Final]
		at io.undertow.servlet.handlers.security.ServletConfidentialityConstraintHandler.handleRequest(ServletConfidentialityConstraintHandler.java:64) ~[undertow-servlet-2.3.13.Final.jar:2.3.13.Final]
		at io.undertow.security.handlers.AuthenticationMechanismsHandler.handleRequest(AuthenticationMechanismsHandler.java:60) ~[undertow-core-2.3.13.Final.jar:2.3.13.Final]
		at io.undertow.servlet.handlers.security.CachedAuthenticatedSessionHandler.handleRequest(CachedAuthenticatedSessionHandler.java:77) ~[undertow-servlet-2.3.13.Final.jar:2.3.13.Final]
		at io.undertow.security.handlers.AbstractSecurityContextAssociationHandler.handleRequest(AbstractSecurityContextAssociationHandler.java:43) ~[undertow-core-2.3.13.Final.jar:2.3.13.Final]
		at io.undertow.server.handlers.PredicateHandler.handleRequest(PredicateHandler.java:43) ~[undertow-core-2.3.13.Final.jar:2.3.13.Final]
		at io.undertow.servlet.handlers.SendErrorPageHandler.handleRequest(SendErrorPageHandler.java:52) ~[undertow-servlet-2.3.13.Final.jar:2.3.13.Final]
		at io.undertow.server.handlers.PredicateHandler.handleRequest(PredicateHandler.java:43) ~[undertow-core-2.3.13.Final.jar:2.3.13.Final]
		at io.undertow.servlet.handlers.ServletInitialHandler.handleFirstRequest(ServletInitialHandler.java:276) ~[undertow-servlet-2.3.13.Final.jar:2.3.13.Final]
		at io.undertow.servlet.handlers.ServletInitialHandler$2.call(ServletInitialHandler.java:135) ~[undertow-servlet-2.3.13.Final.jar:2.3.13.Final]
		at io.undertow.servlet.handlers.ServletInitialHandler$2.call(ServletInitialHandler.java:132) ~[undertow-servlet-2.3.13.Final.jar:2.3.13.Final]
		at io.undertow.servlet.core.ServletRequestContextThreadSetupAction$1.call(ServletRequestContextThreadSetupAction.java:48) ~[undertow-servlet-2.3.13.Final.jar:2.3.13.Final]
		at io.undertow.servlet.core.ContextClassLoaderSetupAction$1.call(ContextClassLoaderSetupAction.java:43) ~[undertow-servlet-2.3.13.Final.jar:2.3.13.Final]
		at io.undertow.servlet.handlers.ServletInitialHandler.dispatchRequest(ServletInitialHandler.java:256) ~[undertow-servlet-2.3.13.Final.jar:2.3.13.Final]
		at io.undertow.servlet.handlers.ServletInitialHandler$1.handleRequest(ServletInitialHandler.java:101) ~[undertow-servlet-2.3.13.Final.jar:2.3.13.Final]
		at io.undertow.server.Connectors.executeRootHandler(Connectors.java:393) ~[undertow-core-2.3.13.Final.jar:2.3.13.Final]
		at io.undertow.server.HttpServerExchange$1.run(HttpServerExchange.java:859) ~[undertow-core-2.3.13.Final.jar:2.3.13.Final]
		at org.jboss.threads.ContextHandler$1.runWith(ContextHandler.java:18) ~[jboss-threads-3.5.0.Final.jar:3.5.0.Final]
		at org.jboss.threads.EnhancedQueueExecutor$Task.run(EnhancedQueueExecutor.java:2513) ~[jboss-threads-3.5.0.Final.jar:3.5.0.Final]
		at org.jboss.threads.EnhancedQueueExecutor$ThreadBody.run(EnhancedQueueExecutor.java:1538) ~[jboss-threads-3.5.0.Final.jar:3.5.0.Final]
		at org.xnio.XnioWorker$WorkerThreadFactory$1$1.run(XnioWorker.java:1282) ~[xnio-api-3.8.8.Final.jar:3.8.8.Final]
		at java.base/java.lang.Thread.run(Thread.java:1583) [?:?]
Caused by: java.io.IOException: Broken pipe
	at java.base/sun.nio.ch.SocketDispatcher.write0(Native Method) ~[?:?]
	at java.base/sun.nio.ch.SocketDispatcher.write(SocketDispatcher.java:62) ~[?:?]
	at java.base/sun.nio.ch.IOUtil.writeFromNativeBuffer(IOUtil.java:137) ~[?:?]
	at java.base/sun.nio.ch.IOUtil.write(IOUtil.java:81) ~[?:?]
	at java.base/sun.nio.ch.IOUtil.write(IOUtil.java:58) ~[?:?]
	at java.base/sun.nio.ch.SocketChannelImpl.write(SocketChannelImpl.java:542) ~[?:?]
	at org.xnio.nio.NioSocketConduit.write(NioSocketConduit.java:153) ~[xnio-nio-3.8.8.Final.jar:3.8.8.Final]
	at io.undertow.server.protocol.http.HttpResponseConduit.write(HttpResponseConduit.java:629) ~[undertow-core-2.3.13.Final.jar:2.3.13.Final]
	at org.xnio.conduits.AbstractStreamSinkConduit.write(AbstractStreamSinkConduit.java:51) ~[xnio-api-3.8.8.Final.jar:3.8.8.Final]
	at io.undertow.conduits.DeflatingStreamSinkConduit.performFlushIfRequiredSingleBuffer(DeflatingStreamSinkConduit.java:445) ~[undertow-core-2.3.13.Final.jar:2.3.13.Final]
	at io.undertow.conduits.DeflatingStreamSinkConduit.performFlushIfRequired(DeflatingStreamSinkConduit.java:432) ~[undertow-core-2.3.13.Final.jar:2.3.13.Final]
	at io.undertow.conduits.DeflatingStreamSinkConduit.deflateData(DeflatingStreamSinkConduit.java:522) ~[undertow-core-2.3.13.Final.jar:2.3.13.Final]
	at io.undertow.conduits.DeflatingStreamSinkConduit.write(DeflatingStreamSinkConduit.java:130) ~[undertow-core-2.3.13.Final.jar:2.3.13.Final]
	at io.undertow.conduits.DeflatingStreamSinkConduit.write(DeflatingStreamSinkConduit.java:165) ~[undertow-core-2.3.13.Final.jar:2.3.13.Final]
	at org.xnio.conduits.ConduitStreamSinkChannel.write(ConduitStreamSinkChannel.java:158) ~[xnio-api-3.8.8.Final.jar:3.8.8.Final]
	at io.undertow.channels.DetachableStreamSinkChannel.write(DetachableStreamSinkChannel.java:179) ~[undertow-core-2.3.13.Final.jar:2.3.13.Final]
	at io.undertow.server.HttpServerExchange$WriteDispatchChannel.write(HttpServerExchange.java:2172) ~[undertow-core-2.3.13.Final.jar:2.3.13.Final]
	at org.xnio.channels.Channels.writeBlocking(Channels.java:202) ~[xnio-api-3.8.8.Final.jar:3.8.8.Final]
	at io.undertow.servlet.spec.ServletOutputStreamImpl.writeTooLargeForBuffer(ServletOutputStreamImpl.java:201) ~[undertow-servlet-2.3.13.Final.jar:2.3.13.Final]
	at io.undertow.servlet.spec.ServletOutputStreamImpl.write(ServletOutputStreamImpl.java:149) ~[undertow-servlet-2.3.13.Final.jar:2.3.13.Final]
	at org.springframework.web.context.request.async.StandardServletAsyncWebRequest$LifecycleServletOutputStream.write(StandardServletAsyncWebRequest.java:375) ~[spring-web-6.1.10.jar:6.1.10]
	... 81 more
[2026-05-21 14:08:05.691] ERROR XNIO-1 task-4 com.jts.gjcxfzksh.exception.handler.GlobalExceptionHandler[63] - 请求地址'/pt/network/tile',发生系统异常. 
org.springframework.web.context.request.async.AsyncRequestNotUsableException: ServletOutputStream failed to write: Broken pipe
	at org.springframework.web.context.request.async.StandardServletAsyncWebRequest$LifecycleHttpServletResponse.handleIOException(StandardServletAsyncWebRequest.java:320) ~[spring-web-6.1.10.jar:6.1.10]
	at org.springframework.web.context.request.async.StandardServletAsyncWebRequest$LifecycleServletOutputStream.write(StandardServletAsyncWebRequest.java:378) ~[spring-web-6.1.10.jar:6.1.10]
	at org.springframework.util.StreamUtils$NonClosingOutputStream.write(StreamUtils.java:261) ~[spring-core-6.1.10.jar:6.1.10]
	at com.fasterxml.jackson.core.json.UTF8JsonGenerator._flushBuffer(UTF8JsonGenerator.java:2210) ~[jackson-core-2.17.1.jar:2.17.1]
	at com.fasterxml.jackson.core.json.UTF8JsonGenerator.writeRaw(UTF8JsonGenerator.java:764) ~[jackson-core-2.17.1.jar:2.17.1]
	at com.fasterxml.jackson.core.json.UTF8JsonGenerator.writeRaw(UTF8JsonGenerator.java:674) ~[jackson-core-2.17.1.jar:2.17.1]
	at com.fasterxml.jackson.core.json.UTF8JsonGenerator.writeNumber(UTF8JsonGenerator.java:1065) ~[jackson-core-2.17.1.jar:2.17.1]
	at com.fasterxml.jackson.databind.ser.std.NumberSerializers$FloatSerializer.serialize(NumberSerializers.java:214) ~[jackson-databind-2.17.1.jar:2.17.1]
	at com.fasterxml.jackson.databind.ser.BeanPropertyWriter.serializeAsField(BeanPropertyWriter.java:732) ~[jackson-databind-2.17.1.jar:2.17.1]
	at com.fasterxml.jackson.databind.ser.std.BeanSerializerBase.serializeFields(BeanSerializerBase.java:770) ~[jackson-databind-2.17.1.jar:2.17.1]
	at com.fasterxml.jackson.databind.ser.BeanSerializer.serialize(BeanSerializer.java:183) ~[jackson-databind-2.17.1.jar:2.17.1]
	at com.fasterxml.jackson.databind.ser.BeanPropertyWriter.serializeAsField(BeanPropertyWriter.java:732) ~[jackson-databind-2.17.1.jar:2.17.1]
	at com.fasterxml.jackson.databind.ser.std.BeanSerializerBase.serializeFields(BeanSerializerBase.java:770) ~[jackson-databind-2.17.1.jar:2.17.1]
	at com.fasterxml.jackson.databind.ser.BeanSerializer.serialize(BeanSerializer.java:183) ~[jackson-databind-2.17.1.jar:2.17.1]
	at com.fasterxml.jackson.databind.ser.impl.IndexedListSerializer.serializeContents(IndexedListSerializer.java:119) ~[jackson-databind-2.17.1.jar:2.17.1]
	at com.fasterxml.jackson.databind.ser.impl.IndexedListSerializer.serialize(IndexedListSerializer.java:79) ~[jackson-databind-2.17.1.jar:2.17.1]
	at com.fasterxml.jackson.databind.ser.impl.IndexedListSerializer.serialize(IndexedListSerializer.java:18) ~[jackson-databind-2.17.1.jar:2.17.1]
	at com.fasterxml.jackson.databind.ser.BeanPropertyWriter.serializeAsField(BeanPropertyWriter.java:732) ~[jackson-databind-2.17.1.jar:2.17.1]
	at com.fasterxml.jackson.databind.ser.std.BeanSerializerBase.serializeFields(BeanSerializerBase.java:770) ~[jackson-databind-2.17.1.jar:2.17.1]
	at com.fasterxml.jackson.databind.ser.BeanSerializer.serialize(BeanSerializer.java:183) ~[jackson-databind-2.17.1.jar:2.17.1]
	at com.fasterxml.jackson.databind.ser.DefaultSerializerProvider._serialize(DefaultSerializerProvider.java:502) ~[jackson-databind-2.17.1.jar:2.17.1]
	at com.fasterxml.jackson.databind.ser.DefaultSerializerProvider.serializeValue(DefaultSerializerProvider.java:341) ~[jackson-databind-2.17.1.jar:2.17.1]
	at com.fasterxml.jackson.databind.ObjectWriter$Prefetch.serialize(ObjectWriter.java:1574) ~[jackson-databind-2.17.1.jar:2.17.1]
	at com.fasterxml.jackson.databind.ObjectWriter.writeValue(ObjectWriter.java:1061) ~[jackson-databind-2.17.1.jar:2.17.1]
	at org.springframework.http.converter.json.AbstractJackson2HttpMessageConverter.writeInternal(AbstractJackson2HttpMessageConverter.java:483) ~[spring-web-6.1.10.jar:6.1.10]
	at org.springframework.http.converter.AbstractGenericHttpMessageConverter.write(AbstractGenericHttpMessageConverter.java:114) ~[spring-web-6.1.10.jar:6.1.10]
	at org.springframework.web.servlet.mvc.method.annotation.AbstractMessageConverterMethodProcessor.writeWithMessageConverters(AbstractMessageConverterMethodProcessor.java:297) ~[spring-webmvc-6.1.10.jar:6.1.10]
	at org.springframework.web.servlet.mvc.method.annotation.RequestResponseBodyMethodProcessor.handleReturnValue(RequestResponseBodyMethodProcessor.java:192) ~[spring-webmvc-6.1.10.jar:6.1.10]
	at org.springframework.web.method.support.HandlerMethodReturnValueHandlerComposite.handleReturnValue(HandlerMethodReturnValueHandlerComposite.java:78) ~[spring-web-6.1.10.jar:6.1.10]
	at org.springframework.web.servlet.mvc.method.annotation.ServletInvocableHandlerMethod.invokeAndHandle(ServletInvocableHandlerMethod.java:136) ~[spring-webmvc-6.1.10.jar:6.1.10]
	at org.springframework.web.servlet.mvc.method.annotation.RequestMappingHandlerAdapter.invokeHandlerMethod(RequestMappingHandlerAdapter.java:926) ~[spring-webmvc-6.1.10.jar:6.1.10]
	at org.springframework.web.servlet.mvc.method.annotation.RequestMappingHandlerAdapter.handleInternal(RequestMappingHandlerAdapter.java:831) ~[spring-webmvc-6.1.10.jar:6.1.10]
	at org.springframework.web.servlet.mvc.method.AbstractHandlerMethodAdapter.handle(AbstractHandlerMethodAdapter.java:87) ~[spring-webmvc-6.1.10.jar:6.1.10]
	at org.springframework.web.servlet.DispatcherServlet.doDispatch(DispatcherServlet.java:1089) ~[spring-webmvc-6.1.10.jar:6.1.10]
	at org.springframework.web.servlet.DispatcherServlet.doService(DispatcherServlet.java:979) ~[spring-webmvc-6.1.10.jar:6.1.10]
	at org.springframework.web.servlet.FrameworkServlet.processRequest(FrameworkServlet.java:1014) ~[spring-webmvc-6.1.10.jar:6.1.10]
	at org.springframework.web.servlet.FrameworkServlet.doPost(FrameworkServlet.java:914) ~[spring-webmvc-6.1.10.jar:6.1.10]
	at jakarta.servlet.http.HttpServlet.service(HttpServlet.java:547) ~[jakarta.servlet-api-6.0.0.jar:6.0.0]
	at org.springframework.web.servlet.FrameworkServlet.service(FrameworkServlet.java:885) ~[spring-webmvc-6.1.10.jar:6.1.10]
	at jakarta.servlet.http.HttpServlet.service(HttpServlet.java:614) ~[jakarta.servlet-api-6.0.0.jar:6.0.0]
	at io.undertow.servlet.handlers.ServletHandler.handleRequest(ServletHandler.java:74) ~[undertow-servlet-2.3.13.Final.jar:2.3.13.Final]
	at io.undertow.servlet.handlers.FilterHandler$FilterChainImpl.doFilter(FilterHandler.java:129) ~[undertow-servlet-2.3.13.Final.jar:2.3.13.Final]
	at org.springframework.web.filter.CorsFilter.doFilterInternal(CorsFilter.java:91) ~[spring-web-6.1.10.jar:6.1.10]
	at org.springframework.web.filter.OncePerRequestFilter.doFilter(OncePerRequestFilter.java:116) ~[spring-web-6.1.10.jar:6.1.10]
	at io.undertow.servlet.core.ManagedFilter.doFilter(ManagedFilter.java:67) ~[undertow-servlet-2.3.13.Final.jar:2.3.13.Final]
	at io.undertow.servlet.handlers.FilterHandler$FilterChainImpl.doFilter(FilterHandler.java:131) ~[undertow-servlet-2.3.13.Final.jar:2.3.13.Final]
	at org.springframework.web.filter.RequestContextFilter.doFilterInternal(RequestContextFilter.java:100) ~[spring-web-6.1.10.jar:6.1.10]
	at org.springframework.web.filter.OncePerRequestFilter.doFilter(OncePerRequestFilter.java:116) ~[spring-web-6.1.10.jar:6.1.10]
	at io.undertow.servlet.core.ManagedFilter.doFilter(ManagedFilter.java:67) ~[undertow-servlet-2.3.13.Final.jar:2.3.13.Final]
	at io.undertow.servlet.handlers.FilterHandler$FilterChainImpl.doFilter(FilterHandler.java:131) ~[undertow-servlet-2.3.13.Final.jar:2.3.13.Final]
	at org.springframework.web.filter.FormContentFilter.doFilterInternal(FormContentFilter.java:93) ~[spring-web-6.1.10.jar:6.1.10]
	at org.springframework.web.filter.OncePerRequestFilter.doFilter(OncePerRequestFilter.java:116) ~[spring-web-6.1.10.jar:6.1.10]
	at io.undertow.servlet.core.ManagedFilter.doFilter(ManagedFilter.java:67) ~[undertow-servlet-2.3.13.Final.jar:2.3.13.Final]
	at io.undertow.servlet.handlers.FilterHandler$FilterChainImpl.doFilter(FilterHandler.java:131) ~[undertow-servlet-2.3.13.Final.jar:2.3.13.Final]
	at org.springframework.web.filter.CharacterEncodingFilter.doFilterInternal(CharacterEncodingFilter.java:201) ~[spring-web-6.1.10.jar:6.1.10]
	at org.springframework.web.filter.OncePerRequestFilter.doFilter(OncePerRequestFilter.java:116) ~[spring-web-6.1.10.jar:6.1.10]
	at io.undertow.servlet.core.ManagedFilter.doFilter(ManagedFilter.java:67) ~[undertow-servlet-2.3.13.Final.jar:2.3.13.Final]
	at io.undertow.servlet.handlers.FilterHandler$FilterChainImpl.doFilter(FilterHandler.java:131) ~[undertow-servlet-2.3.13.Final.jar:2.3.13.Final]
	at io.undertow.servlet.handlers.FilterHandler.handleRequest(FilterHandler.java:84) ~[undertow-servlet-2.3.13.Final.jar:2.3.13.Final]
	at io.undertow.servlet.handlers.security.ServletSecurityRoleHandler.handleRequest(ServletSecurityRoleHandler.java:62) ~[undertow-servlet-2.3.13.Final.jar:2.3.13.Final]
	at io.undertow.servlet.handlers.ServletChain$1.handleRequest(ServletChain.java:68) ~[undertow-servlet-2.3.13.Final.jar:2.3.13.Final]
	at io.undertow.servlet.handlers.ServletDispatchingHandler.handleRequest(ServletDispatchingHandler.java:36) ~[undertow-servlet-2.3.13.Final.jar:2.3.13.Final]
	at io.undertow.servlet.handlers.RedirectDirHandler.handleRequest(RedirectDirHandler.java:68) ~[undertow-servlet-2.3.13.Final.jar:2.3.13.Final]
	at io.undertow.servlet.handlers.security.SSLInformationAssociationHandler.handleRequest(SSLInformationAssociationHandler.java:117) ~[undertow-servlet-2.3.13.Final.jar:2.3.13.Final]
	at io.undertow.servlet.handlers.security.ServletAuthenticationCallHandler.handleRequest(ServletAuthenticationCallHandler.java:57) ~[undertow-servlet-2.3.13.Final.jar:2.3.13.Final]
	at io.undertow.server.handlers.PredicateHandler.handleRequest(PredicateHandler.java:43) ~[undertow-core-2.3.13.Final.jar:2.3.13.Final]
	at io.undertow.security.handlers.AbstractConfidentialityHandler.handleRequest(AbstractConfidentialityHandler.java:46) ~[undertow-core-2.3.13.Final.jar:2.3.13.Final]
	at io.undertow.servlet.handlers.security.ServletConfidentialityConstraintHandler.handleRequest(ServletConfidentialityConstraintHandler.java:64) ~[undertow-servlet-2.3.13.Final.jar:2.3.13.Final]
	at io.undertow.security.handlers.AuthenticationMechanismsHandler.handleRequest(AuthenticationMechanismsHandler.java:60) ~[undertow-core-2.3.13.Final.jar:2.3.13.Final]
	at io.undertow.servlet.handlers.security.CachedAuthenticatedSessionHandler.handleRequest(CachedAuthenticatedSessionHandler.java:77) ~[undertow-servlet-2.3.13.Final.jar:2.3.13.Final]
	at io.undertow.security.handlers.AbstractSecurityContextAssociationHandler.handleRequest(AbstractSecurityContextAssociationHandler.java:43) ~[undertow-core-2.3.13.Final.jar:2.3.13.Final]
	at io.undertow.server.handlers.PredicateHandler.handleRequest(PredicateHandler.java:43) ~[undertow-core-2.3.13.Final.jar:2.3.13.Final]
	at io.undertow.servlet.handlers.SendErrorPageHandler.handleRequest(SendErrorPageHandler.java:52) ~[undertow-servlet-2.3.13.Final.jar:2.3.13.Final]
	at io.undertow.server.handlers.PredicateHandler.handleRequest(PredicateHandler.java:43) ~[undertow-core-2.3.13.Final.jar:2.3.13.Final]
	at io.undertow.servlet.handlers.ServletInitialHandler.handleFirstRequest(ServletInitialHandler.java:276) ~[undertow-servlet-2.3.13.Final.jar:2.3.13.Final]
	at io.undertow.servlet.handlers.ServletInitialHandler$2.call(ServletInitialHandler.java:135) ~[undertow-servlet-2.3.13.Final.jar:2.3.13.Final]
	at io.undertow.servlet.handlers.ServletInitialHandler$2.call(ServletInitialHandler.java:132) ~[undertow-servlet-2.3.13.Final.jar:2.3.13.Final]
	at io.undertow.servlet.core.ServletRequestContextThreadSetupAction$1.call(ServletRequestContextThreadSetupAction.java:48) ~[undertow-servlet-2.3.13.Final.jar:2.3.13.Final]
	at io.undertow.servlet.core.ContextClassLoaderSetupAction$1.call(ContextClassLoaderSetupAction.java:43) ~[undertow-servlet-2.3.13.Final.jar:2.3.13.Final]
	at io.undertow.servlet.handlers.ServletInitialHandler.dispatchRequest(ServletInitialHandler.java:256) ~[undertow-servlet-2.3.13.Final.jar:2.3.13.Final]
	at io.undertow.servlet.handlers.ServletInitialHandler$1.handleRequest(ServletInitialHandler.java:101) ~[undertow-servlet-2.3.13.Final.jar:2.3.13.Final]
	at io.undertow.server.Connectors.executeRootHandler(Connectors.java:393) ~[undertow-core-2.3.13.Final.jar:2.3.13.Final]
	at io.undertow.server.HttpServerExchange$1.run(HttpServerExchange.java:859) ~[undertow-core-2.3.13.Final.jar:2.3.13.Final]
	at org.jboss.threads.ContextHandler$1.runWith(ContextHandler.java:18) ~[jboss-threads-3.5.0.Final.jar:3.5.0.Final]
	at org.jboss.threads.EnhancedQueueExecutor$Task.run(EnhancedQueueExecutor.java:2513) ~[jboss-threads-3.5.0.Final.jar:3.5.0.Final]
	at org.jboss.threads.EnhancedQueueExecutor$ThreadBody.run(EnhancedQueueExecutor.java:1538) ~[jboss-threads-3.5.0.Final.jar:3.5.0.Final]
	at org.xnio.XnioWorker$WorkerThreadFactory$1$1.run(XnioWorker.java:1282) ~[xnio-api-3.8.8.Final.jar:3.8.8.Final]
	at java.base/java.lang.Thread.run(Thread.java:1583) [?:?]
	Suppressed: org.springframework.web.context.request.async.AsyncRequestNotUsableException: Response not usable after response errors.
		at org.springframework.web.context.request.async.StandardServletAsyncWebRequest$LifecycleHttpServletResponse.obtainLockAndCheckState(StandardServletAsyncWebRequest.java:314) ~[spring-web-6.1.10.jar:6.1.10]
		at org.springframework.web.context.request.async.StandardServletAsyncWebRequest$LifecycleServletOutputStream.write(StandardServletAsyncWebRequest.java:373) ~[spring-web-6.1.10.jar:6.1.10]
		at org.springframework.util.StreamUtils$NonClosingOutputStream.write(StreamUtils.java:261) ~[spring-core-6.1.10.jar:6.1.10]
		at com.fasterxml.jackson.core.json.UTF8JsonGenerator._flushBuffer(UTF8JsonGenerator.java:2210) ~[jackson-core-2.17.1.jar:2.17.1]
		at com.fasterxml.jackson.core.json.UTF8JsonGenerator.close(UTF8JsonGenerator.java:1234) ~[jackson-core-2.17.1.jar:2.17.1]
		at org.springframework.http.converter.json.AbstractJackson2HttpMessageConverter.writeInternal(AbstractJackson2HttpMessageConverter.java:452) ~[spring-web-6.1.10.jar:6.1.10]
		at org.springframework.http.converter.AbstractGenericHttpMessageConverter.write(AbstractGenericHttpMessageConverter.java:114) ~[spring-web-6.1.10.jar:6.1.10]
		at org.springframework.web.servlet.mvc.method.annotation.AbstractMessageConverterMethodProcessor.writeWithMessageConverters(AbstractMessageConverterMethodProcessor.java:297) ~[spring-webmvc-6.1.10.jar:6.1.10]
		at org.springframework.web.servlet.mvc.method.annotation.RequestResponseBodyMethodProcessor.handleReturnValue(RequestResponseBodyMethodProcessor.java:192) ~[spring-webmvc-6.1.10.jar:6.1.10]
		at org.springframework.web.method.support.HandlerMethodReturnValueHandlerComposite.handleReturnValue(HandlerMethodReturnValueHandlerComposite.java:78) ~[spring-web-6.1.10.jar:6.1.10]
		at org.springframework.web.servlet.mvc.method.annotation.ServletInvocableHandlerMethod.invokeAndHandle(ServletInvocableHandlerMethod.java:136) ~[spring-webmvc-6.1.10.jar:6.1.10]
		at org.springframework.web.servlet.mvc.method.annotation.RequestMappingHandlerAdapter.invokeHandlerMethod(RequestMappingHandlerAdapter.java:926) ~[spring-webmvc-6.1.10.jar:6.1.10]
		at org.springframework.web.servlet.mvc.method.annotation.RequestMappingHandlerAdapter.handleInternal(RequestMappingHandlerAdapter.java:831) ~[spring-webmvc-6.1.10.jar:6.1.10]
		at org.springframework.web.servlet.mvc.method.AbstractHandlerMethodAdapter.handle(AbstractHandlerMethodAdapter.java:87) ~[spring-webmvc-6.1.10.jar:6.1.10]
		at org.springframework.web.servlet.DispatcherServlet.doDispatch(DispatcherServlet.java:1089) ~[spring-webmvc-6.1.10.jar:6.1.10]
		at org.springframework.web.servlet.DispatcherServlet.doService(DispatcherServlet.java:979) ~[spring-webmvc-6.1.10.jar:6.1.10]
		at org.springframework.web.servlet.FrameworkServlet.processRequest(FrameworkServlet.java:1014) ~[spring-webmvc-6.1.10.jar:6.1.10]
		at org.springframework.web.servlet.FrameworkServlet.doPost(FrameworkServlet.java:914) ~[spring-webmvc-6.1.10.jar:6.1.10]
		at jakarta.servlet.http.HttpServlet.service(HttpServlet.java:547) ~[jakarta.servlet-api-6.0.0.jar:6.0.0]
		at org.springframework.web.servlet.FrameworkServlet.service(FrameworkServlet.java:885) ~[spring-webmvc-6.1.10.jar:6.1.10]
		at jakarta.servlet.http.HttpServlet.service(HttpServlet.java:614) ~[jakarta.servlet-api-6.0.0.jar:6.0.0]
		at io.undertow.servlet.handlers.ServletHandler.handleRequest(ServletHandler.java:74) ~[undertow-servlet-2.3.13.Final.jar:2.3.13.Final]
		at io.undertow.servlet.handlers.FilterHandler$FilterChainImpl.doFilter(FilterHandler.java:129) ~[undertow-servlet-2.3.13.Final.jar:2.3.13.Final]
		at org.springframework.web.filter.CorsFilter.doFilterInternal(CorsFilter.java:91) ~[spring-web-6.1.10.jar:6.1.10]
		at org.springframework.web.filter.OncePerRequestFilter.doFilter(OncePerRequestFilter.java:116) ~[spring-web-6.1.10.jar:6.1.10]
		at io.undertow.servlet.core.ManagedFilter.doFilter(ManagedFilter.java:67) ~[undertow-servlet-2.3.13.Final.jar:2.3.13.Final]
		at io.undertow.servlet.handlers.FilterHandler$FilterChainImpl.doFilter(FilterHandler.java:131) ~[undertow-servlet-2.3.13.Final.jar:2.3.13.Final]
		at org.springframework.web.filter.RequestContextFilter.doFilterInternal(RequestContextFilter.java:100) ~[spring-web-6.1.10.jar:6.1.10]
		at org.springframework.web.filter.OncePerRequestFilter.doFilter(OncePerRequestFilter.java:116) ~[spring-web-6.1.10.jar:6.1.10]
		at io.undertow.servlet.core.ManagedFilter.doFilter(ManagedFilter.java:67) ~[undertow-servlet-2.3.13.Final.jar:2.3.13.Final]
		at io.undertow.servlet.handlers.FilterHandler$FilterChainImpl.doFilter(FilterHandler.java:131) ~[undertow-servlet-2.3.13.Final.jar:2.3.13.Final]
		at org.springframework.web.filter.FormContentFilter.doFilterInternal(FormContentFilter.java:93) ~[spring-web-6.1.10.jar:6.1.10]
		at org.springframework.web.filter.OncePerRequestFilter.doFilter(OncePerRequestFilter.java:116) ~[spring-web-6.1.10.jar:6.1.10]
		at io.undertow.servlet.core.ManagedFilter.doFilter(ManagedFilter.java:67) ~[undertow-servlet-2.3.13.Final.jar:2.3.13.Final]
		at io.undertow.servlet.handlers.FilterHandler$FilterChainImpl.doFilter(FilterHandler.java:131) ~[undertow-servlet-2.3.13.Final.jar:2.3.13.Final]
		at org.springframework.web.filter.CharacterEncodingFilter.doFilterInternal(CharacterEncodingFilter.java:201) ~[spring-web-6.1.10.jar:6.1.10]
		at org.springframework.web.filter.OncePerRequestFilter.doFilter(OncePerRequestFilter.java:116) ~[spring-web-6.1.10.jar:6.1.10]
		at io.undertow.servlet.core.ManagedFilter.doFilter(ManagedFilter.java:67) ~[undertow-servlet-2.3.13.Final.jar:2.3.13.Final]
		at io.undertow.servlet.handlers.FilterHandler$FilterChainImpl.doFilter(FilterHandler.java:131) ~[undertow-servlet-2.3.13.Final.jar:2.3.13.Final]
		at io.undertow.servlet.handlers.FilterHandler.handleRequest(FilterHandler.java:84) ~[undertow-servlet-2.3.13.Final.jar:2.3.13.Final]
		at io.undertow.servlet.handlers.security.ServletSecurityRoleHandler.handleRequest(ServletSecurityRoleHandler.java:62) ~[undertow-servlet-2.3.13.Final.jar:2.3.13.Final]
		at io.undertow.servlet.handlers.ServletChain$1.handleRequest(ServletChain.java:68) ~[undertow-servlet-2.3.13.Final.jar:2.3.13.Final]
		at io.undertow.servlet.handlers.ServletDispatchingHandler.handleRequest(ServletDispatchingHandler.java:36) ~[undertow-servlet-2.3.13.Final.jar:2.3.13.Final]
		at io.undertow.servlet.handlers.RedirectDirHandler.handleRequest(RedirectDirHandler.java:68) ~[undertow-servlet-2.3.13.Final.jar:2.3.13.Final]
		at io.undertow.servlet.handlers.security.SSLInformationAssociationHandler.handleRequest(SSLInformationAssociationHandler.java:117) ~[undertow-servlet-2.3.13.Final.jar:2.3.13.Final]
		at io.undertow.servlet.handlers.security.ServletAuthenticationCallHandler.handleRequest(ServletAuthenticationCallHandler.java:57) ~[undertow-servlet-2.3.13.Final.jar:2.3.13.Final]
		at io.undertow.server.handlers.PredicateHandler.handleRequest(PredicateHandler.java:43) ~[undertow-core-2.3.13.Final.jar:2.3.13.Final]
		at io.undertow.security.handlers.AbstractConfidentialityHandler.handleRequest(AbstractConfidentialityHandler.java:46) ~[undertow-core-2.3.13.Final.jar:2.3.13.Final]
		at io.undertow.servlet.handlers.security.ServletConfidentialityConstraintHandler.handleRequest(ServletConfidentialityConstraintHandler.java:64) ~[undertow-servlet-2.3.13.Final.jar:2.3.13.Final]
		at io.undertow.security.handlers.AuthenticationMechanismsHandler.handleRequest(AuthenticationMechanismsHandler.java:60) ~[undertow-core-2.3.13.Final.jar:2.3.13.Final]
		at io.undertow.servlet.handlers.security.CachedAuthenticatedSessionHandler.handleRequest(CachedAuthenticatedSessionHandler.java:77) ~[undertow-servlet-2.3.13.Final.jar:2.3.13.Final]
		at io.undertow.security.handlers.AbstractSecurityContextAssociationHandler.handleRequest(AbstractSecurityContextAssociationHandler.java:43) ~[undertow-core-2.3.13.Final.jar:2.3.13.Final]
		at io.undertow.server.handlers.PredicateHandler.handleRequest(PredicateHandler.java:43) ~[undertow-core-2.3.13.Final.jar:2.3.13.Final]
		at io.undertow.servlet.handlers.SendErrorPageHandler.handleRequest(SendErrorPageHandler.java:52) ~[undertow-servlet-2.3.13.Final.jar:2.3.13.Final]
		at io.undertow.server.handlers.PredicateHandler.handleRequest(PredicateHandler.java:43) ~[undertow-core-2.3.13.Final.jar:2.3.13.Final]
		at io.undertow.servlet.handlers.ServletInitialHandler.handleFirstRequest(ServletInitialHandler.java:276) ~[undertow-servlet-2.3.13.Final.jar:2.3.13.Final]
		at io.undertow.servlet.handlers.ServletInitialHandler$2.call(ServletInitialHandler.java:135) ~[undertow-servlet-2.3.13.Final.jar:2.3.13.Final]
		at io.undertow.servlet.handlers.ServletInitialHandler$2.call(ServletInitialHandler.java:132) ~[undertow-servlet-2.3.13.Final.jar:2.3.13.Final]
		at io.undertow.servlet.core.ServletRequestContextThreadSetupAction$1.call(ServletRequestContextThreadSetupAction.java:48) ~[undertow-servlet-2.3.13.Final.jar:2.3.13.Final]
		at io.undertow.servlet.core.ContextClassLoaderSetupAction$1.call(ContextClassLoaderSetupAction.java:43) ~[undertow-servlet-2.3.13.Final.jar:2.3.13.Final]
		at io.undertow.servlet.handlers.ServletInitialHandler.dispatchRequest(ServletInitialHandler.java:256) ~[undertow-servlet-2.3.13.Final.jar:2.3.13.Final]
		at io.undertow.servlet.handlers.ServletInitialHandler$1.handleRequest(ServletInitialHandler.java:101) ~[undertow-servlet-2.3.13.Final.jar:2.3.13.Final]
		at io.undertow.server.Connectors.executeRootHandler(Connectors.java:393) ~[undertow-core-2.3.13.Final.jar:2.3.13.Final]
		at io.undertow.server.HttpServerExchange$1.run(HttpServerExchange.java:859) ~[undertow-core-2.3.13.Final.jar:2.3.13.Final]
		at org.jboss.threads.ContextHandler$1.runWith(ContextHandler.java:18) ~[jboss-threads-3.5.0.Final.jar:3.5.0.Final]
		at org.jboss.threads.EnhancedQueueExecutor$Task.run(EnhancedQueueExecutor.java:2513) ~[jboss-threads-3.5.0.Final.jar:3.5.0.Final]
		at org.jboss.threads.EnhancedQueueExecutor$ThreadBody.run(EnhancedQueueExecutor.java:1538) ~[jboss-threads-3.5.0.Final.jar:3.5.0.Final]
		at org.xnio.XnioWorker$WorkerThreadFactory$1$1.run(XnioWorker.java:1282) ~[xnio-api-3.8.8.Final.jar:3.8.8.Final]
		at java.base/java.lang.Thread.run(Thread.java:1583) [?:?]
Caused by: java.io.IOException: Broken pipe
	at java.base/sun.nio.ch.SocketDispatcher.write0(Native Method) ~[?:?]
	at java.base/sun.nio.ch.SocketDispatcher.write(SocketDispatcher.java:62) ~[?:?]
	at java.base/sun.nio.ch.IOUtil.writeFromNativeBuffer(IOUtil.java:137) ~[?:?]
	at java.base/sun.nio.ch.IOUtil.write(IOUtil.java:81) ~[?:?]
	at java.base/sun.nio.ch.IOUtil.write(IOUtil.java:58) ~[?:?]
	at java.base/sun.nio.ch.SocketChannelImpl.write(SocketChannelImpl.java:542) ~[?:?]
	at org.xnio.nio.NioSocketConduit.write(NioSocketConduit.java:153) ~[xnio-nio-3.8.8.Final.jar:3.8.8.Final]
	at io.undertow.server.protocol.http.HttpResponseConduit.write(HttpResponseConduit.java:629) ~[undertow-core-2.3.13.Final.jar:2.3.13.Final]
	at org.xnio.conduits.AbstractStreamSinkConduit.write(AbstractStreamSinkConduit.java:51) ~[xnio-api-3.8.8.Final.jar:3.8.8.Final]
	at io.undertow.conduits.DeflatingStreamSinkConduit.performFlushIfRequiredSingleBuffer(DeflatingStreamSinkConduit.java:445) ~[undertow-core-2.3.13.Final.jar:2.3.13.Final]
	at io.undertow.conduits.DeflatingStreamSinkConduit.performFlushIfRequired(DeflatingStreamSinkConduit.java:432) ~[undertow-core-2.3.13.Final.jar:2.3.13.Final]
	at io.undertow.conduits.DeflatingStreamSinkConduit.deflateData(DeflatingStreamSinkConduit.java:522) ~[undertow-core-2.3.13.Final.jar:2.3.13.Final]
	at io.undertow.conduits.DeflatingStreamSinkConduit.write(DeflatingStreamSinkConduit.java:130) ~[undertow-core-2.3.13.Final.jar:2.3.13.Final]
	at io.undertow.conduits.DeflatingStreamSinkConduit.write(DeflatingStreamSinkConduit.java:165) ~[undertow-core-2.3.13.Final.jar:2.3.13.Final]
	at org.xnio.conduits.ConduitStreamSinkChannel.write(ConduitStreamSinkChannel.java:158) ~[xnio-api-3.8.8.Final.jar:3.8.8.Final]
	at io.undertow.channels.DetachableStreamSinkChannel.write(DetachableStreamSinkChannel.java:179) ~[undertow-core-2.3.13.Final.jar:2.3.13.Final]
	at io.undertow.server.HttpServerExchange$WriteDispatchChannel.write(HttpServerExchange.java:2172) ~[undertow-core-2.3.13.Final.jar:2.3.13.Final]
	at org.xnio.channels.Channels.writeBlocking(Channels.java:202) ~[xnio-api-3.8.8.Final.jar:3.8.8.Final]
	at io.undertow.servlet.spec.ServletOutputStreamImpl.writeTooLargeForBuffer(ServletOutputStreamImpl.java:201) ~[undertow-servlet-2.3.13.Final.jar:2.3.13.Final]
	at io.undertow.servlet.spec.ServletOutputStreamImpl.write(ServletOutputStreamImpl.java:149) ~[undertow-servlet-2.3.13.Final.jar:2.3.13.Final]
	at org.springframework.web.context.request.async.StandardServletAsyncWebRequest$LifecycleServletOutputStream.write(StandardServletAsyncWebRequest.java:375) ~[spring-web-6.1.10.jar:6.1.10]
	... 86 more
[2026-05-21 14:16:24.119] INFO SpringApplicationShutdownHook io.undertow[259] - stopping server: Undertow - 2.3.13.Final 
[2026-05-21 14:16:24.146] ERROR XNIO-1 task-8 com.jts.gjcxfzksh.exception.handler.GlobalExceptionHandler[63] - 请求地址'/pt/network/tile',发生系统异常. 
org.springframework.web.context.request.async.AsyncRequestNotUsableException: ServletOutputStream failed to write: null
	at org.springframework.web.context.request.async.StandardServletAsyncWebRequest$LifecycleHttpServletResponse.handleIOException(StandardServletAsyncWebRequest.java:320) ~[spring-web-6.1.10.jar:6.1.10]
	at org.springframework.web.context.request.async.StandardServletAsyncWebRequest$LifecycleServletOutputStream.write(StandardServletAsyncWebRequest.java:378) ~[spring-web-6.1.10.jar:6.1.10]
	at org.springframework.util.StreamUtils$NonClosingOutputStream.write(StreamUtils.java:261) ~[spring-core-6.1.10.jar:6.1.10]
	at com.fasterxml.jackson.core.json.UTF8JsonGenerator._flushBuffer(UTF8JsonGenerator.java:2210) ~[jackson-core-2.17.1.jar:2.17.1]
	at com.fasterxml.jackson.core.json.UTF8JsonGenerator.writeRaw(UTF8JsonGenerator.java:764) ~[jackson-core-2.17.1.jar:2.17.1]
	at com.fasterxml.jackson.core.json.UTF8JsonGenerator.writeRaw(UTF8JsonGenerator.java:674) ~[jackson-core-2.17.1.jar:2.17.1]
	at com.fasterxml.jackson.core.json.UTF8JsonGenerator.writeNumber(UTF8JsonGenerator.java:1050) ~[jackson-core-2.17.1.jar:2.17.1]
	at com.fasterxml.jackson.databind.ser.std.NumberSerializers$DoubleSerializer.serialize(NumberSerializers.java:235) ~[jackson-databind-2.17.1.jar:2.17.1]
	at com.fasterxml.jackson.databind.ser.BeanPropertyWriter.serializeAsField(BeanPropertyWriter.java:732) ~[jackson-databind-2.17.1.jar:2.17.1]
	at com.fasterxml.jackson.databind.ser.std.BeanSerializerBase.serializeFields(BeanSerializerBase.java:770) ~[jackson-databind-2.17.1.jar:2.17.1]
	at com.fasterxml.jackson.databind.ser.BeanSerializer.serialize(BeanSerializer.java:183) ~[jackson-databind-2.17.1.jar:2.17.1]
	at com.fasterxml.jackson.databind.ser.impl.IndexedListSerializer.serializeContents(IndexedListSerializer.java:119) ~[jackson-databind-2.17.1.jar:2.17.1]
	at com.fasterxml.jackson.databind.ser.impl.IndexedListSerializer.serialize(IndexedListSerializer.java:79) ~[jackson-databind-2.17.1.jar:2.17.1]
	at com.fasterxml.jackson.databind.ser.impl.IndexedListSerializer.serialize(IndexedListSerializer.java:18) ~[jackson-databind-2.17.1.jar:2.17.1]
	at com.fasterxml.jackson.databind.ser.BeanPropertyWriter.serializeAsField(BeanPropertyWriter.java:732) ~[jackson-databind-2.17.1.jar:2.17.1]
	at com.fasterxml.jackson.databind.ser.std.BeanSerializerBase.serializeFields(BeanSerializerBase.java:770) ~[jackson-databind-2.17.1.jar:2.17.1]
	at com.fasterxml.jackson.databind.ser.BeanSerializer.serialize(BeanSerializer.java:183) ~[jackson-databind-2.17.1.jar:2.17.1]
	at com.fasterxml.jackson.databind.ser.DefaultSerializerProvider._serialize(DefaultSerializerProvider.java:502) ~[jackson-databind-2.17.1.jar:2.17.1]
	at com.fasterxml.jackson.databind.ser.DefaultSerializerProvider.serializeValue(DefaultSerializerProvider.java:341) ~[jackson-databind-2.17.1.jar:2.17.1]
	at com.fasterxml.jackson.databind.ObjectWriter$Prefetch.serialize(ObjectWriter.java:1574) ~[jackson-databind-2.17.1.jar:2.17.1]
	at com.fasterxml.jackson.databind.ObjectWriter.writeValue(ObjectWriter.java:1061) ~[jackson-databind-2.17.1.jar:2.17.1]
	at org.springframework.http.converter.json.AbstractJackson2HttpMessageConverter.writeInternal(AbstractJackson2HttpMessageConverter.java:483) ~[spring-web-6.1.10.jar:6.1.10]
	at org.springframework.http.converter.AbstractGenericHttpMessageConverter.write(AbstractGenericHttpMessageConverter.java:114) ~[spring-web-6.1.10.jar:6.1.10]
	at org.springframework.web.servlet.mvc.method.annotation.AbstractMessageConverterMethodProcessor.writeWithMessageConverters(AbstractMessageConverterMethodProcessor.java:297) ~[spring-webmvc-6.1.10.jar:6.1.10]
	at org.springframework.web.servlet.mvc.method.annotation.RequestResponseBodyMethodProcessor.handleReturnValue(RequestResponseBodyMethodProcessor.java:192) ~[spring-webmvc-6.1.10.jar:6.1.10]
	at org.springframework.web.method.support.HandlerMethodReturnValueHandlerComposite.handleReturnValue(HandlerMethodReturnValueHandlerComposite.java:78) ~[spring-web-6.1.10.jar:6.1.10]
	at org.springframework.web.servlet.mvc.method.annotation.ServletInvocableHandlerMethod.invokeAndHandle(ServletInvocableHandlerMethod.java:136) ~[spring-webmvc-6.1.10.jar:6.1.10]
	at org.springframework.web.servlet.mvc.method.annotation.RequestMappingHandlerAdapter.invokeHandlerMethod(RequestMappingHandlerAdapter.java:926) ~[spring-webmvc-6.1.10.jar:6.1.10]
	at org.springframework.web.servlet.mvc.method.annotation.RequestMappingHandlerAdapter.handleInternal(RequestMappingHandlerAdapter.java:831) ~[spring-webmvc-6.1.10.jar:6.1.10]
	at org.springframework.web.servlet.mvc.method.AbstractHandlerMethodAdapter.handle(AbstractHandlerMethodAdapter.java:87) ~[spring-webmvc-6.1.10.jar:6.1.10]
	at org.springframework.web.servlet.DispatcherServlet.doDispatch(DispatcherServlet.java:1089) ~[spring-webmvc-6.1.10.jar:6.1.10]
	at org.springframework.web.servlet.DispatcherServlet.doService(DispatcherServlet.java:979) ~[spring-webmvc-6.1.10.jar:6.1.10]
	at org.springframework.web.servlet.FrameworkServlet.processRequest(FrameworkServlet.java:1014) ~[spring-webmvc-6.1.10.jar:6.1.10]
	at org.springframework.web.servlet.FrameworkServlet.doPost(FrameworkServlet.java:914) ~[spring-webmvc-6.1.10.jar:6.1.10]
	at jakarta.servlet.http.HttpServlet.service(HttpServlet.java:547) ~[jakarta.servlet-api-6.0.0.jar:6.0.0]
	at org.springframework.web.servlet.FrameworkServlet.service(FrameworkServlet.java:885) ~[spring-webmvc-6.1.10.jar:6.1.10]
	at jakarta.servlet.http.HttpServlet.service(HttpServlet.java:614) ~[jakarta.servlet-api-6.0.0.jar:6.0.0]
	at io.undertow.servlet.handlers.ServletHandler.handleRequest(ServletHandler.java:74) ~[undertow-servlet-2.3.13.Final.jar:2.3.13.Final]
	at io.undertow.servlet.handlers.FilterHandler$FilterChainImpl.doFilter(FilterHandler.java:129) ~[undertow-servlet-2.3.13.Final.jar:2.3.13.Final]
	at org.springframework.web.filter.CorsFilter.doFilterInternal(CorsFilter.java:91) ~[spring-web-6.1.10.jar:6.1.10]
	at org.springframework.web.filter.OncePerRequestFilter.doFilter(OncePerRequestFilter.java:116) ~[spring-web-6.1.10.jar:6.1.10]
	at io.undertow.servlet.core.ManagedFilter.doFilter(ManagedFilter.java:67) ~[undertow-servlet-2.3.13.Final.jar:2.3.13.Final]
	at io.undertow.servlet.handlers.FilterHandler$FilterChainImpl.doFilter(FilterHandler.java:131) ~[undertow-servlet-2.3.13.Final.jar:2.3.13.Final]
	at org.springframework.web.filter.RequestContextFilter.doFilterInternal(RequestContextFilter.java:100) ~[spring-web-6.1.10.jar:6.1.10]
	at org.springframework.web.filter.OncePerRequestFilter.doFilter(OncePerRequestFilter.java:116) ~[spring-web-6.1.10.jar:6.1.10]
	at io.undertow.servlet.core.ManagedFilter.doFilter(ManagedFilter.java:67) ~[undertow-servlet-2.3.13.Final.jar:2.3.13.Final]
	at io.undertow.servlet.handlers.FilterHandler$FilterChainImpl.doFilter(FilterHandler.java:131) ~[undertow-servlet-2.3.13.Final.jar:2.3.13.Final]
	at org.springframework.web.filter.FormContentFilter.doFilterInternal(FormContentFilter.java:93) ~[spring-web-6.1.10.jar:6.1.10]
	at org.springframework.web.filter.OncePerRequestFilter.doFilter(OncePerRequestFilter.java:116) ~[spring-web-6.1.10.jar:6.1.10]
	at io.undertow.servlet.core.ManagedFilter.doFilter(ManagedFilter.java:67) ~[undertow-servlet-2.3.13.Final.jar:2.3.13.Final]
	at io.undertow.servlet.handlers.FilterHandler$FilterChainImpl.doFilter(FilterHandler.java:131) ~[undertow-servlet-2.3.13.Final.jar:2.3.13.Final]
	at org.springframework.web.filter.CharacterEncodingFilter.doFilterInternal(CharacterEncodingFilter.java:201) ~[spring-web-6.1.10.jar:6.1.10]
	at org.springframework.web.filter.OncePerRequestFilter.doFilter(OncePerRequestFilter.java:116) ~[spring-web-6.1.10.jar:6.1.10]
	at io.undertow.servlet.core.ManagedFilter.doFilter(ManagedFilter.java:67) ~[undertow-servlet-2.3.13.Final.jar:2.3.13.Final]
	at io.undertow.servlet.handlers.FilterHandler$FilterChainImpl.doFilter(FilterHandler.java:131) ~[undertow-servlet-2.3.13.Final.jar:2.3.13.Final]
	at io.undertow.servlet.handlers.FilterHandler.handleRequest(FilterHandler.java:84) ~[undertow-servlet-2.3.13.Final.jar:2.3.13.Final]
	at io.undertow.servlet.handlers.security.ServletSecurityRoleHandler.handleRequest(ServletSecurityRoleHandler.java:62) ~[undertow-servlet-2.3.13.Final.jar:2.3.13.Final]
	at io.undertow.servlet.handlers.ServletChain$1.handleRequest(ServletChain.java:68) ~[undertow-servlet-2.3.13.Final.jar:2.3.13.Final]
	at io.undertow.servlet.handlers.ServletDispatchingHandler.handleRequest(ServletDispatchingHandler.java:36) ~[undertow-servlet-2.3.13.Final.jar:2.3.13.Final]
	at io.undertow.servlet.handlers.RedirectDirHandler.handleRequest(RedirectDirHandler.java:68) ~[undertow-servlet-2.3.13.Final.jar:2.3.13.Final]
	at io.undertow.servlet.handlers.security.SSLInformationAssociationHandler.handleRequest(SSLInformationAssociationHandler.java:117) ~[undertow-servlet-2.3.13.Final.jar:2.3.13.Final]
	at io.undertow.servlet.handlers.security.ServletAuthenticationCallHandler.handleRequest(ServletAuthenticationCallHandler.java:57) ~[undertow-servlet-2.3.13.Final.jar:2.3.13.Final]
	at io.undertow.server.handlers.PredicateHandler.handleRequest(PredicateHandler.java:43) ~[undertow-core-2.3.13.Final.jar:2.3.13.Final]
	at io.undertow.security.handlers.AbstractConfidentialityHandler.handleRequest(AbstractConfidentialityHandler.java:46) ~[undertow-core-2.3.13.Final.jar:2.3.13.Final]
	at io.undertow.servlet.handlers.security.ServletConfidentialityConstraintHandler.handleRequest(ServletConfidentialityConstraintHandler.java:64) ~[undertow-servlet-2.3.13.Final.jar:2.3.13.Final]
	at io.undertow.security.handlers.AuthenticationMechanismsHandler.handleRequest(AuthenticationMechanismsHandler.java:60) ~[undertow-core-2.3.13.Final.jar:2.3.13.Final]
	at io.undertow.servlet.handlers.security.CachedAuthenticatedSessionHandler.handleRequest(CachedAuthenticatedSessionHandler.java:77) ~[undertow-servlet-2.3.13.Final.jar:2.3.13.Final]
	at io.undertow.security.handlers.AbstractSecurityContextAssociationHandler.handleRequest(AbstractSecurityContextAssociationHandler.java:43) ~[undertow-core-2.3.13.Final.jar:2.3.13.Final]
	at io.undertow.server.handlers.PredicateHandler.handleRequest(PredicateHandler.java:43) ~[undertow-core-2.3.13.Final.jar:2.3.13.Final]
	at io.undertow.servlet.handlers.SendErrorPageHandler.handleRequest(SendErrorPageHandler.java:52) ~[undertow-servlet-2.3.13.Final.jar:2.3.13.Final]
	at io.undertow.server.handlers.PredicateHandler.handleRequest(PredicateHandler.java:43) ~[undertow-core-2.3.13.Final.jar:2.3.13.Final]
	at io.undertow.servlet.handlers.ServletInitialHandler.handleFirstRequest(ServletInitialHandler.java:276) ~[undertow-servlet-2.3.13.Final.jar:2.3.13.Final]
	at io.undertow.servlet.handlers.ServletInitialHandler$2.call(ServletInitialHandler.java:135) ~[undertow-servlet-2.3.13.Final.jar:2.3.13.Final]
	at io.undertow.servlet.handlers.ServletInitialHandler$2.call(ServletInitialHandler.java:132) ~[undertow-servlet-2.3.13.Final.jar:2.3.13.Final]
	at io.undertow.servlet.core.ServletRequestContextThreadSetupAction$1.call(ServletRequestContextThreadSetupAction.java:48) ~[undertow-servlet-2.3.13.Final.jar:2.3.13.Final]
	at io.undertow.servlet.core.ContextClassLoaderSetupAction$1.call(ContextClassLoaderSetupAction.java:43) ~[undertow-servlet-2.3.13.Final.jar:2.3.13.Final]
	at io.undertow.servlet.handlers.ServletInitialHandler.dispatchRequest(ServletInitialHandler.java:256) ~[undertow-servlet-2.3.13.Final.jar:2.3.13.Final]
	at io.undertow.servlet.handlers.ServletInitialHandler$1.handleRequest(ServletInitialHandler.java:101) ~[undertow-servlet-2.3.13.Final.jar:2.3.13.Final]
	at io.undertow.server.Connectors.executeRootHandler(Connectors.java:393) ~[undertow-core-2.3.13.Final.jar:2.3.13.Final]
	at io.undertow.server.HttpServerExchange$1.run(HttpServerExchange.java:859) ~[undertow-core-2.3.13.Final.jar:2.3.13.Final]
	at org.jboss.threads.ContextHandler$1.runWith(ContextHandler.java:18) ~[jboss-threads-3.5.0.Final.jar:3.5.0.Final]
	at org.jboss.threads.EnhancedQueueExecutor$Task.run(EnhancedQueueExecutor.java:2513) ~[jboss-threads-3.5.0.Final.jar:3.5.0.Final]
	at org.jboss.threads.EnhancedQueueExecutor$ThreadBody.run(EnhancedQueueExecutor.java:1538) ~[jboss-threads-3.5.0.Final.jar:3.5.0.Final]
	at org.xnio.XnioWorker$WorkerThreadFactory$1$1.run(XnioWorker.java:1282) ~[xnio-api-3.8.8.Final.jar:3.8.8.Final]
	at java.base/java.lang.Thread.run(Thread.java:1583) [?:?]
	Suppressed: org.springframework.web.context.request.async.AsyncRequestNotUsableException: Response not usable after response errors.
		at org.springframework.web.context.request.async.StandardServletAsyncWebRequest$LifecycleHttpServletResponse.obtainLockAndCheckState(StandardServletAsyncWebRequest.java:314) ~[spring-web-6.1.10.jar:6.1.10]
		at org.springframework.web.context.request.async.StandardServletAsyncWebRequest$LifecycleServletOutputStream.write(StandardServletAsyncWebRequest.java:373) ~[spring-web-6.1.10.jar:6.1.10]
		at org.springframework.util.StreamUtils$NonClosingOutputStream.write(StreamUtils.java:261) ~[spring-core-6.1.10.jar:6.1.10]
		at com.fasterxml.jackson.core.json.UTF8JsonGenerator._flushBuffer(UTF8JsonGenerator.java:2210) ~[jackson-core-2.17.1.jar:2.17.1]
		at com.fasterxml.jackson.core.json.UTF8JsonGenerator.close(UTF8JsonGenerator.java:1234) ~[jackson-core-2.17.1.jar:2.17.1]
		at org.springframework.http.converter.json.AbstractJackson2HttpMessageConverter.writeInternal(AbstractJackson2HttpMessageConverter.java:452) ~[spring-web-6.1.10.jar:6.1.10]
		at org.springframework.http.converter.AbstractGenericHttpMessageConverter.write(AbstractGenericHttpMessageConverter.java:114) ~[spring-web-6.1.10.jar:6.1.10]
		at org.springframework.web.servlet.mvc.method.annotation.AbstractMessageConverterMethodProcessor.writeWithMessageConverters(AbstractMessageConverterMethodProcessor.java:297) ~[spring-webmvc-6.1.10.jar:6.1.10]
		at org.springframework.web.servlet.mvc.method.annotation.RequestResponseBodyMethodProcessor.handleReturnValue(RequestResponseBodyMethodProcessor.java:192) ~[spring-webmvc-6.1.10.jar:6.1.10]
		at org.springframework.web.method.support.HandlerMethodReturnValueHandlerComposite.handleReturnValue(HandlerMethodReturnValueHandlerComposite.java:78) ~[spring-web-6.1.10.jar:6.1.10]
		at org.springframework.web.servlet.mvc.method.annotation.ServletInvocableHandlerMethod.invokeAndHandle(ServletInvocableHandlerMethod.java:136) ~[spring-webmvc-6.1.10.jar:6.1.10]
		at org.springframework.web.servlet.mvc.method.annotation.RequestMappingHandlerAdapter.invokeHandlerMethod(RequestMappingHandlerAdapter.java:926) ~[spring-webmvc-6.1.10.jar:6.1.10]
		at org.springframework.web.servlet.mvc.method.annotation.RequestMappingHandlerAdapter.handleInternal(RequestMappingHandlerAdapter.java:831) ~[spring-webmvc-6.1.10.jar:6.1.10]
		at org.springframework.web.servlet.mvc.method.AbstractHandlerMethodAdapter.handle(AbstractHandlerMethodAdapter.java:87) ~[spring-webmvc-6.1.10.jar:6.1.10]
		at org.springframework.web.servlet.DispatcherServlet.doDispatch(DispatcherServlet.java:1089) ~[spring-webmvc-6.1.10.jar:6.1.10]
		at org.springframework.web.servlet.DispatcherServlet.doService(DispatcherServlet.java:979) ~[spring-webmvc-6.1.10.jar:6.1.10]
		at org.springframework.web.servlet.FrameworkServlet.processRequest(FrameworkServlet.java:1014) ~[spring-webmvc-6.1.10.jar:6.1.10]
		at org.springframework.web.servlet.FrameworkServlet.doPost(FrameworkServlet.java:914) ~[spring-webmvc-6.1.10.jar:6.1.10]
		at jakarta.servlet.http.HttpServlet.service(HttpServlet.java:547) ~[jakarta.servlet-api-6.0.0.jar:6.0.0]
		at org.springframework.web.servlet.FrameworkServlet.service(FrameworkServlet.java:885) ~[spring-webmvc-6.1.10.jar:6.1.10]
		at jakarta.servlet.http.HttpServlet.service(HttpServlet.java:614) ~[jakarta.servlet-api-6.0.0.jar:6.0.0]
		at io.undertow.servlet.handlers.ServletHandler.handleRequest(ServletHandler.java:74) ~[undertow-servlet-2.3.13.Final.jar:2.3.13.Final]
		at io.undertow.servlet.handlers.FilterHandler$FilterChainImpl.doFilter(FilterHandler.java:129) ~[undertow-servlet-2.3.13.Final.jar:2.3.13.Final]
		at org.springframework.web.filter.CorsFilter.doFilterInternal(CorsFilter.java:91) ~[spring-web-6.1.10.jar:6.1.10]
		at org.springframework.web.filter.OncePerRequestFilter.doFilter(OncePerRequestFilter.java:116) ~[spring-web-6.1.10.jar:6.1.10]
		at io.undertow.servlet.core.ManagedFilter.doFilter(ManagedFilter.java:67) ~[undertow-servlet-2.3.13.Final.jar:2.3.13.Final]
		at io.undertow.servlet.handlers.FilterHandler$FilterChainImpl.doFilter(FilterHandler.java:131) ~[undertow-servlet-2.3.13.Final.jar:2.3.13.Final]
		at org.springframework.web.filter.RequestContextFilter.doFilterInternal(RequestContextFilter.java:100) ~[spring-web-6.1.10.jar:6.1.10]
		at org.springframework.web.filter.OncePerRequestFilter.doFilter(OncePerRequestFilter.java:116) ~[spring-web-6.1.10.jar:6.1.10]
		at io.undertow.servlet.core.ManagedFilter.doFilter(ManagedFilter.java:67) ~[undertow-servlet-2.3.13.Final.jar:2.3.13.Final]
		at io.undertow.servlet.handlers.FilterHandler$FilterChainImpl.doFilter(FilterHandler.java:131) ~[undertow-servlet-2.3.13.Final.jar:2.3.13.Final]
		at org.springframework.web.filter.FormContentFilter.doFilterInternal(FormContentFilter.java:93) ~[spring-web-6.1.10.jar:6.1.10]
		at org.springframework.web.filter.OncePerRequestFilter.doFilter(OncePerRequestFilter.java:116) ~[spring-web-6.1.10.jar:6.1.10]
		at io.undertow.servlet.core.ManagedFilter.doFilter(ManagedFilter.java:67) ~[undertow-servlet-2.3.13.Final.jar:2.3.13.Final]
		at io.undertow.servlet.handlers.FilterHandler$FilterChainImpl.doFilter(FilterHandler.java:131) ~[undertow-servlet-2.3.13.Final.jar:2.3.13.Final]
		at org.springframework.web.filter.CharacterEncodingFilter.doFilterInternal(CharacterEncodingFilter.java:201) ~[spring-web-6.1.10.jar:6.1.10]
		at org.springframework.web.filter.OncePerRequestFilter.doFilter(OncePerRequestFilter.java:116) ~[spring-web-6.1.10.jar:6.1.10]
		at io.undertow.servlet.core.ManagedFilter.doFilter(ManagedFilter.java:67) ~[undertow-servlet-2.3.13.Final.jar:2.3.13.Final]
		at io.undertow.servlet.handlers.FilterHandler$FilterChainImpl.doFilter(FilterHandler.java:131) ~[undertow-servlet-2.3.13.Final.jar:2.3.13.Final]
		at io.undertow.servlet.handlers.FilterHandler.handleRequest(FilterHandler.java:84) ~[undertow-servlet-2.3.13.Final.jar:2.3.13.Final]
		at io.undertow.servlet.handlers.security.ServletSecurityRoleHandler.handleRequest(ServletSecurityRoleHandler.java:62) ~[undertow-servlet-2.3.13.Final.jar:2.3.13.Final]
		at io.undertow.servlet.handlers.ServletChain$1.handleRequest(ServletChain.java:68) ~[undertow-servlet-2.3.13.Final.jar:2.3.13.Final]
		at io.undertow.servlet.handlers.ServletDispatchingHandler.handleRequest(ServletDispatchingHandler.java:36) ~[undertow-servlet-2.3.13.Final.jar:2.3.13.Final]
		at io.undertow.servlet.handlers.RedirectDirHandler.handleRequest(RedirectDirHandler.java:68) ~[undertow-servlet-2.3.13.Final.jar:2.3.13.Final]
		at io.undertow.servlet.handlers.security.SSLInformationAssociationHandler.handleRequest(SSLInformationAssociationHandler.java:117) ~[undertow-servlet-2.3.13.Final.jar:2.3.13.Final]
		at io.undertow.servlet.handlers.security.ServletAuthenticationCallHandler.handleRequest(ServletAuthenticationCallHandler.java:57) ~[undertow-servlet-2.3.13.Final.jar:2.3.13.Final]
		at io.undertow.server.handlers.PredicateHandler.handleRequest(PredicateHandler.java:43) ~[undertow-core-2.3.13.Final.jar:2.3.13.Final]
		at io.undertow.security.handlers.AbstractConfidentialityHandler.handleRequest(AbstractConfidentialityHandler.java:46) ~[undertow-core-2.3.13.Final.jar:2.3.13.Final]
		at io.undertow.servlet.handlers.security.ServletConfidentialityConstraintHandler.handleRequest(ServletConfidentialityConstraintHandler.java:64) ~[undertow-servlet-2.3.13.Final.jar:2.3.13.Final]
		at io.undertow.security.handlers.AuthenticationMechanismsHandler.handleRequest(AuthenticationMechanismsHandler.java:60) ~[undertow-core-2.3.13.Final.jar:2.3.13.Final]
		at io.undertow.servlet.handlers.security.CachedAuthenticatedSessionHandler.handleRequest(CachedAuthenticatedSessionHandler.java:77) ~[undertow-servlet-2.3.13.Final.jar:2.3.13.Final]
		at io.undertow.security.handlers.AbstractSecurityContextAssociationHandler.handleRequest(AbstractSecurityContextAssociationHandler.java:43) ~[undertow-core-2.3.13.Final.jar:2.3.13.Final]
		at io.undertow.server.handlers.PredicateHandler.handleRequest(PredicateHandler.java:43) ~[undertow-core-2.3.13.Final.jar:2.3.13.Final]
		at io.undertow.servlet.handlers.SendErrorPageHandler.handleRequest(SendErrorPageHandler.java:52) ~[undertow-servlet-2.3.13.Final.jar:2.3.13.Final]
		at io.undertow.server.handlers.PredicateHandler.handleRequest(PredicateHandler.java:43) ~[undertow-core-2.3.13.Final.jar:2.3.13.Final]
		at io.undertow.servlet.handlers.ServletInitialHandler.handleFirstRequest(ServletInitialHandler.java:276) ~[undertow-servlet-2.3.13.Final.jar:2.3.13.Final]
		at io.undertow.servlet.handlers.ServletInitialHandler$2.call(ServletInitialHandler.java:135) ~[undertow-servlet-2.3.13.Final.jar:2.3.13.Final]
		at io.undertow.servlet.handlers.ServletInitialHandler$2.call(ServletInitialHandler.java:132) ~[undertow-servlet-2.3.13.Final.jar:2.3.13.Final]
		at io.undertow.servlet.core.ServletRequestContextThreadSetupAction$1.call(ServletRequestContextThreadSetupAction.java:48) ~[undertow-servlet-2.3.13.Final.jar:2.3.13.Final]
		at io.undertow.servlet.core.ContextClassLoaderSetupAction$1.call(ContextClassLoaderSetupAction.java:43) ~[undertow-servlet-2.3.13.Final.jar:2.3.13.Final]
		at io.undertow.servlet.handlers.ServletInitialHandler.dispatchRequest(ServletInitialHandler.java:256) ~[undertow-servlet-2.3.13.Final.jar:2.3.13.Final]
		at io.undertow.servlet.handlers.ServletInitialHandler$1.handleRequest(ServletInitialHandler.java:101) ~[undertow-servlet-2.3.13.Final.jar:2.3.13.Final]
		at io.undertow.server.Connectors.executeRootHandler(Connectors.java:393) ~[undertow-core-2.3.13.Final.jar:2.3.13.Final]
		at io.undertow.server.HttpServerExchange$1.run(HttpServerExchange.java:859) ~[undertow-core-2.3.13.Final.jar:2.3.13.Final]
		at org.jboss.threads.ContextHandler$1.runWith(ContextHandler.java:18) ~[jboss-threads-3.5.0.Final.jar:3.5.0.Final]
		at org.jboss.threads.EnhancedQueueExecutor$Task.run(EnhancedQueueExecutor.java:2513) ~[jboss-threads-3.5.0.Final.jar:3.5.0.Final]
		at org.jboss.threads.EnhancedQueueExecutor$ThreadBody.run(EnhancedQueueExecutor.java:1538) ~[jboss-threads-3.5.0.Final.jar:3.5.0.Final]
		at org.xnio.XnioWorker$WorkerThreadFactory$1$1.run(XnioWorker.java:1282) ~[xnio-api-3.8.8.Final.jar:3.8.8.Final]
		at java.base/java.lang.Thread.run(Thread.java:1583) [?:?]
Caused by: java.nio.channels.ClosedChannelException
	at io.undertow.conduits.DeflatingStreamSinkConduit.write(DeflatingStreamSinkConduit.java:158) ~[undertow-core-2.3.13.Final.jar:2.3.13.Final]
	at org.xnio.conduits.ConduitStreamSinkChannel.write(ConduitStreamSinkChannel.java:158) ~[xnio-api-3.8.8.Final.jar:3.8.8.Final]
	at io.undertow.channels.DetachableStreamSinkChannel.write(DetachableStreamSinkChannel.java:179) ~[undertow-core-2.3.13.Final.jar:2.3.13.Final]
	at io.undertow.server.HttpServerExchange$WriteDispatchChannel.write(HttpServerExchange.java:2172) ~[undertow-core-2.3.13.Final.jar:2.3.13.Final]
	at org.xnio.channels.Channels.writeBlocking(Channels.java:202) ~[xnio-api-3.8.8.Final.jar:3.8.8.Final]
	at io.undertow.servlet.spec.ServletOutputStreamImpl.writeTooLargeForBuffer(ServletOutputStreamImpl.java:201) ~[undertow-servlet-2.3.13.Final.jar:2.3.13.Final]
	at io.undertow.servlet.spec.ServletOutputStreamImpl.write(ServletOutputStreamImpl.java:149) ~[undertow-servlet-2.3.13.Final.jar:2.3.13.Final]
	at org.springframework.web.context.request.async.StandardServletAsyncWebRequest$LifecycleServletOutputStream.write(StandardServletAsyncWebRequest.java:375) ~[spring-web-6.1.10.jar:6.1.10]
	... 83 more
[2026-05-21 14:16:24.146] ERROR XNIO-1 task-10 com.jts.gjcxfzksh.exception.handler.GlobalExceptionHandler[63] - 请求地址'/pt/network/tile',发生系统异常. 
org.springframework.web.context.request.async.AsyncRequestNotUsableException: ServletOutputStream failed to write: null
	at org.springframework.web.context.request.async.StandardServletAsyncWebRequest$LifecycleHttpServletResponse.handleIOException(StandardServletAsyncWebRequest.java:320) ~[spring-web-6.1.10.jar:6.1.10]
	at org.springframework.web.context.request.async.StandardServletAsyncWebRequest$LifecycleServletOutputStream.write(StandardServletAsyncWebRequest.java:378) ~[spring-web-6.1.10.jar:6.1.10]
	at org.springframework.util.StreamUtils$NonClosingOutputStream.write(StreamUtils.java:261) ~[spring-core-6.1.10.jar:6.1.10]
	at com.fasterxml.jackson.core.json.UTF8JsonGenerator._flushBuffer(UTF8JsonGenerator.java:2210) ~[jackson-core-2.17.1.jar:2.17.1]
	at com.fasterxml.jackson.core.json.UTF8JsonGenerator.writeRaw(UTF8JsonGenerator.java:764) ~[jackson-core-2.17.1.jar:2.17.1]
	at com.fasterxml.jackson.core.json.UTF8JsonGenerator.writeRaw(UTF8JsonGenerator.java:674) ~[jackson-core-2.17.1.jar:2.17.1]
	at com.fasterxml.jackson.core.json.UTF8JsonGenerator.writeNumber(UTF8JsonGenerator.java:1065) ~[jackson-core-2.17.1.jar:2.17.1]
	at com.fasterxml.jackson.databind.ser.std.NumberSerializers$FloatSerializer.serialize(NumberSerializers.java:214) ~[jackson-databind-2.17.1.jar:2.17.1]
	at com.fasterxml.jackson.databind.ser.BeanPropertyWriter.serializeAsField(BeanPropertyWriter.java:732) ~[jackson-databind-2.17.1.jar:2.17.1]
	at com.fasterxml.jackson.databind.ser.std.BeanSerializerBase.serializeFields(BeanSerializerBase.java:770) ~[jackson-databind-2.17.1.jar:2.17.1]
	at com.fasterxml.jackson.databind.ser.BeanSerializer.serialize(BeanSerializer.java:183) ~[jackson-databind-2.17.1.jar:2.17.1]
	at com.fasterxml.jackson.databind.ser.BeanPropertyWriter.serializeAsField(BeanPropertyWriter.java:732) ~[jackson-databind-2.17.1.jar:2.17.1]
	at com.fasterxml.jackson.databind.ser.std.BeanSerializerBase.serializeFields(BeanSerializerBase.java:770) ~[jackson-databind-2.17.1.jar:2.17.1]
	at com.fasterxml.jackson.databind.ser.BeanSerializer.serialize(BeanSerializer.java:183) ~[jackson-databind-2.17.1.jar:2.17.1]
	at com.fasterxml.jackson.databind.ser.impl.IndexedListSerializer.serializeContents(IndexedListSerializer.java:119) ~[jackson-databind-2.17.1.jar:2.17.1]
	at com.fasterxml.jackson.databind.ser.impl.IndexedListSerializer.serialize(IndexedListSerializer.java:79) ~[jackson-databind-2.17.1.jar:2.17.1]
	at com.fasterxml.jackson.databind.ser.impl.IndexedListSerializer.serialize(IndexedListSerializer.java:18) ~[jackson-databind-2.17.1.jar:2.17.1]
	at com.fasterxml.jackson.databind.ser.BeanPropertyWriter.serializeAsField(BeanPropertyWriter.java:732) ~[jackson-databind-2.17.1.jar:2.17.1]
	at com.fasterxml.jackson.databind.ser.std.BeanSerializerBase.serializeFields(BeanSerializerBase.java:770) ~[jackson-databind-2.17.1.jar:2.17.1]
	at com.fasterxml.jackson.databind.ser.BeanSerializer.serialize(BeanSerializer.java:183) ~[jackson-databind-2.17.1.jar:2.17.1]
	at com.fasterxml.jackson.databind.ser.DefaultSerializerProvider._serialize(DefaultSerializerProvider.java:502) ~[jackson-databind-2.17.1.jar:2.17.1]
	at com.fasterxml.jackson.databind.ser.DefaultSerializerProvider.serializeValue(DefaultSerializerProvider.java:341) ~[jackson-databind-2.17.1.jar:2.17.1]
	at com.fasterxml.jackson.databind.ObjectWriter$Prefetch.serialize(ObjectWriter.java:1574) ~[jackson-databind-2.17.1.jar:2.17.1]
	at com.fasterxml.jackson.databind.ObjectWriter.writeValue(ObjectWriter.java:1061) ~[jackson-databind-2.17.1.jar:2.17.1]
	at org.springframework.http.converter.json.AbstractJackson2HttpMessageConverter.writeInternal(AbstractJackson2HttpMessageConverter.java:483) ~[spring-web-6.1.10.jar:6.1.10]
	at org.springframework.http.converter.AbstractGenericHttpMessageConverter.write(AbstractGenericHttpMessageConverter.java:114) ~[spring-web-6.1.10.jar:6.1.10]
	at org.springframework.web.servlet.mvc.method.annotation.AbstractMessageConverterMethodProcessor.writeWithMessageConverters(AbstractMessageConverterMethodProcessor.java:297) ~[spring-webmvc-6.1.10.jar:6.1.10]
	at org.springframework.web.servlet.mvc.method.annotation.RequestResponseBodyMethodProcessor.handleReturnValue(RequestResponseBodyMethodProcessor.java:192) ~[spring-webmvc-6.1.10.jar:6.1.10]
	at org.springframework.web.method.support.HandlerMethodReturnValueHandlerComposite.handleReturnValue(HandlerMethodReturnValueHandlerComposite.java:78) ~[spring-web-6.1.10.jar:6.1.10]
	at org.springframework.web.servlet.mvc.method.annotation.ServletInvocableHandlerMethod.invokeAndHandle(ServletInvocableHandlerMethod.java:136) ~[spring-webmvc-6.1.10.jar:6.1.10]
	at org.springframework.web.servlet.mvc.method.annotation.RequestMappingHandlerAdapter.invokeHandlerMethod(RequestMappingHandlerAdapter.java:926) ~[spring-webmvc-6.1.10.jar:6.1.10]
	at org.springframework.web.servlet.mvc.method.annotation.RequestMappingHandlerAdapter.handleInternal(RequestMappingHandlerAdapter.java:831) ~[spring-webmvc-6.1.10.jar:6.1.10]
	at org.springframework.web.servlet.mvc.method.AbstractHandlerMethodAdapter.handle(AbstractHandlerMethodAdapter.java:87) ~[spring-webmvc-6.1.10.jar:6.1.10]
	at org.springframework.web.servlet.DispatcherServlet.doDispatch(DispatcherServlet.java:1089) ~[spring-webmvc-6.1.10.jar:6.1.10]
	at org.springframework.web.servlet.DispatcherServlet.doService(DispatcherServlet.java:979) ~[spring-webmvc-6.1.10.jar:6.1.10]
	at org.springframework.web.servlet.FrameworkServlet.processRequest(FrameworkServlet.java:1014) ~[spring-webmvc-6.1.10.jar:6.1.10]
	at org.springframework.web.servlet.FrameworkServlet.doPost(FrameworkServlet.java:914) ~[spring-webmvc-6.1.10.jar:6.1.10]
	at jakarta.servlet.http.HttpServlet.service(HttpServlet.java:547) ~[jakarta.servlet-api-6.0.0.jar:6.0.0]
	at org.springframework.web.servlet.FrameworkServlet.service(FrameworkServlet.java:885) ~[spring-webmvc-6.1.10.jar:6.1.10]
	at jakarta.servlet.http.HttpServlet.service(HttpServlet.java:614) ~[jakarta.servlet-api-6.0.0.jar:6.0.0]
	at io.undertow.servlet.handlers.ServletHandler.handleRequest(ServletHandler.java:74) ~[undertow-servlet-2.3.13.Final.jar:2.3.13.Final]
	at io.undertow.servlet.handlers.FilterHandler$FilterChainImpl.doFilter(FilterHandler.java:129) ~[undertow-servlet-2.3.13.Final.jar:2.3.13.Final]
	at org.springframework.web.filter.CorsFilter.doFilterInternal(CorsFilter.java:91) ~[spring-web-6.1.10.jar:6.1.10]
	at org.springframework.web.filter.OncePerRequestFilter.doFilter(OncePerRequestFilter.java:116) ~[spring-web-6.1.10.jar:6.1.10]
	at io.undertow.servlet.core.ManagedFilter.doFilter(ManagedFilter.java:67) ~[undertow-servlet-2.3.13.Final.jar:2.3.13.Final]
	at io.undertow.servlet.handlers.FilterHandler$FilterChainImpl.doFilter(FilterHandler.java:131) ~[undertow-servlet-2.3.13.Final.jar:2.3.13.Final]
	at org.springframework.web.filter.RequestContextFilter.doFilterInternal(RequestContextFilter.java:100) ~[spring-web-6.1.10.jar:6.1.10]
	at org.springframework.web.filter.OncePerRequestFilter.doFilter(OncePerRequestFilter.java:116) ~[spring-web-6.1.10.jar:6.1.10]
	at io.undertow.servlet.core.ManagedFilter.doFilter(ManagedFilter.java:67) ~[undertow-servlet-2.3.13.Final.jar:2.3.13.Final]
	at io.undertow.servlet.handlers.FilterHandler$FilterChainImpl.doFilter(FilterHandler.java:131) ~[undertow-servlet-2.3.13.Final.jar:2.3.13.Final]
	at org.springframework.web.filter.FormContentFilter.doFilterInternal(FormContentFilter.java:93) ~[spring-web-6.1.10.jar:6.1.10]
	at org.springframework.web.filter.OncePerRequestFilter.doFilter(OncePerRequestFilter.java:116) ~[spring-web-6.1.10.jar:6.1.10]
	at io.undertow.servlet.core.ManagedFilter.doFilter(ManagedFilter.java:67) ~[undertow-servlet-2.3.13.Final.jar:2.3.13.Final]
	at io.undertow.servlet.handlers.FilterHandler$FilterChainImpl.doFilter(FilterHandler.java:131) ~[undertow-servlet-2.3.13.Final.jar:2.3.13.Final]
	at org.springframework.web.filter.CharacterEncodingFilter.doFilterInternal(CharacterEncodingFilter.java:201) ~[spring-web-6.1.10.jar:6.1.10]
	at org.springframework.web.filter.OncePerRequestFilter.doFilter(OncePerRequestFilter.java:116) ~[spring-web-6.1.10.jar:6.1.10]
	at io.undertow.servlet.core.ManagedFilter.doFilter(ManagedFilter.java:67) ~[undertow-servlet-2.3.13.Final.jar:2.3.13.Final]
	at io.undertow.servlet.handlers.FilterHandler$FilterChainImpl.doFilter(FilterHandler.java:131) ~[undertow-servlet-2.3.13.Final.jar:2.3.13.Final]
	at io.undertow.servlet.handlers.FilterHandler.handleRequest(FilterHandler.java:84) ~[undertow-servlet-2.3.13.Final.jar:2.3.13.Final]
	at io.undertow.servlet.handlers.security.ServletSecurityRoleHandler.handleRequest(ServletSecurityRoleHandler.java:62) ~[undertow-servlet-2.3.13.Final.jar:2.3.13.Final]
	at io.undertow.servlet.handlers.ServletChain$1.handleRequest(ServletChain.java:68) ~[undertow-servlet-2.3.13.Final.jar:2.3.13.Final]
	at io.undertow.servlet.handlers.ServletDispatchingHandler.handleRequest(ServletDispatchingHandler.java:36) ~[undertow-servlet-2.3.13.Final.jar:2.3.13.Final]
	at io.undertow.servlet.handlers.RedirectDirHandler.handleRequest(RedirectDirHandler.java:68) ~[undertow-servlet-2.3.13.Final.jar:2.3.13.Final]
	at io.undertow.servlet.handlers.security.SSLInformationAssociationHandler.handleRequest(SSLInformationAssociationHandler.java:117) ~[undertow-servlet-2.3.13.Final.jar:2.3.13.Final]
	at io.undertow.servlet.handlers.security.ServletAuthenticationCallHandler.handleRequest(ServletAuthenticationCallHandler.java:57) ~[undertow-servlet-2.3.13.Final.jar:2.3.13.Final]
	at io.undertow.server.handlers.PredicateHandler.handleRequest(PredicateHandler.java:43) ~[undertow-core-2.3.13.Final.jar:2.3.13.Final]
	at io.undertow.security.handlers.AbstractConfidentialityHandler.handleRequest(AbstractConfidentialityHandler.java:46) ~[undertow-core-2.3.13.Final.jar:2.3.13.Final]
	at io.undertow.servlet.handlers.security.ServletConfidentialityConstraintHandler.handleRequest(ServletConfidentialityConstraintHandler.java:64) ~[undertow-servlet-2.3.13.Final.jar:2.3.13.Final]
	at io.undertow.security.handlers.AuthenticationMechanismsHandler.handleRequest(AuthenticationMechanismsHandler.java:60) ~[undertow-core-2.3.13.Final.jar:2.3.13.Final]
	at io.undertow.servlet.handlers.security.CachedAuthenticatedSessionHandler.handleRequest(CachedAuthenticatedSessionHandler.java:77) ~[undertow-servlet-2.3.13.Final.jar:2.3.13.Final]
	at io.undertow.security.handlers.AbstractSecurityContextAssociationHandler.handleRequest(AbstractSecurityContextAssociationHandler.java:43) ~[undertow-core-2.3.13.Final.jar:2.3.13.Final]
	at io.undertow.server.handlers.PredicateHandler.handleRequest(PredicateHandler.java:43) ~[undertow-core-2.3.13.Final.jar:2.3.13.Final]
	at io.undertow.servlet.handlers.SendErrorPageHandler.handleRequest(SendErrorPageHandler.java:52) ~[undertow-servlet-2.3.13.Final.jar:2.3.13.Final]
	at io.undertow.server.handlers.PredicateHandler.handleRequest(PredicateHandler.java:43) ~[undertow-core-2.3.13.Final.jar:2.3.13.Final]
	at io.undertow.servlet.handlers.ServletInitialHandler.handleFirstRequest(ServletInitialHandler.java:276) ~[undertow-servlet-2.3.13.Final.jar:2.3.13.Final]
	at io.undertow.servlet.handlers.ServletInitialHandler$2.call(ServletInitialHandler.java:135) ~[undertow-servlet-2.3.13.Final.jar:2.3.13.Final]
	at io.undertow.servlet.handlers.ServletInitialHandler$2.call(ServletInitialHandler.java:132) ~[undertow-servlet-2.3.13.Final.jar:2.3.13.Final]
	at io.undertow.servlet.core.ServletRequestContextThreadSetupAction$1.call(ServletRequestContextThreadSetupAction.java:48) ~[undertow-servlet-2.3.13.Final.jar:2.3.13.Final]
	at io.undertow.servlet.core.ContextClassLoaderSetupAction$1.call(ContextClassLoaderSetupAction.java:43) ~[undertow-servlet-2.3.13.Final.jar:2.3.13.Final]
	at io.undertow.servlet.handlers.ServletInitialHandler.dispatchRequest(ServletInitialHandler.java:256) ~[undertow-servlet-2.3.13.Final.jar:2.3.13.Final]
	at io.undertow.servlet.handlers.ServletInitialHandler$1.handleRequest(ServletInitialHandler.java:101) ~[undertow-servlet-2.3.13.Final.jar:2.3.13.Final]
	at io.undertow.server.Connectors.executeRootHandler(Connectors.java:393) ~[undertow-core-2.3.13.Final.jar:2.3.13.Final]
	at io.undertow.server.HttpServerExchange$1.run(HttpServerExchange.java:859) ~[undertow-core-2.3.13.Final.jar:2.3.13.Final]
	at org.jboss.threads.ContextHandler$1.runWith(ContextHandler.java:18) ~[jboss-threads-3.5.0.Final.jar:3.5.0.Final]
	at org.jboss.threads.EnhancedQueueExecutor$Task.run(EnhancedQueueExecutor.java:2513) ~[jboss-threads-3.5.0.Final.jar:3.5.0.Final]
	at org.jboss.threads.EnhancedQueueExecutor$ThreadBody.run(EnhancedQueueExecutor.java:1538) ~[jboss-threads-3.5.0.Final.jar:3.5.0.Final]
	at org.xnio.XnioWorker$WorkerThreadFactory$1$1.run(XnioWorker.java:1282) ~[xnio-api-3.8.8.Final.jar:3.8.8.Final]
	at java.base/java.lang.Thread.run(Thread.java:1583) [?:?]
	Suppressed: org.springframework.web.context.request.async.AsyncRequestNotUsableException: Response not usable after response errors.
		at org.springframework.web.context.request.async.StandardServletAsyncWebRequest$LifecycleHttpServletResponse.obtainLockAndCheckState(StandardServletAsyncWebRequest.java:314) ~[spring-web-6.1.10.jar:6.1.10]
		at org.springframework.web.context.request.async.StandardServletAsyncWebRequest$LifecycleServletOutputStream.write(StandardServletAsyncWebRequest.java:373) ~[spring-web-6.1.10.jar:6.1.10]
		at org.springframework.util.StreamUtils$NonClosingOutputStream.write(StreamUtils.java:261) ~[spring-core-6.1.10.jar:6.1.10]
		at com.fasterxml.jackson.core.json.UTF8JsonGenerator._flushBuffer(UTF8JsonGenerator.java:2210) ~[jackson-core-2.17.1.jar:2.17.1]
		at com.fasterxml.jackson.core.json.UTF8JsonGenerator.close(UTF8JsonGenerator.java:1234) ~[jackson-core-2.17.1.jar:2.17.1]
		at org.springframework.http.converter.json.AbstractJackson2HttpMessageConverter.writeInternal(AbstractJackson2HttpMessageConverter.java:452) ~[spring-web-6.1.10.jar:6.1.10]
		at org.springframework.http.converter.AbstractGenericHttpMessageConverter.write(AbstractGenericHttpMessageConverter.java:114) ~[spring-web-6.1.10.jar:6.1.10]
		at org.springframework.web.servlet.mvc.method.annotation.AbstractMessageConverterMethodProcessor.writeWithMessageConverters(AbstractMessageConverterMethodProcessor.java:297) ~[spring-webmvc-6.1.10.jar:6.1.10]
		at org.springframework.web.servlet.mvc.method.annotation.RequestResponseBodyMethodProcessor.handleReturnValue(RequestResponseBodyMethodProcessor.java:192) ~[spring-webmvc-6.1.10.jar:6.1.10]
		at org.springframework.web.method.support.HandlerMethodReturnValueHandlerComposite.handleReturnValue(HandlerMethodReturnValueHandlerComposite.java:78) ~[spring-web-6.1.10.jar:6.1.10]
		at org.springframework.web.servlet.mvc.method.annotation.ServletInvocableHandlerMethod.invokeAndHandle(ServletInvocableHandlerMethod.java:136) ~[spring-webmvc-6.1.10.jar:6.1.10]
		at org.springframework.web.servlet.mvc.method.annotation.RequestMappingHandlerAdapter.invokeHandlerMethod(RequestMappingHandlerAdapter.java:926) ~[spring-webmvc-6.1.10.jar:6.1.10]
		at org.springframework.web.servlet.mvc.method.annotation.RequestMappingHandlerAdapter.handleInternal(RequestMappingHandlerAdapter.java:831) ~[spring-webmvc-6.1.10.jar:6.1.10]
		at org.springframework.web.servlet.mvc.method.AbstractHandlerMethodAdapter.handle(AbstractHandlerMethodAdapter.java:87) ~[spring-webmvc-6.1.10.jar:6.1.10]
		at org.springframework.web.servlet.DispatcherServlet.doDispatch(DispatcherServlet.java:1089) ~[spring-webmvc-6.1.10.jar:6.1.10]
		at org.springframework.web.servlet.DispatcherServlet.doService(DispatcherServlet.java:979) ~[spring-webmvc-6.1.10.jar:6.1.10]
		at org.springframework.web.servlet.FrameworkServlet.processRequest(FrameworkServlet.java:1014) ~[spring-webmvc-6.1.10.jar:6.1.10]
		at org.springframework.web.servlet.FrameworkServlet.doPost(FrameworkServlet.java:914) ~[spring-webmvc-6.1.10.jar:6.1.10]
		at jakarta.servlet.http.HttpServlet.service(HttpServlet.java:547) ~[jakarta.servlet-api-6.0.0.jar:6.0.0]
		at org.springframework.web.servlet.FrameworkServlet.service(FrameworkServlet.java:885) ~[spring-webmvc-6.1.10.jar:6.1.10]
		at jakarta.servlet.http.HttpServlet.service(HttpServlet.java:614) ~[jakarta.servlet-api-6.0.0.jar:6.0.0]
		at io.undertow.servlet.handlers.ServletHandler.handleRequest(ServletHandler.java:74) ~[undertow-servlet-2.3.13.Final.jar:2.3.13.Final]
		at io.undertow.servlet.handlers.FilterHandler$FilterChainImpl.doFilter(FilterHandler.java:129) ~[undertow-servlet-2.3.13.Final.jar:2.3.13.Final]
		at org.springframework.web.filter.CorsFilter.doFilterInternal(CorsFilter.java:91) ~[spring-web-6.1.10.jar:6.1.10]
		at org.springframework.web.filter.OncePerRequestFilter.doFilter(OncePerRequestFilter.java:116) ~[spring-web-6.1.10.jar:6.1.10]
		at io.undertow.servlet.core.ManagedFilter.doFilter(ManagedFilter.java:67) ~[undertow-servlet-2.3.13.Final.jar:2.3.13.Final]
		at io.undertow.servlet.handlers.FilterHandler$FilterChainImpl.doFilter(FilterHandler.java:131) ~[undertow-servlet-2.3.13.Final.jar:2.3.13.Final]
		at org.springframework.web.filter.RequestContextFilter.doFilterInternal(RequestContextFilter.java:100) ~[spring-web-6.1.10.jar:6.1.10]
		at org.springframework.web.filter.OncePerRequestFilter.doFilter(OncePerRequestFilter.java:116) ~[spring-web-6.1.10.jar:6.1.10]
		at io.undertow.servlet.core.ManagedFilter.doFilter(ManagedFilter.java:67) ~[undertow-servlet-2.3.13.Final.jar:2.3.13.Final]
		at io.undertow.servlet.handlers.FilterHandler$FilterChainImpl.doFilter(FilterHandler.java:131) ~[undertow-servlet-2.3.13.Final.jar:2.3.13.Final]
		at org.springframework.web.filter.FormContentFilter.doFilterInternal(FormContentFilter.java:93) ~[spring-web-6.1.10.jar:6.1.10]
		at org.springframework.web.filter.OncePerRequestFilter.doFilter(OncePerRequestFilter.java:116) ~[spring-web-6.1.10.jar:6.1.10]
		at io.undertow.servlet.core.ManagedFilter.doFilter(ManagedFilter.java:67) ~[undertow-servlet-2.3.13.Final.jar:2.3.13.Final]
		at io.undertow.servlet.handlers.FilterHandler$FilterChainImpl.doFilter(FilterHandler.java:131) ~[undertow-servlet-2.3.13.Final.jar:2.3.13.Final]
		at org.springframework.web.filter.CharacterEncodingFilter.doFilterInternal(CharacterEncodingFilter.java:201) ~[spring-web-6.1.10.jar:6.1.10]
		at org.springframework.web.filter.OncePerRequestFilter.doFilter(OncePerRequestFilter.java:116) ~[spring-web-6.1.10.jar:6.1.10]
		at io.undertow.servlet.core.ManagedFilter.doFilter(ManagedFilter.java:67) ~[undertow-servlet-2.3.13.Final.jar:2.3.13.Final]
		at io.undertow.servlet.handlers.FilterHandler$FilterChainImpl.doFilter(FilterHandler.java:131) ~[undertow-servlet-2.3.13.Final.jar:2.3.13.Final]
		at io.undertow.servlet.handlers.FilterHandler.handleRequest(FilterHandler.java:84) ~[undertow-servlet-2.3.13.Final.jar:2.3.13.Final]
		at io.undertow.servlet.handlers.security.ServletSecurityRoleHandler.handleRequest(ServletSecurityRoleHandler.java:62) ~[undertow-servlet-2.3.13.Final.jar:2.3.13.Final]
		at io.undertow.servlet.handlers.ServletChain$1.handleRequest(ServletChain.java:68) ~[undertow-servlet-2.3.13.Final.jar:2.3.13.Final]
		at io.undertow.servlet.handlers.ServletDispatchingHandler.handleRequest(ServletDispatchingHandler.java:36) ~[undertow-servlet-2.3.13.Final.jar:2.3.13.Final]
		at io.undertow.servlet.handlers.RedirectDirHandler.handleRequest(RedirectDirHandler.java:68) ~[undertow-servlet-2.3.13.Final.jar:2.3.13.Final]
		at io.undertow.servlet.handlers.security.SSLInformationAssociationHandler.handleRequest(SSLInformationAssociationHandler.java:117) ~[undertow-servlet-2.3.13.Final.jar:2.3.13.Final]
		at io.undertow.servlet.handlers.security.ServletAuthenticationCallHandler.handleRequest(ServletAuthenticationCallHandler.java:57) ~[undertow-servlet-2.3.13.Final.jar:2.3.13.Final]
		at io.undertow.server.handlers.PredicateHandler.handleRequest(PredicateHandler.java:43) ~[undertow-core-2.3.13.Final.jar:2.3.13.Final]
		at io.undertow.security.handlers.AbstractConfidentialityHandler.handleRequest(AbstractConfidentialityHandler.java:46) ~[undertow-core-2.3.13.Final.jar:2.3.13.Final]
		at io.undertow.servlet.handlers.security.ServletConfidentialityConstraintHandler.handleRequest(ServletConfidentialityConstraintHandler.java:64) ~[undertow-servlet-2.3.13.Final.jar:2.3.13.Final]
		at io.undertow.security.handlers.AuthenticationMechanismsHandler.handleRequest(AuthenticationMechanismsHandler.java:60) ~[undertow-core-2.3.13.Final.jar:2.3.13.Final]
		at io.undertow.servlet.handlers.security.CachedAuthenticatedSessionHandler.handleRequest(CachedAuthenticatedSessionHandler.java:77) ~[undertow-servlet-2.3.13.Final.jar:2.3.13.Final]
		at io.undertow.security.handlers.AbstractSecurityContextAssociationHandler.handleRequest(AbstractSecurityContextAssociationHandler.java:43) ~[undertow-core-2.3.13.Final.jar:2.3.13.Final]
		at io.undertow.server.handlers.PredicateHandler.handleRequest(PredicateHandler.java:43) ~[undertow-core-2.3.13.Final.jar:2.3.13.Final]
		at io.undertow.servlet.handlers.SendErrorPageHandler.handleRequest(SendErrorPageHandler.java:52) ~[undertow-servlet-2.3.13.Final.jar:2.3.13.Final]
		at io.undertow.server.handlers.PredicateHandler.handleRequest(PredicateHandler.java:43) ~[undertow-core-2.3.13.Final.jar:2.3.13.Final]
		at io.undertow.servlet.handlers.ServletInitialHandler.handleFirstRequest(ServletInitialHandler.java:276) ~[undertow-servlet-2.3.13.Final.jar:2.3.13.Final]
		at io.undertow.servlet.handlers.ServletInitialHandler$2.call(ServletInitialHandler.java:135) ~[undertow-servlet-2.3.13.Final.jar:2.3.13.Final]
		at io.undertow.servlet.handlers.ServletInitialHandler$2.call(ServletInitialHandler.java:132) ~[undertow-servlet-2.3.13.Final.jar:2.3.13.Final]
		at io.undertow.servlet.core.ServletRequestContextThreadSetupAction$1.call(ServletRequestContextThreadSetupAction.java:48) ~[undertow-servlet-2.3.13.Final.jar:2.3.13.Final]
		at io.undertow.servlet.core.ContextClassLoaderSetupAction$1.call(ContextClassLoaderSetupAction.java:43) ~[undertow-servlet-2.3.13.Final.jar:2.3.13.Final]
		at io.undertow.servlet.handlers.ServletInitialHandler.dispatchRequest(ServletInitialHandler.java:256) ~[undertow-servlet-2.3.13.Final.jar:2.3.13.Final]
		at io.undertow.servlet.handlers.ServletInitialHandler$1.handleRequest(ServletInitialHandler.java:101) ~[undertow-servlet-2.3.13.Final.jar:2.3.13.Final]
		at io.undertow.server.Connectors.executeRootHandler(Connectors.java:393) ~[undertow-core-2.3.13.Final.jar:2.3.13.Final]
		at io.undertow.server.HttpServerExchange$1.run(HttpServerExchange.java:859) ~[undertow-core-2.3.13.Final.jar:2.3.13.Final]
		at org.jboss.threads.ContextHandler$1.runWith(ContextHandler.java:18) ~[jboss-threads-3.5.0.Final.jar:3.5.0.Final]
		at org.jboss.threads.EnhancedQueueExecutor$Task.run(EnhancedQueueExecutor.java:2513) ~[jboss-threads-3.5.0.Final.jar:3.5.0.Final]
		at org.jboss.threads.EnhancedQueueExecutor$ThreadBody.run(EnhancedQueueExecutor.java:1538) ~[jboss-threads-3.5.0.Final.jar:3.5.0.Final]
		at org.xnio.XnioWorker$WorkerThreadFactory$1$1.run(XnioWorker.java:1282) ~[xnio-api-3.8.8.Final.jar:3.8.8.Final]
		at java.base/java.lang.Thread.run(Thread.java:1583) [?:?]
Caused by: java.nio.channels.ClosedChannelException
	at io.undertow.conduits.DeflatingStreamSinkConduit.write(DeflatingStreamSinkConduit.java:158) ~[undertow-core-2.3.13.Final.jar:2.3.13.Final]
	at org.xnio.conduits.ConduitStreamSinkChannel.write(ConduitStreamSinkChannel.java:158) ~[xnio-api-3.8.8.Final.jar:3.8.8.Final]
	at io.undertow.channels.DetachableStreamSinkChannel.write(DetachableStreamSinkChannel.java:179) ~[undertow-core-2.3.13.Final.jar:2.3.13.Final]
	at io.undertow.server.HttpServerExchange$WriteDispatchChannel.write(HttpServerExchange.java:2172) ~[undertow-core-2.3.13.Final.jar:2.3.13.Final]
	at org.xnio.channels.Channels.writeBlocking(Channels.java:202) ~[xnio-api-3.8.8.Final.jar:3.8.8.Final]
	at io.undertow.servlet.spec.ServletOutputStreamImpl.writeTooLargeForBuffer(ServletOutputStreamImpl.java:201) ~[undertow-servlet-2.3.13.Final.jar:2.3.13.Final]
	at io.undertow.servlet.spec.ServletOutputStreamImpl.write(ServletOutputStreamImpl.java:149) ~[undertow-servlet-2.3.13.Final.jar:2.3.13.Final]
	at org.springframework.web.context.request.async.StandardServletAsyncWebRequest$LifecycleServletOutputStream.write(StandardServletAsyncWebRequest.java:375) ~[spring-web-6.1.10.jar:6.1.10]
	... 86 more
[2026-05-21 14:16:24.173] INFO SpringApplicationShutdownHook io.undertow.servlet[372] - Destroying Spring FrameworkServlet 'dispatcherServlet' 
[2026-05-21 14:16:24.173] ERROR XNIO-1 task-5 com.jts.gjcxfzksh.exception.handler.GlobalExceptionHandler[63] - 请求地址'/pt/network/tile',发生系统异常. 
org.springframework.web.context.request.async.AsyncRequestNotUsableException: ServletOutputStream failed to write: null
	at org.springframework.web.context.request.async.StandardServletAsyncWebRequest$LifecycleHttpServletResponse.handleIOException(StandardServletAsyncWebRequest.java:320) ~[spring-web-6.1.10.jar:6.1.10]
	at org.springframework.web.context.request.async.StandardServletAsyncWebRequest$LifecycleServletOutputStream.write(StandardServletAsyncWebRequest.java:378) ~[spring-web-6.1.10.jar:6.1.10]
	at org.springframework.util.StreamUtils$NonClosingOutputStream.write(StreamUtils.java:261) ~[spring-core-6.1.10.jar:6.1.10]
	at com.fasterxml.jackson.core.json.UTF8JsonGenerator._flushBuffer(UTF8JsonGenerator.java:2210) ~[jackson-core-2.17.1.jar:2.17.1]
	at com.fasterxml.jackson.core.json.UTF8JsonGenerator._verifyValueWrite(UTF8JsonGenerator.java:1190) ~[jackson-core-2.17.1.jar:2.17.1]
	at com.fasterxml.jackson.core.json.UTF8JsonGenerator.writeStartObject(UTF8JsonGenerator.java:396) ~[jackson-core-2.17.1.jar:2.17.1]
	at com.fasterxml.jackson.databind.ser.BeanSerializer.serialize(BeanSerializer.java:179) ~[jackson-databind-2.17.1.jar:2.17.1]
	at com.fasterxml.jackson.databind.ser.BeanPropertyWriter.serializeAsField(BeanPropertyWriter.java:732) ~[jackson-databind-2.17.1.jar:2.17.1]
	at com.fasterxml.jackson.databind.ser.std.BeanSerializerBase.serializeFields(BeanSerializerBase.java:770) ~[jackson-databind-2.17.1.jar:2.17.1]
	at com.fasterxml.jackson.databind.ser.BeanSerializer.serialize(BeanSerializer.java:183) ~[jackson-databind-2.17.1.jar:2.17.1]
	at com.fasterxml.jackson.databind.ser.impl.IndexedListSerializer.serializeContents(IndexedListSerializer.java:119) ~[jackson-databind-2.17.1.jar:2.17.1]
	at com.fasterxml.jackson.databind.ser.impl.IndexedListSerializer.serialize(IndexedListSerializer.java:79) ~[jackson-databind-2.17.1.jar:2.17.1]
	at com.fasterxml.jackson.databind.ser.impl.IndexedListSerializer.serialize(IndexedListSerializer.java:18) ~[jackson-databind-2.17.1.jar:2.17.1]
	at com.fasterxml.jackson.databind.ser.BeanPropertyWriter.serializeAsField(BeanPropertyWriter.java:732) ~[jackson-databind-2.17.1.jar:2.17.1]
	at com.fasterxml.jackson.databind.ser.std.BeanSerializerBase.serializeFields(BeanSerializerBase.java:770) ~[jackson-databind-2.17.1.jar:2.17.1]
	at com.fasterxml.jackson.databind.ser.BeanSerializer.serialize(BeanSerializer.java:183) ~[jackson-databind-2.17.1.jar:2.17.1]
	at com.fasterxml.jackson.databind.ser.DefaultSerializerProvider._serialize(DefaultSerializerProvider.java:502) ~[jackson-databind-2.17.1.jar:2.17.1]
	at com.fasterxml.jackson.databind.ser.DefaultSerializerProvider.serializeValue(DefaultSerializerProvider.java:341) ~[jackson-databind-2.17.1.jar:2.17.1]
	at com.fasterxml.jackson.databind.ObjectWriter$Prefetch.serialize(ObjectWriter.java:1574) ~[jackson-databind-2.17.1.jar:2.17.1]
	at com.fasterxml.jackson.databind.ObjectWriter.writeValue(ObjectWriter.java:1061) ~[jackson-databind-2.17.1.jar:2.17.1]
	at org.springframework.http.converter.json.AbstractJackson2HttpMessageConverter.writeInternal(AbstractJackson2HttpMessageConverter.java:483) ~[spring-web-6.1.10.jar:6.1.10]
	at org.springframework.http.converter.AbstractGenericHttpMessageConverter.write(AbstractGenericHttpMessageConverter.java:114) ~[spring-web-6.1.10.jar:6.1.10]
	at org.springframework.web.servlet.mvc.method.annotation.AbstractMessageConverterMethodProcessor.writeWithMessageConverters(AbstractMessageConverterMethodProcessor.java:297) ~[spring-webmvc-6.1.10.jar:6.1.10]
	at org.springframework.web.servlet.mvc.method.annotation.RequestResponseBodyMethodProcessor.handleReturnValue(RequestResponseBodyMethodProcessor.java:192) ~[spring-webmvc-6.1.10.jar:6.1.10]
	at org.springframework.web.method.support.HandlerMethodReturnValueHandlerComposite.handleReturnValue(HandlerMethodReturnValueHandlerComposite.java:78) ~[spring-web-6.1.10.jar:6.1.10]
	at org.springframework.web.servlet.mvc.method.annotation.ServletInvocableHandlerMethod.invokeAndHandle(ServletInvocableHandlerMethod.java:136) ~[spring-webmvc-6.1.10.jar:6.1.10]
	at org.springframework.web.servlet.mvc.method.annotation.RequestMappingHandlerAdapter.invokeHandlerMethod(RequestMappingHandlerAdapter.java:926) ~[spring-webmvc-6.1.10.jar:6.1.10]
	at org.springframework.web.servlet.mvc.method.annotation.RequestMappingHandlerAdapter.handleInternal(RequestMappingHandlerAdapter.java:831) ~[spring-webmvc-6.1.10.jar:6.1.10]
	at org.springframework.web.servlet.mvc.method.AbstractHandlerMethodAdapter.handle(AbstractHandlerMethodAdapter.java:87) ~[spring-webmvc-6.1.10.jar:6.1.10]
	at org.springframework.web.servlet.DispatcherServlet.doDispatch(DispatcherServlet.java:1089) ~[spring-webmvc-6.1.10.jar:6.1.10]
	at org.springframework.web.servlet.DispatcherServlet.doService(DispatcherServlet.java:979) ~[spring-webmvc-6.1.10.jar:6.1.10]
	at org.springframework.web.servlet.FrameworkServlet.processRequest(FrameworkServlet.java:1014) ~[spring-webmvc-6.1.10.jar:6.1.10]
	at org.springframework.web.servlet.FrameworkServlet.doPost(FrameworkServlet.java:914) ~[spring-webmvc-6.1.10.jar:6.1.10]
	at jakarta.servlet.http.HttpServlet.service(HttpServlet.java:547) ~[jakarta.servlet-api-6.0.0.jar:6.0.0]
	at org.springframework.web.servlet.FrameworkServlet.service(FrameworkServlet.java:885) ~[spring-webmvc-6.1.10.jar:6.1.10]
	at jakarta.servlet.http.HttpServlet.service(HttpServlet.java:614) ~[jakarta.servlet-api-6.0.0.jar:6.0.0]
	at io.undertow.servlet.handlers.ServletHandler.handleRequest(ServletHandler.java:74) ~[undertow-servlet-2.3.13.Final.jar:2.3.13.Final]
	at io.undertow.servlet.handlers.FilterHandler$FilterChainImpl.doFilter(FilterHandler.java:129) ~[undertow-servlet-2.3.13.Final.jar:2.3.13.Final]
	at org.springframework.web.filter.CorsFilter.doFilterInternal(CorsFilter.java:91) ~[spring-web-6.1.10.jar:6.1.10]
	at org.springframework.web.filter.OncePerRequestFilter.doFilter(OncePerRequestFilter.java:116) ~[spring-web-6.1.10.jar:6.1.10]
	at io.undertow.servlet.core.ManagedFilter.doFilter(ManagedFilter.java:67) ~[undertow-servlet-2.3.13.Final.jar:2.3.13.Final]
	at io.undertow.servlet.handlers.FilterHandler$FilterChainImpl.doFilter(FilterHandler.java:131) ~[undertow-servlet-2.3.13.Final.jar:2.3.13.Final]
	at org.springframework.web.filter.RequestContextFilter.doFilterInternal(RequestContextFilter.java:100) ~[spring-web-6.1.10.jar:6.1.10]
	at org.springframework.web.filter.OncePerRequestFilter.doFilter(OncePerRequestFilter.java:116) ~[spring-web-6.1.10.jar:6.1.10]
	at io.undertow.servlet.core.ManagedFilter.doFilter(ManagedFilter.java:67) ~[undertow-servlet-2.3.13.Final.jar:2.3.13.Final]
	at io.undertow.servlet.handlers.FilterHandler$FilterChainImpl.doFilter(FilterHandler.java:131) ~[undertow-servlet-2.3.13.Final.jar:2.3.13.Final]
	at org.springframework.web.filter.FormContentFilter.doFilterInternal(FormContentFilter.java:93) ~[spring-web-6.1.10.jar:6.1.10]
	at org.springframework.web.filter.OncePerRequestFilter.doFilter(OncePerRequestFilter.java:116) ~[spring-web-6.1.10.jar:6.1.10]
	at io.undertow.servlet.core.ManagedFilter.doFilter(ManagedFilter.java:67) ~[undertow-servlet-2.3.13.Final.jar:2.3.13.Final]
	at io.undertow.servlet.handlers.FilterHandler$FilterChainImpl.doFilter(FilterHandler.java:131) ~[undertow-servlet-2.3.13.Final.jar:2.3.13.Final]
	at org.springframework.web.filter.CharacterEncodingFilter.doFilterInternal(CharacterEncodingFilter.java:201) ~[spring-web-6.1.10.jar:6.1.10]
	at org.springframework.web.filter.OncePerRequestFilter.doFilter(OncePerRequestFilter.java:116) ~[spring-web-6.1.10.jar:6.1.10]
	at io.undertow.servlet.core.ManagedFilter.doFilter(ManagedFilter.java:67) ~[undertow-servlet-2.3.13.Final.jar:2.3.13.Final]
	at io.undertow.servlet.handlers.FilterHandler$FilterChainImpl.doFilter(FilterHandler.java:131) ~[undertow-servlet-2.3.13.Final.jar:2.3.13.Final]
	at io.undertow.servlet.handlers.FilterHandler.handleRequest(FilterHandler.java:84) ~[undertow-servlet-2.3.13.Final.jar:2.3.13.Final]
	at io.undertow.servlet.handlers.security.ServletSecurityRoleHandler.handleRequest(ServletSecurityRoleHandler.java:62) ~[undertow-servlet-2.3.13.Final.jar:2.3.13.Final]
	at io.undertow.servlet.handlers.ServletChain$1.handleRequest(ServletChain.java:68) ~[undertow-servlet-2.3.13.Final.jar:2.3.13.Final]
	at io.undertow.servlet.handlers.ServletDispatchingHandler.handleRequest(ServletDispatchingHandler.java:36) ~[undertow-servlet-2.3.13.Final.jar:2.3.13.Final]
	at io.undertow.servlet.handlers.RedirectDirHandler.handleRequest(RedirectDirHandler.java:68) ~[undertow-servlet-2.3.13.Final.jar:2.3.13.Final]
	at io.undertow.servlet.handlers.security.SSLInformationAssociationHandler.handleRequest(SSLInformationAssociationHandler.java:117) ~[undertow-servlet-2.3.13.Final.jar:2.3.13.Final]
	at io.undertow.servlet.handlers.security.ServletAuthenticationCallHandler.handleRequest(ServletAuthenticationCallHandler.java:57) ~[undertow-servlet-2.3.13.Final.jar:2.3.13.Final]
	at io.undertow.server.handlers.PredicateHandler.handleRequest(PredicateHandler.java:43) ~[undertow-core-2.3.13.Final.jar:2.3.13.Final]
	at io.undertow.security.handlers.AbstractConfidentialityHandler.handleRequest(AbstractConfidentialityHandler.java:46) ~[undertow-core-2.3.13.Final.jar:2.3.13.Final]
	at io.undertow.servlet.handlers.security.ServletConfidentialityConstraintHandler.handleRequest(ServletConfidentialityConstraintHandler.java:64) ~[undertow-servlet-2.3.13.Final.jar:2.3.13.Final]
	at io.undertow.security.handlers.AuthenticationMechanismsHandler.handleRequest(AuthenticationMechanismsHandler.java:60) ~[undertow-core-2.3.13.Final.jar:2.3.13.Final]
	at io.undertow.servlet.handlers.security.CachedAuthenticatedSessionHandler.handleRequest(CachedAuthenticatedSessionHandler.java:77) ~[undertow-servlet-2.3.13.Final.jar:2.3.13.Final]
	at io.undertow.security.handlers.AbstractSecurityContextAssociationHandler.handleRequest(AbstractSecurityContextAssociationHandler.java:43) ~[undertow-core-2.3.13.Final.jar:2.3.13.Final]
	at io.undertow.server.handlers.PredicateHandler.handleRequest(PredicateHandler.java:43) ~[undertow-core-2.3.13.Final.jar:2.3.13.Final]
	at io.undertow.servlet.handlers.SendErrorPageHandler.handleRequest(SendErrorPageHandler.java:52) ~[undertow-servlet-2.3.13.Final.jar:2.3.13.Final]
	at io.undertow.server.handlers.PredicateHandler.handleRequest(PredicateHandler.java:43) ~[undertow-core-2.3.13.Final.jar:2.3.13.Final]
	at io.undertow.servlet.handlers.ServletInitialHandler.handleFirstRequest(ServletInitialHandler.java:276) ~[undertow-servlet-2.3.13.Final.jar:2.3.13.Final]
	at io.undertow.servlet.handlers.ServletInitialHandler$2.call(ServletInitialHandler.java:135) ~[undertow-servlet-2.3.13.Final.jar:2.3.13.Final]
	at io.undertow.servlet.handlers.ServletInitialHandler$2.call(ServletInitialHandler.java:132) ~[undertow-servlet-2.3.13.Final.jar:2.3.13.Final]
	at io.undertow.servlet.core.ServletRequestContextThreadSetupAction$1.call(ServletRequestContextThreadSetupAction.java:48) ~[undertow-servlet-2.3.13.Final.jar:2.3.13.Final]
	at io.undertow.servlet.core.ContextClassLoaderSetupAction$1.call(ContextClassLoaderSetupAction.java:43) ~[undertow-servlet-2.3.13.Final.jar:2.3.13.Final]
	at io.undertow.servlet.handlers.ServletInitialHandler.dispatchRequest(ServletInitialHandler.java:256) ~[undertow-servlet-2.3.13.Final.jar:2.3.13.Final]
	at io.undertow.servlet.handlers.ServletInitialHandler$1.handleRequest(ServletInitialHandler.java:101) ~[undertow-servlet-2.3.13.Final.jar:2.3.13.Final]
	at io.undertow.server.Connectors.executeRootHandler(Connectors.java:393) ~[undertow-core-2.3.13.Final.jar:2.3.13.Final]
	at io.undertow.server.HttpServerExchange$1.run(HttpServerExchange.java:859) ~[undertow-core-2.3.13.Final.jar:2.3.13.Final]
	at org.jboss.threads.ContextHandler$1.runWith(ContextHandler.java:18) ~[jboss-threads-3.5.0.Final.jar:3.5.0.Final]
	at org.jboss.threads.EnhancedQueueExecutor$Task.run(EnhancedQueueExecutor.java:2513) ~[jboss-threads-3.5.0.Final.jar:3.5.0.Final]
	at org.jboss.threads.EnhancedQueueExecutor$ThreadBody.run(EnhancedQueueExecutor.java:1538) ~[jboss-threads-3.5.0.Final.jar:3.5.0.Final]
	at org.xnio.XnioWorker$WorkerThreadFactory$1$1.run(XnioWorker.java:1282) ~[xnio-api-3.8.8.Final.jar:3.8.8.Final]
	at java.base/java.lang.Thread.run(Thread.java:1583) [?:?]
	Suppressed: org.springframework.web.context.request.async.AsyncRequestNotUsableException: Response not usable after response errors.
		at org.springframework.web.context.request.async.StandardServletAsyncWebRequest$LifecycleHttpServletResponse.obtainLockAndCheckState(StandardServletAsyncWebRequest.java:314) ~[spring-web-6.1.10.jar:6.1.10]
		at org.springframework.web.context.request.async.StandardServletAsyncWebRequest$LifecycleServletOutputStream.write(StandardServletAsyncWebRequest.java:373) ~[spring-web-6.1.10.jar:6.1.10]
		at org.springframework.util.StreamUtils$NonClosingOutputStream.write(StreamUtils.java:261) ~[spring-core-6.1.10.jar:6.1.10]
		at com.fasterxml.jackson.core.json.UTF8JsonGenerator._flushBuffer(UTF8JsonGenerator.java:2210) ~[jackson-core-2.17.1.jar:2.17.1]
		at com.fasterxml.jackson.core.json.UTF8JsonGenerator.close(UTF8JsonGenerator.java:1234) ~[jackson-core-2.17.1.jar:2.17.1]
		at org.springframework.http.converter.json.AbstractJackson2HttpMessageConverter.writeInternal(AbstractJackson2HttpMessageConverter.java:452) ~[spring-web-6.1.10.jar:6.1.10]
		at org.springframework.http.converter.AbstractGenericHttpMessageConverter.write(AbstractGenericHttpMessageConverter.java:114) ~[spring-web-6.1.10.jar:6.1.10]
		at org.springframework.web.servlet.mvc.method.annotation.AbstractMessageConverterMethodProcessor.writeWithMessageConverters(AbstractMessageConverterMethodProcessor.java:297) ~[spring-webmvc-6.1.10.jar:6.1.10]
		at org.springframework.web.servlet.mvc.method.annotation.RequestResponseBodyMethodProcessor.handleReturnValue(RequestResponseBodyMethodProcessor.java:192) ~[spring-webmvc-6.1.10.jar:6.1.10]
		at org.springframework.web.method.support.HandlerMethodReturnValueHandlerComposite.handleReturnValue(HandlerMethodReturnValueHandlerComposite.java:78) ~[spring-web-6.1.10.jar:6.1.10]
		at org.springframework.web.servlet.mvc.method.annotation.ServletInvocableHandlerMethod.invokeAndHandle(ServletInvocableHandlerMethod.java:136) ~[spring-webmvc-6.1.10.jar:6.1.10]
		at org.springframework.web.servlet.mvc.method.annotation.RequestMappingHandlerAdapter.invokeHandlerMethod(RequestMappingHandlerAdapter.java:926) ~[spring-webmvc-6.1.10.jar:6.1.10]
		at org.springframework.web.servlet.mvc.method.annotation.RequestMappingHandlerAdapter.handleInternal(RequestMappingHandlerAdapter.java:831) ~[spring-webmvc-6.1.10.jar:6.1.10]
		at org.springframework.web.servlet.mvc.method.AbstractHandlerMethodAdapter.handle(AbstractHandlerMethodAdapter.java:87) ~[spring-webmvc-6.1.10.jar:6.1.10]
		at org.springframework.web.servlet.DispatcherServlet.doDispatch(DispatcherServlet.java:1089) ~[spring-webmvc-6.1.10.jar:6.1.10]
		at org.springframework.web.servlet.DispatcherServlet.doService(DispatcherServlet.java:979) ~[spring-webmvc-6.1.10.jar:6.1.10]
		at org.springframework.web.servlet.FrameworkServlet.processRequest(FrameworkServlet.java:1014) ~[spring-webmvc-6.1.10.jar:6.1.10]
		at org.springframework.web.servlet.FrameworkServlet.doPost(FrameworkServlet.java:914) ~[spring-webmvc-6.1.10.jar:6.1.10]
		at jakarta.servlet.http.HttpServlet.service(HttpServlet.java:547) ~[jakarta.servlet-api-6.0.0.jar:6.0.0]
		at org.springframework.web.servlet.FrameworkServlet.service(FrameworkServlet.java:885) ~[spring-webmvc-6.1.10.jar:6.1.10]
		at jakarta.servlet.http.HttpServlet.service(HttpServlet.java:614) ~[jakarta.servlet-api-6.0.0.jar:6.0.0]
		at io.undertow.servlet.handlers.ServletHandler.handleRequest(ServletHandler.java:74) ~[undertow-servlet-2.3.13.Final.jar:2.3.13.Final]
		at io.undertow.servlet.handlers.FilterHandler$FilterChainImpl.doFilter(FilterHandler.java:129) ~[undertow-servlet-2.3.13.Final.jar:2.3.13.Final]
		at org.springframework.web.filter.CorsFilter.doFilterInternal(CorsFilter.java:91) ~[spring-web-6.1.10.jar:6.1.10]
		at org.springframework.web.filter.OncePerRequestFilter.doFilter(OncePerRequestFilter.java:116) ~[spring-web-6.1.10.jar:6.1.10]
		at io.undertow.servlet.core.ManagedFilter.doFilter(ManagedFilter.java:67) ~[undertow-servlet-2.3.13.Final.jar:2.3.13.Final]
		at io.undertow.servlet.handlers.FilterHandler$FilterChainImpl.doFilter(FilterHandler.java:131) ~[undertow-servlet-2.3.13.Final.jar:2.3.13.Final]
		at org.springframework.web.filter.RequestContextFilter.doFilterInternal(RequestContextFilter.java:100) ~[spring-web-6.1.10.jar:6.1.10]
		at org.springframework.web.filter.OncePerRequestFilter.doFilter(OncePerRequestFilter.java:116) ~[spring-web-6.1.10.jar:6.1.10]
		at io.undertow.servlet.core.ManagedFilter.doFilter(ManagedFilter.java:67) ~[undertow-servlet-2.3.13.Final.jar:2.3.13.Final]
		at io.undertow.servlet.handlers.FilterHandler$FilterChainImpl.doFilter(FilterHandler.java:131) ~[undertow-servlet-2.3.13.Final.jar:2.3.13.Final]
		at org.springframework.web.filter.FormContentFilter.doFilterInternal(FormContentFilter.java:93) ~[spring-web-6.1.10.jar:6.1.10]
		at org.springframework.web.filter.OncePerRequestFilter.doFilter(OncePerRequestFilter.java:116) ~[spring-web-6.1.10.jar:6.1.10]
		at io.undertow.servlet.core.ManagedFilter.doFilter(ManagedFilter.java:67) ~[undertow-servlet-2.3.13.Final.jar:2.3.13.Final]
		at io.undertow.servlet.handlers.FilterHandler$FilterChainImpl.doFilter(FilterHandler.java:131) ~[undertow-servlet-2.3.13.Final.jar:2.3.13.Final]
		at org.springframework.web.filter.CharacterEncodingFilter.doFilterInternal(CharacterEncodingFilter.java:201) ~[spring-web-6.1.10.jar:6.1.10]
		at org.springframework.web.filter.OncePerRequestFilter.doFilter(OncePerRequestFilter.java:116) ~[spring-web-6.1.10.jar:6.1.10]
		at io.undertow.servlet.core.ManagedFilter.doFilter(ManagedFilter.java:67) ~[undertow-servlet-2.3.13.Final.jar:2.3.13.Final]
		at io.undertow.servlet.handlers.FilterHandler$FilterChainImpl.doFilter(FilterHandler.java:131) ~[undertow-servlet-2.3.13.Final.jar:2.3.13.Final]
		at io.undertow.servlet.handlers.FilterHandler.handleRequest(FilterHandler.java:84) ~[undertow-servlet-2.3.13.Final.jar:2.3.13.Final]
		at io.undertow.servlet.handlers.security.ServletSecurityRoleHandler.handleRequest(ServletSecurityRoleHandler.java:62) ~[undertow-servlet-2.3.13.Final.jar:2.3.13.Final]
		at io.undertow.servlet.handlers.ServletChain$1.handleRequest(ServletChain.java:68) ~[undertow-servlet-2.3.13.Final.jar:2.3.13.Final]
		at io.undertow.servlet.handlers.ServletDispatchingHandler.handleRequest(ServletDispatchingHandler.java:36) ~[undertow-servlet-2.3.13.Final.jar:2.3.13.Final]
		at io.undertow.servlet.handlers.RedirectDirHandler.handleRequest(RedirectDirHandler.java:68) ~[undertow-servlet-2.3.13.Final.jar:2.3.13.Final]
		at io.undertow.servlet.handlers.security.SSLInformationAssociationHandler.handleRequest(SSLInformationAssociationHandler.java:117) ~[undertow-servlet-2.3.13.Final.jar:2.3.13.Final]
		at io.undertow.servlet.handlers.security.ServletAuthenticationCallHandler.handleRequest(ServletAuthenticationCallHandler.java:57) ~[undertow-servlet-2.3.13.Final.jar:2.3.13.Final]
		at io.undertow.server.handlers.PredicateHandler.handleRequest(PredicateHandler.java:43) ~[undertow-core-2.3.13.Final.jar:2.3.13.Final]
		at io.undertow.security.handlers.AbstractConfidentialityHandler.handleRequest(AbstractConfidentialityHandler.java:46) ~[undertow-core-2.3.13.Final.jar:2.3.13.Final]
		at io.undertow.servlet.handlers.security.ServletConfidentialityConstraintHandler.handleRequest(ServletConfidentialityConstraintHandler.java:64) ~[undertow-servlet-2.3.13.Final.jar:2.3.13.Final]
		at io.undertow.security.handlers.AuthenticationMechanismsHandler.handleRequest(AuthenticationMechanismsHandler.java:60) ~[undertow-core-2.3.13.Final.jar:2.3.13.Final]
		at io.undertow.servlet.handlers.security.CachedAuthenticatedSessionHandler.handleRequest(CachedAuthenticatedSessionHandler.java:77) ~[undertow-servlet-2.3.13.Final.jar:2.3.13.Final]
		at io.undertow.security.handlers.AbstractSecurityContextAssociationHandler.handleRequest(AbstractSecurityContextAssociationHandler.java:43) ~[undertow-core-2.3.13.Final.jar:2.3.13.Final]
		at io.undertow.server.handlers.PredicateHandler.handleRequest(PredicateHandler.java:43) ~[undertow-core-2.3.13.Final.jar:2.3.13.Final]
		at io.undertow.servlet.handlers.SendErrorPageHandler.handleRequest(SendErrorPageHandler.java:52) ~[undertow-servlet-2.3.13.Final.jar:2.3.13.Final]
		at io.undertow.server.handlers.PredicateHandler.handleRequest(PredicateHandler.java:43) ~[undertow-core-2.3.13.Final.jar:2.3.13.Final]
		at io.undertow.servlet.handlers.ServletInitialHandler.handleFirstRequest(ServletInitialHandler.java:276) ~[undertow-servlet-2.3.13.Final.jar:2.3.13.Final]
		at io.undertow.servlet.handlers.ServletInitialHandler$2.call(ServletInitialHandler.java:135) ~[undertow-servlet-2.3.13.Final.jar:2.3.13.Final]
		at io.undertow.servlet.handlers.ServletInitialHandler$2.call(ServletInitialHandler.java:132) ~[undertow-servlet-2.3.13.Final.jar:2.3.13.Final]
		at io.undertow.servlet.core.ServletRequestContextThreadSetupAction$1.call(ServletRequestContextThreadSetupAction.java:48) ~[undertow-servlet-2.3.13.Final.jar:2.3.13.Final]
		at io.undertow.servlet.core.ContextClassLoaderSetupAction$1.call(ContextClassLoaderSetupAction.java:43) ~[undertow-servlet-2.3.13.Final.jar:2.3.13.Final]
		at io.undertow.servlet.handlers.ServletInitialHandler.dispatchRequest(ServletInitialHandler.java:256) ~[undertow-servlet-2.3.13.Final.jar:2.3.13.Final]
		at io.undertow.servlet.handlers.ServletInitialHandler$1.handleRequest(ServletInitialHandler.java:101) ~[undertow-servlet-2.3.13.Final.jar:2.3.13.Final]
		at io.undertow.server.Connectors.executeRootHandler(Connectors.java:393) ~[undertow-core-2.3.13.Final.jar:2.3.13.Final]
		at io.undertow.server.HttpServerExchange$1.run(HttpServerExchange.java:859) ~[undertow-core-2.3.13.Final.jar:2.3.13.Final]
		at org.jboss.threads.ContextHandler$1.runWith(ContextHandler.java:18) ~[jboss-threads-3.5.0.Final.jar:3.5.0.Final]
		at org.jboss.threads.EnhancedQueueExecutor$Task.run(EnhancedQueueExecutor.java:2513) ~[jboss-threads-3.5.0.Final.jar:3.5.0.Final]
		at org.jboss.threads.EnhancedQueueExecutor$ThreadBody.run(EnhancedQueueExecutor.java:1538) ~[jboss-threads-3.5.0.Final.jar:3.5.0.Final]
		at org.xnio.XnioWorker$WorkerThreadFactory$1$1.run(XnioWorker.java:1282) ~[xnio-api-3.8.8.Final.jar:3.8.8.Final]
		at java.base/java.lang.Thread.run(Thread.java:1583) [?:?]
Caused by: java.nio.channels.ClosedChannelException
	at io.undertow.channels.DetachableStreamSinkChannel.write(DetachableStreamSinkChannel.java:177) ~[undertow-core-2.3.13.Final.jar:2.3.13.Final]
	at io.undertow.server.HttpServerExchange$WriteDispatchChannel.write(HttpServerExchange.java:2172) ~[undertow-core-2.3.13.Final.jar:2.3.13.Final]
	at org.xnio.channels.Channels.writeBlocking(Channels.java:202) ~[xnio-api-3.8.8.Final.jar:3.8.8.Final]
	at io.undertow.servlet.spec.ServletOutputStreamImpl.writeTooLargeForBuffer(ServletOutputStreamImpl.java:201) ~[undertow-servlet-2.3.13.Final.jar:2.3.13.Final]
	at io.undertow.servlet.spec.ServletOutputStreamImpl.write(ServletOutputStreamImpl.java:149) ~[undertow-servlet-2.3.13.Final.jar:2.3.13.Final]
	at org.springframework.web.context.request.async.StandardServletAsyncWebRequest$LifecycleServletOutputStream.write(StandardServletAsyncWebRequest.java:375) ~[spring-web-6.1.10.jar:6.1.10]
	... 82 more
[2026-05-21 14:16:24.173] ERROR XNIO-1 task-14 com.jts.gjcxfzksh.exception.handler.GlobalExceptionHandler[63] - 请求地址'/pt/network/tile',发生系统异常. 
org.springframework.web.context.request.async.AsyncRequestNotUsableException: ServletOutputStream failed to write: null
	at org.springframework.web.context.request.async.StandardServletAsyncWebRequest$LifecycleHttpServletResponse.handleIOException(StandardServletAsyncWebRequest.java:320) ~[spring-web-6.1.10.jar:6.1.10]
	at org.springframework.web.context.request.async.StandardServletAsyncWebRequest$LifecycleServletOutputStream.write(StandardServletAsyncWebRequest.java:378) ~[spring-web-6.1.10.jar:6.1.10]
	at org.springframework.util.StreamUtils$NonClosingOutputStream.write(StreamUtils.java:261) ~[spring-core-6.1.10.jar:6.1.10]
	at com.fasterxml.jackson.core.json.UTF8JsonGenerator._flushBuffer(UTF8JsonGenerator.java:2210) ~[jackson-core-2.17.1.jar:2.17.1]
	at com.fasterxml.jackson.core.json.UTF8JsonGenerator.writeRaw(UTF8JsonGenerator.java:764) ~[jackson-core-2.17.1.jar:2.17.1]
	at com.fasterxml.jackson.core.json.UTF8JsonGenerator.writeRaw(UTF8JsonGenerator.java:674) ~[jackson-core-2.17.1.jar:2.17.1]
	at com.fasterxml.jackson.core.json.UTF8JsonGenerator.writeNumber(UTF8JsonGenerator.java:1065) ~[jackson-core-2.17.1.jar:2.17.1]
	at com.fasterxml.jackson.databind.ser.std.NumberSerializers$FloatSerializer.serialize(NumberSerializers.java:214) ~[jackson-databind-2.17.1.jar:2.17.1]
	at com.fasterxml.jackson.databind.ser.BeanPropertyWriter.serializeAsField(BeanPropertyWriter.java:732) ~[jackson-databind-2.17.1.jar:2.17.1]
	at com.fasterxml.jackson.databind.ser.std.BeanSerializerBase.serializeFields(BeanSerializerBase.java:770) ~[jackson-databind-2.17.1.jar:2.17.1]
	at com.fasterxml.jackson.databind.ser.BeanSerializer.serialize(BeanSerializer.java:183) ~[jackson-databind-2.17.1.jar:2.17.1]
	at com.fasterxml.jackson.databind.ser.BeanPropertyWriter.serializeAsField(BeanPropertyWriter.java:732) ~[jackson-databind-2.17.1.jar:2.17.1]
	at com.fasterxml.jackson.databind.ser.std.BeanSerializerBase.serializeFields(BeanSerializerBase.java:770) ~[jackson-databind-2.17.1.jar:2.17.1]
	at com.fasterxml.jackson.databind.ser.BeanSerializer.serialize(BeanSerializer.java:183) ~[jackson-databind-2.17.1.jar:2.17.1]
	at com.fasterxml.jackson.databind.ser.impl.IndexedListSerializer.serializeContents(IndexedListSerializer.java:119) ~[jackson-databind-2.17.1.jar:2.17.1]
	at com.fasterxml.jackson.databind.ser.impl.IndexedListSerializer.serialize(IndexedListSerializer.java:79) ~[jackson-databind-2.17.1.jar:2.17.1]
	at com.fasterxml.jackson.databind.ser.impl.IndexedListSerializer.serialize(IndexedListSerializer.java:18) ~[jackson-databind-2.17.1.jar:2.17.1]
	at com.fasterxml.jackson.databind.ser.BeanPropertyWriter.serializeAsField(BeanPropertyWriter.java:732) ~[jackson-databind-2.17.1.jar:2.17.1]
	at com.fasterxml.jackson.databind.ser.std.BeanSerializerBase.serializeFields(BeanSerializerBase.java:770) ~[jackson-databind-2.17.1.jar:2.17.1]
	at com.fasterxml.jackson.databind.ser.BeanSerializer.serialize(BeanSerializer.java:183) ~[jackson-databind-2.17.1.jar:2.17.1]
	at com.fasterxml.jackson.databind.ser.DefaultSerializerProvider._serialize(DefaultSerializerProvider.java:502) ~[jackson-databind-2.17.1.jar:2.17.1]
	at com.fasterxml.jackson.databind.ser.DefaultSerializerProvider.serializeValue(DefaultSerializerProvider.java:341) ~[jackson-databind-2.17.1.jar:2.17.1]
	at com.fasterxml.jackson.databind.ObjectWriter$Prefetch.serialize(ObjectWriter.java:1574) ~[jackson-databind-2.17.1.jar:2.17.1]
	at com.fasterxml.jackson.databind.ObjectWriter.writeValue(ObjectWriter.java:1061) ~[jackson-databind-2.17.1.jar:2.17.1]
	at org.springframework.http.converter.json.AbstractJackson2HttpMessageConverter.writeInternal(AbstractJackson2HttpMessageConverter.java:483) ~[spring-web-6.1.10.jar:6.1.10]
	at org.springframework.http.converter.AbstractGenericHttpMessageConverter.write(AbstractGenericHttpMessageConverter.java:114) ~[spring-web-6.1.10.jar:6.1.10]
	at org.springframework.web.servlet.mvc.method.annotation.AbstractMessageConverterMethodProcessor.writeWithMessageConverters(AbstractMessageConverterMethodProcessor.java:297) ~[spring-webmvc-6.1.10.jar:6.1.10]
	at org.springframework.web.servlet.mvc.method.annotation.RequestResponseBodyMethodProcessor.handleReturnValue(RequestResponseBodyMethodProcessor.java:192) ~[spring-webmvc-6.1.10.jar:6.1.10]
	at org.springframework.web.method.support.HandlerMethodReturnValueHandlerComposite.handleReturnValue(HandlerMethodReturnValueHandlerComposite.java:78) ~[spring-web-6.1.10.jar:6.1.10]
	at org.springframework.web.servlet.mvc.method.annotation.ServletInvocableHandlerMethod.invokeAndHandle(ServletInvocableHandlerMethod.java:136) ~[spring-webmvc-6.1.10.jar:6.1.10]
	at org.springframework.web.servlet.mvc.method.annotation.RequestMappingHandlerAdapter.invokeHandlerMethod(RequestMappingHandlerAdapter.java:926) ~[spring-webmvc-6.1.10.jar:6.1.10]
	at org.springframework.web.servlet.mvc.method.annotation.RequestMappingHandlerAdapter.handleInternal(RequestMappingHandlerAdapter.java:831) ~[spring-webmvc-6.1.10.jar:6.1.10]
	at org.springframework.web.servlet.mvc.method.AbstractHandlerMethodAdapter.handle(AbstractHandlerMethodAdapter.java:87) ~[spring-webmvc-6.1.10.jar:6.1.10]
	at org.springframework.web.servlet.DispatcherServlet.doDispatch(DispatcherServlet.java:1089) ~[spring-webmvc-6.1.10.jar:6.1.10]
	at org.springframework.web.servlet.DispatcherServlet.doService(DispatcherServlet.java:979) ~[spring-webmvc-6.1.10.jar:6.1.10]
	at org.springframework.web.servlet.FrameworkServlet.processRequest(FrameworkServlet.java:1014) ~[spring-webmvc-6.1.10.jar:6.1.10]
	at org.springframework.web.servlet.FrameworkServlet.doPost(FrameworkServlet.java:914) ~[spring-webmvc-6.1.10.jar:6.1.10]
	at jakarta.servlet.http.HttpServlet.service(HttpServlet.java:547) ~[jakarta.servlet-api-6.0.0.jar:6.0.0]
	at org.springframework.web.servlet.FrameworkServlet.service(FrameworkServlet.java:885) ~[spring-webmvc-6.1.10.jar:6.1.10]
	at jakarta.servlet.http.HttpServlet.service(HttpServlet.java:614) ~[jakarta.servlet-api-6.0.0.jar:6.0.0]
	at io.undertow.servlet.handlers.ServletHandler.handleRequest(ServletHandler.java:74) ~[undertow-servlet-2.3.13.Final.jar:2.3.13.Final]
	at io.undertow.servlet.handlers.FilterHandler$FilterChainImpl.doFilter(FilterHandler.java:129) ~[undertow-servlet-2.3.13.Final.jar:2.3.13.Final]
	at org.springframework.web.filter.CorsFilter.doFilterInternal(CorsFilter.java:91) ~[spring-web-6.1.10.jar:6.1.10]
	at org.springframework.web.filter.OncePerRequestFilter.doFilter(OncePerRequestFilter.java:116) ~[spring-web-6.1.10.jar:6.1.10]
	at io.undertow.servlet.core.ManagedFilter.doFilter(ManagedFilter.java:67) ~[undertow-servlet-2.3.13.Final.jar:2.3.13.Final]
	at io.undertow.servlet.handlers.FilterHandler$FilterChainImpl.doFilter(FilterHandler.java:131) ~[undertow-servlet-2.3.13.Final.jar:2.3.13.Final]
	at org.springframework.web.filter.RequestContextFilter.doFilterInternal(RequestContextFilter.java:100) ~[spring-web-6.1.10.jar:6.1.10]
	at org.springframework.web.filter.OncePerRequestFilter.doFilter(OncePerRequestFilter.java:116) ~[spring-web-6.1.10.jar:6.1.10]
	at io.undertow.servlet.core.ManagedFilter.doFilter(ManagedFilter.java:67) ~[undertow-servlet-2.3.13.Final.jar:2.3.13.Final]
	at io.undertow.servlet.handlers.FilterHandler$FilterChainImpl.doFilter(FilterHandler.java:131) ~[undertow-servlet-2.3.13.Final.jar:2.3.13.Final]
	at org.springframework.web.filter.FormContentFilter.doFilterInternal(FormContentFilter.java:93) ~[spring-web-6.1.10.jar:6.1.10]
	at org.springframework.web.filter.OncePerRequestFilter.doFilter(OncePerRequestFilter.java:116) ~[spring-web-6.1.10.jar:6.1.10]
	at io.undertow.servlet.core.ManagedFilter.doFilter(ManagedFilter.java:67) ~[undertow-servlet-2.3.13.Final.jar:2.3.13.Final]
	at io.undertow.servlet.handlers.FilterHandler$FilterChainImpl.doFilter(FilterHandler.java:131) ~[undertow-servlet-2.3.13.Final.jar:2.3.13.Final]
	at org.springframework.web.filter.CharacterEncodingFilter.doFilterInternal(CharacterEncodingFilter.java:201) ~[spring-web-6.1.10.jar:6.1.10]
	at org.springframework.web.filter.OncePerRequestFilter.doFilter(OncePerRequestFilter.java:116) ~[spring-web-6.1.10.jar:6.1.10]
	at io.undertow.servlet.core.ManagedFilter.doFilter(ManagedFilter.java:67) ~[undertow-servlet-2.3.13.Final.jar:2.3.13.Final]
	at io.undertow.servlet.handlers.FilterHandler$FilterChainImpl.doFilter(FilterHandler.java:131) ~[undertow-servlet-2.3.13.Final.jar:2.3.13.Final]
	at io.undertow.servlet.handlers.FilterHandler.handleRequest(FilterHandler.java:84) ~[undertow-servlet-2.3.13.Final.jar:2.3.13.Final]
	at io.undertow.servlet.handlers.security.ServletSecurityRoleHandler.handleRequest(ServletSecurityRoleHandler.java:62) ~[undertow-servlet-2.3.13.Final.jar:2.3.13.Final]
	at io.undertow.servlet.handlers.ServletChain$1.handleRequest(ServletChain.java:68) ~[undertow-servlet-2.3.13.Final.jar:2.3.13.Final]
	at io.undertow.servlet.handlers.ServletDispatchingHandler.handleRequest(ServletDispatchingHandler.java:36) ~[undertow-servlet-2.3.13.Final.jar:2.3.13.Final]
	at io.undertow.servlet.handlers.RedirectDirHandler.handleRequest(RedirectDirHandler.java:68) ~[undertow-servlet-2.3.13.Final.jar:2.3.13.Final]
	at io.undertow.servlet.handlers.security.SSLInformationAssociationHandler.handleRequest(SSLInformationAssociationHandler.java:117) ~[undertow-servlet-2.3.13.Final.jar:2.3.13.Final]
	at io.undertow.servlet.handlers.security.ServletAuthenticationCallHandler.handleRequest(ServletAuthenticationCallHandler.java:57) ~[undertow-servlet-2.3.13.Final.jar:2.3.13.Final]
	at io.undertow.server.handlers.PredicateHandler.handleRequest(PredicateHandler.java:43) ~[undertow-core-2.3.13.Final.jar:2.3.13.Final]
	at io.undertow.security.handlers.AbstractConfidentialityHandler.handleRequest(AbstractConfidentialityHandler.java:46) ~[undertow-core-2.3.13.Final.jar:2.3.13.Final]
	at io.undertow.servlet.handlers.security.ServletConfidentialityConstraintHandler.handleRequest(ServletConfidentialityConstraintHandler.java:64) ~[undertow-servlet-2.3.13.Final.jar:2.3.13.Final]
	at io.undertow.security.handlers.AuthenticationMechanismsHandler.handleRequest(AuthenticationMechanismsHandler.java:60) ~[undertow-core-2.3.13.Final.jar:2.3.13.Final]
	at io.undertow.servlet.handlers.security.CachedAuthenticatedSessionHandler.handleRequest(CachedAuthenticatedSessionHandler.java:77) ~[undertow-servlet-2.3.13.Final.jar:2.3.13.Final]
	at io.undertow.security.handlers.AbstractSecurityContextAssociationHandler.handleRequest(AbstractSecurityContextAssociationHandler.java:43) ~[undertow-core-2.3.13.Final.jar:2.3.13.Final]
	at io.undertow.server.handlers.PredicateHandler.handleRequest(PredicateHandler.java:43) ~[undertow-core-2.3.13.Final.jar:2.3.13.Final]
	at io.undertow.servlet.handlers.SendErrorPageHandler.handleRequest(SendErrorPageHandler.java:52) ~[undertow-servlet-2.3.13.Final.jar:2.3.13.Final]
	at io.undertow.server.handlers.PredicateHandler.handleRequest(PredicateHandler.java:43) ~[undertow-core-2.3.13.Final.jar:2.3.13.Final]
	at io.undertow.servlet.handlers.ServletInitialHandler.handleFirstRequest(ServletInitialHandler.java:276) ~[undertow-servlet-2.3.13.Final.jar:2.3.13.Final]
	at io.undertow.servlet.handlers.ServletInitialHandler$2.call(ServletInitialHandler.java:135) ~[undertow-servlet-2.3.13.Final.jar:2.3.13.Final]
	at io.undertow.servlet.handlers.ServletInitialHandler$2.call(ServletInitialHandler.java:132) ~[undertow-servlet-2.3.13.Final.jar:2.3.13.Final]
	at io.undertow.servlet.core.ServletRequestContextThreadSetupAction$1.call(ServletRequestContextThreadSetupAction.java:48) ~[undertow-servlet-2.3.13.Final.jar:2.3.13.Final]
	at io.undertow.servlet.core.ContextClassLoaderSetupAction$1.call(ContextClassLoaderSetupAction.java:43) ~[undertow-servlet-2.3.13.Final.jar:2.3.13.Final]
	at io.undertow.servlet.handlers.ServletInitialHandler.dispatchRequest(ServletInitialHandler.java:256) ~[undertow-servlet-2.3.13.Final.jar:2.3.13.Final]
	at io.undertow.servlet.handlers.ServletInitialHandler$1.handleRequest(ServletInitialHandler.java:101) ~[undertow-servlet-2.3.13.Final.jar:2.3.13.Final]
	at io.undertow.server.Connectors.executeRootHandler(Connectors.java:393) ~[undertow-core-2.3.13.Final.jar:2.3.13.Final]
	at io.undertow.server.HttpServerExchange$1.run(HttpServerExchange.java:859) ~[undertow-core-2.3.13.Final.jar:2.3.13.Final]
	at org.jboss.threads.ContextHandler$1.runWith(ContextHandler.java:18) ~[jboss-threads-3.5.0.Final.jar:3.5.0.Final]
	at org.jboss.threads.EnhancedQueueExecutor$Task.run(EnhancedQueueExecutor.java:2513) ~[jboss-threads-3.5.0.Final.jar:3.5.0.Final]
	at org.jboss.threads.EnhancedQueueExecutor$ThreadBody.run(EnhancedQueueExecutor.java:1538) ~[jboss-threads-3.5.0.Final.jar:3.5.0.Final]
	at org.xnio.XnioWorker$WorkerThreadFactory$1$1.run(XnioWorker.java:1282) ~[xnio-api-3.8.8.Final.jar:3.8.8.Final]
	at java.base/java.lang.Thread.run(Thread.java:1583) [?:?]
	Suppressed: org.springframework.web.context.request.async.AsyncRequestNotUsableException: Response not usable after response errors.
		at org.springframework.web.context.request.async.StandardServletAsyncWebRequest$LifecycleHttpServletResponse.obtainLockAndCheckState(StandardServletAsyncWebRequest.java:314) ~[spring-web-6.1.10.jar:6.1.10]
		at org.springframework.web.context.request.async.StandardServletAsyncWebRequest$LifecycleServletOutputStream.write(StandardServletAsyncWebRequest.java:373) ~[spring-web-6.1.10.jar:6.1.10]
		at org.springframework.util.StreamUtils$NonClosingOutputStream.write(StreamUtils.java:261) ~[spring-core-6.1.10.jar:6.1.10]
		at com.fasterxml.jackson.core.json.UTF8JsonGenerator._flushBuffer(UTF8JsonGenerator.java:2210) ~[jackson-core-2.17.1.jar:2.17.1]
		at com.fasterxml.jackson.core.json.UTF8JsonGenerator.close(UTF8JsonGenerator.java:1234) ~[jackson-core-2.17.1.jar:2.17.1]
		at org.springframework.http.converter.json.AbstractJackson2HttpMessageConverter.writeInternal(AbstractJackson2HttpMessageConverter.java:452) ~[spring-web-6.1.10.jar:6.1.10]
		at org.springframework.http.converter.AbstractGenericHttpMessageConverter.write(AbstractGenericHttpMessageConverter.java:114) ~[spring-web-6.1.10.jar:6.1.10]
		at org.springframework.web.servlet.mvc.method.annotation.AbstractMessageConverterMethodProcessor.writeWithMessageConverters(AbstractMessageConverterMethodProcessor.java:297) ~[spring-webmvc-6.1.10.jar:6.1.10]
		at org.springframework.web.servlet.mvc.method.annotation.RequestResponseBodyMethodProcessor.handleReturnValue(RequestResponseBodyMethodProcessor.java:192) ~[spring-webmvc-6.1.10.jar:6.1.10]
		at org.springframework.web.method.support.HandlerMethodReturnValueHandlerComposite.handleReturnValue(HandlerMethodReturnValueHandlerComposite.java:78) ~[spring-web-6.1.10.jar:6.1.10]
		at org.springframework.web.servlet.mvc.method.annotation.ServletInvocableHandlerMethod.invokeAndHandle(ServletInvocableHandlerMethod.java:136) ~[spring-webmvc-6.1.10.jar:6.1.10]
		at org.springframework.web.servlet.mvc.method.annotation.RequestMappingHandlerAdapter.invokeHandlerMethod(RequestMappingHandlerAdapter.java:926) ~[spring-webmvc-6.1.10.jar:6.1.10]
		at org.springframework.web.servlet.mvc.method.annotation.RequestMappingHandlerAdapter.handleInternal(RequestMappingHandlerAdapter.java:831) ~[spring-webmvc-6.1.10.jar:6.1.10]
		at org.springframework.web.servlet.mvc.method.AbstractHandlerMethodAdapter.handle(AbstractHandlerMethodAdapter.java:87) ~[spring-webmvc-6.1.10.jar:6.1.10]
		at org.springframework.web.servlet.DispatcherServlet.doDispatch(DispatcherServlet.java:1089) ~[spring-webmvc-6.1.10.jar:6.1.10]
		at org.springframework.web.servlet.DispatcherServlet.doService(DispatcherServlet.java:979) ~[spring-webmvc-6.1.10.jar:6.1.10]
		at org.springframework.web.servlet.FrameworkServlet.processRequest(FrameworkServlet.java:1014) ~[spring-webmvc-6.1.10.jar:6.1.10]
		at org.springframework.web.servlet.FrameworkServlet.doPost(FrameworkServlet.java:914) ~[spring-webmvc-6.1.10.jar:6.1.10]
		at jakarta.servlet.http.HttpServlet.service(HttpServlet.java:547) ~[jakarta.servlet-api-6.0.0.jar:6.0.0]
		at org.springframework.web.servlet.FrameworkServlet.service(FrameworkServlet.java:885) ~[spring-webmvc-6.1.10.jar:6.1.10]
		at jakarta.servlet.http.HttpServlet.service(HttpServlet.java:614) ~[jakarta.servlet-api-6.0.0.jar:6.0.0]
		at io.undertow.servlet.handlers.ServletHandler.handleRequest(ServletHandler.java:74) ~[undertow-servlet-2.3.13.Final.jar:2.3.13.Final]
		at io.undertow.servlet.handlers.FilterHandler$FilterChainImpl.doFilter(FilterHandler.java:129) ~[undertow-servlet-2.3.13.Final.jar:2.3.13.Final]
		at org.springframework.web.filter.CorsFilter.doFilterInternal(CorsFilter.java:91) ~[spring-web-6.1.10.jar:6.1.10]
		at org.springframework.web.filter.OncePerRequestFilter.doFilter(OncePerRequestFilter.java:116) ~[spring-web-6.1.10.jar:6.1.10]
		at io.undertow.servlet.core.ManagedFilter.doFilter(ManagedFilter.java:67) ~[undertow-servlet-2.3.13.Final.jar:2.3.13.Final]
		at io.undertow.servlet.handlers.FilterHandler$FilterChainImpl.doFilter(FilterHandler.java:131) ~[undertow-servlet-2.3.13.Final.jar:2.3.13.Final]
		at org.springframework.web.filter.RequestContextFilter.doFilterInternal(RequestContextFilter.java:100) ~[spring-web-6.1.10.jar:6.1.10]
		at org.springframework.web.filter.OncePerRequestFilter.doFilter(OncePerRequestFilter.java:116) ~[spring-web-6.1.10.jar:6.1.10]
		at io.undertow.servlet.core.ManagedFilter.doFilter(ManagedFilter.java:67) ~[undertow-servlet-2.3.13.Final.jar:2.3.13.Final]
		at io.undertow.servlet.handlers.FilterHandler$FilterChainImpl.doFilter(FilterHandler.java:131) ~[undertow-servlet-2.3.13.Final.jar:2.3.13.Final]
		at org.springframework.web.filter.FormContentFilter.doFilterInternal(FormContentFilter.java:93) ~[spring-web-6.1.10.jar:6.1.10]
		at org.springframework.web.filter.OncePerRequestFilter.doFilter(OncePerRequestFilter.java:116) ~[spring-web-6.1.10.jar:6.1.10]
		at io.undertow.servlet.core.ManagedFilter.doFilter(ManagedFilter.java:67) ~[undertow-servlet-2.3.13.Final.jar:2.3.13.Final]
		at io.undertow.servlet.handlers.FilterHandler$FilterChainImpl.doFilter(FilterHandler.java:131) ~[undertow-servlet-2.3.13.Final.jar:2.3.13.Final]
		at org.springframework.web.filter.CharacterEncodingFilter.doFilterInternal(CharacterEncodingFilter.java:201) ~[spring-web-6.1.10.jar:6.1.10]
		at org.springframework.web.filter.OncePerRequestFilter.doFilter(OncePerRequestFilter.java:116) ~[spring-web-6.1.10.jar:6.1.10]
		at io.undertow.servlet.core.ManagedFilter.doFilter(ManagedFilter.java:67) ~[undertow-servlet-2.3.13.Final.jar:2.3.13.Final]
		at io.undertow.servlet.handlers.FilterHandler$FilterChainImpl.doFilter(FilterHandler.java:131) ~[undertow-servlet-2.3.13.Final.jar:2.3.13.Final]
		at io.undertow.servlet.handlers.FilterHandler.handleRequest(FilterHandler.java:84) ~[undertow-servlet-2.3.13.Final.jar:2.3.13.Final]
		at io.undertow.servlet.handlers.security.ServletSecurityRoleHandler.handleRequest(ServletSecurityRoleHandler.java:62) ~[undertow-servlet-2.3.13.Final.jar:2.3.13.Final]
		at io.undertow.servlet.handlers.ServletChain$1.handleRequest(ServletChain.java:68) ~[undertow-servlet-2.3.13.Final.jar:2.3.13.Final]
		at io.undertow.servlet.handlers.ServletDispatchingHandler.handleRequest(ServletDispatchingHandler.java:36) ~[undertow-servlet-2.3.13.Final.jar:2.3.13.Final]
		at io.undertow.servlet.handlers.RedirectDirHandler.handleRequest(RedirectDirHandler.java:68) ~[undertow-servlet-2.3.13.Final.jar:2.3.13.Final]
		at io.undertow.servlet.handlers.security.SSLInformationAssociationHandler.handleRequest(SSLInformationAssociationHandler.java:117) ~[undertow-servlet-2.3.13.Final.jar:2.3.13.Final]
		at io.undertow.servlet.handlers.security.ServletAuthenticationCallHandler.handleRequest(ServletAuthenticationCallHandler.java:57) ~[undertow-servlet-2.3.13.Final.jar:2.3.13.Final]
		at io.undertow.server.handlers.PredicateHandler.handleRequest(PredicateHandler.java:43) ~[undertow-core-2.3.13.Final.jar:2.3.13.Final]
		at io.undertow.security.handlers.AbstractConfidentialityHandler.handleRequest(AbstractConfidentialityHandler.java:46) ~[undertow-core-2.3.13.Final.jar:2.3.13.Final]
		at io.undertow.servlet.handlers.security.ServletConfidentialityConstraintHandler.handleRequest(ServletConfidentialityConstraintHandler.java:64) ~[undertow-servlet-2.3.13.Final.jar:2.3.13.Final]
		at io.undertow.security.handlers.AuthenticationMechanismsHandler.handleRequest(AuthenticationMechanismsHandler.java:60) ~[undertow-core-2.3.13.Final.jar:2.3.13.Final]
		at io.undertow.servlet.handlers.security.CachedAuthenticatedSessionHandler.handleRequest(CachedAuthenticatedSessionHandler.java:77) ~[undertow-servlet-2.3.13.Final.jar:2.3.13.Final]
		at io.undertow.security.handlers.AbstractSecurityContextAssociationHandler.handleRequest(AbstractSecurityContextAssociationHandler.java:43) ~[undertow-core-2.3.13.Final.jar:2.3.13.Final]
		at io.undertow.server.handlers.PredicateHandler.handleRequest(PredicateHandler.java:43) ~[undertow-core-2.3.13.Final.jar:2.3.13.Final]
		at io.undertow.servlet.handlers.SendErrorPageHandler.handleRequest(SendErrorPageHandler.java:52) ~[undertow-servlet-2.3.13.Final.jar:2.3.13.Final]
		at io.undertow.server.handlers.PredicateHandler.handleRequest(PredicateHandler.java:43) ~[undertow-core-2.3.13.Final.jar:2.3.13.Final]
		at io.undertow.servlet.handlers.ServletInitialHandler.handleFirstRequest(ServletInitialHandler.java:276) ~[undertow-servlet-2.3.13.Final.jar:2.3.13.Final]
		at io.undertow.servlet.handlers.ServletInitialHandler$2.call(ServletInitialHandler.java:135) ~[undertow-servlet-2.3.13.Final.jar:2.3.13.Final]
		at io.undertow.servlet.handlers.ServletInitialHandler$2.call(ServletInitialHandler.java:132) ~[undertow-servlet-2.3.13.Final.jar:2.3.13.Final]
		at io.undertow.servlet.core.ServletRequestContextThreadSetupAction$1.call(ServletRequestContextThreadSetupAction.java:48) ~[undertow-servlet-2.3.13.Final.jar:2.3.13.Final]
		at io.undertow.servlet.core.ContextClassLoaderSetupAction$1.call(ContextClassLoaderSetupAction.java:43) ~[undertow-servlet-2.3.13.Final.jar:2.3.13.Final]
		at io.undertow.servlet.handlers.ServletInitialHandler.dispatchRequest(ServletInitialHandler.java:256) ~[undertow-servlet-2.3.13.Final.jar:2.3.13.Final]
		at io.undertow.servlet.handlers.ServletInitialHandler$1.handleRequest(ServletInitialHandler.java:101) ~[undertow-servlet-2.3.13.Final.jar:2.3.13.Final]
		at io.undertow.server.Connectors.executeRootHandler(Connectors.java:393) ~[undertow-core-2.3.13.Final.jar:2.3.13.Final]
		at io.undertow.server.HttpServerExchange$1.run(HttpServerExchange.java:859) ~[undertow-core-2.3.13.Final.jar:2.3.13.Final]
		at org.jboss.threads.ContextHandler$1.runWith(ContextHandler.java:18) ~[jboss-threads-3.5.0.Final.jar:3.5.0.Final]
		at org.jboss.threads.EnhancedQueueExecutor$Task.run(EnhancedQueueExecutor.java:2513) ~[jboss-threads-3.5.0.Final.jar:3.5.0.Final]
		at org.jboss.threads.EnhancedQueueExecutor$ThreadBody.run(EnhancedQueueExecutor.java:1538) ~[jboss-threads-3.5.0.Final.jar:3.5.0.Final]
		at org.xnio.XnioWorker$WorkerThreadFactory$1$1.run(XnioWorker.java:1282) ~[xnio-api-3.8.8.Final.jar:3.8.8.Final]
		at java.base/java.lang.Thread.run(Thread.java:1583) [?:?]
Caused by: java.nio.channels.ClosedChannelException
	at java.base/sun.nio.ch.SocketChannelImpl.ensureOpenAndConnected(SocketChannelImpl.java:222) ~[?:?]
	at java.base/sun.nio.ch.SocketChannelImpl.write(SocketChannelImpl.java:536) ~[?:?]
	at org.xnio.nio.NioSocketConduit.write(NioSocketConduit.java:153) ~[xnio-nio-3.8.8.Final.jar:3.8.8.Final]
	at io.undertow.server.protocol.http.HttpResponseConduit.write(HttpResponseConduit.java:629) ~[undertow-core-2.3.13.Final.jar:2.3.13.Final]
	at org.xnio.conduits.AbstractStreamSinkConduit.write(AbstractStreamSinkConduit.java:51) ~[xnio-api-3.8.8.Final.jar:3.8.8.Final]
	at io.undertow.conduits.DeflatingStreamSinkConduit.performFlushIfRequiredSingleBuffer(DeflatingStreamSinkConduit.java:445) ~[undertow-core-2.3.13.Final.jar:2.3.13.Final]
	at io.undertow.conduits.DeflatingStreamSinkConduit.performFlushIfRequired(DeflatingStreamSinkConduit.java:432) ~[undertow-core-2.3.13.Final.jar:2.3.13.Final]
	at io.undertow.conduits.DeflatingStreamSinkConduit.deflateData(DeflatingStreamSinkConduit.java:522) ~[undertow-core-2.3.13.Final.jar:2.3.13.Final]
	at io.undertow.conduits.DeflatingStreamSinkConduit.write(DeflatingStreamSinkConduit.java:130) ~[undertow-core-2.3.13.Final.jar:2.3.13.Final]
	at io.undertow.conduits.DeflatingStreamSinkConduit.write(DeflatingStreamSinkConduit.java:165) ~[undertow-core-2.3.13.Final.jar:2.3.13.Final]
	at org.xnio.conduits.ConduitStreamSinkChannel.write(ConduitStreamSinkChannel.java:158) ~[xnio-api-3.8.8.Final.jar:3.8.8.Final]
	at io.undertow.channels.DetachableStreamSinkChannel.write(DetachableStreamSinkChannel.java:179) ~[undertow-core-2.3.13.Final.jar:2.3.13.Final]
	at io.undertow.server.HttpServerExchange$WriteDispatchChannel.write(HttpServerExchange.java:2172) ~[undertow-core-2.3.13.Final.jar:2.3.13.Final]
	at org.xnio.channels.Channels.writeBlocking(Channels.java:202) ~[xnio-api-3.8.8.Final.jar:3.8.8.Final]
	at io.undertow.servlet.spec.ServletOutputStreamImpl.writeTooLargeForBuffer(ServletOutputStreamImpl.java:201) ~[undertow-servlet-2.3.13.Final.jar:2.3.13.Final]
	at io.undertow.servlet.spec.ServletOutputStreamImpl.write(ServletOutputStreamImpl.java:149) ~[undertow-servlet-2.3.13.Final.jar:2.3.13.Final]
	at org.springframework.web.context.request.async.StandardServletAsyncWebRequest$LifecycleServletOutputStream.write(StandardServletAsyncWebRequest.java:375) ~[spring-web-6.1.10.jar:6.1.10]
	... 86 more
[2026-05-21 14:16:24.188] ERROR XNIO-1 task-3 com.jts.gjcxfzksh.exception.handler.GlobalExceptionHandler[53] - 请求地址'/pt/network/tile',发生未知异常. 
org.springframework.http.converter.HttpMessageNotWritableException: Could not write JSON: Cannot invoke "java.util.zip.Deflater.needsInput()" because "this.deflater" is null
	at org.springframework.http.converter.json.AbstractJackson2HttpMessageConverter.writeInternal(AbstractJackson2HttpMessageConverter.java:492) ~[spring-web-6.1.10.jar:6.1.10]
	at org.springframework.http.converter.AbstractGenericHttpMessageConverter.write(AbstractGenericHttpMessageConverter.java:114) ~[spring-web-6.1.10.jar:6.1.10]
	at org.springframework.web.servlet.mvc.method.annotation.AbstractMessageConverterMethodProcessor.writeWithMessageConverters(AbstractMessageConverterMethodProcessor.java:297) ~[spring-webmvc-6.1.10.jar:6.1.10]
	at org.springframework.web.servlet.mvc.method.annotation.RequestResponseBodyMethodProcessor.handleReturnValue(RequestResponseBodyMethodProcessor.java:192) ~[spring-webmvc-6.1.10.jar:6.1.10]
	at org.springframework.web.method.support.HandlerMethodReturnValueHandlerComposite.handleReturnValue(HandlerMethodReturnValueHandlerComposite.java:78) ~[spring-web-6.1.10.jar:6.1.10]
	at org.springframework.web.servlet.mvc.method.annotation.ServletInvocableHandlerMethod.invokeAndHandle(ServletInvocableHandlerMethod.java:136) ~[spring-webmvc-6.1.10.jar:6.1.10]
	at org.springframework.web.servlet.mvc.method.annotation.RequestMappingHandlerAdapter.invokeHandlerMethod(RequestMappingHandlerAdapter.java:926) ~[spring-webmvc-6.1.10.jar:6.1.10]
	at org.springframework.web.servlet.mvc.method.annotation.RequestMappingHandlerAdapter.handleInternal(RequestMappingHandlerAdapter.java:831) ~[spring-webmvc-6.1.10.jar:6.1.10]
	at org.springframework.web.servlet.mvc.method.AbstractHandlerMethodAdapter.handle(AbstractHandlerMethodAdapter.java:87) ~[spring-webmvc-6.1.10.jar:6.1.10]
	at org.springframework.web.servlet.DispatcherServlet.doDispatch(DispatcherServlet.java:1089) ~[spring-webmvc-6.1.10.jar:6.1.10]
	at org.springframework.web.servlet.DispatcherServlet.doService(DispatcherServlet.java:979) ~[spring-webmvc-6.1.10.jar:6.1.10]
	at org.springframework.web.servlet.FrameworkServlet.processRequest(FrameworkServlet.java:1014) ~[spring-webmvc-6.1.10.jar:6.1.10]
	at org.springframework.web.servlet.FrameworkServlet.doPost(FrameworkServlet.java:914) ~[spring-webmvc-6.1.10.jar:6.1.10]
	at jakarta.servlet.http.HttpServlet.service(HttpServlet.java:547) ~[jakarta.servlet-api-6.0.0.jar:6.0.0]
	at org.springframework.web.servlet.FrameworkServlet.service(FrameworkServlet.java:885) ~[spring-webmvc-6.1.10.jar:6.1.10]
	at jakarta.servlet.http.HttpServlet.service(HttpServlet.java:614) ~[jakarta.servlet-api-6.0.0.jar:6.0.0]
	at io.undertow.servlet.handlers.ServletHandler.handleRequest(ServletHandler.java:74) ~[undertow-servlet-2.3.13.Final.jar:2.3.13.Final]
	at io.undertow.servlet.handlers.FilterHandler$FilterChainImpl.doFilter(FilterHandler.java:129) ~[undertow-servlet-2.3.13.Final.jar:2.3.13.Final]
	at org.springframework.web.filter.CorsFilter.doFilterInternal(CorsFilter.java:91) ~[spring-web-6.1.10.jar:6.1.10]
	at org.springframework.web.filter.OncePerRequestFilter.doFilter(OncePerRequestFilter.java:116) ~[spring-web-6.1.10.jar:6.1.10]
	at io.undertow.servlet.core.ManagedFilter.doFilter(ManagedFilter.java:67) ~[undertow-servlet-2.3.13.Final.jar:2.3.13.Final]
	at io.undertow.servlet.handlers.FilterHandler$FilterChainImpl.doFilter(FilterHandler.java:131) ~[undertow-servlet-2.3.13.Final.jar:2.3.13.Final]
	at org.springframework.web.filter.RequestContextFilter.doFilterInternal(RequestContextFilter.java:100) ~[spring-web-6.1.10.jar:6.1.10]
	at org.springframework.web.filter.OncePerRequestFilter.doFilter(OncePerRequestFilter.java:116) ~[spring-web-6.1.10.jar:6.1.10]
	at io.undertow.servlet.core.ManagedFilter.doFilter(ManagedFilter.java:67) ~[undertow-servlet-2.3.13.Final.jar:2.3.13.Final]
	at io.undertow.servlet.handlers.FilterHandler$FilterChainImpl.doFilter(FilterHandler.java:131) ~[undertow-servlet-2.3.13.Final.jar:2.3.13.Final]
	at org.springframework.web.filter.FormContentFilter.doFilterInternal(FormContentFilter.java:93) ~[spring-web-6.1.10.jar:6.1.10]
	at org.springframework.web.filter.OncePerRequestFilter.doFilter(OncePerRequestFilter.java:116) ~[spring-web-6.1.10.jar:6.1.10]
	at io.undertow.servlet.core.ManagedFilter.doFilter(ManagedFilter.java:67) ~[undertow-servlet-2.3.13.Final.jar:2.3.13.Final]
	at io.undertow.servlet.handlers.FilterHandler$FilterChainImpl.doFilter(FilterHandler.java:131) ~[undertow-servlet-2.3.13.Final.jar:2.3.13.Final]
	at org.springframework.web.filter.CharacterEncodingFilter.doFilterInternal(CharacterEncodingFilter.java:201) ~[spring-web-6.1.10.jar:6.1.10]
	at org.springframework.web.filter.OncePerRequestFilter.doFilter(OncePerRequestFilter.java:116) ~[spring-web-6.1.10.jar:6.1.10]
	at io.undertow.servlet.core.ManagedFilter.doFilter(ManagedFilter.java:67) ~[undertow-servlet-2.3.13.Final.jar:2.3.13.Final]
	at io.undertow.servlet.handlers.FilterHandler$FilterChainImpl.doFilter(FilterHandler.java:131) ~[undertow-servlet-2.3.13.Final.jar:2.3.13.Final]
	at io.undertow.servlet.handlers.FilterHandler.handleRequest(FilterHandler.java:84) ~[undertow-servlet-2.3.13.Final.jar:2.3.13.Final]
	at io.undertow.servlet.handlers.security.ServletSecurityRoleHandler.handleRequest(ServletSecurityRoleHandler.java:62) ~[undertow-servlet-2.3.13.Final.jar:2.3.13.Final]
	at io.undertow.servlet.handlers.ServletChain$1.handleRequest(ServletChain.java:68) ~[undertow-servlet-2.3.13.Final.jar:2.3.13.Final]
	at io.undertow.servlet.handlers.ServletDispatchingHandler.handleRequest(ServletDispatchingHandler.java:36) ~[undertow-servlet-2.3.13.Final.jar:2.3.13.Final]
	at io.undertow.servlet.handlers.RedirectDirHandler.handleRequest(RedirectDirHandler.java:68) ~[undertow-servlet-2.3.13.Final.jar:2.3.13.Final]
	at io.undertow.servlet.handlers.security.SSLInformationAssociationHandler.handleRequest(SSLInformationAssociationHandler.java:117) ~[undertow-servlet-2.3.13.Final.jar:2.3.13.Final]
	at io.undertow.servlet.handlers.security.ServletAuthenticationCallHandler.handleRequest(ServletAuthenticationCallHandler.java:57) ~[undertow-servlet-2.3.13.Final.jar:2.3.13.Final]
	at io.undertow.server.handlers.PredicateHandler.handleRequest(PredicateHandler.java:43) ~[undertow-core-2.3.13.Final.jar:2.3.13.Final]
	at io.undertow.security.handlers.AbstractConfidentialityHandler.handleRequest(AbstractConfidentialityHandler.java:46) ~[undertow-core-2.3.13.Final.jar:2.3.13.Final]
	at io.undertow.servlet.handlers.security.ServletConfidentialityConstraintHandler.handleRequest(ServletConfidentialityConstraintHandler.java:64) ~[undertow-servlet-2.3.13.Final.jar:2.3.13.Final]
	at io.undertow.security.handlers.AuthenticationMechanismsHandler.handleRequest(AuthenticationMechanismsHandler.java:60) ~[undertow-core-2.3.13.Final.jar:2.3.13.Final]
	at io.undertow.servlet.handlers.security.CachedAuthenticatedSessionHandler.handleRequest(CachedAuthenticatedSessionHandler.java:77) ~[undertow-servlet-2.3.13.Final.jar:2.3.13.Final]
	at io.undertow.security.handlers.AbstractSecurityContextAssociationHandler.handleRequest(AbstractSecurityContextAssociationHandler.java:43) ~[undertow-core-2.3.13.Final.jar:2.3.13.Final]
	at io.undertow.server.handlers.PredicateHandler.handleRequest(PredicateHandler.java:43) ~[undertow-core-2.3.13.Final.jar:2.3.13.Final]
	at io.undertow.servlet.handlers.SendErrorPageHandler.handleRequest(SendErrorPageHandler.java:52) ~[undertow-servlet-2.3.13.Final.jar:2.3.13.Final]
	at io.undertow.server.handlers.PredicateHandler.handleRequest(PredicateHandler.java:43) ~[undertow-core-2.3.13.Final.jar:2.3.13.Final]
	at io.undertow.servlet.handlers.ServletInitialHandler.handleFirstRequest(ServletInitialHandler.java:276) ~[undertow-servlet-2.3.13.Final.jar:2.3.13.Final]
	at io.undertow.servlet.handlers.ServletInitialHandler$2.call(ServletInitialHandler.java:135) ~[undertow-servlet-2.3.13.Final.jar:2.3.13.Final]
	at io.undertow.servlet.handlers.ServletInitialHandler$2.call(ServletInitialHandler.java:132) ~[undertow-servlet-2.3.13.Final.jar:2.3.13.Final]
	at io.undertow.servlet.core.ServletRequestContextThreadSetupAction$1.call(ServletRequestContextThreadSetupAction.java:48) ~[undertow-servlet-2.3.13.Final.jar:2.3.13.Final]
	at io.undertow.servlet.core.ContextClassLoaderSetupAction$1.call(ContextClassLoaderSetupAction.java:43) ~[undertow-servlet-2.3.13.Final.jar:2.3.13.Final]
	at io.undertow.servlet.handlers.ServletInitialHandler.dispatchRequest(ServletInitialHandler.java:256) ~[undertow-servlet-2.3.13.Final.jar:2.3.13.Final]
	at io.undertow.servlet.handlers.ServletInitialHandler$1.handleRequest(ServletInitialHandler.java:101) ~[undertow-servlet-2.3.13.Final.jar:2.3.13.Final]
	at io.undertow.server.Connectors.executeRootHandler(Connectors.java:393) ~[undertow-core-2.3.13.Final.jar:2.3.13.Final]
	at io.undertow.server.HttpServerExchange$1.run(HttpServerExchange.java:859) ~[undertow-core-2.3.13.Final.jar:2.3.13.Final]
	at org.jboss.threads.ContextHandler$1.runWith(ContextHandler.java:18) ~[jboss-threads-3.5.0.Final.jar:3.5.0.Final]
	at org.jboss.threads.EnhancedQueueExecutor$Task.run(EnhancedQueueExecutor.java:2513) ~[jboss-threads-3.5.0.Final.jar:3.5.0.Final]
	at org.jboss.threads.EnhancedQueueExecutor$ThreadBody.run(EnhancedQueueExecutor.java:1538) ~[jboss-threads-3.5.0.Final.jar:3.5.0.Final]
	at org.xnio.XnioWorker$WorkerThreadFactory$1$1.run(XnioWorker.java:1282) ~[xnio-api-3.8.8.Final.jar:3.8.8.Final]
	at java.base/java.lang.Thread.run(Thread.java:1583) [?:?]
Caused by: com.fasterxml.jackson.databind.JsonMappingException: Cannot invoke "java.util.zip.Deflater.needsInput()" because "this.deflater" is null (through reference chain: com.jts.gjcxfzksh.api.common.AjaxResult["data"]->java.util.ArrayList[431689]->com.jts.gjcxfzksh.api.model.pt.PTLink["length"])
	at com.fasterxml.jackson.databind.JsonMappingException.wrapWithPath(JsonMappingException.java:402) ~[jackson-databind-2.17.1.jar:2.17.1]
	at com.fasterxml.jackson.databind.JsonMappingException.wrapWithPath(JsonMappingException.java:361) ~[jackson-databind-2.17.1.jar:2.17.1]
	at com.fasterxml.jackson.databind.ser.std.StdSerializer.wrapAndThrow(StdSerializer.java:323) ~[jackson-databind-2.17.1.jar:2.17.1]
	at com.fasterxml.jackson.databind.ser.std.BeanSerializerBase.serializeFields(BeanSerializerBase.java:778) ~[jackson-databind-2.17.1.jar:2.17.1]
	at com.fasterxml.jackson.databind.ser.BeanSerializer.serialize(BeanSerializer.java:183) ~[jackson-databind-2.17.1.jar:2.17.1]
	at com.fasterxml.jackson.databind.ser.impl.IndexedListSerializer.serializeContents(IndexedListSerializer.java:119) ~[jackson-databind-2.17.1.jar:2.17.1]
	at com.fasterxml.jackson.databind.ser.impl.IndexedListSerializer.serialize(IndexedListSerializer.java:79) ~[jackson-databind-2.17.1.jar:2.17.1]
	at com.fasterxml.jackson.databind.ser.impl.IndexedListSerializer.serialize(IndexedListSerializer.java:18) ~[jackson-databind-2.17.1.jar:2.17.1]
	at com.fasterxml.jackson.databind.ser.BeanPropertyWriter.serializeAsField(BeanPropertyWriter.java:732) ~[jackson-databind-2.17.1.jar:2.17.1]
	at com.fasterxml.jackson.databind.ser.std.BeanSerializerBase.serializeFields(BeanSerializerBase.java:770) ~[jackson-databind-2.17.1.jar:2.17.1]
	at com.fasterxml.jackson.databind.ser.BeanSerializer.serialize(BeanSerializer.java:183) ~[jackson-databind-2.17.1.jar:2.17.1]
	at com.fasterxml.jackson.databind.ser.DefaultSerializerProvider._serialize(DefaultSerializerProvider.java:502) ~[jackson-databind-2.17.1.jar:2.17.1]
	at com.fasterxml.jackson.databind.ser.DefaultSerializerProvider.serializeValue(DefaultSerializerProvider.java:341) ~[jackson-databind-2.17.1.jar:2.17.1]
	at com.fasterxml.jackson.databind.ObjectWriter$Prefetch.serialize(ObjectWriter.java:1574) ~[jackson-databind-2.17.1.jar:2.17.1]
	at com.fasterxml.jackson.databind.ObjectWriter.writeValue(ObjectWriter.java:1061) ~[jackson-databind-2.17.1.jar:2.17.1]
	at org.springframework.http.converter.json.AbstractJackson2HttpMessageConverter.writeInternal(AbstractJackson2HttpMessageConverter.java:483) ~[spring-web-6.1.10.jar:6.1.10]
	... 63 more
	Suppressed: org.springframework.web.context.request.async.AsyncRequestNotUsableException: ServletOutputStream failed to write: null
		at org.springframework.web.context.request.async.StandardServletAsyncWebRequest$LifecycleHttpServletResponse.handleIOException(StandardServletAsyncWebRequest.java:320) ~[spring-web-6.1.10.jar:6.1.10]
		at org.springframework.web.context.request.async.StandardServletAsyncWebRequest$LifecycleServletOutputStream.write(StandardServletAsyncWebRequest.java:378) ~[spring-web-6.1.10.jar:6.1.10]
		at org.springframework.util.StreamUtils$NonClosingOutputStream.write(StreamUtils.java:261) ~[spring-core-6.1.10.jar:6.1.10]
		at com.fasterxml.jackson.core.json.UTF8JsonGenerator._flushBuffer(UTF8JsonGenerator.java:2210) ~[jackson-core-2.17.1.jar:2.17.1]
		at com.fasterxml.jackson.core.json.UTF8JsonGenerator.close(UTF8JsonGenerator.java:1234) ~[jackson-core-2.17.1.jar:2.17.1]
		at org.springframework.http.converter.json.AbstractJackson2HttpMessageConverter.writeInternal(AbstractJackson2HttpMessageConverter.java:452) ~[spring-web-6.1.10.jar:6.1.10]
		at org.springframework.http.converter.AbstractGenericHttpMessageConverter.write(AbstractGenericHttpMessageConverter.java:114) ~[spring-web-6.1.10.jar:6.1.10]
		at org.springframework.web.servlet.mvc.method.annotation.AbstractMessageConverterMethodProcessor.writeWithMessageConverters(AbstractMessageConverterMethodProcessor.java:297) ~[spring-webmvc-6.1.10.jar:6.1.10]
		at org.springframework.web.servlet.mvc.method.annotation.RequestResponseBodyMethodProcessor.handleReturnValue(RequestResponseBodyMethodProcessor.java:192) ~[spring-webmvc-6.1.10.jar:6.1.10]
		at org.springframework.web.method.support.HandlerMethodReturnValueHandlerComposite.handleReturnValue(HandlerMethodReturnValueHandlerComposite.java:78) ~[spring-web-6.1.10.jar:6.1.10]
		at org.springframework.web.servlet.mvc.method.annotation.ServletInvocableHandlerMethod.invokeAndHandle(ServletInvocableHandlerMethod.java:136) ~[spring-webmvc-6.1.10.jar:6.1.10]
		at org.springframework.web.servlet.mvc.method.annotation.RequestMappingHandlerAdapter.invokeHandlerMethod(RequestMappingHandlerAdapter.java:926) ~[spring-webmvc-6.1.10.jar:6.1.10]
		at org.springframework.web.servlet.mvc.method.annotation.RequestMappingHandlerAdapter.handleInternal(RequestMappingHandlerAdapter.java:831) ~[spring-webmvc-6.1.10.jar:6.1.10]
		at org.springframework.web.servlet.mvc.method.AbstractHandlerMethodAdapter.handle(AbstractHandlerMethodAdapter.java:87) ~[spring-webmvc-6.1.10.jar:6.1.10]
		at org.springframework.web.servlet.DispatcherServlet.doDispatch(DispatcherServlet.java:1089) ~[spring-webmvc-6.1.10.jar:6.1.10]
		at org.springframework.web.servlet.DispatcherServlet.doService(DispatcherServlet.java:979) ~[spring-webmvc-6.1.10.jar:6.1.10]
		at org.springframework.web.servlet.FrameworkServlet.processRequest(FrameworkServlet.java:1014) ~[spring-webmvc-6.1.10.jar:6.1.10]
		at org.springframework.web.servlet.FrameworkServlet.doPost(FrameworkServlet.java:914) ~[spring-webmvc-6.1.10.jar:6.1.10]
		at jakarta.servlet.http.HttpServlet.service(HttpServlet.java:547) ~[jakarta.servlet-api-6.0.0.jar:6.0.0]
		at org.springframework.web.servlet.FrameworkServlet.service(FrameworkServlet.java:885) ~[spring-webmvc-6.1.10.jar:6.1.10]
		at jakarta.servlet.http.HttpServlet.service(HttpServlet.java:614) ~[jakarta.servlet-api-6.0.0.jar:6.0.0]
		at io.undertow.servlet.handlers.ServletHandler.handleRequest(ServletHandler.java:74) ~[undertow-servlet-2.3.13.Final.jar:2.3.13.Final]
		at io.undertow.servlet.handlers.FilterHandler$FilterChainImpl.doFilter(FilterHandler.java:129) ~[undertow-servlet-2.3.13.Final.jar:2.3.13.Final]
		at org.springframework.web.filter.CorsFilter.doFilterInternal(CorsFilter.java:91) ~[spring-web-6.1.10.jar:6.1.10]
		at org.springframework.web.filter.OncePerRequestFilter.doFilter(OncePerRequestFilter.java:116) ~[spring-web-6.1.10.jar:6.1.10]
		at io.undertow.servlet.core.ManagedFilter.doFilter(ManagedFilter.java:67) ~[undertow-servlet-2.3.13.Final.jar:2.3.13.Final]
		at io.undertow.servlet.handlers.FilterHandler$FilterChainImpl.doFilter(FilterHandler.java:131) ~[undertow-servlet-2.3.13.Final.jar:2.3.13.Final]
		at org.springframework.web.filter.RequestContextFilter.doFilterInternal(RequestContextFilter.java:100) ~[spring-web-6.1.10.jar:6.1.10]
		at org.springframework.web.filter.OncePerRequestFilter.doFilter(OncePerRequestFilter.java:116) ~[spring-web-6.1.10.jar:6.1.10]
		at io.undertow.servlet.core.ManagedFilter.doFilter(ManagedFilter.java:67) ~[undertow-servlet-2.3.13.Final.jar:2.3.13.Final]
		at io.undertow.servlet.handlers.FilterHandler$FilterChainImpl.doFilter(FilterHandler.java:131) ~[undertow-servlet-2.3.13.Final.jar:2.3.13.Final]
		at org.springframework.web.filter.FormContentFilter.doFilterInternal(FormContentFilter.java:93) ~[spring-web-6.1.10.jar:6.1.10]
		at org.springframework.web.filter.OncePerRequestFilter.doFilter(OncePerRequestFilter.java:116) ~[spring-web-6.1.10.jar:6.1.10]
		at io.undertow.servlet.core.ManagedFilter.doFilter(ManagedFilter.java:67) ~[undertow-servlet-2.3.13.Final.jar:2.3.13.Final]
		at io.undertow.servlet.handlers.FilterHandler$FilterChainImpl.doFilter(FilterHandler.java:131) ~[undertow-servlet-2.3.13.Final.jar:2.3.13.Final]
		at org.springframework.web.filter.CharacterEncodingFilter.doFilterInternal(CharacterEncodingFilter.java:201) ~[spring-web-6.1.10.jar:6.1.10]
		at org.springframework.web.filter.OncePerRequestFilter.doFilter(OncePerRequestFilter.java:116) ~[spring-web-6.1.10.jar:6.1.10]
		at io.undertow.servlet.core.ManagedFilter.doFilter(ManagedFilter.java:67) ~[undertow-servlet-2.3.13.Final.jar:2.3.13.Final]
		at io.undertow.servlet.handlers.FilterHandler$FilterChainImpl.doFilter(FilterHandler.java:131) ~[undertow-servlet-2.3.13.Final.jar:2.3.13.Final]
		at io.undertow.servlet.handlers.FilterHandler.handleRequest(FilterHandler.java:84) ~[undertow-servlet-2.3.13.Final.jar:2.3.13.Final]
		at io.undertow.servlet.handlers.security.ServletSecurityRoleHandler.handleRequest(ServletSecurityRoleHandler.java:62) ~[undertow-servlet-2.3.13.Final.jar:2.3.13.Final]
		at io.undertow.servlet.handlers.ServletChain$1.handleRequest(ServletChain.java:68) ~[undertow-servlet-2.3.13.Final.jar:2.3.13.Final]
		at io.undertow.servlet.handlers.ServletDispatchingHandler.handleRequest(ServletDispatchingHandler.java:36) ~[undertow-servlet-2.3.13.Final.jar:2.3.13.Final]
		at io.undertow.servlet.handlers.RedirectDirHandler.handleRequest(RedirectDirHandler.java:68) ~[undertow-servlet-2.3.13.Final.jar:2.3.13.Final]
		at io.undertow.servlet.handlers.security.SSLInformationAssociationHandler.handleRequest(SSLInformationAssociationHandler.java:117) ~[undertow-servlet-2.3.13.Final.jar:2.3.13.Final]
		at io.undertow.servlet.handlers.security.ServletAuthenticationCallHandler.handleRequest(ServletAuthenticationCallHandler.java:57) ~[undertow-servlet-2.3.13.Final.jar:2.3.13.Final]
		at io.undertow.server.handlers.PredicateHandler.handleRequest(PredicateHandler.java:43) ~[undertow-core-2.3.13.Final.jar:2.3.13.Final]
		at io.undertow.security.handlers.AbstractConfidentialityHandler.handleRequest(AbstractConfidentialityHandler.java:46) ~[undertow-core-2.3.13.Final.jar:2.3.13.Final]
		at io.undertow.servlet.handlers.security.ServletConfidentialityConstraintHandler.handleRequest(ServletConfidentialityConstraintHandler.java:64) ~[undertow-servlet-2.3.13.Final.jar:2.3.13.Final]
		at io.undertow.security.handlers.AuthenticationMechanismsHandler.handleRequest(AuthenticationMechanismsHandler.java:60) ~[undertow-core-2.3.13.Final.jar:2.3.13.Final]
		at io.undertow.servlet.handlers.security.CachedAuthenticatedSessionHandler.handleRequest(CachedAuthenticatedSessionHandler.java:77) ~[undertow-servlet-2.3.13.Final.jar:2.3.13.Final]
		at io.undertow.security.handlers.AbstractSecurityContextAssociationHandler.handleRequest(AbstractSecurityContextAssociationHandler.java:43) ~[undertow-core-2.3.13.Final.jar:2.3.13.Final]
		at io.undertow.server.handlers.PredicateHandler.handleRequest(PredicateHandler.java:43) ~[undertow-core-2.3.13.Final.jar:2.3.13.Final]
		at io.undertow.servlet.handlers.SendErrorPageHandler.handleRequest(SendErrorPageHandler.java:52) ~[undertow-servlet-2.3.13.Final.jar:2.3.13.Final]
		at io.undertow.server.handlers.PredicateHandler.handleRequest(PredicateHandler.java:43) ~[undertow-core-2.3.13.Final.jar:2.3.13.Final]
		at io.undertow.servlet.handlers.ServletInitialHandler.handleFirstRequest(ServletInitialHandler.java:276) ~[undertow-servlet-2.3.13.Final.jar:2.3.13.Final]
		at io.undertow.servlet.handlers.ServletInitialHandler$2.call(ServletInitialHandler.java:135) ~[undertow-servlet-2.3.13.Final.jar:2.3.13.Final]
		at io.undertow.servlet.handlers.ServletInitialHandler$2.call(ServletInitialHandler.java:132) ~[undertow-servlet-2.3.13.Final.jar:2.3.13.Final]
		at io.undertow.servlet.core.ServletRequestContextThreadSetupAction$1.call(ServletRequestContextThreadSetupAction.java:48) ~[undertow-servlet-2.3.13.Final.jar:2.3.13.Final]
		at io.undertow.servlet.core.ContextClassLoaderSetupAction$1.call(ContextClassLoaderSetupAction.java:43) ~[undertow-servlet-2.3.13.Final.jar:2.3.13.Final]
		at io.undertow.servlet.handlers.ServletInitialHandler.dispatchRequest(ServletInitialHandler.java:256) ~[undertow-servlet-2.3.13.Final.jar:2.3.13.Final]
		at io.undertow.servlet.handlers.ServletInitialHandler$1.handleRequest(ServletInitialHandler.java:101) ~[undertow-servlet-2.3.13.Final.jar:2.3.13.Final]
		at io.undertow.server.Connectors.executeRootHandler(Connectors.java:393) ~[undertow-core-2.3.13.Final.jar:2.3.13.Final]
		at io.undertow.server.HttpServerExchange$1.run(HttpServerExchange.java:859) ~[undertow-core-2.3.13.Final.jar:2.3.13.Final]
		at org.jboss.threads.ContextHandler$1.runWith(ContextHandler.java:18) ~[jboss-threads-3.5.0.Final.jar:3.5.0.Final]
		at org.jboss.threads.EnhancedQueueExecutor$Task.run(EnhancedQueueExecutor.java:2513) ~[jboss-threads-3.5.0.Final.jar:3.5.0.Final]
		at org.jboss.threads.EnhancedQueueExecutor$ThreadBody.run(EnhancedQueueExecutor.java:1538) ~[jboss-threads-3.5.0.Final.jar:3.5.0.Final]
		at org.xnio.XnioWorker$WorkerThreadFactory$1$1.run(XnioWorker.java:1282) ~[xnio-api-3.8.8.Final.jar:3.8.8.Final]
		at java.base/java.lang.Thread.run(Thread.java:1583) [?:?]
	Caused by: java.nio.channels.ClosedChannelException
		at io.undertow.channels.DetachableStreamSinkChannel.write(DetachableStreamSinkChannel.java:177) ~[undertow-core-2.3.13.Final.jar:2.3.13.Final]
		at io.undertow.server.HttpServerExchange$WriteDispatchChannel.write(HttpServerExchange.java:2172) ~[undertow-core-2.3.13.Final.jar:2.3.13.Final]
		at org.xnio.channels.Channels.writeBlocking(Channels.java:202) ~[xnio-api-3.8.8.Final.jar:3.8.8.Final]
		at io.undertow.servlet.spec.ServletOutputStreamImpl.writeTooLargeForBuffer(ServletOutputStreamImpl.java:201) ~[undertow-servlet-2.3.13.Final.jar:2.3.13.Final]
		at io.undertow.servlet.spec.ServletOutputStreamImpl.write(ServletOutputStreamImpl.java:149) ~[undertow-servlet-2.3.13.Final.jar:2.3.13.Final]
		at org.springframework.web.context.request.async.StandardServletAsyncWebRequest$LifecycleServletOutputStream.write(StandardServletAsyncWebRequest.java:375) ~[spring-web-6.1.10.jar:6.1.10]
		... 67 more
Caused by: java.lang.NullPointerException: Cannot invoke "java.util.zip.Deflater.needsInput()" because "this.deflater" is null
	at io.undertow.conduits.DeflatingStreamSinkConduit.deflateData(DeflatingStreamSinkConduit.java:511) ~[undertow-core-2.3.13.Final.jar:2.3.13.Final]
	at io.undertow.conduits.DeflatingStreamSinkConduit.write(DeflatingStreamSinkConduit.java:130) ~[undertow-core-2.3.13.Final.jar:2.3.13.Final]
	at io.undertow.conduits.DeflatingStreamSinkConduit.write(DeflatingStreamSinkConduit.java:165) ~[undertow-core-2.3.13.Final.jar:2.3.13.Final]
	at org.xnio.conduits.ConduitStreamSinkChannel.write(ConduitStreamSinkChannel.java:158) ~[xnio-api-3.8.8.Final.jar:3.8.8.Final]
	at io.undertow.channels.DetachableStreamSinkChannel.write(DetachableStreamSinkChannel.java:179) ~[undertow-core-2.3.13.Final.jar:2.3.13.Final]
	at io.undertow.server.HttpServerExchange$WriteDispatchChannel.write(HttpServerExchange.java:2172) ~[undertow-core-2.3.13.Final.jar:2.3.13.Final]
	at org.xnio.channels.Channels.writeBlocking(Channels.java:202) ~[xnio-api-3.8.8.Final.jar:3.8.8.Final]
	at io.undertow.servlet.spec.ServletOutputStreamImpl.writeTooLargeForBuffer(ServletOutputStreamImpl.java:201) ~[undertow-servlet-2.3.13.Final.jar:2.3.13.Final]
	at io.undertow.servlet.spec.ServletOutputStreamImpl.write(ServletOutputStreamImpl.java:149) ~[undertow-servlet-2.3.13.Final.jar:2.3.13.Final]
	at org.springframework.web.context.request.async.StandardServletAsyncWebRequest$LifecycleServletOutputStream.write(StandardServletAsyncWebRequest.java:375) ~[spring-web-6.1.10.jar:6.1.10]
	at org.springframework.util.StreamUtils$NonClosingOutputStream.write(StreamUtils.java:261) ~[spring-core-6.1.10.jar:6.1.10]
	at com.fasterxml.jackson.core.json.UTF8JsonGenerator._flushBuffer(UTF8JsonGenerator.java:2210) ~[jackson-core-2.17.1.jar:2.17.1]
	at com.fasterxml.jackson.core.json.UTF8JsonGenerator.writeRaw(UTF8JsonGenerator.java:764) ~[jackson-core-2.17.1.jar:2.17.1]
	at com.fasterxml.jackson.core.json.UTF8JsonGenerator.writeRaw(UTF8JsonGenerator.java:674) ~[jackson-core-2.17.1.jar:2.17.1]
	at com.fasterxml.jackson.core.json.UTF8JsonGenerator.writeNumber(UTF8JsonGenerator.java:1050) ~[jackson-core-2.17.1.jar:2.17.1]
	at com.fasterxml.jackson.databind.ser.std.NumberSerializers$DoubleSerializer.serialize(NumberSerializers.java:235) ~[jackson-databind-2.17.1.jar:2.17.1]
	at com.fasterxml.jackson.databind.ser.BeanPropertyWriter.serializeAsField(BeanPropertyWriter.java:732) ~[jackson-databind-2.17.1.jar:2.17.1]
	at com.fasterxml.jackson.databind.ser.std.BeanSerializerBase.serializeFields(BeanSerializerBase.java:770) ~[jackson-databind-2.17.1.jar:2.17.1]
	at com.fasterxml.jackson.databind.ser.BeanSerializer.serialize(BeanSerializer.java:183) ~[jackson-databind-2.17.1.jar:2.17.1]
	at com.fasterxml.jackson.databind.ser.impl.IndexedListSerializer.serializeContents(IndexedListSerializer.java:119) ~[jackson-databind-2.17.1.jar:2.17.1]
	at com.fasterxml.jackson.databind.ser.impl.IndexedListSerializer.serialize(IndexedListSerializer.java:79) ~[jackson-databind-2.17.1.jar:2.17.1]
	at com.fasterxml.jackson.databind.ser.impl.IndexedListSerializer.serialize(IndexedListSerializer.java:18) ~[jackson-databind-2.17.1.jar:2.17.1]
	at com.fasterxml.jackson.databind.ser.BeanPropertyWriter.serializeAsField(BeanPropertyWriter.java:732) ~[jackson-databind-2.17.1.jar:2.17.1]
	at com.fasterxml.jackson.databind.ser.std.BeanSerializerBase.serializeFields(BeanSerializerBase.java:770) ~[jackson-databind-2.17.1.jar:2.17.1]
	at com.fasterxml.jackson.databind.ser.BeanSerializer.serialize(BeanSerializer.java:183) ~[jackson-databind-2.17.1.jar:2.17.1]
	at com.fasterxml.jackson.databind.ser.DefaultSerializerProvider._serialize(DefaultSerializerProvider.java:502) ~[jackson-databind-2.17.1.jar:2.17.1]
	at com.fasterxml.jackson.databind.ser.DefaultSerializerProvider.serializeValue(DefaultSerializerProvider.java:341) ~[jackson-databind-2.17.1.jar:2.17.1]
	at com.fasterxml.jackson.databind.ObjectWriter$Prefetch.serialize(ObjectWriter.java:1574) ~[jackson-databind-2.17.1.jar:2.17.1]
	at com.fasterxml.jackson.databind.ObjectWriter.writeValue(ObjectWriter.java:1061) ~[jackson-databind-2.17.1.jar:2.17.1]
	at org.springframework.http.converter.json.AbstractJackson2HttpMessageConverter.writeInternal(AbstractJackson2HttpMessageConverter.java:483) ~[spring-web-6.1.10.jar:6.1.10]
	... 63 more
[2026-05-21 14:16:24.173] ERROR XNIO-1 task-4 com.jts.gjcxfzksh.exception.handler.GlobalExceptionHandler[63] - 请求地址'/pt/network/tile',发生系统异常. 
org.springframework.web.context.request.async.AsyncRequestNotUsableException: ServletOutputStream failed to write: null
	at org.springframework.web.context.request.async.StandardServletAsyncWebRequest$LifecycleHttpServletResponse.handleIOException(StandardServletAsyncWebRequest.java:320) ~[spring-web-6.1.10.jar:6.1.10]
	at org.springframework.web.context.request.async.StandardServletAsyncWebRequest$LifecycleServletOutputStream.write(StandardServletAsyncWebRequest.java:378) ~[spring-web-6.1.10.jar:6.1.10]
	at org.springframework.util.StreamUtils$NonClosingOutputStream.write(StreamUtils.java:261) ~[spring-core-6.1.10.jar:6.1.10]
	at com.fasterxml.jackson.core.json.UTF8JsonGenerator._flushBuffer(UTF8JsonGenerator.java:2210) ~[jackson-core-2.17.1.jar:2.17.1]
	at com.fasterxml.jackson.core.json.UTF8JsonGenerator.writeRaw(UTF8JsonGenerator.java:764) ~[jackson-core-2.17.1.jar:2.17.1]
	at com.fasterxml.jackson.core.json.UTF8JsonGenerator.writeRaw(UTF8JsonGenerator.java:674) ~[jackson-core-2.17.1.jar:2.17.1]
	at com.fasterxml.jackson.core.json.UTF8JsonGenerator.writeNumber(UTF8JsonGenerator.java:1065) ~[jackson-core-2.17.1.jar:2.17.1]
	at com.fasterxml.jackson.databind.ser.std.NumberSerializers$FloatSerializer.serialize(NumberSerializers.java:214) ~[jackson-databind-2.17.1.jar:2.17.1]
	at com.fasterxml.jackson.databind.ser.BeanPropertyWriter.serializeAsField(BeanPropertyWriter.java:732) ~[jackson-databind-2.17.1.jar:2.17.1]
	at com.fasterxml.jackson.databind.ser.std.BeanSerializerBase.serializeFields(BeanSerializerBase.java:770) ~[jackson-databind-2.17.1.jar:2.17.1]
	at com.fasterxml.jackson.databind.ser.BeanSerializer.serialize(BeanSerializer.java:183) ~[jackson-databind-2.17.1.jar:2.17.1]
	at com.fasterxml.jackson.databind.ser.BeanPropertyWriter.serializeAsField(BeanPropertyWriter.java:732) ~[jackson-databind-2.17.1.jar:2.17.1]
	at com.fasterxml.jackson.databind.ser.std.BeanSerializerBase.serializeFields(BeanSerializerBase.java:770) ~[jackson-databind-2.17.1.jar:2.17.1]
	at com.fasterxml.jackson.databind.ser.BeanSerializer.serialize(BeanSerializer.java:183) ~[jackson-databind-2.17.1.jar:2.17.1]
	at com.fasterxml.jackson.databind.ser.impl.IndexedListSerializer.serializeContents(IndexedListSerializer.java:119) ~[jackson-databind-2.17.1.jar:2.17.1]
	at com.fasterxml.jackson.databind.ser.impl.IndexedListSerializer.serialize(IndexedListSerializer.java:79) ~[jackson-databind-2.17.1.jar:2.17.1]
	at com.fasterxml.jackson.databind.ser.impl.IndexedListSerializer.serialize(IndexedListSerializer.java:18) ~[jackson-databind-2.17.1.jar:2.17.1]
	at com.fasterxml.jackson.databind.ser.BeanPropertyWriter.serializeAsField(BeanPropertyWriter.java:732) ~[jackson-databind-2.17.1.jar:2.17.1]
	at com.fasterxml.jackson.databind.ser.std.BeanSerializerBase.serializeFields(BeanSerializerBase.java:770) ~[jackson-databind-2.17.1.jar:2.17.1]
	at com.fasterxml.jackson.databind.ser.BeanSerializer.serialize(BeanSerializer.java:183) ~[jackson-databind-2.17.1.jar:2.17.1]
	at com.fasterxml.jackson.databind.ser.DefaultSerializerProvider._serialize(DefaultSerializerProvider.java:502) ~[jackson-databind-2.17.1.jar:2.17.1]
	at com.fasterxml.jackson.databind.ser.DefaultSerializerProvider.serializeValue(DefaultSerializerProvider.java:341) ~[jackson-databind-2.17.1.jar:2.17.1]
	at com.fasterxml.jackson.databind.ObjectWriter$Prefetch.serialize(ObjectWriter.java:1574) ~[jackson-databind-2.17.1.jar:2.17.1]
	at com.fasterxml.jackson.databind.ObjectWriter.writeValue(ObjectWriter.java:1061) ~[jackson-databind-2.17.1.jar:2.17.1]
	at org.springframework.http.converter.json.AbstractJackson2HttpMessageConverter.writeInternal(AbstractJackson2HttpMessageConverter.java:483) ~[spring-web-6.1.10.jar:6.1.10]
	at org.springframework.http.converter.AbstractGenericHttpMessageConverter.write(AbstractGenericHttpMessageConverter.java:114) ~[spring-web-6.1.10.jar:6.1.10]
	at org.springframework.web.servlet.mvc.method.annotation.AbstractMessageConverterMethodProcessor.writeWithMessageConverters(AbstractMessageConverterMethodProcessor.java:297) ~[spring-webmvc-6.1.10.jar:6.1.10]
	at org.springframework.web.servlet.mvc.method.annotation.RequestResponseBodyMethodProcessor.handleReturnValue(RequestResponseBodyMethodProcessor.java:192) ~[spring-webmvc-6.1.10.jar:6.1.10]
	at org.springframework.web.method.support.HandlerMethodReturnValueHandlerComposite.handleReturnValue(HandlerMethodReturnValueHandlerComposite.java:78) ~[spring-web-6.1.10.jar:6.1.10]
	at org.springframework.web.servlet.mvc.method.annotation.ServletInvocableHandlerMethod.invokeAndHandle(ServletInvocableHandlerMethod.java:136) ~[spring-webmvc-6.1.10.jar:6.1.10]
	at org.springframework.web.servlet.mvc.method.annotation.RequestMappingHandlerAdapter.invokeHandlerMethod(RequestMappingHandlerAdapter.java:926) ~[spring-webmvc-6.1.10.jar:6.1.10]
	at org.springframework.web.servlet.mvc.method.annotation.RequestMappingHandlerAdapter.handleInternal(RequestMappingHandlerAdapter.java:831) ~[spring-webmvc-6.1.10.jar:6.1.10]
	at org.springframework.web.servlet.mvc.method.AbstractHandlerMethodAdapter.handle(AbstractHandlerMethodAdapter.java:87) ~[spring-webmvc-6.1.10.jar:6.1.10]
	at org.springframework.web.servlet.DispatcherServlet.doDispatch(DispatcherServlet.java:1089) ~[spring-webmvc-6.1.10.jar:6.1.10]
	at org.springframework.web.servlet.DispatcherServlet.doService(DispatcherServlet.java:979) ~[spring-webmvc-6.1.10.jar:6.1.10]
	at org.springframework.web.servlet.FrameworkServlet.processRequest(FrameworkServlet.java:1014) ~[spring-webmvc-6.1.10.jar:6.1.10]
	at org.springframework.web.servlet.FrameworkServlet.doPost(FrameworkServlet.java:914) ~[spring-webmvc-6.1.10.jar:6.1.10]
	at jakarta.servlet.http.HttpServlet.service(HttpServlet.java:547) ~[jakarta.servlet-api-6.0.0.jar:6.0.0]
	at org.springframework.web.servlet.FrameworkServlet.service(FrameworkServlet.java:885) ~[spring-webmvc-6.1.10.jar:6.1.10]
	at jakarta.servlet.http.HttpServlet.service(HttpServlet.java:614) ~[jakarta.servlet-api-6.0.0.jar:6.0.0]
	at io.undertow.servlet.handlers.ServletHandler.handleRequest(ServletHandler.java:74) ~[undertow-servlet-2.3.13.Final.jar:2.3.13.Final]
	at io.undertow.servlet.handlers.FilterHandler$FilterChainImpl.doFilter(FilterHandler.java:129) ~[undertow-servlet-2.3.13.Final.jar:2.3.13.Final]
	at org.springframework.web.filter.CorsFilter.doFilterInternal(CorsFilter.java:91) ~[spring-web-6.1.10.jar:6.1.10]
	at org.springframework.web.filter.OncePerRequestFilter.doFilter(OncePerRequestFilter.java:116) ~[spring-web-6.1.10.jar:6.1.10]
	at io.undertow.servlet.core.ManagedFilter.doFilter(ManagedFilter.java:67) ~[undertow-servlet-2.3.13.Final.jar:2.3.13.Final]
	at io.undertow.servlet.handlers.FilterHandler$FilterChainImpl.doFilter(FilterHandler.java:131) ~[undertow-servlet-2.3.13.Final.jar:2.3.13.Final]
	at org.springframework.web.filter.RequestContextFilter.doFilterInternal(RequestContextFilter.java:100) ~[spring-web-6.1.10.jar:6.1.10]
	at org.springframework.web.filter.OncePerRequestFilter.doFilter(OncePerRequestFilter.java:116) ~[spring-web-6.1.10.jar:6.1.10]
	at io.undertow.servlet.core.ManagedFilter.doFilter(ManagedFilter.java:67) ~[undertow-servlet-2.3.13.Final.jar:2.3.13.Final]
	at io.undertow.servlet.handlers.FilterHandler$FilterChainImpl.doFilter(FilterHandler.java:131) ~[undertow-servlet-2.3.13.Final.jar:2.3.13.Final]
	at org.springframework.web.filter.FormContentFilter.doFilterInternal(FormContentFilter.java:93) ~[spring-web-6.1.10.jar:6.1.10]
	at org.springframework.web.filter.OncePerRequestFilter.doFilter(OncePerRequestFilter.java:116) ~[spring-web-6.1.10.jar:6.1.10]
	at io.undertow.servlet.core.ManagedFilter.doFilter(ManagedFilter.java:67) ~[undertow-servlet-2.3.13.Final.jar:2.3.13.Final]
	at io.undertow.servlet.handlers.FilterHandler$FilterChainImpl.doFilter(FilterHandler.java:131) ~[undertow-servlet-2.3.13.Final.jar:2.3.13.Final]
	at org.springframework.web.filter.CharacterEncodingFilter.doFilterInternal(CharacterEncodingFilter.java:201) ~[spring-web-6.1.10.jar:6.1.10]
	at org.springframework.web.filter.OncePerRequestFilter.doFilter(OncePerRequestFilter.java:116) ~[spring-web-6.1.10.jar:6.1.10]
	at io.undertow.servlet.core.ManagedFilter.doFilter(ManagedFilter.java:67) ~[undertow-servlet-2.3.13.Final.jar:2.3.13.Final]
	at io.undertow.servlet.handlers.FilterHandler$FilterChainImpl.doFilter(FilterHandler.java:131) ~[undertow-servlet-2.3.13.Final.jar:2.3.13.Final]
	at io.undertow.servlet.handlers.FilterHandler.handleRequest(FilterHandler.java:84) ~[undertow-servlet-2.3.13.Final.jar:2.3.13.Final]
	at io.undertow.servlet.handlers.security.ServletSecurityRoleHandler.handleRequest(ServletSecurityRoleHandler.java:62) ~[undertow-servlet-2.3.13.Final.jar:2.3.13.Final]
	at io.undertow.servlet.handlers.ServletChain$1.handleRequest(ServletChain.java:68) ~[undertow-servlet-2.3.13.Final.jar:2.3.13.Final]
	at io.undertow.servlet.handlers.ServletDispatchingHandler.handleRequest(ServletDispatchingHandler.java:36) ~[undertow-servlet-2.3.13.Final.jar:2.3.13.Final]
	at io.undertow.servlet.handlers.RedirectDirHandler.handleRequest(RedirectDirHandler.java:68) ~[undertow-servlet-2.3.13.Final.jar:2.3.13.Final]
	at io.undertow.servlet.handlers.security.SSLInformationAssociationHandler.handleRequest(SSLInformationAssociationHandler.java:117) ~[undertow-servlet-2.3.13.Final.jar:2.3.13.Final]
	at io.undertow.servlet.handlers.security.ServletAuthenticationCallHandler.handleRequest(ServletAuthenticationCallHandler.java:57) ~[undertow-servlet-2.3.13.Final.jar:2.3.13.Final]
	at io.undertow.server.handlers.PredicateHandler.handleRequest(PredicateHandler.java:43) ~[undertow-core-2.3.13.Final.jar:2.3.13.Final]
	at io.undertow.security.handlers.AbstractConfidentialityHandler.handleRequest(AbstractConfidentialityHandler.java:46) ~[undertow-core-2.3.13.Final.jar:2.3.13.Final]
	at io.undertow.servlet.handlers.security.ServletConfidentialityConstraintHandler.handleRequest(ServletConfidentialityConstraintHandler.java:64) ~[undertow-servlet-2.3.13.Final.jar:2.3.13.Final]
	at io.undertow.security.handlers.AuthenticationMechanismsHandler.handleRequest(AuthenticationMechanismsHandler.java:60) ~[undertow-core-2.3.13.Final.jar:2.3.13.Final]
	at io.undertow.servlet.handlers.security.CachedAuthenticatedSessionHandler.handleRequest(CachedAuthenticatedSessionHandler.java:77) ~[undertow-servlet-2.3.13.Final.jar:2.3.13.Final]
	at io.undertow.security.handlers.AbstractSecurityContextAssociationHandler.handleRequest(AbstractSecurityContextAssociationHandler.java:43) ~[undertow-core-2.3.13.Final.jar:2.3.13.Final]
	at io.undertow.server.handlers.PredicateHandler.handleRequest(PredicateHandler.java:43) ~[undertow-core-2.3.13.Final.jar:2.3.13.Final]
	at io.undertow.servlet.handlers.SendErrorPageHandler.handleRequest(SendErrorPageHandler.java:52) ~[undertow-servlet-2.3.13.Final.jar:2.3.13.Final]
	at io.undertow.server.handlers.PredicateHandler.handleRequest(PredicateHandler.java:43) ~[undertow-core-2.3.13.Final.jar:2.3.13.Final]
	at io.undertow.servlet.handlers.ServletInitialHandler.handleFirstRequest(ServletInitialHandler.java:276) ~[undertow-servlet-2.3.13.Final.jar:2.3.13.Final]
	at io.undertow.servlet.handlers.ServletInitialHandler$2.call(ServletInitialHandler.java:135) ~[undertow-servlet-2.3.13.Final.jar:2.3.13.Final]
	at io.undertow.servlet.handlers.ServletInitialHandler$2.call(ServletInitialHandler.java:132) ~[undertow-servlet-2.3.13.Final.jar:2.3.13.Final]
	at io.undertow.servlet.core.ServletRequestContextThreadSetupAction$1.call(ServletRequestContextThreadSetupAction.java:48) ~[undertow-servlet-2.3.13.Final.jar:2.3.13.Final]
	at io.undertow.servlet.core.ContextClassLoaderSetupAction$1.call(ContextClassLoaderSetupAction.java:43) ~[undertow-servlet-2.3.13.Final.jar:2.3.13.Final]
	at io.undertow.servlet.handlers.ServletInitialHandler.dispatchRequest(ServletInitialHandler.java:256) ~[undertow-servlet-2.3.13.Final.jar:2.3.13.Final]
	at io.undertow.servlet.handlers.ServletInitialHandler$1.handleRequest(ServletInitialHandler.java:101) ~[undertow-servlet-2.3.13.Final.jar:2.3.13.Final]
	at io.undertow.server.Connectors.executeRootHandler(Connectors.java:393) ~[undertow-core-2.3.13.Final.jar:2.3.13.Final]
	at io.undertow.server.HttpServerExchange$1.run(HttpServerExchange.java:859) ~[undertow-core-2.3.13.Final.jar:2.3.13.Final]
	at org.jboss.threads.ContextHandler$1.runWith(ContextHandler.java:18) ~[jboss-threads-3.5.0.Final.jar:3.5.0.Final]
	at org.jboss.threads.EnhancedQueueExecutor$Task.run(EnhancedQueueExecutor.java:2513) ~[jboss-threads-3.5.0.Final.jar:3.5.0.Final]
	at org.jboss.threads.EnhancedQueueExecutor$ThreadBody.run(EnhancedQueueExecutor.java:1538) ~[jboss-threads-3.5.0.Final.jar:3.5.0.Final]
	at org.xnio.XnioWorker$WorkerThreadFactory$1$1.run(XnioWorker.java:1282) ~[xnio-api-3.8.8.Final.jar:3.8.8.Final]
	at java.base/java.lang.Thread.run(Thread.java:1583) [?:?]
	Suppressed: org.springframework.web.context.request.async.AsyncRequestNotUsableException: Response not usable after response errors.
		at org.springframework.web.context.request.async.StandardServletAsyncWebRequest$LifecycleHttpServletResponse.obtainLockAndCheckState(StandardServletAsyncWebRequest.java:314) ~[spring-web-6.1.10.jar:6.1.10]
		at org.springframework.web.context.request.async.StandardServletAsyncWebRequest$LifecycleServletOutputStream.write(StandardServletAsyncWebRequest.java:373) ~[spring-web-6.1.10.jar:6.1.10]
		at org.springframework.util.StreamUtils$NonClosingOutputStream.write(StreamUtils.java:261) ~[spring-core-6.1.10.jar:6.1.10]
		at com.fasterxml.jackson.core.json.UTF8JsonGenerator._flushBuffer(UTF8JsonGenerator.java:2210) ~[jackson-core-2.17.1.jar:2.17.1]
		at com.fasterxml.jackson.core.json.UTF8JsonGenerator.close(UTF8JsonGenerator.java:1234) ~[jackson-core-2.17.1.jar:2.17.1]
		at org.springframework.http.converter.json.AbstractJackson2HttpMessageConverter.writeInternal(AbstractJackson2HttpMessageConverter.java:452) ~[spring-web-6.1.10.jar:6.1.10]
		at org.springframework.http.converter.AbstractGenericHttpMessageConverter.write(AbstractGenericHttpMessageConverter.java:114) ~[spring-web-6.1.10.jar:6.1.10]
		at org.springframework.web.servlet.mvc.method.annotation.AbstractMessageConverterMethodProcessor.writeWithMessageConverters(AbstractMessageConverterMethodProcessor.java:297) ~[spring-webmvc-6.1.10.jar:6.1.10]
		at org.springframework.web.servlet.mvc.method.annotation.RequestResponseBodyMethodProcessor.handleReturnValue(RequestResponseBodyMethodProcessor.java:192) ~[spring-webmvc-6.1.10.jar:6.1.10]
		at org.springframework.web.method.support.HandlerMethodReturnValueHandlerComposite.handleReturnValue(HandlerMethodReturnValueHandlerComposite.java:78) ~[spring-web-6.1.10.jar:6.1.10]
		at org.springframework.web.servlet.mvc.method.annotation.ServletInvocableHandlerMethod.invokeAndHandle(ServletInvocableHandlerMethod.java:136) ~[spring-webmvc-6.1.10.jar:6.1.10]
		at org.springframework.web.servlet.mvc.method.annotation.RequestMappingHandlerAdapter.invokeHandlerMethod(RequestMappingHandlerAdapter.java:926) ~[spring-webmvc-6.1.10.jar:6.1.10]
		at org.springframework.web.servlet.mvc.method.annotation.RequestMappingHandlerAdapter.handleInternal(RequestMappingHandlerAdapter.java:831) ~[spring-webmvc-6.1.10.jar:6.1.10]
		at org.springframework.web.servlet.mvc.method.AbstractHandlerMethodAdapter.handle(AbstractHandlerMethodAdapter.java:87) ~[spring-webmvc-6.1.10.jar:6.1.10]
		at org.springframework.web.servlet.DispatcherServlet.doDispatch(DispatcherServlet.java:1089) ~[spring-webmvc-6.1.10.jar:6.1.10]
		at org.springframework.web.servlet.DispatcherServlet.doService(DispatcherServlet.java:979) ~[spring-webmvc-6.1.10.jar:6.1.10]
		at org.springframework.web.servlet.FrameworkServlet.processRequest(FrameworkServlet.java:1014) ~[spring-webmvc-6.1.10.jar:6.1.10]
		at org.springframework.web.servlet.FrameworkServlet.doPost(FrameworkServlet.java:914) ~[spring-webmvc-6.1.10.jar:6.1.10]
		at jakarta.servlet.http.HttpServlet.service(HttpServlet.java:547) ~[jakarta.servlet-api-6.0.0.jar:6.0.0]
		at org.springframework.web.servlet.FrameworkServlet.service(FrameworkServlet.java:885) ~[spring-webmvc-6.1.10.jar:6.1.10]
		at jakarta.servlet.http.HttpServlet.service(HttpServlet.java:614) ~[jakarta.servlet-api-6.0.0.jar:6.0.0]
		at io.undertow.servlet.handlers.ServletHandler.handleRequest(ServletHandler.java:74) ~[undertow-servlet-2.3.13.Final.jar:2.3.13.Final]
		at io.undertow.servlet.handlers.FilterHandler$FilterChainImpl.doFilter(FilterHandler.java:129) ~[undertow-servlet-2.3.13.Final.jar:2.3.13.Final]
		at org.springframework.web.filter.CorsFilter.doFilterInternal(CorsFilter.java:91) ~[spring-web-6.1.10.jar:6.1.10]
		at org.springframework.web.filter.OncePerRequestFilter.doFilter(OncePerRequestFilter.java:116) ~[spring-web-6.1.10.jar:6.1.10]
		at io.undertow.servlet.core.ManagedFilter.doFilter(ManagedFilter.java:67) ~[undertow-servlet-2.3.13.Final.jar:2.3.13.Final]
		at io.undertow.servlet.handlers.FilterHandler$FilterChainImpl.doFilter(FilterHandler.java:131) ~[undertow-servlet-2.3.13.Final.jar:2.3.13.Final]
		at org.springframework.web.filter.RequestContextFilter.doFilterInternal(RequestContextFilter.java:100) ~[spring-web-6.1.10.jar:6.1.10]
		at org.springframework.web.filter.OncePerRequestFilter.doFilter(OncePerRequestFilter.java:116) ~[spring-web-6.1.10.jar:6.1.10]
		at io.undertow.servlet.core.ManagedFilter.doFilter(ManagedFilter.java:67) ~[undertow-servlet-2.3.13.Final.jar:2.3.13.Final]
		at io.undertow.servlet.handlers.FilterHandler$FilterChainImpl.doFilter(FilterHandler.java:131) ~[undertow-servlet-2.3.13.Final.jar:2.3.13.Final]
		at org.springframework.web.filter.FormContentFilter.doFilterInternal(FormContentFilter.java:93) ~[spring-web-6.1.10.jar:6.1.10]
		at org.springframework.web.filter.OncePerRequestFilter.doFilter(OncePerRequestFilter.java:116) ~[spring-web-6.1.10.jar:6.1.10]
		at io.undertow.servlet.core.ManagedFilter.doFilter(ManagedFilter.java:67) ~[undertow-servlet-2.3.13.Final.jar:2.3.13.Final]
		at io.undertow.servlet.handlers.FilterHandler$FilterChainImpl.doFilter(FilterHandler.java:131) ~[undertow-servlet-2.3.13.Final.jar:2.3.13.Final]
		at org.springframework.web.filter.CharacterEncodingFilter.doFilterInternal(CharacterEncodingFilter.java:201) ~[spring-web-6.1.10.jar:6.1.10]
		at org.springframework.web.filter.OncePerRequestFilter.doFilter(OncePerRequestFilter.java:116) ~[spring-web-6.1.10.jar:6.1.10]
		at io.undertow.servlet.core.ManagedFilter.doFilter(ManagedFilter.java:67) ~[undertow-servlet-2.3.13.Final.jar:2.3.13.Final]
		at io.undertow.servlet.handlers.FilterHandler$FilterChainImpl.doFilter(FilterHandler.java:131) ~[undertow-servlet-2.3.13.Final.jar:2.3.13.Final]
		at io.undertow.servlet.handlers.FilterHandler.handleRequest(FilterHandler.java:84) ~[undertow-servlet-2.3.13.Final.jar:2.3.13.Final]
		at io.undertow.servlet.handlers.security.ServletSecurityRoleHandler.handleRequest(ServletSecurityRoleHandler.java:62) ~[undertow-servlet-2.3.13.Final.jar:2.3.13.Final]
		at io.undertow.servlet.handlers.ServletChain$1.handleRequest(ServletChain.java:68) ~[undertow-servlet-2.3.13.Final.jar:2.3.13.Final]
		at io.undertow.servlet.handlers.ServletDispatchingHandler.handleRequest(ServletDispatchingHandler.java:36) ~[undertow-servlet-2.3.13.Final.jar:2.3.13.Final]
		at io.undertow.servlet.handlers.RedirectDirHandler.handleRequest(RedirectDirHandler.java:68) ~[undertow-servlet-2.3.13.Final.jar:2.3.13.Final]
		at io.undertow.servlet.handlers.security.SSLInformationAssociationHandler.handleRequest(SSLInformationAssociationHandler.java:117) ~[undertow-servlet-2.3.13.Final.jar:2.3.13.Final]
		at io.undertow.servlet.handlers.security.ServletAuthenticationCallHandler.handleRequest(ServletAuthenticationCallHandler.java:57) ~[undertow-servlet-2.3.13.Final.jar:2.3.13.Final]
		at io.undertow.server.handlers.PredicateHandler.handleRequest(PredicateHandler.java:43) ~[undertow-core-2.3.13.Final.jar:2.3.13.Final]
		at io.undertow.security.handlers.AbstractConfidentialityHandler.handleRequest(AbstractConfidentialityHandler.java:46) ~[undertow-core-2.3.13.Final.jar:2.3.13.Final]
		at io.undertow.servlet.handlers.security.ServletConfidentialityConstraintHandler.handleRequest(ServletConfidentialityConstraintHandler.java:64) ~[undertow-servlet-2.3.13.Final.jar:2.3.13.Final]
		at io.undertow.security.handlers.AuthenticationMechanismsHandler.handleRequest(AuthenticationMechanismsHandler.java:60) ~[undertow-core-2.3.13.Final.jar:2.3.13.Final]
		at io.undertow.servlet.handlers.security.CachedAuthenticatedSessionHandler.handleRequest(CachedAuthenticatedSessionHandler.java:77) ~[undertow-servlet-2.3.13.Final.jar:2.3.13.Final]
		at io.undertow.security.handlers.AbstractSecurityContextAssociationHandler.handleRequest(AbstractSecurityContextAssociationHandler.java:43) ~[undertow-core-2.3.13.Final.jar:2.3.13.Final]
		at io.undertow.server.handlers.PredicateHandler.handleRequest(PredicateHandler.java:43) ~[undertow-core-2.3.13.Final.jar:2.3.13.Final]
		at io.undertow.servlet.handlers.SendErrorPageHandler.handleRequest(SendErrorPageHandler.java:52) ~[undertow-servlet-2.3.13.Final.jar:2.3.13.Final]
		at io.undertow.server.handlers.PredicateHandler.handleRequest(PredicateHandler.java:43) ~[undertow-core-2.3.13.Final.jar:2.3.13.Final]
		at io.undertow.servlet.handlers.ServletInitialHandler.handleFirstRequest(ServletInitialHandler.java:276) ~[undertow-servlet-2.3.13.Final.jar:2.3.13.Final]
		at io.undertow.servlet.handlers.ServletInitialHandler$2.call(ServletInitialHandler.java:135) ~[undertow-servlet-2.3.13.Final.jar:2.3.13.Final]
		at io.undertow.servlet.handlers.ServletInitialHandler$2.call(ServletInitialHandler.java:132) ~[undertow-servlet-2.3.13.Final.jar:2.3.13.Final]
		at io.undertow.servlet.core.ServletRequestContextThreadSetupAction$1.call(ServletRequestContextThreadSetupAction.java:48) ~[undertow-servlet-2.3.13.Final.jar:2.3.13.Final]
		at io.undertow.servlet.core.ContextClassLoaderSetupAction$1.call(ContextClassLoaderSetupAction.java:43) ~[undertow-servlet-2.3.13.Final.jar:2.3.13.Final]
		at io.undertow.servlet.handlers.ServletInitialHandler.dispatchRequest(ServletInitialHandler.java:256) ~[undertow-servlet-2.3.13.Final.jar:2.3.13.Final]
		at io.undertow.servlet.handlers.ServletInitialHandler$1.handleRequest(ServletInitialHandler.java:101) ~[undertow-servlet-2.3.13.Final.jar:2.3.13.Final]
		at io.undertow.server.Connectors.executeRootHandler(Connectors.java:393) ~[undertow-core-2.3.13.Final.jar:2.3.13.Final]
		at io.undertow.server.HttpServerExchange$1.run(HttpServerExchange.java:859) ~[undertow-core-2.3.13.Final.jar:2.3.13.Final]
		at org.jboss.threads.ContextHandler$1.runWith(ContextHandler.java:18) ~[jboss-threads-3.5.0.Final.jar:3.5.0.Final]
		at org.jboss.threads.EnhancedQueueExecutor$Task.run(EnhancedQueueExecutor.java:2513) ~[jboss-threads-3.5.0.Final.jar:3.5.0.Final]
		at org.jboss.threads.EnhancedQueueExecutor$ThreadBody.run(EnhancedQueueExecutor.java:1538) ~[jboss-threads-3.5.0.Final.jar:3.5.0.Final]
		at org.xnio.XnioWorker$WorkerThreadFactory$1$1.run(XnioWorker.java:1282) ~[xnio-api-3.8.8.Final.jar:3.8.8.Final]
		at java.base/java.lang.Thread.run(Thread.java:1583) [?:?]
Caused by: java.nio.channels.ClosedChannelException
	at io.undertow.channels.DetachableStreamSinkChannel.write(DetachableStreamSinkChannel.java:177) ~[undertow-core-2.3.13.Final.jar:2.3.13.Final]
	at io.undertow.server.HttpServerExchange$WriteDispatchChannel.write(HttpServerExchange.java:2172) ~[undertow-core-2.3.13.Final.jar:2.3.13.Final]
	at org.xnio.channels.Channels.writeBlocking(Channels.java:202) ~[xnio-api-3.8.8.Final.jar:3.8.8.Final]
	at io.undertow.servlet.spec.ServletOutputStreamImpl.writeTooLargeForBuffer(ServletOutputStreamImpl.java:201) ~[undertow-servlet-2.3.13.Final.jar:2.3.13.Final]
	at io.undertow.servlet.spec.ServletOutputStreamImpl.write(ServletOutputStreamImpl.java:149) ~[undertow-servlet-2.3.13.Final.jar:2.3.13.Final]
	at org.springframework.web.context.request.async.StandardServletAsyncWebRequest$LifecycleServletOutputStream.write(StandardServletAsyncWebRequest.java:375) ~[spring-web-6.1.10.jar:6.1.10]
	... 86 more
[2026-05-21 14:16:29.507] INFO background-preinit org.hibernate.validator.internal.util.Version[21] - HV000001: Hibernate Validator 8.0.1.Final 
[2026-05-21 14:16:29.537] INFO main com.jts.gjcxfzksh.Application[50] - Starting Application using Java 25.0.2 with PID 56982 (/Users/a../模型算法/新公交平台/backend/target/classes started by a.. in /Users/a../模型算法/新公交平台/backend) 
[2026-05-21 14:16:29.540] INFO main com.jts.gjcxfzksh.Application[654] - No active profile set, falling back to 1 default profile: "default" 
[2026-05-21 14:16:30.215] INFO main io.undertow.servlet[372] - Initializing Spring embedded WebApplicationContext 
[2026-05-21 14:16:30.294] INFO main com.jts.gjcxfzksh.config.MatsimConfig[93] - 共找到1个方案 
[2026-05-21 14:16:30.942] INFO main io.undertow[120] - starting server: Undertow - 2.3.13.Final 
[2026-05-21 14:16:30.949] INFO main org.xnio[95] - XNIO version 3.8.8.Final 
[2026-05-21 14:16:30.955] INFO main org.xnio.nio[58] - XNIO NIO Implementation Version 3.8.8.Final 
[2026-05-21 14:16:30.978] INFO main org.jboss.threads[55] - JBoss Threads version 3.5.0.Final 
[2026-05-21 14:16:31.025] INFO main com.jts.gjcxfzksh.Application[56] - Started Application in 1.695 seconds (process running for 2.266) 
[2026-05-21 14:16:33.248] INFO XNIO-1 task-3 io.undertow.servlet[372] - Initializing Spring DispatcherServlet 'dispatcherServlet' 
[2026-05-21 14:16:44.761] INFO XNIO-1 task-2 com.jts.gjcxfzksh.api.service.impl.SchemeServiceImpl[64] - [广州市/广州市抽样模型]已加载，无需重复加载 
[2026-05-21 14:16:44.781] INFO XNIO-1 task-2 org.matsim.core.utils.io.IOUtils[224] - Resolved /Volumes/USB DISK/pt_data/广州市/广州市抽样模型/output/output_config_reduced.xml to /Volumes/USB DISK/pt_data/广州市/广州市抽样模型/output/output_config_reduced.xml 
[2026-05-21 14:16:44.783] INFO XNIO-1 task-2 org.matsim.core.config.Config[550] - setting context to [file:/Users/a../%E6%A8%A1%E5%9E%8B%E7%AE%97%E6%B3%95/%E6%96%B0%E5%85%AC%E4%BA%A4%E5%B9%B3%E5%8F%B0/backend/] 
[2026-05-21 14:16:44.808] INFO XNIO-1 task-2 org.matsim.core.utils.io.MatsimXmlParser[170] - starting to parse xml from url file:/Volumes/USB%20DISK/pt_data/广州市/广州市抽样模型/output/output_config_reduced.xml ... 
[2026-05-21 14:16:44.832] INFO XNIO-1 task-2 org.matsim.core.config.ConfigReader[105] - using config_v2-reader 
[2026-05-21 14:16:44.832] INFO XNIO-1 task-2 org.matsim.core.utils.io.MatsimXmlParser[296] - Trying to load http://www.matsim.org/files/dtd/config_v2.dtd. In some cases (e.g. network interface up but no connection), this may take a bit. 
[2026-05-21 14:16:46.051] INFO XNIO-1 task-2 org.matsim.core.config.groups.GlobalConfigGroup[93] - setting number of threads to: 8 
[2026-05-21 14:16:46.055] WARN XNIO-1 task-2 org.matsim.core.config.groups.RoutingConfigGroup[403] - The first mode routing (= teleported mode) params that are explicitly defined clear the default mode routing (= teleported mode) params.  If you want to avoid this  
[2026-05-21 14:16:46.055] WARN XNIO-1 task-2 org.matsim.core.config.groups.RoutingConfigGroup[404] -     warning, use clearTeleportedModeParams(true) in code, and "clearDefaultTeleportedModeParams"=true in xml config. 
[2026-05-21 14:16:46.059] INFO XNIO-1 task-2 org.matsim.core.config.groups.ScoringConfigGroup[560] - scoring parameters for subpopulation null were just replaced. 
[2026-05-21 14:16:46.061] INFO XNIO-1 task-2 org.matsim.core.config.Config[550] - setting context to [file:/Volumes/USB%20DISK/pt_data/广州市/广州市抽样模型/output/output_config_reduced.xml] 
[2026-05-21 14:16:46.066] INFO XNIO-1 task-2 org.matsim.core.config.Config[550] - setting context to [file:/Users/a../%E6%A8%A1%E5%9E%8B%E7%AE%97%E6%B3%95/%E6%96%B0%E5%85%AC%E4%BA%A4%E5%B9%B3%E5%8F%B0/backend/] 
[2026-05-21 14:16:46.068] INFO XNIO-1 task-2 org.matsim.core.utils.io.MatsimXmlParser[153] - starting to parse xml from file /Volumes/USB DISK/pt_data/广州市/广州市抽样模型/output/output_config_reduced.xml ... 
[2026-05-21 14:16:46.068] INFO XNIO-1 task-2 org.matsim.core.utils.io.IOUtils[224] - Resolved /Volumes/USB DISK/pt_data/广州市/广州市抽样模型/output/output_config_reduced.xml to /Volumes/USB DISK/pt_data/广州市/广州市抽样模型/output/output_config_reduced.xml 
[2026-05-21 14:16:46.069] INFO XNIO-1 task-2 org.matsim.core.config.ConfigReader[105] - using config_v2-reader 
[2026-05-21 14:16:46.069] INFO XNIO-1 task-2 org.matsim.core.utils.io.MatsimXmlParser[296] - Trying to load http://www.matsim.org/files/dtd/config_v2.dtd. In some cases (e.g. network interface up but no connection), this may take a bit. 
[2026-05-21 14:16:46.345] INFO XNIO-1 task-2 org.matsim.core.config.groups.GlobalConfigGroup[93] - setting number of threads to: 8 
[2026-05-21 14:16:46.346] WARN XNIO-1 task-2 org.matsim.core.config.groups.RoutingConfigGroup[403] - The first mode routing (= teleported mode) params that are explicitly defined clear the default mode routing (= teleported mode) params.  If you want to avoid this  
[2026-05-21 14:16:46.346] WARN XNIO-1 task-2 org.matsim.core.config.groups.RoutingConfigGroup[404] -     warning, use clearTeleportedModeParams(true) in code, and "clearDefaultTeleportedModeParams"=true in xml config. 
[2026-05-21 14:16:46.349] INFO XNIO-1 task-2 org.matsim.core.config.groups.ScoringConfigGroup[560] - scoring parameters for subpopulation null were just replaced. 
[2026-05-21 14:16:46.366] INFO XNIO-1 task-2 org.matsim.core.scenario.ScenarioLoaderImpl[135] - loading network from file:/Volumes/USB%20DISK/pt_data/广州市/广州市抽样模型/output/output_network.xml.gz 
[2026-05-21 14:16:46.367] INFO XNIO-1 task-2 org.matsim.core.utils.io.MatsimXmlParser[170] - starting to parse xml from url file:/Volumes/USB%20DISK/pt_data/广州市/广州市抽样模型/output/output_network.xml.gz ... 
[2026-05-21 14:16:46.374] INFO XNIO-1 task-2 org.matsim.core.network.io.MatsimNetworkReader[122] - using network_v2-reader. 
[2026-05-21 14:16:46.374] INFO XNIO-1 task-2 org.matsim.core.utils.io.MatsimXmlParser[296] - Trying to load http://www.matsim.org/files/dtd/network_v2.dtd. In some cases (e.g. network interface up but no connection), this may take a bit. 
[2026-05-21 14:16:46.734] INFO XNIO-1 task-2 org.matsim.core.network.NetworkImpl[165] -  node # 1 
[2026-05-21 14:16:46.735] INFO XNIO-1 task-2 org.matsim.core.network.NetworkImpl[165] -  node # 4 
[2026-05-21 14:16:46.735] INFO XNIO-1 task-2 org.matsim.core.network.NetworkImpl[165] -  node # 16 
[2026-05-21 14:16:46.736] INFO XNIO-1 task-2 org.matsim.core.network.NetworkImpl[165] -  node # 64 
[2026-05-21 14:16:46.739] INFO XNIO-1 task-2 org.matsim.core.network.NetworkImpl[165] -  node # 256 
[2026-05-21 14:16:46.743] INFO XNIO-1 task-2 org.matsim.core.network.NetworkImpl[165] -  node # 1024 
[2026-05-21 14:16:46.752] INFO XNIO-1 task-2 org.matsim.core.network.NetworkImpl[165] -  node # 4096 
[2026-05-21 14:16:46.779] INFO XNIO-1 task-2 org.matsim.core.network.NetworkImpl[165] -  node # 16384 
[2026-05-21 14:16:46.875] INFO XNIO-1 task-2 org.matsim.core.network.NetworkImpl[165] -  node # 65536 
[2026-05-21 14:16:47.198] INFO XNIO-1 task-2 org.matsim.core.network.NetworkImpl[165] -  node # 262144 
[2026-05-21 14:16:47.983] INFO XNIO-1 task-2 org.matsim.core.network.NetworkImpl[161] -  link # 1 
[2026-05-21 14:16:47.984] INFO XNIO-1 task-2 org.matsim.core.network.NetworkImpl[161] -  link # 4 
[2026-05-21 14:16:47.984] INFO XNIO-1 task-2 org.matsim.core.network.NetworkImpl[161] -  link # 16 
[2026-05-21 14:16:47.984] INFO XNIO-1 task-2 org.matsim.core.network.NetworkImpl[161] -  link # 64 
[2026-05-21 14:16:47.986] INFO XNIO-1 task-2 org.matsim.core.network.NetworkImpl[161] -  link # 256 
[2026-05-21 14:16:47.990] INFO XNIO-1 task-2 org.matsim.core.network.NetworkImpl[161] -  link # 1024 
[2026-05-21 14:16:48.001] INFO XNIO-1 task-2 org.matsim.core.network.NetworkImpl[161] -  link # 4096 
[2026-05-21 14:16:48.045] INFO XNIO-1 task-2 org.matsim.core.network.NetworkImpl[161] -  link # 16384 
[2026-05-21 14:16:48.229] INFO XNIO-1 task-2 org.matsim.core.network.NetworkImpl[161] -  link # 65536 
[2026-05-21 14:16:49.022] INFO XNIO-1 task-2 org.matsim.core.network.NetworkImpl[161] -  link # 262144 
[2026-05-21 14:16:52.641] INFO XNIO-1 task-2 org.matsim.core.scenario.ScenarioLoaderImpl[160] - loading facilities from file:/Volumes/USB%20DISK/pt_data/广州市/广州市抽样模型/output/output_facilities.xml.gz 
[2026-05-21 14:16:52.642] INFO XNIO-1 task-2 org.matsim.core.utils.io.MatsimXmlParser[170] - starting to parse xml from url file:/Volumes/USB%20DISK/pt_data/广州市/广州市抽样模型/output/output_facilities.xml.gz ... 
[2026-05-21 14:16:52.643] INFO XNIO-1 task-2 org.matsim.facilities.MatsimFacilitiesReader[143] - using facilities_v2-reader. 
[2026-05-21 14:16:52.643] INFO XNIO-1 task-2 org.matsim.core.utils.io.MatsimXmlParser[296] - Trying to load http://www.matsim.org/files/dtd/facilities_v2.dtd. In some cases (e.g. network interface up but no connection), this may take a bit. 
[2026-05-21 14:16:53.516] INFO XNIO-1 task-2 org.matsim.core.scenario.ScenarioLoaderImpl[169] - loaded 0 facilities from file:/Volumes/USB%20DISK/pt_data/广州市/广州市抽样模型/output/output_facilities.xml.gz 
[2026-05-21 14:16:53.516] INFO XNIO-1 task-2 org.matsim.core.scenario.ScenarioLoaderImpl[188] - no facility-attributes file set in config, not loading any facility attributes 
[2026-05-21 14:16:53.518] INFO XNIO-1 task-2 org.matsim.core.scenario.ScenarioLoaderImpl[196] - loading population from file:/Volumes/USB%20DISK/pt_data/广州市/广州市抽样模型/output/output_plans.xml.gz 
[2026-05-21 14:16:53.525] INFO XNIO-1 task-2 org.matsim.core.utils.io.MatsimXmlParser[170] - starting to parse xml from url file:/Volumes/USB%20DISK/pt_data/广州市/广州市抽样模型/output/output_plans.xml.gz ... 
[2026-05-21 14:16:53.527] INFO XNIO-1 task-2 org.matsim.core.population.io.PopulationReader[135] - using population_v6-reader. 
[2026-05-21 14:16:53.527] INFO XNIO-1 task-2 org.matsim.core.utils.io.MatsimXmlParser[296] - Trying to load http://www.matsim.org/files/dtd/population_v6.dtd. In some cases (e.g. network interface up but no connection), this may take a bit. 
[2026-05-21 14:16:53.818] WARN XNIO-1 task-2 org.matsim.core.population.io.PopulationReaderMatsimV6[227] - coordinate transformation defined both in config and in input file: setting from input file will be used 
[2026-05-21 14:16:53.819] INFO XNIO-1 task-2 org.matsim.core.population.io.ParallelPopulationReaderMatsimV6[168] - Start parallel population reading... 
[2026-05-21 14:16:53.822] INFO XNIO-1 task-2 org.matsim.core.population.PopulationImpl[107] -  person # 1 
[2026-05-21 14:16:53.826] INFO XNIO-1 task-2 org.matsim.core.population.PopulationImpl[107] -  person # 4 
[2026-05-21 14:16:53.829] INFO XNIO-1 task-2 org.matsim.core.population.PopulationImpl[107] -  person # 16 
[2026-05-21 14:16:53.836] INFO XNIO-1 task-2 org.matsim.core.population.PopulationImpl[107] -  person # 64 
[2026-05-21 14:16:53.858] INFO XNIO-1 task-2 org.matsim.core.population.PopulationImpl[107] -  person # 256 
[2026-05-21 14:16:53.925] INFO XNIO-1 task-2 org.matsim.core.population.PopulationImpl[107] -  person # 1024 
[2026-05-21 14:16:54.194] INFO XNIO-1 task-2 org.matsim.core.population.PopulationImpl[107] -  person # 4096 
[2026-05-21 14:16:55.151] INFO XNIO-1 task-2 org.matsim.core.population.PopulationImpl[107] -  person # 16384 
[2026-05-21 14:17:00.611] INFO XNIO-1 task-2 org.matsim.core.population.PopulationImpl[107] -  person # 65536 
[2026-05-21 14:17:15.996] INFO XNIO-1 task-2 org.matsim.core.population.io.ParallelPopulationReaderMatsimV6[238] - Finished parallel population reading... 
[2026-05-21 14:17:15.997] INFO XNIO-1 task-2 org.matsim.core.population.PopulationUtils[1122] -  person # 199488 
[2026-05-21 14:17:15.997] INFO XNIO-1 task-2 org.matsim.core.scenario.ScenarioLoaderImpl[244] - no person-attributes file set in config, not loading any person attributes 
[2026-05-21 14:17:15.997] INFO XNIO-1 task-2 org.matsim.core.scenario.ScenarioLoaderImpl[258] - no households file set in config, not loading households 
[2026-05-21 14:17:16.002] INFO XNIO-1 task-2 org.matsim.core.utils.io.MatsimXmlParser[170] - starting to parse xml from url file:/Volumes/USB%20DISK/pt_data/广州市/广州市抽样模型/output/output_transitSchedule.xml.gz ... 
[2026-05-21 14:17:16.004] INFO XNIO-1 task-2 org.matsim.core.utils.io.MatsimXmlParser[296] - Trying to load http://www.matsim.org/files/dtd/transitSchedule_v2.dtd. In some cases (e.g. network interface up but no connection), this may take a bit. 
[2026-05-21 14:17:18.893] INFO XNIO-1 task-2 org.matsim.core.scenario.ScenarioLoaderImpl[329] - loading transit vehicles from /Volumes/USB DISK/pt_data/广州市/广州市抽样模型/output/output_transitVehicles.xml.gz 
[2026-05-21 14:17:18.896] INFO XNIO-1 task-2 org.matsim.core.utils.io.MatsimXmlParser[170] - starting to parse xml from url file:/Volumes/USB%20DISK/pt_data/广州市/广州市抽样模型/output/output_transitVehicles.xml.gz ... 
[2026-05-21 14:17:18.918] INFO XNIO-1 task-2 org.matsim.core.utils.io.MatsimXmlParser[296] - Trying to load http://www.matsim.org/files/dtd/vehicleDefinitions_v2.0.xsd. In some cases (e.g. network interface up but no connection), this may take a bit. 
[2026-05-21 14:17:19.327] INFO XNIO-1 task-2 org.matsim.core.utils.io.MatsimXmlParser[296] - Trying to load http://www.matsim.org/files/dtd/matsimCommon.xsd. In some cases (e.g. network interface up but no connection), this may take a bit. 
[2026-05-21 14:17:19.625] INFO XNIO-1 task-2 org.matsim.core.utils.io.MatsimXmlParser[296] - Trying to load http://www.matsim.org/files/dtd/vehicleDefinitionsEnumTypes.xsd. In some cases (e.g. network interface up but no connection), this may take a bit. 
[2026-05-21 14:17:19.866] INFO XNIO-1 task-2 org.matsim.vehicles.MatsimVehicleReader[77] - Found following schemaLocation in vehicle definition file: http://www.matsim.org/files/dtd http://www.matsim.org/files/dtd/vehicleDefinitions_v2.0.xsd 
[2026-05-21 14:17:19.866] INFO XNIO-1 task-2 org.matsim.vehicles.VehicleReaderV2[24] - Using org.matsim.vehicles.VehicleReaderV2 
[2026-05-21 14:17:19.872] INFO XNIO-1 task-2 org.matsim.core.utils.misc.Counter[70] - [VehiclesImpl] added vehicle # 1 
[2026-05-21 14:17:19.873] INFO XNIO-1 task-2 org.matsim.core.utils.misc.Counter[70] - [VehiclesImpl] added vehicle # 2 
[2026-05-21 14:17:19.873] INFO XNIO-1 task-2 org.matsim.core.utils.misc.Counter[70] - [VehiclesImpl] added vehicle # 4 
[2026-05-21 14:17:19.873] INFO XNIO-1 task-2 org.matsim.core.utils.misc.Counter[70] - [VehiclesImpl] added vehicle # 8 
[2026-05-21 14:17:19.873] INFO XNIO-1 task-2 org.matsim.core.utils.misc.Counter[70] - [VehiclesImpl] added vehicle # 16 
[2026-05-21 14:17:19.874] INFO XNIO-1 task-2 org.matsim.core.utils.misc.Counter[70] - [VehiclesImpl] added vehicle # 32 
[2026-05-21 14:17:19.875] INFO XNIO-1 task-2 org.matsim.core.utils.misc.Counter[70] - [VehiclesImpl] added vehicle # 64 
[2026-05-21 14:17:19.876] INFO XNIO-1 task-2 org.matsim.core.utils.misc.Counter[70] - [VehiclesImpl] added vehicle # 128 
[2026-05-21 14:17:19.878] INFO XNIO-1 task-2 org.matsim.core.utils.misc.Counter[70] - [VehiclesImpl] added vehicle # 256 
[2026-05-21 14:17:19.882] INFO XNIO-1 task-2 org.matsim.core.utils.misc.Counter[70] - [VehiclesImpl] added vehicle # 512 
[2026-05-21 14:17:19.885] INFO XNIO-1 task-2 org.matsim.core.utils.misc.Counter[70] - [VehiclesImpl] added vehicle # 1024 
[2026-05-21 14:17:19.887] INFO XNIO-1 task-2 org.matsim.core.utils.misc.Counter[70] - [VehiclesImpl] added vehicle # 2048 
[2026-05-21 14:17:19.891] INFO XNIO-1 task-2 org.matsim.core.utils.misc.Counter[70] - [VehiclesImpl] added vehicle # 4096 
[2026-05-21 14:17:19.899] INFO XNIO-1 task-2 org.matsim.core.utils.misc.Counter[70] - [VehiclesImpl] added vehicle # 8192 
[2026-05-21 14:17:19.913] INFO XNIO-1 task-2 org.matsim.core.utils.misc.Counter[70] - [VehiclesImpl] added vehicle # 16384 
[2026-05-21 14:17:19.937] INFO XNIO-1 task-2 org.matsim.core.utils.misc.Counter[70] - [VehiclesImpl] added vehicle # 32768 
[2026-05-21 14:17:19.983] INFO XNIO-1 task-2 org.matsim.core.utils.misc.Counter[70] - [VehiclesImpl] added vehicle # 65536 
[2026-05-21 14:17:20.075] INFO XNIO-1 task-2 org.matsim.core.utils.misc.Counter[70] - [VehiclesImpl] added vehicle # 131072 
[2026-05-21 14:17:20.101] INFO XNIO-1 task-2 org.matsim.core.scenario.ScenarioLoaderImpl[339] - loading vehicles from /Volumes/USB DISK/pt_data/广州市/广州市抽样模型/output/output_vehicles.xml.gz 
[2026-05-21 14:17:20.101] INFO XNIO-1 task-2 org.matsim.core.utils.io.MatsimXmlParser[170] - starting to parse xml from url file:/Volumes/USB DISK/pt_data/广州市/广州市抽样模型/output/output_vehicles.xml.gz ... 
[2026-05-21 14:17:20.105] INFO XNIO-1 task-2 org.matsim.core.utils.io.MatsimXmlParser[296] - Trying to load http://www.matsim.org/files/dtd/vehicleDefinitions_v2.0.xsd. In some cases (e.g. network interface up but no connection), this may take a bit. 
[2026-05-21 14:17:20.444] INFO XNIO-1 task-2 org.matsim.core.utils.io.MatsimXmlParser[296] - Trying to load http://www.matsim.org/files/dtd/matsimCommon.xsd. In some cases (e.g. network interface up but no connection), this may take a bit. 
[2026-05-21 14:17:20.765] INFO XNIO-1 task-2 org.matsim.core.utils.io.MatsimXmlParser[296] - Trying to load http://www.matsim.org/files/dtd/vehicleDefinitionsEnumTypes.xsd. In some cases (e.g. network interface up but no connection), this may take a bit. 
[2026-05-21 14:17:21.062] INFO XNIO-1 task-2 org.matsim.vehicles.MatsimVehicleReader[77] - Found following schemaLocation in vehicle definition file: http://www.matsim.org/files/dtd http://www.matsim.org/files/dtd/vehicleDefinitions_v2.0.xsd 
[2026-05-21 14:17:21.063] INFO XNIO-1 task-2 org.matsim.vehicles.VehicleReaderV2[24] - Using org.matsim.vehicles.VehicleReaderV2 
[2026-05-21 14:17:21.064] INFO XNIO-1 task-2 org.matsim.core.utils.misc.Counter[70] - [VehiclesImpl] added vehicle # 1 
[2026-05-21 14:17:21.064] INFO XNIO-1 task-2 org.matsim.core.utils.misc.Counter[70] - [VehiclesImpl] added vehicle # 2 
[2026-05-21 14:17:21.064] INFO XNIO-1 task-2 org.matsim.core.utils.misc.Counter[70] - [VehiclesImpl] added vehicle # 4 
[2026-05-21 14:17:21.065] INFO XNIO-1 task-2 org.matsim.core.utils.misc.Counter[70] - [VehiclesImpl] added vehicle # 8 
[2026-05-21 14:17:21.065] INFO XNIO-1 task-2 org.matsim.core.utils.misc.Counter[70] - [VehiclesImpl] added vehicle # 16 
[2026-05-21 14:17:21.065] INFO XNIO-1 task-2 org.matsim.core.utils.misc.Counter[70] - [VehiclesImpl] added vehicle # 32 
[2026-05-21 14:17:21.065] INFO XNIO-1 task-2 org.matsim.core.utils.misc.Counter[70] - [VehiclesImpl] added vehicle # 64 
[2026-05-21 14:17:21.065] INFO XNIO-1 task-2 org.matsim.core.utils.misc.Counter[70] - [VehiclesImpl] added vehicle # 128 
[2026-05-21 14:17:21.066] INFO XNIO-1 task-2 org.matsim.core.utils.misc.Counter[70] - [VehiclesImpl] added vehicle # 256 
[2026-05-21 14:17:21.067] INFO XNIO-1 task-2 org.matsim.core.utils.misc.Counter[70] - [VehiclesImpl] added vehicle # 512 
[2026-05-21 14:17:21.069] INFO XNIO-1 task-2 org.matsim.core.utils.misc.Counter[70] - [VehiclesImpl] added vehicle # 1024 
[2026-05-21 14:17:21.072] INFO XNIO-1 task-2 org.matsim.core.utils.misc.Counter[70] - [VehiclesImpl] added vehicle # 2048 
[2026-05-21 14:17:21.078] INFO XNIO-1 task-2 org.matsim.core.utils.misc.Counter[70] - [VehiclesImpl] added vehicle # 4096 
[2026-05-21 14:17:21.088] INFO XNIO-1 task-2 org.matsim.core.utils.misc.Counter[70] - [VehiclesImpl] added vehicle # 8192 
[2026-05-21 14:17:21.106] INFO XNIO-1 task-2 org.matsim.core.utils.misc.Counter[70] - [VehiclesImpl] added vehicle # 16384 
[2026-05-21 14:17:21.137] INFO XNIO-1 task-2 org.matsim.core.utils.misc.Counter[70] - [VehiclesImpl] added vehicle # 32768 
[2026-05-21 14:17:21.199] INFO XNIO-1 task-2 org.matsim.core.utils.misc.Counter[70] - [VehiclesImpl] added vehicle # 65536 
[2026-05-21 14:17:21.313] INFO XNIO-1 task-2 org.matsim.core.utils.misc.Counter[70] - [VehiclesImpl] added vehicle # 131072 
[2026-05-21 14:17:21.546] INFO XNIO-1 task-2 org.matsim.core.utils.misc.Counter[70] - [VehiclesImpl] added vehicle # 262144 
[2026-05-21 14:17:22.042] INFO XNIO-1 task-2 org.matsim.core.utils.io.IOUtils[224] - Resolved /Volumes/USB DISK/pt_data/广州市/广州市抽样模型/output/output_events.xml.gz to /Volumes/USB DISK/pt_data/广州市/广州市抽样模型/output/output_events.xml.gz 
[2026-05-21 14:17:22.042] INFO XNIO-1 task-2 com.jts.gjcxfzksh.data.read.EventReader[92] - 开始解析：/Volumes/USB DISK/pt_data/广州市/广州市抽样模型/output/output_events.xml.gz 
[2026-05-21 14:17:22.043] INFO XNIO-1 task-2 com.jts.gjcxfzksh.data.read.EventReader[106] -  event # 1 
[2026-05-21 14:17:22.043] INFO XNIO-1 task-2 com.jts.gjcxfzksh.data.read.EventReader[106] -  event # 4 
[2026-05-21 14:17:22.044] INFO XNIO-1 task-2 com.jts.gjcxfzksh.data.read.EventReader[106] -  event # 16 
[2026-05-21 14:17:22.044] INFO XNIO-1 task-2 com.jts.gjcxfzksh.data.read.EventReader[106] -  event # 64 
[2026-05-21 14:17:22.044] INFO XNIO-1 task-2 com.jts.gjcxfzksh.data.read.EventReader[106] -  event # 256 
[2026-05-21 14:17:22.047] INFO XNIO-1 task-2 com.jts.gjcxfzksh.data.read.EventReader[106] -  event # 1024 
[2026-05-21 14:17:22.052] INFO XNIO-1 task-2 com.jts.gjcxfzksh.data.read.EventReader[106] -  event # 4096 
[2026-05-21 14:17:22.069] INFO XNIO-1 task-2 com.jts.gjcxfzksh.data.read.EventReader[106] -  event # 16384 
[2026-05-21 14:17:22.139] INFO XNIO-1 task-2 com.jts.gjcxfzksh.data.read.EventReader[106] -  event # 65536 
[2026-05-21 14:17:22.434] INFO XNIO-1 task-2 com.jts.gjcxfzksh.data.read.EventReader[106] -  event # 262144 
[2026-05-21 14:17:23.625] INFO XNIO-1 task-2 com.jts.gjcxfzksh.data.read.EventReader[106] -  event # 1048576 
[2026-05-21 14:17:29.222] INFO XNIO-1 task-2 com.jts.gjcxfzksh.data.read.EventReader[106] -  event # 4194304 
[2026-05-21 14:17:53.686] INFO XNIO-1 task-2 com.jts.gjcxfzksh.data.read.EventReader[106] -  event # 16777216 
[2026-05-21 14:19:33.336] INFO XNIO-1 task-2 com.jts.gjcxfzksh.data.read.EventReader[106] -  event # 67108864 
[2026-05-21 14:22:16.826] INFO XNIO-1 task-2 com.jts.gjcxfzksh.data.read.EventReader[98] - 完成解析，耗时 294783ms 
[2026-05-21 14:22:16.829] INFO XNIO-1 task-2 com.jts.gjcxfzksh.data.read.EventReader[86] - 解析耗时:294787ms 
[2026-05-21 14:22:17.122] INFO XNIO-1 task-2 com.jts.gjcxfzksh.data.Datasource[97] - 加载[广州市/广州市抽样模型]耗时: 332359ms 
[2026-05-21 14:22:20.497] INFO XNIO-1 task-2 com.jts.gjcxfzksh.api.service.impl.NetworkServiceImpl[111] - 读取 link 流量 1015617 条: /Volumes/USB DISK/pt_data/广州市/广州市抽样模型/output/output_links.csv.gz 
[2026-05-21 14:22:20.501] INFO XNIO-1 task-2 com.jts.gjcxfzksh.api.service.impl.SchemeServiceImpl[84] - [广州市/广州市抽样模型]预处理缓存完成，耗时 3379ms 
[2026-05-21 15:00:00.128] INFO scheduling-1 com.jts.gjcxfzksh.task.RemoveLoadTask[37] - 执行定时清理任务... 
[2026-05-21 15:02:30.313] INFO background-preinit org.hibernate.validator.internal.util.Version[21] - HV000001: Hibernate Validator 8.0.1.Final 
[2026-05-21 15:02:30.466] INFO main com.jts.gjcxfzksh.Application[50] - Starting Application using Java 21.0.9 with PID 60872 (/Users/a../模型算法/新公交平台/backend/target/classes started by a.. in /Users/a../模型算法/新公交平台/backend) 
[2026-05-21 15:02:30.493] INFO main com.jts.gjcxfzksh.Application[654] - No active profile set, falling back to 1 default profile: "default" 
[2026-05-21 15:02:35.988] INFO main io.undertow.servlet[372] - Initializing Spring embedded WebApplicationContext 
[2026-05-21 15:02:36.545] INFO main com.jts.gjcxfzksh.config.MatsimConfig[93] - 共找到1个方案 
[2026-05-21 15:02:39.499] INFO main io.undertow[120] - starting server: Undertow - 2.3.13.Final 
[2026-05-21 15:02:39.523] INFO main org.xnio[95] - XNIO version 3.8.8.Final 
[2026-05-21 15:02:39.539] INFO main org.xnio.nio[58] - XNIO NIO Implementation Version 3.8.8.Final 
[2026-05-21 15:02:39.611] INFO main org.jboss.threads[55] - JBoss Threads version 3.5.0.Final 
[2026-05-21 15:02:39.767] INFO main io.undertow[259] - stopping server: Undertow - 2.3.13.Final 
[2026-05-21 15:03:14.102] INFO background-preinit org.hibernate.validator.internal.util.Version[21] - HV000001: Hibernate Validator 8.0.1.Final 
[2026-05-21 15:03:14.208] INFO main com.jts.gjcxfzksh.Application[50] - Starting Application using Java 21.0.9 with PID 61123 (/Users/a../模型算法/新公交平台/backend/target/classes started by a.. in /Users/a../模型算法/新公交平台/backend) 
[2026-05-21 15:03:14.213] INFO main com.jts.gjcxfzksh.Application[654] - No active profile set, falling back to 1 default profile: "default" 
[2026-05-21 15:03:16.270] INFO main io.undertow.servlet[372] - Initializing Spring embedded WebApplicationContext 
[2026-05-21 15:03:16.493] INFO main com.jts.gjcxfzksh.config.MatsimConfig[93] - 共找到1个方案 
[2026-05-21 15:03:18.591] INFO main io.undertow[120] - starting server: Undertow - 2.3.13.Final 
[2026-05-21 15:03:18.612] INFO main org.xnio[95] - XNIO version 3.8.8.Final 
[2026-05-21 15:03:18.633] INFO main org.xnio.nio[58] - XNIO NIO Implementation Version 3.8.8.Final 
[2026-05-21 15:03:18.684] INFO main org.jboss.threads[55] - JBoss Threads version 3.5.0.Final 
[2026-05-21 15:03:18.946] INFO main io.undertow[259] - stopping server: Undertow - 2.3.13.Final 
[2026-05-21 15:04:58.088] INFO background-preinit org.hibernate.validator.internal.util.Version[21] - HV000001: Hibernate Validator 8.0.1.Final 
[2026-05-21 15:04:58.213] INFO main com.jts.gjcxfzksh.Application[50] - Starting Application using Java 21.0.9 with PID 61349 (/Users/a../模型算法/新公交平台/backend/target/classes started by a.. in /Users/a../模型算法/新公交平台/backend) 
[2026-05-21 15:04:58.224] INFO main com.jts.gjcxfzksh.Application[654] - No active profile set, falling back to 1 default profile: "default" 
[2026-05-21 15:05:00.119] INFO main io.undertow.servlet[372] - Initializing Spring embedded WebApplicationContext 
[2026-05-21 15:05:00.318] INFO main com.jts.gjcxfzksh.config.MatsimConfig[93] - 共找到1个方案 
[2026-05-21 15:05:02.527] INFO main io.undertow[120] - starting server: Undertow - 2.3.13.Final 
[2026-05-21 15:05:02.549] INFO main org.xnio[95] - XNIO version 3.8.8.Final 
[2026-05-21 15:05:02.583] INFO main org.xnio.nio[58] - XNIO NIO Implementation Version 3.8.8.Final 
[2026-05-21 15:05:02.690] INFO main org.jboss.threads[55] - JBoss Threads version 3.5.0.Final 
[2026-05-21 15:05:02.826] INFO main io.undertow[259] - stopping server: Undertow - 2.3.13.Final 
[2026-05-21 15:08:09.919] INFO background-preinit org.hibernate.validator.internal.util.Version[21] - HV000001: Hibernate Validator 8.0.1.Final 
[2026-05-21 15:08:09.968] INFO main com.jts.gjcxfzksh.Application[50] - Starting Application using Java 21.0.9 with PID 61554 (/Users/a../模型算法/新公交平台/backend/target/classes started by a.. in /Users/a../模型算法/新公交平台/backend) 
[2026-05-21 15:08:09.974] INFO main com.jts.gjcxfzksh.Application[654] - No active profile set, falling back to 1 default profile: "default" 
[2026-05-21 15:08:11.004] INFO main io.undertow.servlet[372] - Initializing Spring embedded WebApplicationContext 
[2026-05-21 15:08:11.108] INFO main com.jts.gjcxfzksh.config.MatsimConfig[93] - 共找到1个方案 
[2026-05-21 15:08:12.080] INFO main io.undertow[120] - starting server: Undertow - 2.3.13.Final 
[2026-05-21 15:08:12.088] INFO main org.xnio[95] - XNIO version 3.8.8.Final 
[2026-05-21 15:08:12.097] INFO main org.xnio.nio[58] - XNIO NIO Implementation Version 3.8.8.Final 
[2026-05-21 15:08:12.123] INFO main org.jboss.threads[55] - JBoss Threads version 3.5.0.Final 
[2026-05-21 15:08:12.196] INFO main io.undertow[259] - stopping server: Undertow - 2.3.13.Final 
[2026-05-21 15:10:10.434] INFO SpringApplicationShutdownHook io.undertow[259] - stopping server: Undertow - 2.3.13.Final 
[2026-05-21 15:10:11.437] INFO SpringApplicationShutdownHook io.undertow.servlet[372] - Destroying Spring FrameworkServlet 'dispatcherServlet' 
[2026-05-21 15:10:37.642] INFO background-preinit org.hibernate.validator.internal.util.Version[21] - HV000001: Hibernate Validator 8.0.1.Final 
[2026-05-21 15:10:37.725] INFO main com.jts.gjcxfzksh.Application[50] - Starting Application using Java 21.0.9 with PID 62087 (/Users/a../模型算法/新公交平台/backend/target/classes started by a.. in /Users/a../模型算法/新公交平台/backend) 
[2026-05-21 15:10:37.734] INFO main com.jts.gjcxfzksh.Application[654] - No active profile set, falling back to 1 default profile: "default" 
[2026-05-21 15:10:39.515] INFO main io.undertow.servlet[372] - Initializing Spring embedded WebApplicationContext 
[2026-05-21 15:10:39.703] INFO main com.jts.gjcxfzksh.config.MatsimConfig[93] - 共找到1个方案 
[2026-05-21 15:10:41.281] INFO main io.undertow[120] - starting server: Undertow - 2.3.13.Final 
[2026-05-21 15:10:41.292] INFO main org.xnio[95] - XNIO version 3.8.8.Final 
[2026-05-21 15:10:41.311] INFO main org.xnio.nio[58] - XNIO NIO Implementation Version 3.8.8.Final 
[2026-05-21 15:10:41.353] INFO main org.jboss.threads[55] - JBoss Threads version 3.5.0.Final 
[2026-05-21 15:10:41.494] INFO main com.jts.gjcxfzksh.Application[56] - Started Application in 4.282 seconds (process running for 5.526) 
[2026-05-21 15:10:44.222] INFO XNIO-1 task-2 io.undertow.servlet[372] - Initializing Spring DispatcherServlet 'dispatcherServlet' 
[2026-05-21 15:10:44.486] INFO XNIO-1 task-2 com.jts.gjcxfzksh.api.service.impl.SchemeServiceImpl[57] - [广州市/广州市抽样模型]已加载，无需重复加载 
[2026-05-21 15:10:44.523] INFO XNIO-1 task-2 org.matsim.core.utils.io.IOUtils[224] - Resolved /Volumes/USB DISK/pt_data/广州市/广州市抽样模型/output/output_config_reduced.xml to /Volumes/USB DISK/pt_data/广州市/广州市抽样模型/output/output_config_reduced.xml 
[2026-05-21 15:10:44.528] INFO XNIO-1 task-2 org.matsim.core.config.Config[550] - setting context to [file:/Users/a../%E6%A8%A1%E5%9E%8B%E7%AE%97%E6%B3%95/%E6%96%B0%E5%85%AC%E4%BA%A4%E5%B9%B3%E5%8F%B0/backend/] 
[2026-05-21 15:10:44.598] INFO XNIO-1 task-2 org.matsim.core.utils.io.MatsimXmlParser[170] - starting to parse xml from url file:/Volumes/USB%20DISK/pt_data/广州市/广州市抽样模型/output/output_config_reduced.xml ... 
[2026-05-21 15:10:44.671] INFO XNIO-1 task-2 org.matsim.core.config.ConfigReader[105] - using config_v2-reader 
[2026-05-21 15:10:44.671] INFO XNIO-1 task-2 org.matsim.core.utils.io.MatsimXmlParser[296] - Trying to load http://www.matsim.org/files/dtd/config_v2.dtd. In some cases (e.g. network interface up but no connection), this may take a bit. 
[2026-05-21 15:10:45.286] INFO XNIO-1 task-2 org.matsim.core.config.groups.GlobalConfigGroup[93] - setting number of threads to: 8 
[2026-05-21 15:10:45.293] WARN XNIO-1 task-2 org.matsim.core.config.groups.RoutingConfigGroup[403] - The first mode routing (= teleported mode) params that are explicitly defined clear the default mode routing (= teleported mode) params.  If you want to avoid this  
[2026-05-21 15:10:45.294] WARN XNIO-1 task-2 org.matsim.core.config.groups.RoutingConfigGroup[404] -     warning, use clearTeleportedModeParams(true) in code, and "clearDefaultTeleportedModeParams"=true in xml config. 
[2026-05-21 15:10:45.310] INFO XNIO-1 task-2 org.matsim.core.config.groups.ScoringConfigGroup[560] - scoring parameters for subpopulation null were just replaced. 
[2026-05-21 15:10:45.312] INFO XNIO-1 task-2 org.matsim.core.config.Config[550] - setting context to [file:/Volumes/USB%20DISK/pt_data/广州市/广州市抽样模型/output/output_config_reduced.xml] 
[2026-05-21 15:10:45.318] INFO XNIO-1 task-2 org.matsim.core.config.Config[550] - setting context to [file:/Users/a../%E6%A8%A1%E5%9E%8B%E7%AE%97%E6%B3%95/%E6%96%B0%E5%85%AC%E4%BA%A4%E5%B9%B3%E5%8F%B0/backend/] 
[2026-05-21 15:10:45.321] INFO XNIO-1 task-2 org.matsim.core.utils.io.MatsimXmlParser[153] - starting to parse xml from file /Volumes/USB DISK/pt_data/广州市/广州市抽样模型/output/output_config_reduced.xml ... 
[2026-05-21 15:10:45.322] INFO XNIO-1 task-2 org.matsim.core.utils.io.IOUtils[224] - Resolved /Volumes/USB DISK/pt_data/广州市/广州市抽样模型/output/output_config_reduced.xml to /Volumes/USB DISK/pt_data/广州市/广州市抽样模型/output/output_config_reduced.xml 
[2026-05-21 15:10:45.323] INFO XNIO-1 task-2 org.matsim.core.config.ConfigReader[105] - using config_v2-reader 
[2026-05-21 15:10:45.323] INFO XNIO-1 task-2 org.matsim.core.utils.io.MatsimXmlParser[296] - Trying to load http://www.matsim.org/files/dtd/config_v2.dtd. In some cases (e.g. network interface up but no connection), this may take a bit. 
[2026-05-21 15:10:45.590] INFO XNIO-1 task-2 org.matsim.core.config.groups.GlobalConfigGroup[93] - setting number of threads to: 8 
[2026-05-21 15:10:45.592] WARN XNIO-1 task-2 org.matsim.core.config.groups.RoutingConfigGroup[403] - The first mode routing (= teleported mode) params that are explicitly defined clear the default mode routing (= teleported mode) params.  If you want to avoid this  
[2026-05-21 15:10:45.593] WARN XNIO-1 task-2 org.matsim.core.config.groups.RoutingConfigGroup[404] -     warning, use clearTeleportedModeParams(true) in code, and "clearDefaultTeleportedModeParams"=true in xml config. 
[2026-05-21 15:10:45.594] INFO XNIO-1 task-2 org.matsim.core.config.groups.ScoringConfigGroup[560] - scoring parameters for subpopulation null were just replaced. 
[2026-05-21 15:10:45.628] INFO XNIO-1 task-2 org.matsim.core.scenario.ScenarioLoaderImpl[135] - loading network from file:/Volumes/USB%20DISK/pt_data/广州市/广州市抽样模型/output/output_network.xml.gz 
[2026-05-21 15:10:45.630] INFO XNIO-1 task-2 org.matsim.core.utils.io.MatsimXmlParser[170] - starting to parse xml from url file:/Volumes/USB%20DISK/pt_data/广州市/广州市抽样模型/output/output_network.xml.gz ... 
[2026-05-21 15:10:45.652] INFO XNIO-1 task-2 org.matsim.core.network.io.MatsimNetworkReader[122] - using network_v2-reader. 
[2026-05-21 15:10:45.653] INFO XNIO-1 task-2 org.matsim.core.utils.io.MatsimXmlParser[296] - Trying to load http://www.matsim.org/files/dtd/network_v2.dtd. In some cases (e.g. network interface up but no connection), this may take a bit. 
[2026-05-21 15:10:46.089] INFO XNIO-1 task-2 org.matsim.core.network.NetworkImpl[165] -  node # 1 
[2026-05-21 15:10:46.090] INFO XNIO-1 task-2 org.matsim.core.network.NetworkImpl[165] -  node # 4 
[2026-05-21 15:10:46.090] INFO XNIO-1 task-2 org.matsim.core.network.NetworkImpl[165] -  node # 16 
[2026-05-21 15:10:46.092] INFO XNIO-1 task-2 org.matsim.core.network.NetworkImpl[165] -  node # 64 
[2026-05-21 15:10:46.109] INFO XNIO-1 task-2 org.matsim.core.network.NetworkImpl[165] -  node # 256 
[2026-05-21 15:10:46.121] INFO XNIO-1 task-2 org.matsim.core.network.NetworkImpl[165] -  node # 1024 
[2026-05-21 15:10:46.136] INFO XNIO-1 task-2 org.matsim.core.network.NetworkImpl[165] -  node # 4096 
[2026-05-21 15:10:46.183] INFO XNIO-1 task-2 org.matsim.core.network.NetworkImpl[165] -  node # 16384 
[2026-05-21 15:10:46.507] INFO XNIO-1 task-2 org.matsim.core.network.NetworkImpl[165] -  node # 65536 
[2026-05-21 15:10:47.375] INFO XNIO-1 task-2 org.matsim.core.network.NetworkImpl[165] -  node # 262144 
[2026-05-21 15:10:50.548] INFO XNIO-1 task-2 org.matsim.core.network.NetworkImpl[161] -  link # 1 
[2026-05-21 15:10:50.550] INFO XNIO-1 task-2 org.matsim.core.network.NetworkImpl[161] -  link # 4 
[2026-05-21 15:10:50.550] INFO XNIO-1 task-2 org.matsim.core.network.NetworkImpl[161] -  link # 16 
[2026-05-21 15:10:50.551] INFO XNIO-1 task-2 org.matsim.core.network.NetworkImpl[161] -  link # 64 
[2026-05-21 15:10:50.553] INFO XNIO-1 task-2 org.matsim.core.network.NetworkImpl[161] -  link # 256 
[2026-05-21 15:10:50.577] INFO XNIO-1 task-2 org.matsim.core.network.NetworkImpl[161] -  link # 1024 
[2026-05-21 15:10:50.602] INFO XNIO-1 task-2 org.matsim.core.network.NetworkImpl[161] -  link # 4096 
[2026-05-21 15:10:50.709] INFO XNIO-1 task-2 org.matsim.core.network.NetworkImpl[161] -  link # 16384 
[2026-05-21 15:10:51.292] INFO XNIO-1 task-2 org.matsim.core.network.NetworkImpl[161] -  link # 65536 
[2026-05-21 15:10:54.199] INFO XNIO-1 task-2 org.matsim.core.network.NetworkImpl[161] -  link # 262144 
[2026-05-21 15:11:03.720] INFO XNIO-1 task-2 org.matsim.core.scenario.ScenarioLoaderImpl[160] - loading facilities from file:/Volumes/USB%20DISK/pt_data/广州市/广州市抽样模型/output/output_facilities.xml.gz 
[2026-05-21 15:11:03.725] INFO XNIO-1 task-2 org.matsim.core.utils.io.MatsimXmlParser[170] - starting to parse xml from url file:/Volumes/USB%20DISK/pt_data/广州市/广州市抽样模型/output/output_facilities.xml.gz ... 
[2026-05-21 15:11:03.729] INFO XNIO-1 task-2 org.matsim.facilities.MatsimFacilitiesReader[143] - using facilities_v2-reader. 
[2026-05-21 15:11:03.729] INFO XNIO-1 task-2 org.matsim.core.utils.io.MatsimXmlParser[296] - Trying to load http://www.matsim.org/files/dtd/facilities_v2.dtd. In some cases (e.g. network interface up but no connection), this may take a bit. 
[2026-05-21 15:11:04.150] INFO XNIO-1 task-2 org.matsim.core.scenario.ScenarioLoaderImpl[169] - loaded 0 facilities from file:/Volumes/USB%20DISK/pt_data/广州市/广州市抽样模型/output/output_facilities.xml.gz 
[2026-05-21 15:11:04.150] INFO XNIO-1 task-2 org.matsim.core.scenario.ScenarioLoaderImpl[188] - no facility-attributes file set in config, not loading any facility attributes 
[2026-05-21 15:11:04.151] INFO XNIO-1 task-2 org.matsim.core.scenario.ScenarioLoaderImpl[196] - loading population from file:/Volumes/USB%20DISK/pt_data/广州市/广州市抽样模型/output/output_plans.xml.gz 
[2026-05-21 15:11:04.156] INFO XNIO-1 task-2 org.matsim.core.utils.io.MatsimXmlParser[170] - starting to parse xml from url file:/Volumes/USB%20DISK/pt_data/广州市/广州市抽样模型/output/output_plans.xml.gz ... 
[2026-05-21 15:11:04.158] INFO XNIO-1 task-2 org.matsim.core.population.io.PopulationReader[135] - using population_v6-reader. 
[2026-05-21 15:11:04.159] INFO XNIO-1 task-2 org.matsim.core.utils.io.MatsimXmlParser[296] - Trying to load http://www.matsim.org/files/dtd/population_v6.dtd. In some cases (e.g. network interface up but no connection), this may take a bit. 
[2026-05-21 15:11:04.811] WARN XNIO-1 task-2 org.matsim.core.population.io.PopulationReaderMatsimV6[227] - coordinate transformation defined both in config and in input file: setting from input file will be used 
[2026-05-21 15:11:04.811] INFO XNIO-1 task-2 org.matsim.core.population.io.ParallelPopulationReaderMatsimV6[168] - Start parallel population reading... 
[2026-05-21 15:11:04.814] INFO XNIO-1 task-2 org.matsim.core.population.PopulationImpl[107] -  person # 1 
[2026-05-21 15:11:04.819] INFO XNIO-1 task-2 org.matsim.core.population.PopulationImpl[107] -  person # 4 
[2026-05-21 15:11:04.827] INFO XNIO-1 task-2 org.matsim.core.population.PopulationImpl[107] -  person # 16 
[2026-05-21 15:11:04.860] INFO XNIO-1 task-2 org.matsim.core.population.PopulationImpl[107] -  person # 64 
[2026-05-21 15:11:04.936] INFO XNIO-1 task-2 org.matsim.core.population.PopulationImpl[107] -  person # 256 
[2026-05-21 15:11:05.136] INFO XNIO-1 task-2 org.matsim.core.population.PopulationImpl[107] -  person # 1024 
[2026-05-21 15:11:05.911] INFO XNIO-1 task-2 org.matsim.core.population.PopulationImpl[107] -  person # 4096 
[2026-05-21 15:11:08.875] INFO XNIO-1 task-2 org.matsim.core.population.PopulationImpl[107] -  person # 16384 
[2026-05-21 15:11:21.746] INFO XNIO-1 task-2 org.matsim.core.population.PopulationImpl[107] -  person # 65536 
[2026-05-21 15:11:44.602] INFO XNIO-1 task-2 org.matsim.core.population.io.ParallelPopulationReaderMatsimV6[238] - Finished parallel population reading... 
[2026-05-21 15:11:44.604] INFO XNIO-1 task-2 org.matsim.core.population.PopulationUtils[1122] -  person # 199488 
[2026-05-21 15:11:44.604] INFO XNIO-1 task-2 org.matsim.core.scenario.ScenarioLoaderImpl[244] - no person-attributes file set in config, not loading any person attributes 
[2026-05-21 15:11:44.604] INFO XNIO-1 task-2 org.matsim.core.scenario.ScenarioLoaderImpl[258] - no households file set in config, not loading households 
[2026-05-21 15:11:44.609] INFO XNIO-1 task-2 org.matsim.core.utils.io.MatsimXmlParser[170] - starting to parse xml from url file:/Volumes/USB%20DISK/pt_data/广州市/广州市抽样模型/output/output_transitSchedule.xml.gz ... 
[2026-05-21 15:11:44.612] INFO XNIO-1 task-2 org.matsim.core.utils.io.MatsimXmlParser[296] - Trying to load http://www.matsim.org/files/dtd/transitSchedule_v2.dtd. In some cases (e.g. network interface up but no connection), this may take a bit. 
[2026-05-21 15:11:47.649] INFO XNIO-1 task-2 org.matsim.core.scenario.ScenarioLoaderImpl[329] - loading transit vehicles from /Volumes/USB DISK/pt_data/广州市/广州市抽样模型/output/output_transitVehicles.xml.gz 
[2026-05-21 15:11:47.652] INFO XNIO-1 task-2 org.matsim.core.utils.io.MatsimXmlParser[170] - starting to parse xml from url file:/Volumes/USB%20DISK/pt_data/广州市/广州市抽样模型/output/output_transitVehicles.xml.gz ... 
[2026-05-21 15:11:47.680] INFO XNIO-1 task-2 org.matsim.core.utils.io.MatsimXmlParser[296] - Trying to load http://www.matsim.org/files/dtd/vehicleDefinitions_v2.0.xsd. In some cases (e.g. network interface up but no connection), this may take a bit. 
[2026-05-21 15:11:48.036] INFO XNIO-1 task-2 org.matsim.core.utils.io.MatsimXmlParser[296] - Trying to load http://www.matsim.org/files/dtd/matsimCommon.xsd. In some cases (e.g. network interface up but no connection), this may take a bit. 
[2026-05-21 15:11:48.623] INFO XNIO-1 task-2 org.matsim.core.utils.io.MatsimXmlParser[296] - Trying to load http://www.matsim.org/files/dtd/vehicleDefinitionsEnumTypes.xsd. In some cases (e.g. network interface up but no connection), this may take a bit. 
[2026-05-21 15:11:49.062] INFO XNIO-1 task-2 org.matsim.vehicles.MatsimVehicleReader[77] - Found following schemaLocation in vehicle definition file: http://www.matsim.org/files/dtd http://www.matsim.org/files/dtd/vehicleDefinitions_v2.0.xsd 
[2026-05-21 15:11:49.062] INFO XNIO-1 task-2 org.matsim.vehicles.VehicleReaderV2[24] - Using org.matsim.vehicles.VehicleReaderV2 
[2026-05-21 15:11:49.066] INFO XNIO-1 task-2 org.matsim.core.utils.misc.Counter[70] - [VehiclesImpl] added vehicle # 1 
[2026-05-21 15:11:49.067] INFO XNIO-1 task-2 org.matsim.core.utils.misc.Counter[70] - [VehiclesImpl] added vehicle # 2 
[2026-05-21 15:11:49.067] INFO XNIO-1 task-2 org.matsim.core.utils.misc.Counter[70] - [VehiclesImpl] added vehicle # 4 
[2026-05-21 15:11:49.068] INFO XNIO-1 task-2 org.matsim.core.utils.misc.Counter[70] - [VehiclesImpl] added vehicle # 8 
[2026-05-21 15:11:49.068] INFO XNIO-1 task-2 org.matsim.core.utils.misc.Counter[70] - [VehiclesImpl] added vehicle # 16 
[2026-05-21 15:11:49.068] INFO XNIO-1 task-2 org.matsim.core.utils.misc.Counter[70] - [VehiclesImpl] added vehicle # 32 
[2026-05-21 15:11:49.069] INFO XNIO-1 task-2 org.matsim.core.utils.misc.Counter[70] - [VehiclesImpl] added vehicle # 64 
[2026-05-21 15:11:49.070] INFO XNIO-1 task-2 org.matsim.core.utils.misc.Counter[70] - [VehiclesImpl] added vehicle # 128 
[2026-05-21 15:11:49.072] INFO XNIO-1 task-2 org.matsim.core.utils.misc.Counter[70] - [VehiclesImpl] added vehicle # 256 
[2026-05-21 15:11:49.074] INFO XNIO-1 task-2 org.matsim.core.utils.misc.Counter[70] - [VehiclesImpl] added vehicle # 512 
[2026-05-21 15:11:49.076] INFO XNIO-1 task-2 org.matsim.core.utils.misc.Counter[70] - [VehiclesImpl] added vehicle # 1024 
[2026-05-21 15:11:49.078] INFO XNIO-1 task-2 org.matsim.core.utils.misc.Counter[70] - [VehiclesImpl] added vehicle # 2048 
[2026-05-21 15:11:49.082] INFO XNIO-1 task-2 org.matsim.core.utils.misc.Counter[70] - [VehiclesImpl] added vehicle # 4096 
[2026-05-21 15:11:49.091] INFO XNIO-1 task-2 org.matsim.core.utils.misc.Counter[70] - [VehiclesImpl] added vehicle # 8192 
[2026-05-21 15:11:49.107] INFO XNIO-1 task-2 org.matsim.core.utils.misc.Counter[70] - [VehiclesImpl] added vehicle # 16384 
[2026-05-21 15:11:49.137] INFO XNIO-1 task-2 org.matsim.core.utils.misc.Counter[70] - [VehiclesImpl] added vehicle # 32768 
[2026-05-21 15:11:49.210] INFO XNIO-1 task-2 org.matsim.core.utils.misc.Counter[70] - [VehiclesImpl] added vehicle # 65536 
[2026-05-21 15:11:49.339] INFO XNIO-1 task-2 org.matsim.core.utils.misc.Counter[70] - [VehiclesImpl] added vehicle # 131072 
[2026-05-21 15:11:49.375] INFO XNIO-1 task-2 org.matsim.core.scenario.ScenarioLoaderImpl[339] - loading vehicles from /Volumes/USB DISK/pt_data/广州市/广州市抽样模型/output/output_vehicles.xml.gz 
[2026-05-21 15:11:49.375] INFO XNIO-1 task-2 org.matsim.core.utils.io.MatsimXmlParser[170] - starting to parse xml from url file:/Volumes/USB DISK/pt_data/广州市/广州市抽样模型/output/output_vehicles.xml.gz ... 
[2026-05-21 15:11:49.377] INFO XNIO-1 task-2 org.matsim.core.utils.io.MatsimXmlParser[296] - Trying to load http://www.matsim.org/files/dtd/vehicleDefinitions_v2.0.xsd. In some cases (e.g. network interface up but no connection), this may take a bit. 
[2026-05-21 15:11:49.812] INFO XNIO-1 task-2 org.matsim.core.utils.io.MatsimXmlParser[296] - Trying to load http://www.matsim.org/files/dtd/matsimCommon.xsd. In some cases (e.g. network interface up but no connection), this may take a bit. 
[2026-05-21 15:11:50.182] INFO XNIO-1 task-2 org.matsim.core.utils.io.MatsimXmlParser[296] - Trying to load http://www.matsim.org/files/dtd/vehicleDefinitionsEnumTypes.xsd. In some cases (e.g. network interface up but no connection), this may take a bit. 
[2026-05-21 15:11:50.591] INFO XNIO-1 task-2 org.matsim.vehicles.MatsimVehicleReader[77] - Found following schemaLocation in vehicle definition file: http://www.matsim.org/files/dtd http://www.matsim.org/files/dtd/vehicleDefinitions_v2.0.xsd 
[2026-05-21 15:11:50.592] INFO XNIO-1 task-2 org.matsim.vehicles.VehicleReaderV2[24] - Using org.matsim.vehicles.VehicleReaderV2 
[2026-05-21 15:11:50.592] INFO XNIO-1 task-2 org.matsim.core.utils.misc.Counter[70] - [VehiclesImpl] added vehicle # 1 
[2026-05-21 15:11:50.592] INFO XNIO-1 task-2 org.matsim.core.utils.misc.Counter[70] - [VehiclesImpl] added vehicle # 2 
[2026-05-21 15:11:50.592] INFO XNIO-1 task-2 org.matsim.core.utils.misc.Counter[70] - [VehiclesImpl] added vehicle # 4 
[2026-05-21 15:11:50.592] INFO XNIO-1 task-2 org.matsim.core.utils.misc.Counter[70] - [VehiclesImpl] added vehicle # 8 
[2026-05-21 15:11:50.592] INFO XNIO-1 task-2 org.matsim.core.utils.misc.Counter[70] - [VehiclesImpl] added vehicle # 16 
[2026-05-21 15:11:50.593] INFO XNIO-1 task-2 org.matsim.core.utils.misc.Counter[70] - [VehiclesImpl] added vehicle # 32 
[2026-05-21 15:11:50.593] INFO XNIO-1 task-2 org.matsim.core.utils.misc.Counter[70] - [VehiclesImpl] added vehicle # 64 
[2026-05-21 15:11:50.593] INFO XNIO-1 task-2 org.matsim.core.utils.misc.Counter[70] - [VehiclesImpl] added vehicle # 128 
[2026-05-21 15:11:50.593] INFO XNIO-1 task-2 org.matsim.core.utils.misc.Counter[70] - [VehiclesImpl] added vehicle # 256 
[2026-05-21 15:11:50.594] INFO XNIO-1 task-2 org.matsim.core.utils.misc.Counter[70] - [VehiclesImpl] added vehicle # 512 
[2026-05-21 15:11:50.595] INFO XNIO-1 task-2 org.matsim.core.utils.misc.Counter[70] - [VehiclesImpl] added vehicle # 1024 
[2026-05-21 15:11:50.597] INFO XNIO-1 task-2 org.matsim.core.utils.misc.Counter[70] - [VehiclesImpl] added vehicle # 2048 
[2026-05-21 15:11:50.602] INFO XNIO-1 task-2 org.matsim.core.utils.misc.Counter[70] - [VehiclesImpl] added vehicle # 4096 
[2026-05-21 15:11:50.612] INFO XNIO-1 task-2 org.matsim.core.utils.misc.Counter[70] - [VehiclesImpl] added vehicle # 8192 
[2026-05-21 15:11:50.631] INFO XNIO-1 task-2 org.matsim.core.utils.misc.Counter[70] - [VehiclesImpl] added vehicle # 16384 
[2026-05-21 15:11:50.679] INFO XNIO-1 task-2 org.matsim.core.utils.misc.Counter[70] - [VehiclesImpl] added vehicle # 32768 
[2026-05-21 15:11:50.753] INFO XNIO-1 task-2 org.matsim.core.utils.misc.Counter[70] - [VehiclesImpl] added vehicle # 65536 
[2026-05-21 15:11:50.909] INFO XNIO-1 task-2 org.matsim.core.utils.misc.Counter[70] - [VehiclesImpl] added vehicle # 131072 
[2026-05-21 15:11:51.248] INFO XNIO-1 task-2 org.matsim.core.utils.misc.Counter[70] - [VehiclesImpl] added vehicle # 262144 
[2026-05-21 15:11:51.799] INFO XNIO-1 task-2 org.matsim.core.utils.io.IOUtils[224] - Resolved /Volumes/USB DISK/pt_data/广州市/广州市抽样模型/output/output_events.xml.gz to /Volumes/USB DISK/pt_data/广州市/广州市抽样模型/output/output_events.xml.gz 
[2026-05-21 15:11:51.800] INFO XNIO-1 task-2 com.jts.gjcxfzksh.data.read.EventReader[92] - 开始解析：/Volumes/USB DISK/pt_data/广州市/广州市抽样模型/output/output_events.xml.gz 
[2026-05-21 15:11:51.800] INFO XNIO-1 task-2 com.jts.gjcxfzksh.data.read.EventReader[106] -  event # 1 
[2026-05-21 15:11:51.800] INFO XNIO-1 task-2 com.jts.gjcxfzksh.data.read.EventReader[106] -  event # 4 
[2026-05-21 15:11:51.802] INFO XNIO-1 task-2 com.jts.gjcxfzksh.data.read.EventReader[106] -  event # 16 
[2026-05-21 15:11:51.802] INFO XNIO-1 task-2 com.jts.gjcxfzksh.data.read.EventReader[106] -  event # 64 
[2026-05-21 15:11:51.803] INFO XNIO-1 task-2 com.jts.gjcxfzksh.data.read.EventReader[106] -  event # 256 
[2026-05-21 15:11:51.812] INFO XNIO-1 task-2 com.jts.gjcxfzksh.data.read.EventReader[106] -  event # 1024 
[2026-05-21 15:11:51.822] INFO XNIO-1 task-2 com.jts.gjcxfzksh.data.read.EventReader[106] -  event # 4096 
[2026-05-21 15:11:51.848] INFO XNIO-1 task-2 com.jts.gjcxfzksh.data.read.EventReader[106] -  event # 16384 
[2026-05-21 15:11:51.931] INFO XNIO-1 task-2 com.jts.gjcxfzksh.data.read.EventReader[106] -  event # 65536 
[2026-05-21 15:11:52.271] INFO XNIO-1 task-2 com.jts.gjcxfzksh.data.read.EventReader[106] -  event # 262144 
[2026-05-21 15:11:53.861] INFO XNIO-1 task-2 com.jts.gjcxfzksh.data.read.EventReader[106] -  event # 1048576 
[2026-05-21 15:12:00.732] INFO XNIO-1 task-2 com.jts.gjcxfzksh.data.read.EventReader[106] -  event # 4194304 
[2026-05-21 15:12:36.050] INFO XNIO-1 task-2 com.jts.gjcxfzksh.data.read.EventReader[106] -  event # 16777216 
[2026-05-21 15:15:36.093] INFO XNIO-1 task-2 com.jts.gjcxfzksh.data.read.EventReader[106] -  event # 67108864 
[2026-05-21 15:19:54.586] INFO XNIO-1 task-2 com.jts.gjcxfzksh.data.read.EventReader[98] - 完成解析，耗时 482784ms 
[2026-05-21 15:19:54.590] INFO XNIO-1 task-2 com.jts.gjcxfzksh.data.read.EventReader[86] - 解析耗时:482792ms 
[2026-05-21 15:19:54.904] INFO XNIO-1 task-2 com.jts.gjcxfzksh.data.Datasource[97] - 加载[广州市/广州市抽样模型]耗时: 550417ms 
[2026-05-21 15:20:08.527] INFO XNIO-1 task-2 com.jts.gjcxfzksh.api.service.impl.NetworkServiceImpl[123] - 读取 link 流量 1015617 条: /Volumes/USB DISK/pt_data/广州市/广州市抽样模型/output/output_links.csv.gz 
